id,category,oeis_xref,A,total_n,train_n,k,sc,pred_sc,solomonoff_class,mdl,raw_bits,ratio,time_s,solver_desc
tot3_0000,totalistic_3state,,3,500,375,125,375,125,discovered,15.03,792.48,0.0190,10.090,"DARY d=2 ISZERO(R1,R0) init=0"
tot3_0001,totalistic_3state,,3,500,375,125,375,125,discovered,15.61,792.48,0.0197,13.946,CTX_X nr=1 d=1 perm=(0) out=R0 L=1
tot3_0002,totalistic_3state,,3,500,375,125,375,125,discovered,22.48,792.48,0.0284,13.227,CTX_X nr=1 d=1 perm=(0) out=R0 L=2
tot3_0003,totalistic_3state,,3,500,375,125,375,125,discovered,15.70,792.48,0.0198,23.798,DARY d=2 DEC(R0) init=2
tot3_0004,totalistic_3state,,3,500,375,125,375,125,discovered,17.86,792.48,0.0225,18.986,CTX_X nr=1 d=2 perm=(1) out=R0 L=1
tot3_0005,totalistic_3state,,3,500,375,125,375,125,discovered,24.73,792.48,0.0312,18.027,CTX_X nr=1 d=2 perm=(1) out=R0 L=2
tot3_0006,totalistic_3state,,3,500,375,125,375,125,discovered,22.48,792.48,0.0284,12.416,CTX_X nr=1 d=1 perm=(0) out=R0 L=2
tot3_0007,totalistic_3state,,3,500,375,125,375,125,discovered,17.86,792.48,0.0225,19.540,CTX_X nr=1 d=2 perm=(1) out=R0 L=1
tot3_0008,totalistic_3state,,3,500,375,125,375,125,discovered,28.84,792.48,0.0364,15.188,CTX_X nr=1 d=1 perm=(0) out=R0 L=3
tot3_0009,totalistic_3state,,3,500,375,125,375,125,discovered,15.03,792.48,0.0190,10.094,"DARY d=2 ISZERO(R1,R0) init=0"
tot3_0010,totalistic_3state,,3,500,375,125,375,125,discovered,15.61,792.48,0.0197,14.205,CTX_X nr=1 d=1 perm=(0) out=R0 L=1
tot3_0011,totalistic_3state,,3,500,375,125,375,125,discovered,22.48,792.48,0.0284,15.202,CTX_X nr=1 d=1 perm=(0) out=R0 L=2
tot3_0012,totalistic_3state,,3,500,375,125,375,125,discovered,46.78,792.48,0.0590,13.144,FUNC_L d=4
tot3_0013,totalistic_3state,,3,500,375,125,375,125,discovered,17.86,792.48,0.0225,17.653,CTX_X nr=1 d=2 perm=(1) out=R0 L=1
tot3_0014,totalistic_3state,,3,500,375,125,375,125,discovered,24.73,792.48,0.0312,18.466,CTX_X nr=1 d=2 perm=(1) out=R0 L=2
tot3_0015,totalistic_3state,,3,500,375,125,375,125,discovered,22.48,792.48,0.0284,12.587,CTX_X nr=1 d=1 perm=(0) out=R0 L=2
tot3_0016,totalistic_3state,,3,500,375,125,375,125,discovered,17.86,792.48,0.0225,16.621,CTX_X nr=1 d=2 perm=(1) out=R0 L=1
tot3_0017,totalistic_3state,,3,500,375,125,375,125,discovered,28.84,792.48,0.0364,12.045,CTX_X nr=1 d=1 perm=(0) out=R0 L=3
tot3_0018,totalistic_3state,,3,500,375,125,375,125,discovered,15.03,792.48,0.0190,10.216,"DARY d=2 ISZERO(R1,R0) init=0"
tot3_0019,totalistic_3state,,3,500,375,125,375,125,discovered,15.61,792.48,0.0197,14.587,CTX_X nr=1 d=1 perm=(0) out=R0 L=1
tot3_0020,totalistic_3state,,3,500,375,125,375,125,discovered,22.48,792.48,0.0284,13.170,CTX_X nr=1 d=1 perm=(0) out=R0 L=2
tot3_0021,totalistic_3state,,3,500,375,125,375,125,discovered,80.56,792.48,0.1017,422.097,NESTED_LOOP L=4
tot3_0022,totalistic_3state,,3,500,375,125,375,125,discovered,17.86,792.48,0.0225,17.788,CTX_X nr=1 d=2 perm=(1) out=R0 L=1
tot3_0023,totalistic_3state,,3,500,375,125,375,125,discovered,24.73,792.48,0.0312,17.605,CTX_X nr=1 d=2 perm=(1) out=R0 L=2
tot3_0024,totalistic_3state,,3,500,375,125,375,125,discovered,22.48,792.48,0.0284,12.551,CTX_X nr=1 d=1 perm=(0) out=R0 L=2
tot3_0025,totalistic_3state,,3,500,375,125,375,125,discovered,17.86,792.48,0.0225,17.634,CTX_X nr=1 d=2 perm=(1) out=R0 L=1
tot3_0026,totalistic_3state,,3,500,375,125,375,125,discovered,28.84,792.48,0.0364,12.397,CTX_X nr=1 d=1 perm=(0) out=R0 L=3
tot3_0027,totalistic_3state,,3,500,375,125,375,125,discovered,15.03,792.48,0.0190,10.087,"DARY d=2 ISZERO(R1,R0) init=0"
tot3_0028,totalistic_3state,,3,500,375,125,375,125,discovered,64.81,792.48,0.0818,214.118,NESTED_LOOP L=3
tot3_0029,totalistic_3state,,3,500,375,125,375,125,discovered,22.48,792.48,0.0284,13.452,CTX_X nr=1 d=1 perm=(0) out=R0 L=2
tot3_0030,totalistic_3state,,3,500,375,125,375,125,discovered,13.45,792.48,0.0170,10.222,"DARY d=2 LOAD(R0,1) init=0"
tot3_0031,totalistic_3state,,3,500,375,125,375,125,discovered,13.45,792.48,0.0170,10.211,"DARY d=2 LOAD(R0,1) init=0"
tot3_0032,totalistic_3state,,3,500,375,125,375,125,discovered,13.45,792.48,0.0170,10.209,"DARY d=2 LOAD(R0,1) init=0"
tot3_0033,totalistic_3state,,3,500,375,125,375,125,discovered,22.48,792.48,0.0284,13.517,CTX_X nr=1 d=1 perm=(0) out=R0 L=2
tot3_0034,totalistic_3state,,3,500,375,125,10,0,neither,62.09,792.48,0.0784,600.063,STEP off=204 halt=13
tot3_0035,totalistic_3state,,3,500,375,125,375,125,discovered,28.84,792.48,0.0364,17.096,CTX_X nr=1 d=1 perm=(0) out=R0 L=3
tot3_0036,totalistic_3state,,3,500,375,125,375,125,discovered,15.03,792.48,0.0190,10.095,"DARY d=2 ISZERO(R1,R0) init=0"
tot3_0037,totalistic_3state,,3,500,375,125,375,125,discovered,20.43,792.48,0.0258,42.474,CTX_X nr=1 d=4 perm=(0) out=R0 L=1
tot3_0038,totalistic_3state,,3,500,375,125,16,0,neither,59.09,792.48,0.0746,600.061,STEP off=290 halt=3
tot3_0039,totalistic_3state,,3,500,375,125,375,125,discovered,13.45,792.48,0.0170,10.234,"DARY d=2 LOAD(R0,1) init=0"
tot3_0040,totalistic_3state,,3,500,375,125,375,125,discovered,13.45,792.48,0.0170,10.209,"DARY d=2 LOAD(R0,1) init=0"
tot3_0041,totalistic_3state,,3,500,375,125,375,125,discovered,13.45,792.48,0.0170,10.222,"DARY d=2 LOAD(R0,1) init=0"
tot3_0042,totalistic_3state,,3,500,375,125,375,125,discovered,22.48,792.48,0.0284,14.804,CTX_X nr=1 d=1 perm=(0) out=R0 L=2
tot3_0043,totalistic_3state,,3,500,375,125,21,0,neither,83.73,792.48,0.1057,600.462,NESTED_LOOP L=4
tot3_0044,totalistic_3state,,3,500,375,125,375,125,discovered,28.84,792.48,0.0364,12.481,CTX_X nr=1 d=1 perm=(0) out=R0 L=3
tot3_0045,totalistic_3state,,3,500,375,125,375,125,discovered,15.03,792.48,0.0190,10.116,"DARY d=2 ISZERO(R1,R0) init=0"
tot3_0046,totalistic_3state,,3,500,375,125,13,0,neither,60.97,792.48,0.0769,600.047,STEP off=299 halt=4
tot3_0047,totalistic_3state,,3,500,375,125,375,125,discovered,22.48,792.48,0.0284,12.574,CTX_X nr=1 d=1 perm=(0) out=R0 L=2
tot3_0048,totalistic_3state,,3,500,375,125,12,0,neither,59.40,792.48,0.0750,600.061,STEP off=203 halt=3
tot3_0049,totalistic_3state,,3,500,375,125,375,125,discovered,13.45,792.48,0.0170,10.249,"DARY d=2 LOAD(R0,1) init=0"
tot3_0050,totalistic_3state,,3,500,375,125,375,125,discovered,13.45,792.48,0.0170,10.223,"DARY d=2 LOAD(R0,1) init=0"
tot3_0051,totalistic_3state,,3,500,375,125,375,125,discovered,22.48,792.48,0.0284,13.456,CTX_X nr=1 d=1 perm=(0) out=R0 L=2
tot3_0052,totalistic_3state,,3,500,375,125,21,0,neither,83.73,792.48,0.1057,600.085,NESTED_LOOP L=4
tot3_0053,totalistic_3state,,3,500,375,125,375,125,discovered,28.84,792.48,0.0364,12.201,CTX_X nr=1 d=1 perm=(0) out=R0 L=3
tot3_0054,totalistic_3state,,3,500,375,125,375,125,discovered,15.03,792.48,0.0190,10.089,"DARY d=2 ISZERO(R1,R0) init=0"
tot3_0055,totalistic_3state,,3,500,375,125,375,125,discovered,20.43,792.48,0.0258,43.937,CTX_X nr=1 d=4 perm=(3) out=R0 L=1
tot3_0056,totalistic_3state,,3,500,375,125,375,125,discovered,22.48,792.48,0.0284,13.291,CTX_X nr=1 d=1 perm=(0) out=R0 L=2
tot3_0057,totalistic_3state,,3,500,375,125,375,125,discovered,24.73,792.48,0.0312,17.483,CTX_X nr=1 d=2 perm=(1) out=R0 L=2
tot3_0058,totalistic_3state,,3,500,375,125,375,125,discovered,17.86,792.48,0.0225,16.680,CTX_X nr=1 d=2 perm=(1) out=R0 L=1
tot3_0059,totalistic_3state,,3,500,375,125,375,125,discovered,31.09,792.48,0.0392,16.952,CTX_X nr=1 d=2 perm=(1) out=R0 L=3
tot3_0060,totalistic_3state,,3,500,375,125,375,125,discovered,22.48,792.48,0.0284,13.035,CTX_X nr=1 d=1 perm=(0) out=R0 L=2
tot3_0061,totalistic_3state,,3,500,375,125,375,125,discovered,15.61,792.48,0.0197,14.277,CTX_X nr=1 d=1 perm=(0) out=R0 L=1
tot3_0062,totalistic_3state,,3,500,375,125,375,125,discovered,28.84,792.48,0.0364,12.533,CTX_X nr=1 d=1 perm=(0) out=R0 L=3
tot3_0063,totalistic_3state,,3,500,375,125,375,125,discovered,15.03,792.48,0.0190,10.089,"DARY d=2 ISZERO(R1,R0) init=0"
tot3_0064,totalistic_3state,,3,500,375,125,375,125,discovered,22.07,792.48,0.0279,43.056,CTX_X nr=1 d=6 perm=(5) out=R0 L=1
tot3_0065,totalistic_3state,,3,500,375,125,13,0,neither,55.80,792.48,0.0704,600.061,STEP off=92 halt=1
tot3_0066,totalistic_3state,,3,500,375,125,13,0,neither,41.53,792.48,0.0524,600.047,FUNC d=4
tot3_0067,totalistic_3state,,3,500,375,125,375,125,discovered,17.86,792.48,0.0225,17.512,CTX_X nr=1 d=2 perm=(1) out=R0 L=1
tot3_0068,totalistic_3state,,3,500,375,125,375,125,discovered,17.86,792.48,0.0225,22.142,CTX_X nr=1 d=2 perm=(1) out=R0 L=1
tot3_0069,totalistic_3state,,3,500,375,125,375,125,discovered,22.48,792.48,0.0284,12.407,CTX_X nr=1 d=1 perm=(0) out=R0 L=2
tot3_0070,totalistic_3state,,3,500,375,125,375,125,discovered,15.61,792.48,0.0197,13.615,CTX_X nr=1 d=1 perm=(0) out=R0 L=1
tot3_0071,totalistic_3state,,3,500,375,125,375,125,discovered,28.84,792.48,0.0364,12.074,CTX_X nr=1 d=1 perm=(0) out=R0 L=3
tot3_0072,totalistic_3state,,3,500,375,125,375,125,discovered,15.03,792.48,0.0190,10.084,"DARY d=2 ISZERO(R1,R0) init=0"
tot3_0073,totalistic_3state,,3,500,375,125,375,125,discovered,54.73,792.48,0.0691,43.960,FUNC_L d=5
tot3_0074,totalistic_3state,,3,500,375,125,375,125,discovered,22.48,792.48,0.0284,12.060,CTX_X nr=1 d=1 perm=(0) out=R0 L=2
tot3_0075,totalistic_3state,,3,500,375,125,375,125,discovered,24.73,792.48,0.0312,16.793,CTX_X nr=1 d=2 perm=(1) out=R0 L=2
tot3_0076,totalistic_3state,,3,500,375,125,375,125,discovered,17.86,792.48,0.0225,16.608,CTX_X nr=1 d=2 perm=(1) out=R0 L=1
tot3_0077,totalistic_3state,,3,500,375,125,375,125,discovered,40.34,792.48,0.0509,16.401,"CTX_X nr=2 d=2 perm=(0,1) out=R0 L=3"
tot3_0078,totalistic_3state,,3,500,375,125,375,125,discovered,22.48,792.48,0.0284,11.899,CTX_X nr=1 d=1 perm=(0) out=R0 L=2
tot3_0079,totalistic_3state,,3,500,375,125,375,125,discovered,39.77,792.48,0.0502,43.084,"CTX_X nr=2 d=6 perm=(3,5) out=R0 L=2"
tot3_0080,totalistic_3state,,3,500,375,125,375,125,discovered,28.84,792.48,0.0364,11.823,CTX_X nr=1 d=1 perm=(0) out=R0 L=3
tot3_0081,totalistic_3state,,3,500,375,125,375,125,discovered,15.03,792.48,0.0190,10.096,"DARY d=2 ISZERO(R1,R0) init=0"
tot3_0082,totalistic_3state,,3,500,375,125,375,125,discovered,15.61,792.48,0.0197,12.324,CTX_X nr=1 d=1 perm=(0) out=R0 L=1
tot3_0083,totalistic_3state,,3,500,375,125,375,125,discovered,22.48,792.48,0.0284,11.601,CTX_X nr=1 d=1 perm=(0) out=R0 L=2
tot3_0084,totalistic_3state,,3,500,375,125,375,125,discovered,15.70,792.48,0.0198,21.388,DARY d=2 DEC(R0) init=2
tot3_0085,totalistic_3state,,3,500,375,125,375,125,discovered,17.86,792.48,0.0225,16.250,CTX_X nr=1 d=2 perm=(1) out=R0 L=1
tot3_0086,totalistic_3state,,3,500,375,125,11,0,neither,59.17,792.48,0.0747,600.078,STEP off=303 halt=1
tot3_0087,totalistic_3state,,3,500,375,125,375,125,discovered,19.20,792.48,0.0242,57.168,CTX_X nr=1 d=3 perm=(0) out=R0 L=1
tot3_0088,totalistic_3state,,3,500,375,125,375,125,discovered,17.86,792.48,0.0225,39.070,CTX_X nr=1 d=2 perm=(1) out=R0 L=1
tot3_0089,totalistic_3state,,3,500,375,125,375,125,discovered,28.84,792.48,0.0364,26.712,CTX_X nr=1 d=1 perm=(0) out=R0 L=3
tot3_0090,totalistic_3state,,3,500,375,125,375,125,discovered,15.03,792.48,0.0190,10.240,"DARY d=2 ISZERO(R1,R0) init=0"
tot3_0091,totalistic_3state,,3,500,375,125,375,125,discovered,15.61,792.48,0.0197,22.584,CTX_X nr=1 d=1 perm=(0) out=R0 L=1
tot3_0092,totalistic_3state,,3,500,375,125,11,0,neither,34.09,792.48,0.0430,1211.243,FUNC d=3
tot3_0093,totalistic_3state,,3,500,375,125,375,125,discovered,46.78,792.48,0.0590,45.384,FUNC_L d=4
tot3_0094,totalistic_3state,,3,500,375,125,375,125,discovered,17.86,792.48,0.0225,70.828,CTX_X nr=1 d=2 perm=(1) out=R0 L=1
tot3_0095,totalistic_3state,,3,500,375,125,14,0,neither,63.71,792.48,0.0804,2744.762,STEP off=298 halt=8
tot3_0096,totalistic_3state,,3,500,375,125,11,0,neither,58.99,792.48,0.0744,1026.054,STEP off=302 halt=4
tot3_0097,totalistic_3state,,3,500,375,125,375,125,discovered,17.86,792.48,0.0225,53.443,CTX_X nr=1 d=2 perm=(1) out=R0 L=1
tot3_0098,totalistic_3state,,3,500,375,125,375,125,discovered,28.84,792.48,0.0364,44.141,CTX_X nr=1 d=1 perm=(0) out=R0 L=3
tot3_0099,totalistic_3state,,3,500,375,125,375,125,discovered,15.03,792.48,0.0190,10.147,"DARY d=2 ISZERO(R1,R0) init=0"
tot3_0100,totalistic_3state,,3,500,375,125,9,0,neither,48.53,792.48,0.0612,931.318,ITER d=4
tot3_0101,totalistic_3state,,3,500,375,125,375,125,discovered,22.48,792.48,0.0284,68.190,CTX_X nr=1 d=1 perm=(0) out=R0 L=2
tot3_0102,totalistic_3state,,3,500,375,125,11,0,neither,39.09,792.48,0.0493,1016.425,ITER d=3
tot3_0103,totalistic_3state,,3,500,375,125,375,125,discovered,17.86,792.48,0.0225,216.676,CTX_X nr=1 d=2 perm=(1) out=R0 L=1
tot3_0104,totalistic_3state,,3,500,375,125,10,0,neither,53.08,792.48,0.0670,600.069,STEP off=27 halt=1
tot3_0105,totalistic_3state,,3,500,375,125,16,0,neither,55.73,792.48,0.0703,600.070,FUNC_L d=5
tot3_0106,totalistic_3state,,3,500,375,125,375,125,discovered,17.86,792.48,0.0225,27.174,CTX_X nr=1 d=2 perm=(1) out=R0 L=1
tot3_0107,totalistic_3state,,3,500,375,125,375,125,discovered,28.84,792.48,0.0364,18.418,CTX_X nr=1 d=1 perm=(0) out=R0 L=3
tot3_0108,totalistic_3state,,3,500,375,125,375,125,discovered,15.03,792.48,0.0190,10.147,"DARY d=2 ISZERO(R1,R0) init=0"
tot3_0109,totalistic_3state,,3,500,375,125,375,125,discovered,82.15,792.48,0.1037,221.139,NESTED_LOOP L=4
tot3_0110,totalistic_3state,,3,500,375,125,375,125,discovered,43.91,792.48,0.0554,48.943,"CTX_X nr=2 d=4 perm=(0,3) out=R0 L=3"
tot3_0111,totalistic_3state,,3,500,375,125,375,125,discovered,13.45,792.48,0.0170,10.340,"DARY d=2 LOAD(R0,1) init=0"
tot3_0112,totalistic_3state,,3,500,375,125,375,125,discovered,13.45,792.48,0.0170,10.341,"DARY d=2 LOAD(R0,1) init=0"
tot3_0113,totalistic_3state,,3,500,375,125,375,125,discovered,13.45,792.48,0.0170,10.344,"DARY d=2 LOAD(R0,1) init=0"
tot3_0114,totalistic_3state,,3,500,375,125,12,0,neither,56.74,792.48,0.0716,600.109,STEP off=146 halt=1
tot3_0115,totalistic_3state,,3,500,375,125,13,0,neither,62.92,792.48,0.0794,600.076,FUNC_L d=5
tot3_0116,totalistic_3state,,3,500,375,125,375,125,discovered,28.84,792.48,0.0364,19.550,CTX_X nr=1 d=1 perm=(0) out=R0 L=3
tot3_0117,totalistic_3state,,3,500,375,125,375,125,discovered,15.03,792.48,0.0190,10.145,"DARY d=2 ISZERO(R1,R0) init=0"
tot3_0118,totalistic_3state,,3,500,375,125,375,125,discovered,20.43,792.48,0.0258,54.572,CTX_X nr=1 d=4 perm=(0) out=R0 L=1
tot3_0119,totalistic_3state,,3,500,375,125,375,125,discovered,24.73,792.48,0.0312,26.894,CTX_X nr=1 d=2 perm=(1) out=R0 L=2
tot3_0120,totalistic_3state,,3,500,375,125,375,125,discovered,13.45,792.48,0.0170,10.359,"DARY d=2 LOAD(R0,1) init=0"
tot3_0121,totalistic_3state,,3,500,375,125,375,125,discovered,13.45,792.48,0.0170,10.349,"DARY d=2 LOAD(R0,1) init=0"
tot3_0122,totalistic_3state,,3,500,375,125,375,125,discovered,13.45,792.48,0.0170,10.351,"DARY d=2 LOAD(R0,1) init=0"
tot3_0123,totalistic_3state,,3,500,375,125,375,125,discovered,24.73,792.48,0.0312,27.783,CTX_X nr=1 d=2 perm=(1) out=R0 L=2
tot3_0124,totalistic_3state,,3,500,375,125,375,125,discovered,26.06,792.48,0.0329,48.591,CTX_X nr=1 d=3 perm=(0) out=R0 L=2
tot3_0125,totalistic_3state,,3,500,375,125,375,125,discovered,28.84,792.48,0.0364,19.603,CTX_X nr=1 d=1 perm=(0) out=R0 L=3
tot3_0126,totalistic_3state,,3,500,375,125,375,125,discovered,15.03,792.48,0.0190,10.148,"DARY d=2 ISZERO(R1,R0) init=0"
tot3_0127,totalistic_3state,,3,500,375,125,375,125,discovered,19.20,792.48,0.0242,49.120,CTX_X nr=1 d=3 perm=(1) out=R0 L=1
tot3_0128,totalistic_3state,,3,500,375,125,11,0,neither,56.14,792.48,0.0708,600.074,STEP off=298 halt=0
tot3_0129,totalistic_3state,,3,500,375,125,15,0,neither,61.69,792.48,0.0778,600.078,STEP off=255 halt=9
tot3_0130,totalistic_3state,,3,500,375,125,375,125,discovered,13.45,792.48,0.0170,10.345,"DARY d=2 LOAD(R0,1) init=0"
tot3_0131,totalistic_3state,,3,500,375,125,375,125,discovered,28.21,792.48,0.0356,48.735,CTX_X nr=1 d=5 perm=(4) out=R0 L=2
tot3_0132,totalistic_3state,,3,500,375,125,375,125,discovered,40.34,792.48,0.0509,27.116,"CTX_X nr=2 d=2 perm=(0,1) out=R0 L=3"
tot3_0133,totalistic_3state,,3,500,375,125,17,0,neither,58.48,792.48,0.0738,600.065,STEP off=79 halt=3
tot3_0134,totalistic_3state,,3,500,375,125,375,125,discovered,28.84,792.48,0.0364,19.159,CTX_X nr=1 d=1 perm=(0) out=R0 L=3
tot3_0135,totalistic_3state,,3,500,375,125,375,125,discovered,15.03,792.48,0.0190,10.157,"DARY d=2 ISZERO(R1,R0) init=0"
tot3_0136,totalistic_3state,,3,500,375,125,375,125,discovered,20.43,792.48,0.0258,48.950,CTX_X nr=1 d=4 perm=(3) out=R0 L=1
tot3_0137,totalistic_3state,,3,500,375,125,375,125,discovered,82.15,792.48,0.1037,224.036,NESTED_LOOP L=4
tot3_0138,totalistic_3state,,3,500,375,125,11,0,neither,61.79,792.48,0.0780,600.222,STEP off=367 halt=7
tot3_0139,totalistic_3state,,3,500,375,125,375,125,discovered,17.86,792.48,0.0225,60.787,CTX_X nr=1 d=2 perm=(1) out=R0 L=1
tot3_0140,totalistic_3state,,3,500,375,125,10,0,neither,54.43,792.48,0.0687,600.088,STEP off=77 halt=0
tot3_0141,totalistic_3state,,3,500,375,125,375,125,discovered,28.21,792.48,0.0356,48.692,CTX_X nr=1 d=5 perm=(4) out=R0 L=2
tot3_0142,totalistic_3state,,3,500,375,125,20,0,neither,52.31,792.48,0.0660,600.074,STEP off=46 halt=0
tot3_0143,totalistic_3state,,3,500,375,125,375,125,discovered,28.84,792.48,0.0364,19.341,CTX_X nr=1 d=1 perm=(0) out=R0 L=3
tot3_0144,totalistic_3state,,3,500,375,125,375,125,discovered,15.03,792.48,0.0190,10.188,"DARY d=2 ISZERO(R1,R0) init=0"
tot3_0145,totalistic_3state,,3,500,375,125,15,0,neither,65.81,792.48,0.0830,600.094,STEP off=174 halt=46
tot3_0146,totalistic_3state,,3,500,375,125,12,0,neither,58.33,792.48,0.0736,600.215,STEP off=328 halt=1
tot3_0147,totalistic_3state,,3,500,375,125,10,0,neither,40.09,792.48,0.0506,600.086,ITER d=3
tot3_0148,totalistic_3state,,3,500,375,125,375,125,discovered,17.86,792.48,0.0225,27.890,CTX_X nr=1 d=2 perm=(1) out=R0 L=1
tot3_0149,totalistic_3state,,3,500,375,125,11,0,neither,54.37,792.48,0.0686,600.082,STEP off=75 halt=0
tot3_0150,totalistic_3state,,3,500,375,125,10,0,neither,34.09,792.48,0.0430,600.054,FUNC d=3
tot3_0151,totalistic_3state,,3,500,375,125,15,0,neither,55.64,792.48,0.0702,600.060,STEP off=85 halt=1
tot3_0152,totalistic_3state,,3,500,375,125,375,125,discovered,28.84,792.48,0.0364,11.960,CTX_X nr=1 d=1 perm=(0) out=R0 L=3
tot3_0153,totalistic_3state,,3,500,375,125,375,125,discovered,15.03,792.48,0.0190,10.091,"DARY d=2 ISZERO(R1,R0) init=0"
tot3_0154,totalistic_3state,,3,500,375,125,16,0,neither,50.34,792.48,0.0635,600.056,STEP off=20 halt=0
tot3_0155,totalistic_3state,,3,500,375,125,375,125,discovered,22.48,792.48,0.0284,11.535,CTX_X nr=1 d=1 perm=(0) out=R0 L=2
tot3_0156,totalistic_3state,,3,500,375,125,13,0,neither,52.79,792.48,0.0666,600.055,FUNC_L d=4
tot3_0157,totalistic_3state,,3,500,375,125,375,125,discovered,17.86,792.48,0.0225,16.391,CTX_X nr=1 d=2 perm=(1) out=R0 L=1
tot3_0158,totalistic_3state,,3,500,375,125,375,125,discovered,41.26,792.48,0.0521,43.403,"CTX_X nr=2 d=3 perm=(0,2) out=R0 L=3"
tot3_0159,totalistic_3state,,3,500,375,125,14,0,neither,61.88,792.48,0.0781,600.066,STEP off=278 halt=6
tot3_0160,totalistic_3state,,3,500,375,125,375,125,discovered,46.15,792.48,0.0582,42.981,"CTX_X nr=2 d=5 perm=(0,3) out=R0 L=3"
tot3_0161,totalistic_3state,,3,500,375,125,375,125,discovered,28.84,792.48,0.0364,11.509,CTX_X nr=1 d=1 perm=(0) out=R0 L=3
tot3_0162,totalistic_3state,,3,500,375,125,375,125,discovered,15.03,792.48,0.0190,10.084,"DARY d=2 ISZERO(R1,R0) init=0"
tot3_0163,totalistic_3state,,3,500,375,125,375,125,discovered,15.61,792.48,0.0197,11.895,CTX_X nr=1 d=1 perm=(0) out=R0 L=1
tot3_0164,totalistic_3state,,3,500,375,125,375,125,discovered,22.48,792.48,0.0284,11.598,CTX_X nr=1 d=1 perm=(0) out=R0 L=2
tot3_0165,totalistic_3state,,3,500,375,125,375,125,discovered,15.70,792.48,0.0198,20.991,DARY d=2 DEC(R0) init=2
tot3_0166,totalistic_3state,,3,500,375,125,375,125,discovered,17.86,792.48,0.0225,16.858,CTX_X nr=1 d=2 perm=(1) out=R0 L=1
tot3_0167,totalistic_3state,,3,500,375,125,375,125,discovered,24.73,792.48,0.0312,15.990,CTX_X nr=1 d=2 perm=(1) out=R0 L=2
tot3_0168,totalistic_3state,,3,500,375,125,375,125,discovered,26.03,792.48,0.0329,42.492,"CTX_X nr=2 d=3 perm=(0,1) out=R0 L=1"
tot3_0169,totalistic_3state,,3,500,375,125,22,0,neither,82.15,792.48,0.1037,600.047,NESTED_LOOP L=4
tot3_0170,totalistic_3state,,3,500,375,125,375,125,discovered,28.84,792.48,0.0364,11.579,CTX_X nr=1 d=1 perm=(0) out=R0 L=3
tot3_0171,totalistic_3state,,3,500,375,125,375,125,discovered,15.03,792.48,0.0190,10.084,"DARY d=2 ISZERO(R1,R0) init=0"
tot3_0172,totalistic_3state,,3,500,375,125,375,125,discovered,15.61,792.48,0.0197,11.689,CTX_X nr=1 d=1 perm=(0) out=R0 L=1
tot3_0173,totalistic_3state,,3,500,375,125,10,0,neither,53.03,792.48,0.0669,600.060,STEP off=19 halt=4
tot3_0174,totalistic_3state,,3,500,375,125,375,125,discovered,46.78,792.48,0.0590,13.407,FUNC_L d=4
tot3_0175,totalistic_3state,,3,500,375,125,375,125,discovered,17.86,792.48,0.0225,16.580,CTX_X nr=1 d=2 perm=(1) out=R0 L=1
tot3_0176,totalistic_3state,,3,500,375,125,14,0,neither,57.99,792.48,0.0732,600.056,STEP off=276 halt=0
tot3_0177,totalistic_3state,,3,500,375,125,12,0,neither,64.53,792.48,0.0814,600.058,STEP off=255 halt=13
tot3_0178,totalistic_3state,,3,500,375,125,375,125,discovered,17.86,792.48,0.0225,16.660,CTX_X nr=1 d=2 perm=(1) out=R0 L=1
tot3_0179,totalistic_3state,,3,500,375,125,375,125,discovered,28.84,792.48,0.0364,11.843,CTX_X nr=1 d=1 perm=(0) out=R0 L=3
tot3_0180,totalistic_3state,,3,500,375,125,375,125,discovered,15.03,792.48,0.0190,10.086,"DARY d=2 ISZERO(R1,R0) init=0"
tot3_0181,totalistic_3state,,3,500,375,125,375,125,discovered,15.61,792.48,0.0197,12.053,CTX_X nr=1 d=1 perm=(0) out=R0 L=1
tot3_0182,totalistic_3state,,3,500,375,125,375,125,discovered,22.48,792.48,0.0284,11.431,CTX_X nr=1 d=1 perm=(0) out=R0 L=2
tot3_0183,totalistic_3state,,3,500,375,125,12,0,neither,58.57,792.48,0.0739,600.062,STEP off=373 halt=1
tot3_0184,totalistic_3state,,3,500,375,125,375,125,discovered,17.86,792.48,0.0225,16.893,CTX_X nr=1 d=2 perm=(1) out=R0 L=1
tot3_0185,totalistic_3state,,3,500,375,125,375,125,discovered,24.73,792.48,0.0312,16.274,CTX_X nr=1 d=2 perm=(1) out=R0 L=2
tot3_0186,totalistic_3state,,3,500,375,125,375,125,discovered,83.73,792.48,0.1057,211.894,NESTED_LOOP L=4
tot3_0187,totalistic_3state,,3,500,375,125,375,125,discovered,17.86,792.48,0.0225,16.846,CTX_X nr=1 d=2 perm=(1) out=R0 L=1
tot3_0188,totalistic_3state,,3,500,375,125,375,125,discovered,28.84,792.48,0.0364,11.559,CTX_X nr=1 d=1 perm=(0) out=R0 L=3
tot3_0189,totalistic_3state,,3,500,375,125,375,125,discovered,15.03,792.48,0.0190,10.087,"DARY d=2 ISZERO(R1,R0) init=0"
tot3_0190,totalistic_3state,,3,500,375,125,375,125,discovered,64.81,792.48,0.0818,207.268,NESTED_LOOP L=3
tot3_0191,totalistic_3state,,3,500,375,125,375,125,discovered,22.48,792.48,0.0284,11.217,CTX_X nr=1 d=1 perm=(0) out=R0 L=2
tot3_0192,totalistic_3state,,3,500,375,125,375,125,discovered,13.45,792.48,0.0170,10.206,"DARY d=2 LOAD(R0,1) init=0"
tot3_0193,totalistic_3state,,3,500,375,125,375,125,discovered,13.45,792.48,0.0170,10.196,"DARY d=2 LOAD(R0,1) init=0"
tot3_0194,totalistic_3state,,3,500,375,125,14,0,neither,57.22,792.48,0.0722,600.055,STEP off=185 halt=0
tot3_0195,totalistic_3state,,3,500,375,125,375,125,discovered,26.03,792.48,0.0329,42.957,"CTX_X nr=2 d=3 perm=(0,1) out=R0 L=1"
tot3_0196,totalistic_3state,,3,500,375,125,13,0,neither,52.94,792.48,0.0668,600.055,STEP off=39 halt=1
tot3_0197,totalistic_3state,,3,500,375,125,375,125,discovered,28.84,792.48,0.0364,11.809,CTX_X nr=1 d=1 perm=(0) out=R0 L=3
tot3_0198,totalistic_3state,,3,500,375,125,375,125,discovered,15.03,792.48,0.0190,10.092,"DARY d=2 ISZERO(R1,R0) init=0"
tot3_0199,totalistic_3state,,3,500,375,125,375,125,discovered,20.43,792.48,0.0258,43.025,CTX_X nr=1 d=4 perm=(0) out=R0 L=1
tot3_0200,totalistic_3state,,3,500,375,125,11,0,neither,46.59,792.48,0.0588,600.058,STEP off=3 halt=0
tot3_0201,totalistic_3state,,3,500,375,125,375,125,discovered,13.45,792.48,0.0170,10.230,"DARY d=2 LOAD(R0,1) init=0"
tot3_0202,totalistic_3state,,3,500,375,125,375,125,discovered,13.45,792.48,0.0170,10.242,"DARY d=2 LOAD(R0,1) init=0"
tot3_0203,totalistic_3state,,3,500,375,125,13,0,neither,55.31,792.48,0.0698,600.056,STEP off=194 halt=1
tot3_0204,totalistic_3state,,3,500,375,125,12,0,neither,64.22,792.48,0.0810,600.052,STEP off=157 halt=17
tot3_0205,totalistic_3state,,3,500,375,125,24,0,neither,101.72,792.48,0.1284,600.051,NESTED_LOOP L=5
tot3_0206,totalistic_3state,,3,500,375,125,375,125,discovered,28.84,792.48,0.0364,11.884,CTX_X nr=1 d=1 perm=(0) out=R0 L=3
tot3_0207,totalistic_3state,,3,500,375,125,375,125,discovered,15.03,792.48,0.0190,10.086,"DARY d=2 ISZERO(R1,R0) init=0"
tot3_0208,totalistic_3state,,3,500,375,125,11,0,neither,53.10,792.48,0.0670,600.060,STEP off=66 halt=0
tot3_0209,totalistic_3state,,3,500,375,125,375,125,discovered,22.48,792.48,0.0284,11.765,CTX_X nr=1 d=1 perm=(0) out=R0 L=2
tot3_0210,totalistic_3state,,3,500,375,125,16,0,neither,56.55,792.48,0.0714,600.043,STEP off=220 halt=0
tot3_0211,totalistic_3state,,3,500,375,125,375,125,discovered,13.45,792.48,0.0170,10.211,"DARY d=2 LOAD(R0,1) init=0"
tot3_0212,totalistic_3state,,3,500,375,125,375,125,discovered,42.26,792.48,0.0533,42.032,"CTX_X nr=2 d=3 perm=(0,2) out=R0 L=3"
tot3_0213,totalistic_3state,,3,500,375,125,375,125,discovered,83.73,792.48,0.1057,211.870,NESTED_LOOP L=4
tot3_0214,totalistic_3state,,3,500,375,125,14,0,neither,70.50,792.48,0.0890,600.039,ITER_L d=5
tot3_0215,totalistic_3state,,3,500,375,125,375,125,discovered,28.84,792.48,0.0364,12.193,CTX_X nr=1 d=1 perm=(0) out=R0 L=3
tot3_0216,totalistic_3state,,3,500,375,125,375,125,discovered,15.03,792.48,0.0190,10.087,"DARY d=2 ISZERO(R1,R0) init=0"
tot3_0217,totalistic_3state,,3,500,375,125,375,125,discovered,20.43,792.48,0.0258,43.420,CTX_X nr=1 d=4 perm=(3) out=R0 L=1
tot3_0218,totalistic_3state,,3,500,375,125,375,125,discovered,22.48,792.48,0.0284,11.559,CTX_X nr=1 d=1 perm=(0) out=R0 L=2
tot3_0219,totalistic_3state,,3,500,375,125,375,125,discovered,33.90,792.48,0.0428,43.920,"CTX_X nr=2 d=3 perm=(0,1) out=R0 L=2"
tot3_0220,totalistic_3state,,3,500,375,125,375,125,discovered,17.86,792.48,0.0225,16.357,CTX_X nr=1 d=2 perm=(1) out=R0 L=1
tot3_0221,totalistic_3state,,3,500,375,125,375,125,discovered,31.09,792.48,0.0392,16.663,CTX_X nr=1 d=2 perm=(1) out=R0 L=3
tot3_0222,totalistic_3state,,3,500,375,125,375,125,discovered,26.03,792.48,0.0329,42.403,"CTX_X nr=2 d=3 perm=(0,1) out=R0 L=1"
tot3_0223,totalistic_3state,,3,500,375,125,21,0,neither,116.78,792.48,0.1474,600.053,NESTED_LOOP L=6
tot3_0224,totalistic_3state,,3,500,375,125,375,125,discovered,28.84,792.48,0.0364,11.704,CTX_X nr=1 d=1 perm=(0) out=R0 L=3
tot3_0225,totalistic_3state,,3,500,375,125,375,125,discovered,15.03,792.48,0.0190,10.086,"DARY d=2 ISZERO(R1,R0) init=0"
tot3_0226,totalistic_3state,,3,500,375,125,375,125,discovered,22.07,792.48,0.0279,41.488,CTX_X nr=1 d=6 perm=(5) out=R0 L=1
tot3_0227,totalistic_3state,,3,500,375,125,375,125,discovered,33.98,792.48,0.0429,16.239,"CTX_X nr=2 d=2 perm=(0,1) out=R0 L=2"
tot3_0228,totalistic_3state,,3,500,375,125,14,0,neither,53.41,792.48,0.0674,600.052,STEP off=31 halt=1
tot3_0229,totalistic_3state,,3,500,375,125,375,125,discovered,17.86,792.48,0.0225,17.632,CTX_X nr=1 d=2 perm=(1) out=R0 L=1
tot3_0230,totalistic_3state,,3,500,375,125,375,125,discovered,31.09,792.48,0.0392,16.561,CTX_X nr=1 d=2 perm=(1) out=R0 L=3
tot3_0231,totalistic_3state,,3,500,375,125,375,125,discovered,64.81,792.48,0.0818,421.820,NESTED_LOOP L=3
tot3_0232,totalistic_3state,,3,500,375,125,375,125,discovered,15.61,792.48,0.0197,13.148,CTX_X nr=1 d=1 perm=(0) out=R0 L=1
tot3_0233,totalistic_3state,,3,500,375,125,375,125,discovered,28.84,792.48,0.0364,11.839,CTX_X nr=1 d=1 perm=(0) out=R0 L=3
tot3_0234,totalistic_3state,,3,500,375,125,375,125,discovered,15.03,792.48,0.0190,10.086,"DARY d=2 ISZERO(R1,R0) init=0"
tot3_0235,totalistic_3state,,3,500,375,125,10,0,neither,53.73,792.48,0.0678,600.053,FUNC_L d=5
tot3_0236,totalistic_3state,,3,500,375,125,375,125,discovered,22.48,792.48,0.0284,11.732,CTX_X nr=1 d=1 perm=(0) out=R0 L=2
tot3_0237,totalistic_3state,,3,500,375,125,11,0,neither,49.11,792.48,0.0620,600.055,ITER d=3
tot3_0238,totalistic_3state,,3,500,375,125,375,125,discovered,17.86,792.48,0.0225,16.562,CTX_X nr=1 d=2 perm=(1) out=R0 L=1
tot3_0239,totalistic_3state,,3,500,375,125,375,125,discovered,31.09,792.48,0.0392,16.614,CTX_X nr=1 d=2 perm=(1) out=R0 L=3
tot3_0240,totalistic_3state,,3,500,375,125,375,125,discovered,83.73,792.48,0.1057,212.825,NESTED_LOOP L=4
tot3_0241,totalistic_3state,,3,500,375,125,375,125,discovered,17.86,792.48,0.0225,17.256,CTX_X nr=1 d=2 perm=(1) out=R0 L=1
tot3_0242,totalistic_3state,,3,500,375,125,375,125,discovered,28.84,792.48,0.0364,11.568,CTX_X nr=1 d=1 perm=(0) out=R0 L=3
tot3_0243,totalistic_3state,,3,500,375,125,375,125,discovered,15.03,792.48,0.0190,10.089,"DARY d=2 ISZERO(R1,R0) init=0"
tot3_0244,totalistic_3state,,3,500,375,125,375,125,discovered,15.61,792.48,0.0197,11.702,CTX_X nr=1 d=1 perm=(0) out=R0 L=1
tot3_0245,totalistic_3state,,3,500,375,125,375,125,discovered,22.48,792.48,0.0284,11.627,CTX_X nr=1 d=1 perm=(0) out=R0 L=2
tot3_0246,totalistic_3state,,3,500,375,125,375,125,discovered,15.70,792.48,0.0198,21.340,DARY d=2 DEC(R0) init=2
tot3_0247,totalistic_3state,,3,500,375,125,375,125,discovered,17.86,792.48,0.0225,16.309,CTX_X nr=1 d=2 perm=(1) out=R0 L=1
tot3_0248,totalistic_3state,,3,500,375,125,375,125,discovered,24.73,792.48,0.0312,16.453,CTX_X nr=1 d=2 perm=(1) out=R0 L=2
tot3_0249,totalistic_3state,,3,500,375,125,375,125,discovered,22.48,792.48,0.0284,12.024,CTX_X nr=1 d=1 perm=(0) out=R0 L=2
tot3_0250,totalistic_3state,,3,500,375,125,12,0,neither,64.18,792.48,0.0810,600.056,STEP off=346 halt=20
tot3_0251,totalistic_3state,,3,500,375,125,375,125,discovered,28.84,792.48,0.0364,11.779,CTX_X nr=1 d=1 perm=(0) out=R0 L=3
tot3_0252,totalistic_3state,,3,500,375,125,375,125,discovered,15.03,792.48,0.0190,10.086,"DARY d=2 ISZERO(R1,R0) init=0"
tot3_0253,totalistic_3state,,3,500,375,125,375,125,discovered,15.61,792.48,0.0197,11.785,CTX_X nr=1 d=1 perm=(0) out=R0 L=1
tot3_0254,totalistic_3state,,3,500,375,125,14,0,neither,54.54,792.48,0.0688,600.061,STEP off=51 halt=0
tot3_0255,totalistic_3state,,3,500,375,125,375,125,discovered,46.78,792.48,0.0590,13.051,FUNC_L d=4
tot3_0256,totalistic_3state,,3,500,375,125,375,125,discovered,17.86,792.48,0.0225,16.598,CTX_X nr=1 d=2 perm=(1) out=R0 L=1
tot3_0257,totalistic_3state,,3,500,375,125,375,125,discovered,24.73,792.48,0.0312,16.500,CTX_X nr=1 d=2 perm=(1) out=R0 L=2
tot3_0258,totalistic_3state,,3,500,375,125,375,125,discovered,22.48,792.48,0.0284,11.578,CTX_X nr=1 d=1 perm=(0) out=R0 L=2
tot3_0259,totalistic_3state,,3,500,375,125,375,125,discovered,37.77,792.48,0.0477,42.872,"CTX_X nr=2 d=6 perm=(4,5) out=R0 L=2"
tot3_0260,totalistic_3state,,3,500,375,125,375,125,discovered,28.84,792.48,0.0364,11.595,CTX_X nr=1 d=1 perm=(0) out=R0 L=3
tot3_0261,totalistic_3state,,3,500,375,125,375,125,discovered,15.03,792.48,0.0190,10.087,"DARY d=2 ISZERO(R1,R0) init=0"
tot3_0262,totalistic_3state,,3,500,375,125,25,0,neither,61.10,792.48,0.0771,600.049,STEP off=321 halt=4
tot3_0263,totalistic_3state,,3,500,375,125,375,125,discovered,22.48,792.48,0.0284,11.681,CTX_X nr=1 d=1 perm=(0) out=R0 L=2
tot3_0264,totalistic_3state,,3,500,375,125,375,125,discovered,80.56,792.48,0.1017,428.368,NESTED_LOOP L=4
tot3_0265,totalistic_3state,,3,500,375,125,375,125,discovered,17.86,792.48,0.0225,16.514,CTX_X nr=1 d=2 perm=(1) out=R0 L=1
tot3_0266,totalistic_3state,,3,500,375,125,375,125,discovered,24.73,792.48,0.0312,16.186,CTX_X nr=1 d=2 perm=(1) out=R0 L=2
tot3_0267,totalistic_3state,,3,500,375,125,375,125,discovered,22.48,792.48,0.0284,11.658,CTX_X nr=1 d=1 perm=(0) out=R0 L=2
tot3_0268,totalistic_3state,,3,500,375,125,13,0,neither,64.11,792.48,0.0809,600.050,STEP off=280 halt=10
tot3_0269,totalistic_3state,,3,500,375,125,375,125,discovered,28.84,792.48,0.0364,11.850,CTX_X nr=1 d=1 perm=(0) out=R0 L=3
tot3_0270,totalistic_3state,,3,500,375,125,375,125,discovered,15.03,792.48,0.0190,10.086,"DARY d=2 ISZERO(R1,R0) init=0"
tot3_0271,totalistic_3state,,3,500,375,125,375,125,discovered,64.81,792.48,0.0818,208.664,NESTED_LOOP L=3
tot3_0272,totalistic_3state,,3,500,375,125,375,125,discovered,22.48,792.48,0.0284,11.534,CTX_X nr=1 d=1 perm=(0) out=R0 L=2
tot3_0273,totalistic_3state,,3,500,375,125,375,125,discovered,13.45,792.48,0.0170,10.197,"DARY d=2 LOAD(R0,1) init=0"
tot3_0274,totalistic_3state,,3,500,375,125,375,125,discovered,13.45,792.48,0.0170,10.203,"DARY d=2 LOAD(R0,1) init=0"
tot3_0275,totalistic_3state,,3,500,375,125,375,125,discovered,13.45,792.48,0.0170,10.200,"DARY d=2 LOAD(R0,1) init=0"
tot3_0276,totalistic_3state,,3,500,375,125,375,125,discovered,22.48,792.48,0.0284,12.088,CTX_X nr=1 d=1 perm=(0) out=R0 L=2
tot3_0277,totalistic_3state,,3,500,375,125,11,0,neither,49.11,792.48,0.0620,600.055,ITER d=3
tot3_0278,totalistic_3state,,3,500,375,125,375,125,discovered,28.84,792.48,0.0364,11.637,CTX_X nr=1 d=1 perm=(0) out=R0 L=3
tot3_0279,totalistic_3state,,3,500,375,125,375,125,discovered,15.03,792.48,0.0190,10.086,"DARY d=2 ISZERO(R1,R0) init=0"
tot3_0280,totalistic_3state,,3,500,375,125,375,125,discovered,20.43,792.48,0.0258,41.469,CTX_X nr=1 d=4 perm=(0) out=R0 L=1
tot3_0281,totalistic_3state,,3,500,375,125,14,0,neither,57.17,792.48,0.0721,600.045,STEP off=110 halt=1
tot3_0282,totalistic_3state,,3,500,375,125,375,125,discovered,13.45,792.48,0.0170,10.201,"DARY d=2 LOAD(R0,1) init=0"
tot3_0283,totalistic_3state,,3,500,375,125,375,125,discovered,13.45,792.48,0.0170,10.209,"DARY d=2 LOAD(R0,1) init=0"
tot3_0284,totalistic_3state,,3,500,375,125,375,125,discovered,13.45,792.48,0.0170,10.256,"DARY d=2 LOAD(R0,1) init=0"
tot3_0285,totalistic_3state,,3,500,375,125,375,125,discovered,22.48,792.48,0.0284,11.880,CTX_X nr=1 d=1 perm=(0) out=R0 L=2
tot3_0286,totalistic_3state,,3,500,375,125,375,125,discovered,28.93,792.48,0.0365,43.286,CTX_X nr=1 d=6 perm=(5) out=R0 L=2
tot3_0287,totalistic_3state,,3,500,375,125,375,125,discovered,28.84,792.48,0.0364,11.209,CTX_X nr=1 d=1 perm=(0) out=R0 L=3
tot3_0288,totalistic_3state,,3,500,375,125,375,125,discovered,15.03,792.48,0.0190,10.087,"DARY d=2 ISZERO(R1,R0) init=0"
tot3_0289,totalistic_3state,,3,500,375,125,12,0,neither,54.94,792.48,0.0693,600.058,STEP off=39 halt=1
tot3_0290,totalistic_3state,,3,500,375,125,375,125,discovered,22.48,792.48,0.0284,11.591,CTX_X nr=1 d=1 perm=(0) out=R0 L=2
tot3_0291,totalistic_3state,,3,500,375,125,375,125,discovered,13.45,792.48,0.0170,10.206,"DARY d=2 LOAD(R0,1) init=0"
tot3_0292,totalistic_3state,,3,500,375,125,375,125,discovered,13.45,792.48,0.0170,10.219,"DARY d=2 LOAD(R0,1) init=0"
tot3_0293,totalistic_3state,,3,500,375,125,375,125,discovered,13.45,792.48,0.0170,10.206,"DARY d=2 LOAD(R0,1) init=0"
tot3_0294,totalistic_3state,,3,500,375,125,375,125,discovered,22.48,792.48,0.0284,11.360,CTX_X nr=1 d=1 perm=(0) out=R0 L=2
tot3_0295,totalistic_3state,,3,500,375,125,13,0,neither,54.64,792.48,0.0689,600.066,STEP off=85 halt=1
tot3_0296,totalistic_3state,,3,500,375,125,375,125,discovered,28.84,792.48,0.0364,11.694,CTX_X nr=1 d=1 perm=(0) out=R0 L=3
tot3_0297,totalistic_3state,,3,500,375,125,375,125,discovered,15.03,792.48,0.0190,10.088,"DARY d=2 ISZERO(R1,R0) init=0"
tot3_0298,totalistic_3state,,3,500,375,125,375,125,discovered,20.43,792.48,0.0258,42.536,CTX_X nr=1 d=4 perm=(3) out=R0 L=1
tot3_0299,totalistic_3state,,3,500,375,125,375,125,discovered,22.48,792.48,0.0284,11.526,CTX_X nr=1 d=1 perm=(0) out=R0 L=2
tot3_0300,totalistic_3state,,3,500,375,125,375,125,discovered,24.73,792.48,0.0312,16.292,CTX_X nr=1 d=2 perm=(1) out=R0 L=2
tot3_0301,totalistic_3state,,3,500,375,125,375,125,discovered,17.86,792.48,0.0225,16.684,CTX_X nr=1 d=2 perm=(1) out=R0 L=1
tot3_0302,totalistic_3state,,3,500,375,125,13,0,neither,64.41,792.48,0.0813,600.053,STEP off=126 halt=33
tot3_0303,totalistic_3state,,3,500,375,125,375,125,discovered,22.48,792.48,0.0284,12.943,CTX_X nr=1 d=1 perm=(0) out=R0 L=2
tot3_0304,totalistic_3state,,3,500,375,125,375,125,discovered,35.55,792.48,0.0449,43.000,"CTX_X nr=2 d=4 perm=(1,3) out=R0 L=2"
tot3_0305,totalistic_3state,,3,500,375,125,375,125,discovered,28.84,792.48,0.0364,11.422,CTX_X nr=1 d=1 perm=(0) out=R0 L=3
tot3_0306,totalistic_3state,,3,500,375,125,375,125,discovered,15.03,792.48,0.0190,10.085,"DARY d=2 ISZERO(R1,R0) init=0"
tot3_0307,totalistic_3state,,3,500,375,125,14,0,neither,53.80,792.48,0.0679,600.060,STEP off=92 halt=0
tot3_0308,totalistic_3state,,3,500,375,125,13,0,neither,55.80,792.48,0.0704,600.050,STEP off=92 halt=1
tot3_0309,totalistic_3state,,3,500,375,125,12,0,neither,52.36,792.48,0.0661,600.063,STEP off=47 halt=1
tot3_0310,totalistic_3state,,3,500,375,125,375,125,discovered,17.86,792.48,0.0225,16.700,CTX_X nr=1 d=2 perm=(1) out=R0 L=1
tot3_0311,totalistic_3state,,3,500,375,125,375,125,discovered,63.81,792.48,0.0805,211.706,NESTED_LOOP L=3
tot3_0312,totalistic_3state,,3,500,375,125,375,125,discovered,22.48,792.48,0.0284,12.102,CTX_X nr=1 d=1 perm=(0) out=R0 L=2
tot3_0313,totalistic_3state,,3,500,375,125,375,125,discovered,21.35,792.48,0.0269,43.302,CTX_X nr=1 d=5 perm=(4) out=R0 L=1
tot3_0314,totalistic_3state,,3,500,375,125,375,125,discovered,28.84,792.48,0.0364,12.773,CTX_X nr=1 d=1 perm=(0) out=R0 L=3
tot3_0315,totalistic_3state,,3,500,375,125,375,125,discovered,15.03,792.48,0.0190,10.090,"DARY d=2 ISZERO(R1,R0) init=0"
tot3_0316,totalistic_3state,,3,500,375,125,12,0,neither,53.90,792.48,0.0680,600.045,STEP off=60 halt=0
tot3_0317,totalistic_3state,,3,500,375,125,375,125,discovered,22.48,792.48,0.0284,12.809,CTX_X nr=1 d=1 perm=(0) out=R0 L=2
tot3_0318,totalistic_3state,,3,500,375,125,375,125,discovered,33.90,792.48,0.0428,43.456,"CTX_X nr=2 d=3 perm=(0,1) out=R0 L=2"
tot3_0319,totalistic_3state,,3,500,375,125,375,125,discovered,17.86,792.48,0.0225,17.237,CTX_X nr=1 d=2 perm=(1) out=R0 L=1
tot3_0320,totalistic_3state,,3,500,375,125,375,125,discovered,40.34,792.48,0.0509,17.192,"CTX_X nr=2 d=2 perm=(0,1) out=R0 L=3"
tot3_0321,totalistic_3state,,3,500,375,125,375,125,discovered,22.48,792.48,0.0284,12.118,CTX_X nr=1 d=1 perm=(0) out=R0 L=2
tot3_0322,totalistic_3state,,3,500,375,125,27,0,neither,101.72,792.48,0.1284,600.055,NESTED_LOOP L=5
tot3_0323,totalistic_3state,,3,500,375,125,375,125,discovered,28.84,792.48,0.0364,12.211,CTX_X nr=1 d=1 perm=(0) out=R0 L=3
tot3_0324,totalistic_3state,,3,500,375,125,375,125,discovered,15.03,792.48,0.0190,10.099,"DARY d=2 ISZERO(R1,R0) init=0"
tot3_0325,totalistic_3state,,3,500,375,125,375,125,discovered,15.61,792.48,0.0197,12.591,CTX_X nr=1 d=1 perm=(0) out=R0 L=1
tot3_0326,totalistic_3state,,3,500,375,125,375,125,discovered,22.48,792.48,0.0284,12.428,CTX_X nr=1 d=1 perm=(0) out=R0 L=2
tot3_0327,totalistic_3state,,3,500,375,125,375,125,discovered,15.70,792.48,0.0198,22.528,DARY d=2 DEC(R0) init=2
tot3_0328,totalistic_3state,,3,500,375,125,375,125,discovered,17.86,792.48,0.0225,16.827,CTX_X nr=1 d=2 perm=(1) out=R0 L=1
tot3_0329,totalistic_3state,,3,500,375,125,17,0,neither,55.00,792.48,0.0694,600.057,STEP off=63 halt=3
tot3_0330,totalistic_3state,,3,500,375,125,375,125,discovered,19.20,792.48,0.0242,41.945,CTX_X nr=1 d=3 perm=(0) out=R0 L=1
tot3_0331,totalistic_3state,,3,500,375,125,375,95,compressed_only,58.48,792.48,0.0738,194.405,STEP off=212 halt=3
tot3_0332,totalistic_3state,,3,500,375,125,375,125,discovered,28.84,792.48,0.0364,12.680,CTX_X nr=1 d=1 perm=(0) out=R0 L=3
tot3_0333,totalistic_3state,,3,500,375,125,375,125,discovered,15.03,792.48,0.0190,10.086,"DARY d=2 ISZERO(R1,R0) init=0"
tot3_0334,totalistic_3state,,3,500,375,125,375,125,discovered,15.61,792.48,0.0197,11.564,CTX_X nr=1 d=1 perm=(0) out=R0 L=1
tot3_0335,totalistic_3state,,3,500,375,125,11,0,neither,34.09,792.48,0.0430,600.057,FUNC d=3
tot3_0336,totalistic_3state,,3,500,375,125,375,125,discovered,46.78,792.48,0.0590,12.644,FUNC_L d=4
tot3_0337,totalistic_3state,,3,500,375,125,375,125,discovered,17.86,792.48,0.0225,16.541,CTX_X nr=1 d=2 perm=(1) out=R0 L=1
tot3_0338,totalistic_3state,,3,500,375,125,66,0,neither,114.45,792.48,0.1444,600.057,NESTED_LOOP L=6
tot3_0339,totalistic_3state,,3,500,375,125,13,0,neither,55.77,792.48,0.0704,600.057,STEP off=148 halt=0
tot3_0340,totalistic_3state,,3,500,375,125,17,0,neither,64.09,792.48,0.0809,600.076,STEP off=343 halt=13
tot3_0341,totalistic_3state,,3,500,375,125,375,125,discovered,28.84,792.48,0.0364,11.685,CTX_X nr=1 d=1 perm=(0) out=R0 L=3
tot3_0342,totalistic_3state,,3,500,375,125,375,125,discovered,15.03,792.48,0.0190,10.084,"DARY d=2 ISZERO(R1,R0) init=0"
tot3_0343,totalistic_3state,,3,500,375,125,20,0,neither,57.05,792.48,0.0720,600.061,STEP off=170 halt=0
tot3_0344,totalistic_3state,,3,500,375,125,12,0,neither,50.53,792.48,0.0638,600.048,ITER d=4
tot3_0345,totalistic_3state,,3,500,375,125,14,0,neither,61.98,792.48,0.0782,600.051,STEP off=175 halt=6
tot3_0346,totalistic_3state,,3,500,375,125,375,125,discovered,17.86,792.48,0.0225,16.605,CTX_X nr=1 d=2 perm=(1) out=R0 L=1
tot3_0347,totalistic_3state,,3,500,375,125,13,0,neither,40.09,792.48,0.0506,600.056,ITER d=3
tot3_0348,totalistic_3state,,3,500,375,125,16,0,neither,55.73,792.48,0.0703,600.052,FUNC_L d=5
tot3_0349,totalistic_3state,,3,500,375,125,375,125,discovered,101.72,792.48,0.1284,285.979,NESTED_LOOP L=5
tot3_0350,totalistic_3state,,3,500,375,125,375,125,discovered,28.84,792.48,0.0364,13.562,CTX_X nr=1 d=1 perm=(0) out=R0 L=3
tot3_0351,totalistic_3state,,3,500,375,125,375,125,discovered,15.03,792.48,0.0190,10.086,"DARY d=2 ISZERO(R1,R0) init=0"
tot3_0352,totalistic_3state,,3,500,375,125,375,125,discovered,64.81,792.48,0.0818,211.987,NESTED_LOOP L=3
tot3_0353,totalistic_3state,,3,500,375,125,375,125,discovered,43.91,792.48,0.0554,42.806,"CTX_X nr=2 d=4 perm=(0,3) out=R0 L=3"
tot3_0354,totalistic_3state,,3,500,375,125,375,125,discovered,13.45,792.48,0.0170,10.199,"DARY d=2 LOAD(R0,1) init=0"
tot3_0355,totalistic_3state,,3,500,375,125,375,125,discovered,13.45,792.48,0.0170,10.216,"DARY d=2 LOAD(R0,1) init=0"
tot3_0356,totalistic_3state,,3,500,375,125,375,125,discovered,13.45,792.48,0.0170,10.199,"DARY d=2 LOAD(R0,1) init=0"
tot3_0357,totalistic_3state,,3,500,375,125,12,0,neither,56.74,792.48,0.0716,600.053,STEP off=146 halt=1
tot3_0358,totalistic_3state,,3,500,375,125,12,0,neither,57.60,792.48,0.0727,600.058,STEP off=136 halt=3
tot3_0359,totalistic_3state,,3,500,375,125,375,125,discovered,28.84,792.48,0.0364,13.244,CTX_X nr=1 d=1 perm=(0) out=R0 L=3
tot3_0360,totalistic_3state,,3,500,375,125,375,125,discovered,15.03,792.48,0.0190,10.085,"DARY d=2 ISZERO(R1,R0) init=0"
tot3_0361,totalistic_3state,,3,500,375,125,375,125,discovered,20.43,792.48,0.0258,42.585,CTX_X nr=1 d=4 perm=(0) out=R0 L=1
tot3_0362,totalistic_3state,,3,500,375,125,375,125,discovered,24.73,792.48,0.0312,16.417,CTX_X nr=1 d=2 perm=(1) out=R0 L=2
tot3_0363,totalistic_3state,,3,500,375,125,375,125,discovered,13.45,792.48,0.0170,10.206,"DARY d=2 LOAD(R0,1) init=0"
tot3_0364,totalistic_3state,,3,500,375,125,375,125,discovered,13.45,792.48,0.0170,10.211,"DARY d=2 LOAD(R0,1) init=0"
tot3_0365,totalistic_3state,,3,500,375,125,375,125,discovered,13.45,792.48,0.0170,10.205,"DARY d=2 LOAD(R0,1) init=0"
tot3_0366,totalistic_3state,,3,500,375,125,375,125,discovered,24.73,792.48,0.0312,16.801,CTX_X nr=1 d=2 perm=(1) out=R0 L=2
tot3_0367,totalistic_3state,,3,500,375,125,375,125,discovered,24.73,792.48,0.0312,16.969,CTX_X nr=1 d=2 perm=(1) out=R0 L=2
tot3_0368,totalistic_3state,,3,500,375,125,375,125,discovered,28.84,792.48,0.0364,11.445,CTX_X nr=1 d=1 perm=(0) out=R0 L=3
tot3_0369,totalistic_3state,,3,500,375,125,375,125,discovered,15.03,792.48,0.0190,10.089,"DARY d=2 ISZERO(R1,R0) init=0"
tot3_0370,totalistic_3state,,3,500,375,125,375,125,discovered,26.06,792.48,0.0329,41.951,CTX_X nr=1 d=3 perm=(0) out=R0 L=2
tot3_0371,totalistic_3state,,3,500,375,125,13,0,neither,51.47,792.48,0.0649,600.047,STEP off=21 halt=0
tot3_0372,totalistic_3state,,3,500,375,125,375,125,discovered,13.45,792.48,0.0170,10.221,"DARY d=2 LOAD(R0,1) init=0"
tot3_0373,totalistic_3state,,3,500,375,125,375,125,discovered,13.45,792.48,0.0170,10.209,"DARY d=2 LOAD(R0,1) init=0"
tot3_0374,totalistic_3state,,3,500,375,125,375,125,discovered,13.45,792.48,0.0170,10.212,"DARY d=2 LOAD(R0,1) init=0"
tot3_0375,totalistic_3state,,3,500,375,125,375,125,discovered,40.34,792.48,0.0509,16.887,"CTX_X nr=2 d=2 perm=(0,1) out=R0 L=3"
tot3_0376,totalistic_3state,,3,500,375,125,375,125,discovered,28.84,792.48,0.0364,12.108,CTX_X nr=1 d=1 perm=(0) out=R0 L=3
tot3_0377,totalistic_3state,,3,500,375,125,375,125,discovered,28.84,792.48,0.0364,11.558,CTX_X nr=1 d=1 perm=(0) out=R0 L=3
tot3_0378,totalistic_3state,,3,500,375,125,375,125,discovered,15.03,792.48,0.0190,10.095,"DARY d=2 ISZERO(R1,R0) init=0"
tot3_0379,totalistic_3state,,3,500,375,125,375,125,discovered,20.43,792.48,0.0258,42.803,CTX_X nr=1 d=4 perm=(3) out=R0 L=1
tot3_0380,totalistic_3state,,3,500,375,125,375,125,discovered,101.72,792.48,0.1284,273.669,NESTED_LOOP L=5
tot3_0381,totalistic_3state,,3,500,375,125,10,0,neither,38.59,792.48,0.0487,600.064,STEP off=0 halt=0
tot3_0382,totalistic_3state,,3,500,375,125,375,125,discovered,17.86,792.48,0.0225,18.141,CTX_X nr=1 d=2 perm=(1) out=R0 L=1
tot3_0383,totalistic_3state,,3,500,375,125,13,0,neither,51.41,792.48,0.0649,600.031,STEP off=8 halt=2
tot3_0384,totalistic_3state,,3,500,375,125,375,125,discovered,28.21,792.48,0.0356,42.560,CTX_X nr=1 d=5 perm=(4) out=R0 L=2
tot3_0385,totalistic_3state,,3,500,375,125,14,0,neither,53.88,792.48,0.0680,600.046,STEP off=38 halt=0
tot3_0386,totalistic_3state,,3,500,375,125,375,125,discovered,28.84,792.48,0.0364,16.735,CTX_X nr=1 d=1 perm=(0) out=R0 L=3
tot3_0387,totalistic_3state,,3,500,375,125,375,125,discovered,15.03,792.48,0.0190,10.091,"DARY d=2 ISZERO(R1,R0) init=0"
tot3_0388,totalistic_3state,,3,500,375,125,12,0,neither,55.60,792.48,0.0702,600.056,STEP off=136 halt=1
tot3_0389,totalistic_3state,,3,500,375,125,10,0,neither,58.34,792.48,0.0736,600.050,STEP off=290 halt=2
tot3_0390,totalistic_3state,,3,500,375,125,11,0,neither,48.53,792.48,0.0612,600.053,ITER d=4
tot3_0391,totalistic_3state,,3,500,375,125,375,125,discovered,17.86,792.48,0.0225,17.336,CTX_X nr=1 d=2 perm=(1) out=R0 L=1
tot3_0392,totalistic_3state,,3,500,375,125,200,0,neither,116.78,792.48,0.1474,600.065,NESTED_LOOP L=6
tot3_0393,totalistic_3state,,3,500,375,125,23,0,neither,57.66,792.48,0.0728,600.050,STEP off=57 halt=6
tot3_0394,totalistic_3state,,3,500,375,125,20,0,neither,78.98,792.48,0.0997,600.036,NESTED_LOOP L=4
tot3_0395,totalistic_3state,,3,500,375,125,375,125,discovered,28.84,792.48,0.0364,12.725,CTX_X nr=1 d=1 perm=(0) out=R0 L=3
tot3_0396,totalistic_3state,,3,500,375,125,375,125,discovered,15.03,792.48,0.0190,10.089,"DARY d=2 ISZERO(R1,R0) init=0"
tot3_0397,totalistic_3state,,3,500,375,125,13,0,neither,66.78,792.48,0.0843,600.047,STEP off=254 halt=51
tot3_0398,totalistic_3state,,3,500,375,125,12,0,neither,55.58,792.48,0.0701,600.052,STEP off=223 halt=1
tot3_0399,totalistic_3state,,3,500,375,125,13,0,neither,63.77,792.48,0.0805,600.050,STEP off=318 halt=12
tot3_0400,totalistic_3state,,3,500,375,125,375,125,discovered,17.86,792.48,0.0225,17.455,CTX_X nr=1 d=2 perm=(1) out=R0 L=1
tot3_0401,totalistic_3state,,3,500,375,125,375,125,discovered,17.86,792.48,0.0225,16.641,CTX_X nr=1 d=2 perm=(1) out=R0 L=1
tot3_0402,totalistic_3state,,3,500,375,125,11,0,neither,51.49,792.48,0.0650,600.044,STEP off=32 halt=1
tot3_0403,totalistic_3state,,3,500,375,125,375,125,discovered,28.84,792.48,0.0364,14.105,CTX_X nr=1 d=1 perm=(0) out=R0 L=3
tot3_0404,totalistic_3state,,3,500,375,125,375,125,discovered,28.84,792.48,0.0364,12.087,CTX_X nr=1 d=1 perm=(0) out=R0 L=3
tot3_0405,totalistic_3state,,3,500,375,125,375,125,discovered,15.03,792.48,0.0190,10.087,"DARY d=2 ISZERO(R1,R0) init=0"
tot3_0406,totalistic_3state,,3,500,375,125,375,125,discovered,15.61,792.48,0.0197,12.067,CTX_X nr=1 d=1 perm=(0) out=R0 L=1
tot3_0407,totalistic_3state,,3,500,375,125,375,125,discovered,22.48,792.48,0.0284,11.965,CTX_X nr=1 d=1 perm=(0) out=R0 L=2
tot3_0408,totalistic_3state,,3,500,375,125,375,125,discovered,15.70,792.48,0.0198,22.569,DARY d=2 DEC(R0) init=2
tot3_0409,totalistic_3state,,3,500,375,125,375,125,discovered,17.86,792.48,0.0225,16.442,CTX_X nr=1 d=2 perm=(1) out=R0 L=1
tot3_0410,totalistic_3state,,3,500,375,125,19,0,neither,50.93,792.48,0.0643,600.038,STEP off=10 halt=2
tot3_0411,totalistic_3state,,3,500,375,125,375,125,discovered,26.03,792.48,0.0329,43.129,"CTX_X nr=2 d=3 perm=(0,1) out=R0 L=1"
tot3_0412,totalistic_3state,,3,500,375,125,12,0,neither,51.56,792.48,0.0651,600.042,STEP off=33 halt=0
tot3_0413,totalistic_3state,,3,500,375,125,375,125,discovered,28.84,792.48,0.0364,12.460,CTX_X nr=1 d=1 perm=(0) out=R0 L=3
tot3_0414,totalistic_3state,,3,500,375,125,375,125,discovered,15.03,792.48,0.0190,10.085,"DARY d=2 ISZERO(R1,R0) init=0"
tot3_0415,totalistic_3state,,3,500,375,125,375,125,discovered,15.61,792.48,0.0197,11.580,CTX_X nr=1 d=1 perm=(0) out=R0 L=1
tot3_0416,totalistic_3state,,3,500,375,125,12,0,neither,57.57,792.48,0.0727,600.038,STEP off=374 halt=1
tot3_0417,totalistic_3state,,3,500,375,125,375,125,discovered,46.78,792.48,0.0590,13.014,FUNC_L d=4
tot3_0418,totalistic_3state,,3,500,375,125,375,125,discovered,17.86,792.48,0.0225,16.534,CTX_X nr=1 d=2 perm=(1) out=R0 L=1
tot3_0419,totalistic_3state,,3,500,375,125,9,0,neither,55.73,792.48,0.0703,600.056,FUNC_L d=5
tot3_0420,totalistic_3state,,3,500,375,125,15,0,neither,53.36,792.48,0.0673,600.059,STEP off=47 halt=1
tot3_0421,totalistic_3state,,3,500,375,125,11,0,neither,49.58,792.48,0.0626,600.055,STEP off=22 halt=0
tot3_0422,totalistic_3state,,3,500,375,125,375,125,discovered,28.84,792.48,0.0364,11.002,CTX_X nr=1 d=1 perm=(0) out=R0 L=3
tot3_0423,totalistic_3state,,3,500,375,125,375,125,discovered,15.03,792.48,0.0190,10.084,"DARY d=2 ISZERO(R1,R0) init=0"
tot3_0424,totalistic_3state,,3,500,375,125,11,0,neither,47.53,792.48,0.0600,600.060,ITER d=4
tot3_0425,totalistic_3state,,3,500,375,125,375,125,discovered,22.48,792.48,0.0284,11.994,CTX_X nr=1 d=1 perm=(0) out=R0 L=2
tot3_0426,totalistic_3state,,3,500,375,125,21,0,neither,83.73,792.48,0.1057,600.061,NESTED_LOOP L=4
tot3_0427,totalistic_3state,,3,500,375,125,375,125,discovered,17.86,792.48,0.0225,17.291,CTX_X nr=1 d=2 perm=(1) out=R0 L=1
tot3_0428,totalistic_3state,,3,500,375,125,11,0,neither,59.20,792.48,0.0747,600.046,STEP off=307 halt=3
tot3_0429,totalistic_3state,,3,500,375,125,375,125,discovered,83.73,792.48,0.1057,212.681,NESTED_LOOP L=4
tot3_0430,totalistic_3state,,3,500,375,125,11,0,neither,56.38,792.48,0.0711,600.060,STEP off=201 halt=0
tot3_0431,totalistic_3state,,3,500,375,125,375,125,discovered,28.84,792.48,0.0364,20.637,CTX_X nr=1 d=1 perm=(0) out=R0 L=3
tot3_0432,totalistic_3state,,3,500,375,125,375,125,discovered,15.03,792.48,0.0190,10.161,"DARY d=2 ISZERO(R1,R0) init=0"
tot3_0433,totalistic_3state,,3,500,375,125,375,125,discovered,82.15,792.48,0.1037,221.201,NESTED_LOOP L=4
tot3_0434,totalistic_3state,,3,500,375,125,375,125,discovered,22.48,792.48,0.0284,12.721,CTX_X nr=1 d=1 perm=(0) out=R0 L=2
tot3_0435,totalistic_3state,,3,500,375,125,375,125,discovered,13.45,792.48,0.0170,10.240,"DARY d=2 LOAD(R0,1) init=0"
tot3_0436,totalistic_3state,,3,500,375,125,375,125,discovered,13.45,792.48,0.0170,10.227,"DARY d=2 LOAD(R0,1) init=0"
tot3_0437,totalistic_3state,,3,500,375,125,375,125,discovered,13.45,792.48,0.0170,10.244,"DARY d=2 LOAD(R0,1) init=0"
tot3_0438,totalistic_3state,,3,500,375,125,375,125,discovered,26.03,792.48,0.0329,44.985,"CTX_X nr=2 d=3 perm=(0,1) out=R0 L=1"
tot3_0439,totalistic_3state,,3,500,375,125,21,0,neither,43.53,792.48,0.0549,600.040,FUNC d=4
tot3_0440,totalistic_3state,,3,500,375,125,375,125,discovered,28.84,792.48,0.0364,13.951,CTX_X nr=1 d=1 perm=(0) out=R0 L=3
tot3_0441,totalistic_3state,,3,500,375,125,375,125,discovered,15.03,792.48,0.0190,10.102,"DARY d=2 ISZERO(R1,R0) init=0"
tot3_0442,totalistic_3state,,3,500,375,125,375,125,discovered,20.43,792.48,0.0258,42.633,CTX_X nr=1 d=4 perm=(0) out=R0 L=1
tot3_0443,totalistic_3state,,3,500,375,125,375,125,discovered,33.90,792.48,0.0428,44.513,"CTX_X nr=2 d=3 perm=(0,2) out=R0 L=2"
tot3_0444,totalistic_3state,,3,500,375,125,375,125,discovered,13.45,792.48,0.0170,10.214,"DARY d=2 LOAD(R0,1) init=0"
tot3_0445,totalistic_3state,,3,500,375,125,375,125,discovered,13.45,792.48,0.0170,10.208,"DARY d=2 LOAD(R0,1) init=0"
tot3_0446,totalistic_3state,,3,500,375,125,375,125,discovered,13.45,792.48,0.0170,10.221,"DARY d=2 LOAD(R0,1) init=0"
tot3_0447,totalistic_3state,,3,500,375,125,13,0,neither,59.74,792.48,0.0754,600.050,STEP off=358 halt=2
tot3_0448,totalistic_3state,,3,500,375,125,375,125,discovered,24.73,792.48,0.0312,18.110,CTX_X nr=1 d=2 perm=(1) out=R0 L=2
tot3_0449,totalistic_3state,,3,500,375,125,375,125,discovered,28.84,792.48,0.0364,13.305,CTX_X nr=1 d=1 perm=(0) out=R0 L=3
tot3_0450,totalistic_3state,,3,500,375,125,375,125,discovered,15.03,792.48,0.0190,10.087,"DARY d=2 ISZERO(R1,R0) init=0"
tot3_0451,totalistic_3state,,3,500,375,125,31,0,neither,58.52,792.48,0.0738,600.044,STEP off=319 halt=2
tot3_0452,totalistic_3state,,3,500,375,125,375,125,discovered,22.48,792.48,0.0284,14.006,CTX_X nr=1 d=1 perm=(0) out=R0 L=2
tot3_0453,totalistic_3state,,3,500,375,125,375,125,discovered,13.45,792.48,0.0170,10.216,"DARY d=2 LOAD(R0,1) init=0"
tot3_0454,totalistic_3state,,3,500,375,125,375,125,discovered,13.45,792.48,0.0170,10.370,"DARY d=2 LOAD(R0,1) init=0"
tot3_0455,totalistic_3state,,3,500,375,125,375,125,discovered,13.45,792.48,0.0170,10.221,"DARY d=2 LOAD(R0,1) init=0"
tot3_0456,totalistic_3state,,3,500,375,125,375,125,discovered,83.73,792.48,0.1057,213.207,NESTED_LOOP L=4
tot3_0457,totalistic_3state,,3,500,375,125,375,125,discovered,75.30,792.48,0.0950,284.945,ITER_F L=5
tot3_0458,totalistic_3state,,3,500,375,125,375,125,discovered,28.84,792.48,0.0364,14.259,CTX_X nr=1 d=1 perm=(0) out=R0 L=3
tot3_0459,totalistic_3state,,3,500,375,125,375,125,discovered,15.03,792.48,0.0190,10.113,"DARY d=2 ISZERO(R1,R0) init=0"
tot3_0460,totalistic_3state,,3,500,375,125,375,125,discovered,20.43,792.48,0.0258,43.625,CTX_X nr=1 d=4 perm=(3) out=R0 L=1
tot3_0461,totalistic_3state,,3,500,375,125,375,125,discovered,22.48,792.48,0.0284,17.351,CTX_X nr=1 d=1 perm=(0) out=R0 L=2
tot3_0462,totalistic_3state,,3,500,375,125,19,0,neither,63.79,792.48,0.0805,600.076,STEP off=321 halt=12
tot3_0463,totalistic_3state,,3,500,375,125,375,125,discovered,17.86,792.48,0.0225,21.013,CTX_X nr=1 d=2 perm=(1) out=R0 L=1
tot3_0464,totalistic_3state,,3,500,375,125,375,125,discovered,48.13,792.48,0.0607,44.377,"CTX_X nr=2 d=6 perm=(0,5) out=R0 L=3"
tot3_0465,totalistic_3state,,3,500,375,125,375,125,discovered,26.03,792.48,0.0329,45.153,"CTX_X nr=2 d=3 perm=(0,1) out=R0 L=1"
tot3_0466,totalistic_3state,,3,500,375,125,375,125,discovered,33.90,792.48,0.0428,47.294,"CTX_X nr=2 d=3 perm=(0,1) out=R0 L=2"
tot3_0467,totalistic_3state,,3,500,375,125,375,125,discovered,28.84,792.48,0.0364,13.537,CTX_X nr=1 d=1 perm=(0) out=R0 L=3
tot3_0468,totalistic_3state,,3,500,375,125,375,125,discovered,15.03,792.48,0.0190,10.096,"DARY d=2 ISZERO(R1,R0) init=0"
tot3_0469,totalistic_3state,,3,500,375,125,11,0,neither,44.84,792.48,0.0566,600.063,STEP off=2 halt=1
tot3_0470,totalistic_3state,,3,500,375,125,16,0,neither,55.54,792.48,0.0701,600.049,ITER_F L=4
tot3_0471,totalistic_3state,,3,500,375,125,13,0,neither,58.71,792.48,0.0741,600.067,ITER_F L=4
tot3_0472,totalistic_3state,,3,500,375,125,375,125,discovered,17.86,792.48,0.0225,21.079,CTX_X nr=1 d=2 perm=(1) out=R0 L=1
tot3_0473,totalistic_3state,,3,500,375,125,10,0,neither,53.82,792.48,0.0679,600.066,STEP off=93 halt=0
tot3_0474,totalistic_3state,,3,500,375,125,11,0,neither,52.73,792.48,0.0665,600.073,FUNC_L d=5
tot3_0475,totalistic_3state,,3,500,375,125,15,0,neither,65.17,792.48,0.0822,600.075,STEP off=320 halt=32
tot3_0476,totalistic_3state,,3,500,375,125,375,125,discovered,28.84,792.48,0.0364,13.857,CTX_X nr=1 d=1 perm=(0) out=R0 L=3
tot3_0477,totalistic_3state,,3,500,375,125,375,125,discovered,15.03,792.48,0.0190,10.098,"DARY d=2 ISZERO(R1,R0) init=0"
tot3_0478,totalistic_3state,,3,500,375,125,12,0,neither,53.73,792.48,0.0678,600.062,FUNC_L d=5
tot3_0479,totalistic_3state,,3,500,375,125,375,125,discovered,22.48,792.48,0.0284,13.209,CTX_X nr=1 d=1 perm=(0) out=R0 L=2
tot3_0480,totalistic_3state,,3,500,375,125,375,125,discovered,101.72,792.48,0.1284,288.732,NESTED_LOOP L=5
tot3_0481,totalistic_3state,,3,500,375,125,375,125,discovered,17.86,792.48,0.0225,16.823,CTX_X nr=1 d=2 perm=(1) out=R0 L=1
tot3_0482,totalistic_3state,,3,500,375,125,15,0,neither,63.85,792.48,0.0806,600.059,STEP off=273 halt=21
tot3_0483,totalistic_3state,,3,500,375,125,375,125,discovered,83.73,792.48,0.1057,215.253,NESTED_LOOP L=4
tot3_0484,totalistic_3state,,3,500,375,125,375,125,discovered,28.84,792.48,0.0364,13.209,CTX_X nr=1 d=1 perm=(0) out=R0 L=3
tot3_0485,totalistic_3state,,3,500,375,125,375,125,discovered,28.84,792.48,0.0364,12.084,CTX_X nr=1 d=1 perm=(0) out=R0 L=3
tot3_0486,totalistic_3state,,3,500,375,125,375,125,discovered,15.03,792.48,0.0190,10.085,"DARY d=2 ISZERO(R1,R0) init=0"
tot3_0487,totalistic_3state,,3,500,375,125,375,125,discovered,15.61,792.48,0.0197,12.440,CTX_X nr=1 d=1 perm=(0) out=R0 L=1
tot3_0488,totalistic_3state,,3,500,375,125,375,125,discovered,22.48,792.48,0.0284,12.095,CTX_X nr=1 d=1 perm=(0) out=R0 L=2
tot3_0489,totalistic_3state,,3,500,375,125,375,125,discovered,15.70,792.48,0.0198,21.418,DARY d=2 DEC(R0) init=2
tot3_0490,totalistic_3state,,3,500,375,125,375,125,discovered,17.86,792.48,0.0225,16.659,CTX_X nr=1 d=2 perm=(1) out=R0 L=1
tot3_0491,totalistic_3state,,3,500,375,125,375,125,discovered,24.73,792.48,0.0312,18.123,CTX_X nr=1 d=2 perm=(1) out=R0 L=2
tot3_0492,totalistic_3state,,3,500,375,125,375,125,discovered,22.48,792.48,0.0284,13.850,CTX_X nr=1 d=1 perm=(0) out=R0 L=2
tot3_0493,totalistic_3state,,3,500,375,125,375,125,discovered,40.34,792.48,0.0509,17.649,"CTX_X nr=2 d=2 perm=(0,1) out=R0 L=3"
tot3_0494,totalistic_3state,,3,500,375,125,375,125,discovered,28.84,792.48,0.0364,11.520,CTX_X nr=1 d=1 perm=(0) out=R0 L=3
tot3_0495,totalistic_3state,,3,500,375,125,375,125,discovered,15.03,792.48,0.0190,10.087,"DARY d=2 ISZERO(R1,R0) init=0"
tot3_0496,totalistic_3state,,3,500,375,125,375,125,discovered,15.61,792.48,0.0197,13.059,CTX_X nr=1 d=1 perm=(0) out=R0 L=1
tot3_0497,totalistic_3state,,3,500,375,125,13,0,neither,55.72,792.48,0.0703,600.061,STEP off=144 halt=1
tot3_0498,totalistic_3state,,3,500,375,125,375,125,discovered,46.78,792.48,0.0590,14.479,FUNC_L d=4
tot3_0499,totalistic_3state,,3,500,375,125,375,125,discovered,17.86,792.48,0.0225,17.169,CTX_X nr=1 d=2 perm=(1) out=R0 L=1
tot3_0500,totalistic_3state,,3,500,375,125,375,125,discovered,24.73,792.48,0.0312,17.311,CTX_X nr=1 d=2 perm=(1) out=R0 L=2
tot3_0501,totalistic_3state,,3,500,375,125,375,125,discovered,22.48,792.48,0.0284,11.780,CTX_X nr=1 d=1 perm=(0) out=R0 L=2
tot3_0502,totalistic_3state,,3,500,375,125,375,125,discovered,34.09,792.48,0.0430,44.778,FUNC d=3
tot3_0503,totalistic_3state,,3,500,375,125,375,125,discovered,28.84,792.48,0.0364,12.983,CTX_X nr=1 d=1 perm=(0) out=R0 L=3
tot3_0504,totalistic_3state,,3,500,375,125,375,125,discovered,15.03,792.48,0.0190,10.092,"DARY d=2 ISZERO(R1,R0) init=0"
tot3_0505,totalistic_3state,,3,500,375,125,375,125,discovered,39.77,792.48,0.0502,43.724,"CTX_X nr=2 d=6 perm=(4,5) out=R0 L=2"
tot3_0506,totalistic_3state,,3,500,375,125,375,125,discovered,22.48,792.48,0.0284,12.564,CTX_X nr=1 d=1 perm=(0) out=R0 L=2
tot3_0507,totalistic_3state,,3,500,375,125,375,125,discovered,80.56,792.48,0.1017,423.362,NESTED_LOOP L=4
tot3_0508,totalistic_3state,,3,500,375,125,375,125,discovered,17.86,792.48,0.0225,17.547,CTX_X nr=1 d=2 perm=(1) out=R0 L=1
tot3_0509,totalistic_3state,,3,500,375,125,375,125,discovered,24.73,792.48,0.0312,16.533,CTX_X nr=1 d=2 perm=(1) out=R0 L=2
tot3_0510,totalistic_3state,,3,500,375,125,375,125,discovered,22.48,792.48,0.0284,12.534,CTX_X nr=1 d=1 perm=(0) out=R0 L=2
tot3_0511,totalistic_3state,,3,500,375,125,375,125,discovered,44.91,792.48,0.0567,43.403,"CTX_X nr=2 d=4 perm=(1,3) out=R0 L=3"
tot3_0512,totalistic_3state,,3,500,375,125,375,125,discovered,28.84,792.48,0.0364,12.777,CTX_X nr=1 d=1 perm=(0) out=R0 L=3
tot3_0513,totalistic_3state,,3,500,375,125,375,125,discovered,15.03,792.48,0.0190,10.084,"DARY d=2 ISZERO(R1,R0) init=0"
tot3_0514,totalistic_3state,,3,500,375,125,375,125,discovered,82.15,792.48,0.1037,209.791,NESTED_LOOP L=4
tot3_0515,totalistic_3state,,3,500,375,125,375,125,discovered,22.48,792.48,0.0284,13.549,CTX_X nr=1 d=1 perm=(0) out=R0 L=2
tot3_0516,totalistic_3state,,3,500,375,125,375,125,discovered,13.45,792.48,0.0170,10.210,"DARY d=2 LOAD(R0,1) init=0"
tot3_0517,totalistic_3state,,3,500,375,125,375,125,discovered,13.45,792.48,0.0170,10.213,"DARY d=2 LOAD(R0,1) init=0"
tot3_0518,totalistic_3state,,3,500,375,125,375,125,discovered,13.45,792.48,0.0170,10.209,"DARY d=2 LOAD(R0,1) init=0"
tot3_0519,totalistic_3state,,3,500,375,125,375,125,discovered,22.48,792.48,0.0284,19.284,CTX_X nr=1 d=1 perm=(0) out=R0 L=2
tot3_0520,totalistic_3state,,3,500,375,125,12,0,neither,44.78,792.48,0.0565,600.081,FUNC_L d=4
tot3_0521,totalistic_3state,,3,500,375,125,375,125,discovered,28.84,792.48,0.0364,21.782,CTX_X nr=1 d=1 perm=(0) out=R0 L=3
tot3_0522,totalistic_3state,,3,500,375,125,375,125,discovered,15.03,792.48,0.0190,10.152,"DARY d=2 ISZERO(R1,R0) init=0"
tot3_0523,totalistic_3state,,3,500,375,125,375,125,discovered,20.43,792.48,0.0258,50.435,CTX_X nr=1 d=4 perm=(0) out=R0 L=1
tot3_0524,totalistic_3state,,3,500,375,125,16,0,neither,55.00,792.48,0.0694,600.071,STEP off=63 halt=1
tot3_0525,totalistic_3state,,3,500,375,125,375,125,discovered,13.45,792.48,0.0170,10.342,"DARY d=2 LOAD(R0,1) init=0"
tot3_0526,totalistic_3state,,3,500,375,125,375,125,discovered,13.45,792.48,0.0170,10.351,"DARY d=2 LOAD(R0,1) init=0"
tot3_0527,totalistic_3state,,3,500,375,125,375,125,discovered,13.45,792.48,0.0170,10.340,"DARY d=2 LOAD(R0,1) init=0"
tot3_0528,totalistic_3state,,3,500,375,125,375,125,discovered,22.48,792.48,0.0284,18.794,CTX_X nr=1 d=1 perm=(0) out=R0 L=2
tot3_0529,totalistic_3state,,3,500,375,125,375,125,discovered,39.34,792.48,0.0496,26.680,"CTX_X nr=2 d=2 perm=(0,1) out=R0 L=3"
tot3_0530,totalistic_3state,,3,500,375,125,375,125,discovered,28.84,792.48,0.0364,18.323,CTX_X nr=1 d=1 perm=(0) out=R0 L=3
tot3_0531,totalistic_3state,,3,500,375,125,375,125,discovered,15.03,792.48,0.0190,10.151,"DARY d=2 ISZERO(R1,R0) init=0"
tot3_0532,totalistic_3state,,3,500,375,125,11,0,neither,53.95,792.48,0.0681,600.079,STEP off=99 halt=0
tot3_0533,totalistic_3state,,3,500,375,125,375,125,discovered,22.48,792.48,0.0284,18.989,CTX_X nr=1 d=1 perm=(0) out=R0 L=2
tot3_0534,totalistic_3state,,3,500,375,125,15,0,neither,37.09,792.48,0.0468,600.071,FUNC d=3
tot3_0535,totalistic_3state,,3,500,375,125,375,125,discovered,13.45,792.48,0.0170,10.346,"DARY d=2 LOAD(R0,1) init=0"
tot3_0536,totalistic_3state,,3,500,375,125,375,125,discovered,13.45,792.48,0.0170,10.343,"DARY d=2 LOAD(R0,1) init=0"
tot3_0537,totalistic_3state,,3,500,375,125,375,125,discovered,22.48,792.48,0.0284,19.023,CTX_X nr=1 d=1 perm=(0) out=R0 L=2
tot3_0538,totalistic_3state,,3,500,375,125,16,0,neither,61.23,792.48,0.0773,600.062,STEP off=70 halt=15
tot3_0539,totalistic_3state,,3,500,375,125,375,125,discovered,28.84,792.48,0.0364,18.847,CTX_X nr=1 d=1 perm=(0) out=R0 L=3
tot3_0540,totalistic_3state,,3,500,375,125,375,125,discovered,15.03,792.48,0.0190,10.146,"DARY d=2 ISZERO(R1,R0) init=0"
tot3_0541,totalistic_3state,,3,500,375,125,375,125,discovered,20.43,792.48,0.0258,49.901,CTX_X nr=1 d=4 perm=(3) out=R0 L=1
tot3_0542,totalistic_3state,,3,500,375,125,375,125,discovered,22.48,792.48,0.0284,19.503,CTX_X nr=1 d=1 perm=(0) out=R0 L=2
tot3_0543,totalistic_3state,,3,500,375,125,375,125,discovered,24.73,792.48,0.0312,27.768,CTX_X nr=1 d=2 perm=(1) out=R0 L=2
tot3_0544,totalistic_3state,,3,500,375,125,375,125,discovered,17.86,792.48,0.0225,29.982,CTX_X nr=1 d=2 perm=(1) out=R0 L=1
tot3_0545,totalistic_3state,,3,500,375,125,375,125,discovered,31.09,792.48,0.0392,29.554,CTX_X nr=1 d=2 perm=(1) out=R0 L=3
tot3_0546,totalistic_3state,,3,500,375,125,375,125,discovered,22.48,792.48,0.0284,19.977,CTX_X nr=1 d=1 perm=(0) out=R0 L=2
tot3_0547,totalistic_3state,,3,500,375,125,375,125,discovered,20.43,792.48,0.0258,48.246,CTX_X nr=1 d=4 perm=(3) out=R0 L=1
tot3_0548,totalistic_3state,,3,500,375,125,375,125,discovered,28.84,792.48,0.0364,19.253,CTX_X nr=1 d=1 perm=(0) out=R0 L=3
tot3_0549,totalistic_3state,,3,500,375,125,375,125,discovered,15.03,792.48,0.0190,10.145,"DARY d=2 ISZERO(R1,R0) init=0"
tot3_0550,totalistic_3state,,3,500,375,125,11,0,neither,56.81,792.48,0.0717,600.103,STEP off=151 halt=1
tot3_0551,totalistic_3state,,3,500,375,125,13,0,neither,55.80,792.48,0.0704,600.083,STEP off=92 halt=1
tot3_0552,totalistic_3state,,3,500,375,125,12,0,neither,53.41,792.48,0.0674,600.078,STEP off=48 halt=1
tot3_0553,totalistic_3state,,3,500,375,125,375,125,discovered,17.86,792.48,0.0225,26.337,CTX_X nr=1 d=2 perm=(1) out=R0 L=1
tot3_0554,totalistic_3state,,3,500,375,125,10,0,neither,55.78,792.48,0.0704,600.071,STEP off=131 halt=2
tot3_0555,totalistic_3state,,3,500,375,125,375,125,discovered,22.48,792.48,0.0284,18.240,CTX_X nr=1 d=1 perm=(0) out=R0 L=2
tot3_0556,totalistic_3state,,3,500,375,125,375,125,discovered,20.43,792.48,0.0258,48.805,CTX_X nr=1 d=4 perm=(3) out=R0 L=1
tot3_0557,totalistic_3state,,3,500,375,125,375,125,discovered,28.84,792.48,0.0364,18.424,CTX_X nr=1 d=1 perm=(0) out=R0 L=3
tot3_0558,totalistic_3state,,3,500,375,125,375,125,discovered,15.03,792.48,0.0190,10.146,"DARY d=2 ISZERO(R1,R0) init=0"
tot3_0559,totalistic_3state,,3,500,375,125,11,0,neither,54.73,792.48,0.0691,600.079,FUNC_L d=5
tot3_0560,totalistic_3state,,3,500,375,125,375,125,discovered,22.48,792.48,0.0284,18.446,CTX_X nr=1 d=1 perm=(0) out=R0 L=2
tot3_0561,totalistic_3state,,3,500,375,125,375,125,discovered,24.73,792.48,0.0312,28.168,CTX_X nr=1 d=2 perm=(1) out=R0 L=2
tot3_0562,totalistic_3state,,3,500,375,125,375,125,discovered,17.86,792.48,0.0225,27.036,CTX_X nr=1 d=2 perm=(1) out=R0 L=1
tot3_0563,totalistic_3state,,3,500,375,125,375,125,discovered,43.91,792.48,0.0554,49.187,"CTX_X nr=2 d=4 perm=(0,3) out=R0 L=3"
tot3_0564,totalistic_3state,,3,500,375,125,375,125,discovered,22.48,792.48,0.0284,18.290,CTX_X nr=1 d=1 perm=(0) out=R0 L=2
tot3_0565,totalistic_3state,,3,500,375,125,10,0,neither,52.73,792.48,0.0665,600.058,FUNC_L d=5
tot3_0566,totalistic_3state,,3,500,375,125,375,125,discovered,28.84,792.48,0.0364,18.631,CTX_X nr=1 d=1 perm=(0) out=R0 L=3
tot3_0567,totalistic_3state,,3,500,375,125,375,125,discovered,15.03,792.48,0.0190,10.149,"DARY d=2 ISZERO(R1,R0) init=0"
tot3_0568,totalistic_3state,,3,500,375,125,375,125,discovered,15.61,792.48,0.0197,18.521,CTX_X nr=1 d=1 perm=(0) out=R0 L=1
tot3_0569,totalistic_3state,,3,500,375,125,375,125,discovered,22.48,792.48,0.0284,18.666,CTX_X nr=1 d=1 perm=(0) out=R0 L=2
tot3_0570,totalistic_3state,,3,500,375,125,375,125,discovered,15.70,792.48,0.0198,36.297,DARY d=2 DEC(R0) init=2
tot3_0571,totalistic_3state,,3,500,375,125,375,125,discovered,17.86,792.48,0.0225,27.907,CTX_X nr=1 d=2 perm=(1) out=R0 L=1
tot3_0572,totalistic_3state,,3,500,375,125,10,0,neither,49.11,792.48,0.0620,600.780,ITER d=3
tot3_0573,totalistic_3state,,3,500,375,125,375,125,discovered,19.20,792.48,0.0242,52.171,CTX_X nr=1 d=3 perm=(0) out=R0 L=1
tot3_0574,totalistic_3state,,3,500,375,125,20,0,neither,56.54,792.48,0.0713,600.070,STEP off=367 halt=0
tot3_0575,totalistic_3state,,3,500,375,125,375,125,discovered,28.84,792.48,0.0364,33.018,CTX_X nr=1 d=1 perm=(0) out=R0 L=3
tot3_0576,totalistic_3state,,3,500,375,125,375,125,discovered,15.03,792.48,0.0190,10.191,"DARY d=2 ISZERO(R1,R0) init=0"
tot3_0577,totalistic_3state,,3,500,375,125,375,125,discovered,15.61,792.48,0.0197,24.674,CTX_X nr=1 d=1 perm=(0) out=R0 L=1
tot3_0578,totalistic_3state,,3,500,375,125,11,0,neither,34.09,792.48,0.0430,602.911,FUNC d=3
tot3_0579,totalistic_3state,,3,500,375,125,375,125,discovered,46.78,792.48,0.0590,40.759,FUNC_L d=4
tot3_0580,totalistic_3state,,3,500,375,125,375,125,discovered,17.86,792.48,0.0225,54.336,CTX_X nr=1 d=2 perm=(1) out=R0 L=1
tot3_0581,totalistic_3state,,3,500,375,125,11,0,neither,57.97,792.48,0.0732,600.080,STEP off=273 halt=0
tot3_0582,totalistic_3state,,3,500,375,125,12,0,neither,58.86,792.48,0.0743,600.064,STEP off=49 halt=5
tot3_0583,totalistic_3state,,3,500,375,125,12,0,neither,58.45,792.48,0.0738,600.061,STEP off=209 halt=1
tot3_0584,totalistic_3state,,3,500,375,125,375,125,discovered,28.84,792.48,0.0364,19.045,CTX_X nr=1 d=1 perm=(0) out=R0 L=3
tot3_0585,totalistic_3state,,3,500,375,125,375,125,discovered,15.03,792.48,0.0190,10.147,"DARY d=2 ISZERO(R1,R0) init=0"
tot3_0586,totalistic_3state,,3,500,375,125,19,0,neither,60.11,792.48,0.0758,600.071,STEP off=175 halt=3
tot3_0587,totalistic_3state,,3,500,375,125,11,0,neither,55.26,792.48,0.0697,600.049,STEP off=71 halt=1
tot3_0588,totalistic_3state,,3,500,375,125,375,125,discovered,18.37,792.48,0.0232,13.267,"DARY d=3 OR(R1,R0,R0) init=1"
tot3_0589,totalistic_3state,,3,500,375,125,375,125,discovered,17.86,792.48,0.0225,19.386,CTX_X nr=1 d=2 perm=(1) out=R0 L=1
tot3_0590,totalistic_3state,,3,500,375,125,9,0,neither,49.53,792.48,0.0625,600.049,ITER d=4
tot3_0591,totalistic_3state,,3,500,375,125,16,0,neither,55.73,792.48,0.0703,600.059,FUNC_L d=5
tot3_0592,totalistic_3state,,3,500,375,125,21,0,neither,80.56,792.48,0.1017,600.496,NESTED_LOOP L=4
tot3_0593,totalistic_3state,,3,500,375,125,375,125,discovered,28.84,792.48,0.0364,23.446,CTX_X nr=1 d=1 perm=(0) out=R0 L=3
tot3_0594,totalistic_3state,,3,500,375,125,375,125,discovered,15.03,792.48,0.0190,10.165,"DARY d=2 ISZERO(R1,R0) init=0"
tot3_0595,totalistic_3state,,3,500,375,125,375,125,discovered,82.15,792.48,0.1037,226.572,NESTED_LOOP L=4
tot3_0596,totalistic_3state,,3,500,375,125,375,125,discovered,43.91,792.48,0.0554,53.718,"CTX_X nr=2 d=4 perm=(0,3) out=R0 L=3"
tot3_0597,totalistic_3state,,3,500,375,125,375,125,discovered,13.45,792.48,0.0170,10.335,"DARY d=2 LOAD(R0,1) init=0"
tot3_0598,totalistic_3state,,3,500,375,125,375,125,discovered,13.45,792.48,0.0170,10.332,"DARY d=2 LOAD(R0,1) init=0"
tot3_0599,totalistic_3state,,3,500,375,125,375,125,discovered,13.45,792.48,0.0170,10.295,"DARY d=2 LOAD(R0,1) init=0"
tot3_0600,totalistic_3state,,3,500,375,125,12,0,neither,56.74,792.48,0.0716,600.052,STEP off=146 halt=1
tot3_0601,totalistic_3state,,3,500,375,125,375,125,discovered,24.73,792.48,0.0312,18.934,CTX_X nr=1 d=2 perm=(1) out=R0 L=2
tot3_0602,totalistic_3state,,3,500,375,125,375,125,discovered,28.84,792.48,0.0364,14.302,CTX_X nr=1 d=1 perm=(0) out=R0 L=3
tot3_0603,totalistic_3state,,3,500,375,125,375,125,discovered,15.03,792.48,0.0190,10.096,"DARY d=2 ISZERO(R1,R0) init=0"
tot3_0604,totalistic_3state,,3,500,375,125,375,125,discovered,20.43,792.48,0.0258,43.352,CTX_X nr=1 d=4 perm=(0) out=R0 L=1
tot3_0605,totalistic_3state,,3,500,375,125,375,125,discovered,24.73,792.48,0.0312,17.021,CTX_X nr=1 d=2 perm=(1) out=R0 L=2
tot3_0606,totalistic_3state,,3,500,375,125,375,125,discovered,13.45,792.48,0.0170,10.197,"DARY d=2 LOAD(R0,1) init=0"
tot3_0607,totalistic_3state,,3,500,375,125,375,125,discovered,13.45,792.48,0.0170,10.200,"DARY d=2 LOAD(R0,1) init=0"
tot3_0608,totalistic_3state,,3,500,375,125,375,125,discovered,13.45,792.48,0.0170,10.206,"DARY d=2 LOAD(R0,1) init=0"
tot3_0609,totalistic_3state,,3,500,375,125,375,125,discovered,24.73,792.48,0.0312,18.241,CTX_X nr=1 d=2 perm=(1) out=R0 L=2
tot3_0610,totalistic_3state,,3,500,375,125,375,125,discovered,24.73,792.48,0.0312,20.510,CTX_X nr=1 d=2 perm=(1) out=R0 L=2
tot3_0611,totalistic_3state,,3,500,375,125,375,125,discovered,28.84,792.48,0.0364,13.617,CTX_X nr=1 d=1 perm=(0) out=R0 L=3
tot3_0612,totalistic_3state,,3,500,375,125,375,125,discovered,15.03,792.48,0.0190,10.134,"DARY d=2 ISZERO(R1,R0) init=0"
tot3_0613,totalistic_3state,,3,500,375,125,31,0,neither,58.52,792.48,0.0738,600.044,STEP off=319 halt=2
tot3_0614,totalistic_3state,,3,500,375,125,375,125,discovered,41.34,792.48,0.0522,18.332,"CTX_X nr=2 d=2 perm=(0,1) out=R0 L=3"
tot3_0615,totalistic_3state,,3,500,375,125,375,125,discovered,20.43,792.48,0.0258,42.407,CTX_X nr=1 d=4 perm=(0) out=R0 L=1
tot3_0616,totalistic_3state,,3,500,375,125,375,125,discovered,13.45,792.48,0.0170,10.215,"DARY d=2 LOAD(R0,1) init=0"
tot3_0617,totalistic_3state,,3,500,375,125,375,125,discovered,13.45,792.48,0.0170,10.227,"DARY d=2 LOAD(R0,1) init=0"
tot3_0618,totalistic_3state,,3,500,375,125,375,125,discovered,40.34,792.48,0.0509,17.036,"CTX_X nr=2 d=2 perm=(0,1) out=R0 L=3"
tot3_0619,totalistic_3state,,3,500,375,125,375,125,discovered,24.73,792.48,0.0312,17.032,CTX_X nr=1 d=2 perm=(1) out=R0 L=2
tot3_0620,totalistic_3state,,3,500,375,125,375,125,discovered,28.84,792.48,0.0364,12.820,CTX_X nr=1 d=1 perm=(0) out=R0 L=3
tot3_0621,totalistic_3state,,3,500,375,125,375,125,discovered,15.03,792.48,0.0190,10.098,"DARY d=2 ISZERO(R1,R0) init=0"
tot3_0622,totalistic_3state,,3,500,375,125,375,125,discovered,20.43,792.48,0.0258,43.797,CTX_X nr=1 d=4 perm=(3) out=R0 L=1
tot3_0623,totalistic_3state,,3,500,375,125,375,125,discovered,82.15,792.48,0.1037,214.909,NESTED_LOOP L=4
tot3_0624,totalistic_3state,,3,500,375,125,12,0,neither,55.06,792.48,0.0695,600.052,STEP off=285 halt=0
tot3_0625,totalistic_3state,,3,500,375,125,375,125,discovered,17.86,792.48,0.0225,17.247,CTX_X nr=1 d=2 perm=(1) out=R0 L=1
tot3_0626,totalistic_3state,,3,500,375,125,10,0,neither,46.09,792.48,0.0582,600.056,STEP off=2 halt=2
tot3_0627,totalistic_3state,,3,500,375,125,375,125,discovered,28.21,792.48,0.0356,57.760,CTX_X nr=1 d=5 perm=(4) out=R0 L=2
tot3_0628,totalistic_3state,,3,500,375,125,17,0,neither,60.73,792.48,0.0766,600.061,ITER_L d=5
tot3_0629,totalistic_3state,,3,500,375,125,375,125,discovered,28.84,792.48,0.0364,16.345,CTX_X nr=1 d=1 perm=(0) out=R0 L=3
tot3_0630,totalistic_3state,,3,500,375,125,375,125,discovered,15.03,792.48,0.0190,10.110,"DARY d=2 ISZERO(R1,R0) init=0"
tot3_0631,totalistic_3state,,3,500,375,125,375,125,discovered,20.43,792.48,0.0258,43.770,CTX_X nr=1 d=4 perm=(3) out=R0 L=1
tot3_0632,totalistic_3state,,3,500,375,125,11,0,neither,59.89,792.48,0.0756,600.061,STEP off=102 halt=6
tot3_0633,totalistic_3state,,3,500,375,125,13,0,neither,59.40,792.48,0.0750,600.073,STEP off=76 halt=15
tot3_0634,totalistic_3state,,3,500,375,125,375,125,discovered,17.86,792.48,0.0225,16.615,CTX_X nr=1 d=2 perm=(1) out=R0 L=1
tot3_0635,totalistic_3state,,3,500,375,125,12,0,neither,52.98,792.48,0.0669,600.042,STEP off=8 halt=4
tot3_0636,totalistic_3state,,3,500,375,125,12,0,neither,51.54,792.48,0.0650,600.036,FUNC_L d=4
tot3_0637,totalistic_3state,,3,500,375,125,15,0,neither,59.13,792.48,0.0746,600.062,ITER_L d=4
tot3_0638,totalistic_3state,,3,500,375,125,375,125,discovered,28.84,792.48,0.0364,12.250,CTX_X nr=1 d=1 perm=(0) out=R0 L=3
tot3_0639,totalistic_3state,,3,500,375,125,375,125,discovered,15.03,792.48,0.0190,10.087,"DARY d=2 ISZERO(R1,R0) init=0"
tot3_0640,totalistic_3state,,3,500,375,125,12,0,neither,40.09,792.48,0.0506,600.053,ITER d=3
tot3_0641,totalistic_3state,,3,500,375,125,14,0,neither,60.96,792.48,0.0769,600.057,STEP off=95 halt=10
tot3_0642,totalistic_3state,,3,500,375,125,12,0,neither,53.73,792.48,0.0678,600.057,FUNC_L d=5
tot3_0643,totalistic_3state,,3,500,375,125,375,125,discovered,17.86,792.48,0.0225,42.545,CTX_X nr=1 d=2 perm=(1) out=R0 L=1
tot3_0644,totalistic_3state,,3,500,375,125,15,0,neither,59.18,792.48,0.0747,600.062,STEP off=46 halt=6
tot3_0645,totalistic_3state,,3,500,375,125,20,0,neither,80.56,792.48,0.1017,600.046,NESTED_LOOP L=4
tot3_0646,totalistic_3state,,3,500,375,125,13,0,neither,40.59,792.48,0.0512,600.063,STEP off=1 halt=0
tot3_0647,totalistic_3state,,3,500,375,125,375,125,discovered,28.84,792.48,0.0364,12.666,CTX_X nr=1 d=1 perm=(0) out=R0 L=3
tot3_0648,totalistic_3state,,3,500,375,125,375,125,discovered,15.03,792.48,0.0190,10.101,"DARY d=2 ISZERO(R1,R0) init=0"
tot3_0649,totalistic_3state,,3,500,375,125,375,125,discovered,15.61,792.48,0.0197,15.490,CTX_X nr=1 d=1 perm=(0) out=R0 L=1
tot3_0650,totalistic_3state,,3,500,375,125,375,125,discovered,22.48,792.48,0.0284,13.039,CTX_X nr=1 d=1 perm=(0) out=R0 L=2
tot3_0651,totalistic_3state,,3,500,375,125,375,125,discovered,15.70,792.48,0.0198,24.422,DARY d=2 DEC(R0) init=2
tot3_0652,totalistic_3state,,3,500,375,125,375,125,discovered,17.86,792.48,0.0225,20.937,CTX_X nr=1 d=2 perm=(1) out=R0 L=1
tot3_0653,totalistic_3state,,3,500,375,125,375,125,discovered,24.73,792.48,0.0312,19.537,CTX_X nr=1 d=2 perm=(1) out=R0 L=2
tot3_0654,totalistic_3state,,3,500,375,125,375,125,discovered,26.03,792.48,0.0329,45.309,"CTX_X nr=2 d=3 perm=(0,1) out=R0 L=1"
tot3_0655,totalistic_3state,,3,500,375,125,16,0,neither,41.09,792.48,0.0519,600.061,ITER d=3
tot3_0656,totalistic_3state,,3,500,375,125,375,125,discovered,28.84,792.48,0.0364,46.006,CTX_X nr=1 d=1 perm=(0) out=R0 L=3
tot3_0657,totalistic_3state,,3,500,375,125,375,125,discovered,15.03,792.48,0.0190,10.176,"DARY d=2 ISZERO(R1,R0) init=0"
tot3_0658,totalistic_3state,,3,500,375,125,375,125,discovered,15.61,792.48,0.0197,18.464,CTX_X nr=1 d=1 perm=(0) out=R0 L=1
tot3_0659,totalistic_3state,,3,500,375,125,10,0,neither,63.88,792.48,0.0806,600.127,STEP off=157 halt=22
tot3_0660,totalistic_3state,,3,500,375,125,375,125,discovered,46.78,792.48,0.0590,19.975,FUNC_L d=4
tot3_0661,totalistic_3state,,3,500,375,125,375,125,discovered,17.86,792.48,0.0225,23.914,CTX_X nr=1 d=2 perm=(1) out=R0 L=1
tot3_0662,totalistic_3state,,3,500,375,125,17,0,neither,63.11,792.48,0.0796,600.060,STEP off=318 halt=9
tot3_0663,totalistic_3state,,3,500,375,125,11,0,neither,54.26,792.48,0.0685,600.052,STEP off=71 halt=0
tot3_0664,totalistic_3state,,3,500,375,125,15,0,neither,61.85,792.48,0.0780,600.051,STEP off=191 halt=8
tot3_0665,totalistic_3state,,3,500,375,125,375,125,discovered,28.84,792.48,0.0364,15.410,CTX_X nr=1 d=1 perm=(0) out=R0 L=3
tot3_0666,totalistic_3state,,3,500,375,125,375,125,discovered,15.03,792.48,0.0190,10.116,"DARY d=2 ISZERO(R1,R0) init=0"
tot3_0667,totalistic_3state,,3,500,375,125,15,0,neither,43.53,792.48,0.0549,600.044,FUNC d=4
tot3_0668,totalistic_3state,,3,500,375,125,375,125,discovered,22.48,792.48,0.0284,43.533,CTX_X nr=1 d=1 perm=(0) out=R0 L=2
tot3_0669,totalistic_3state,,3,500,375,125,10,0,neither,43.53,792.48,0.0549,600.045,FUNC d=4
tot3_0670,totalistic_3state,,3,500,375,125,375,125,discovered,17.86,792.48,0.0225,55.633,CTX_X nr=1 d=2 perm=(1) out=R0 L=1
tot3_0671,totalistic_3state,,3,500,375,125,375,125,discovered,24.73,792.48,0.0312,36.551,CTX_X nr=1 d=2 perm=(1) out=R0 L=2
tot3_0672,totalistic_3state,,3,500,375,125,375,125,discovered,83.73,792.48,0.1057,228.999,NESTED_LOOP L=4
tot3_0673,totalistic_3state,,3,500,375,125,13,0,neither,57.52,792.48,0.0726,600.069,STEP off=216 halt=1
tot3_0674,totalistic_3state,,3,500,375,125,375,125,discovered,28.84,792.48,0.0364,16.156,CTX_X nr=1 d=1 perm=(0) out=R0 L=3
tot3_0675,totalistic_3state,,3,500,375,125,375,125,discovered,15.03,792.48,0.0190,10.149,"DARY d=2 ISZERO(R1,R0) init=0"
tot3_0676,totalistic_3state,,3,500,375,125,375,125,discovered,82.15,792.48,0.1037,218.444,NESTED_LOOP L=4
tot3_0677,totalistic_3state,,3,500,375,125,375,125,discovered,22.48,792.48,0.0284,16.440,CTX_X nr=1 d=1 perm=(0) out=R0 L=2
tot3_0678,totalistic_3state,,3,500,375,125,375,125,discovered,13.45,792.48,0.0170,11.241,"DARY d=2 LOAD(R0,1) init=0"
tot3_0679,totalistic_3state,,3,500,375,125,375,125,discovered,13.45,792.48,0.0170,10.415,"DARY d=2 LOAD(R0,1) init=0"
tot3_0680,totalistic_3state,,3,500,375,125,375,125,discovered,32.43,792.48,0.0409,45.974,CTX_X nr=1 d=3 perm=(2) out=R0 L=3
tot3_0681,totalistic_3state,,3,500,375,125,375,125,discovered,26.03,792.48,0.0329,52.765,"CTX_X nr=2 d=3 perm=(0,1) out=R0 L=1"
tot3_0682,totalistic_3state,,3,500,375,125,10,0,neither,50.77,792.48,0.0641,600.029,STEP off=16 halt=0
tot3_0683,totalistic_3state,,3,500,375,125,375,125,discovered,28.84,792.48,0.0364,17.010,CTX_X nr=1 d=1 perm=(0) out=R0 L=3
tot3_0684,totalistic_3state,,3,500,375,125,375,125,discovered,15.03,792.48,0.0190,10.134,"DARY d=2 ISZERO(R1,R0) init=0"
tot3_0685,totalistic_3state,,3,500,375,125,375,125,discovered,20.43,792.48,0.0258,44.421,CTX_X nr=1 d=4 perm=(0) out=R0 L=1
tot3_0686,totalistic_3state,,3,500,375,125,14,0,neither,66.43,792.48,0.0838,600.044,STEP off=307 halt=37
tot3_0687,totalistic_3state,,3,500,375,125,375,125,discovered,13.45,792.48,0.0170,10.450,"DARY d=2 LOAD(R0,1) init=0"
tot3_0688,totalistic_3state,,3,500,375,125,375,125,discovered,13.45,792.48,0.0170,10.227,"DARY d=2 LOAD(R0,1) init=0"
tot3_0689,totalistic_3state,,3,500,375,125,11,0,neither,41.59,792.48,0.0525,600.056,STEP off=0 halt=0
tot3_0690,totalistic_3state,,3,500,375,125,11,0,neither,55.02,792.48,0.0694,600.053,STEP off=102 halt=0
tot3_0691,totalistic_3state,,3,500,375,125,11,0,neither,56.45,792.48,0.0712,600.041,STEP off=208 halt=0
tot3_0692,totalistic_3state,,3,500,375,125,375,125,discovered,28.84,792.48,0.0364,11.944,CTX_X nr=1 d=1 perm=(0) out=R0 L=3
tot3_0693,totalistic_3state,,3,500,375,125,375,125,discovered,15.03,792.48,0.0190,10.087,"DARY d=2 ISZERO(R1,R0) init=0"
tot3_0694,totalistic_3state,,3,500,375,125,13,0,neither,59.52,792.48,0.0751,600.046,STEP off=319 halt=2
tot3_0695,totalistic_3state,,3,500,375,125,375,125,discovered,22.48,792.48,0.0284,11.781,CTX_X nr=1 d=1 perm=(0) out=R0 L=2
tot3_0696,totalistic_3state,,3,500,375,125,17,0,neither,63.20,792.48,0.0798,600.054,STEP off=237 halt=12
tot3_0697,totalistic_3state,,3,500,375,125,375,125,discovered,13.45,792.48,0.0170,10.213,"DARY d=2 LOAD(R0,1) init=0"
tot3_0698,totalistic_3state,,3,500,375,125,375,125,discovered,32.43,792.48,0.0409,41.516,CTX_X nr=1 d=3 perm=(2) out=R0 L=3
tot3_0699,totalistic_3state,,3,500,375,125,375,125,discovered,83.73,792.48,0.1057,213.760,NESTED_LOOP L=4
tot3_0700,totalistic_3state,,3,500,375,125,375,125,discovered,99.72,792.48,0.1258,291.580,NESTED_LOOP L=5
tot3_0701,totalistic_3state,,3,500,375,125,375,125,discovered,28.84,792.48,0.0364,11.367,CTX_X nr=1 d=1 perm=(0) out=R0 L=3
tot3_0702,totalistic_3state,,3,500,375,125,375,125,discovered,15.03,792.48,0.0190,10.090,"DARY d=2 ISZERO(R1,R0) init=0"
tot3_0703,totalistic_3state,,3,500,375,125,375,125,discovered,20.43,792.48,0.0258,42.707,CTX_X nr=1 d=4 perm=(3) out=R0 L=1
tot3_0704,totalistic_3state,,3,500,375,125,375,125,discovered,22.48,792.48,0.0284,11.650,CTX_X nr=1 d=1 perm=(0) out=R0 L=2
tot3_0705,totalistic_3state,,3,500,375,125,375,125,discovered,33.90,792.48,0.0428,42.481,"CTX_X nr=2 d=3 perm=(0,1) out=R0 L=2"
tot3_0706,totalistic_3state,,3,500,375,125,375,125,discovered,17.86,792.48,0.0225,16.788,CTX_X nr=1 d=2 perm=(1) out=R0 L=1
tot3_0707,totalistic_3state,,3,500,375,125,375,125,discovered,31.09,792.48,0.0392,16.230,CTX_X nr=1 d=2 perm=(1) out=R0 L=3
tot3_0708,totalistic_3state,,3,500,375,125,375,125,discovered,26.03,792.48,0.0329,43.450,"CTX_X nr=2 d=3 perm=(0,1) out=R0 L=1"
tot3_0709,totalistic_3state,,3,500,375,125,17,0,neither,72.09,792.48,0.0910,600.062,ITER_L d=5
tot3_0710,totalistic_3state,,3,500,375,125,375,125,discovered,28.84,792.48,0.0364,12.111,CTX_X nr=1 d=1 perm=(0) out=R0 L=3
tot3_0711,totalistic_3state,,3,500,375,125,375,125,discovered,15.03,792.48,0.0190,10.087,"DARY d=2 ISZERO(R1,R0) init=0"
tot3_0712,totalistic_3state,,3,500,375,125,19,0,neither,58.55,792.48,0.0739,600.054,STEP off=323 halt=2
tot3_0713,totalistic_3state,,3,500,375,125,16,0,neither,59.93,792.48,0.0756,600.097,STEP off=363 halt=5
tot3_0714,totalistic_3state,,3,500,375,125,11,0,neither,64.86,792.48,0.0818,600.063,STEP off=231 halt=24
tot3_0715,totalistic_3state,,3,500,375,125,375,125,discovered,17.86,792.48,0.0225,16.708,CTX_X nr=1 d=2 perm=(1) out=R0 L=1
tot3_0716,totalistic_3state,,3,500,375,125,375,125,discovered,32.98,792.48,0.0416,16.332,"CTX_X nr=2 d=2 perm=(0,1) out=R0 L=2"
tot3_0717,totalistic_3state,,3,500,375,125,15,0,neither,55.84,792.48,0.0705,600.042,STEP off=83 halt=2
tot3_0718,totalistic_3state,,3,500,375,125,375,125,discovered,82.15,792.48,0.1037,437.163,NESTED_LOOP L=4
tot3_0719,totalistic_3state,,3,500,375,125,375,125,discovered,28.84,792.48,0.0364,11.865,CTX_X nr=1 d=1 perm=(0) out=R0 L=3
tot3_0720,totalistic_3state,,3,500,375,125,375,125,discovered,15.03,792.48,0.0190,10.091,"DARY d=2 ISZERO(R1,R0) init=0"
tot3_0721,totalistic_3state,,3,500,375,125,375,125,discovered,82.15,792.48,0.1037,437.130,NESTED_LOOP L=4
tot3_0722,totalistic_3state,,3,500,375,125,375,125,discovered,22.48,792.48,0.0284,11.730,CTX_X nr=1 d=1 perm=(0) out=R0 L=2
tot3_0723,totalistic_3state,,3,500,375,125,375,125,discovered,101.72,792.48,0.1284,293.242,NESTED_LOOP L=5
tot3_0724,totalistic_3state,,3,500,375,125,375,125,discovered,17.86,792.48,0.0225,17.003,CTX_X nr=1 d=2 perm=(1) out=R0 L=1
tot3_0725,totalistic_3state,,3,500,375,125,375,125,discovered,31.09,792.48,0.0392,17.103,CTX_X nr=1 d=2 perm=(1) out=R0 L=3
tot3_0726,totalistic_3state,,3,500,375,125,375,125,discovered,83.73,792.48,0.1057,212.292,NESTED_LOOP L=4
tot3_0727,totalistic_3state,,3,500,375,125,375,125,discovered,82.15,792.48,0.1037,436.902,NESTED_LOOP L=4
tot3_0728,totalistic_3state,,3,500,375,125,375,125,discovered,28.84,792.48,0.0364,11.618,CTX_X nr=1 d=1 perm=(0) out=R0 L=3
tot3_0729,totalistic_3state,,3,500,375,125,375,125,discovered,15.03,792.48,0.0190,10.085,"DARY d=2 ISZERO(R1,R0) init=0"
tot3_0730,totalistic_3state,,3,500,375,125,375,125,discovered,15.61,792.48,0.0197,12.256,CTX_X nr=1 d=1 perm=(0) out=R0 L=1
tot3_0731,totalistic_3state,,3,500,375,125,375,125,discovered,27.30,792.48,0.0344,41.733,CTX_X nr=1 d=4 perm=(3) out=R0 L=2
tot3_0732,totalistic_3state,,3,500,375,125,375,125,discovered,15.70,792.48,0.0198,22.089,DARY d=2 DEC(R0) init=2
tot3_0733,totalistic_3state,,3,500,375,125,375,125,discovered,17.86,792.48,0.0225,16.360,CTX_X nr=1 d=2 perm=(1) out=R0 L=1
tot3_0734,totalistic_3state,,3,500,375,125,375,125,discovered,34.09,792.48,0.0430,16.093,FUNC d=3
tot3_0735,totalistic_3state,,3,500,375,125,375,125,discovered,15.61,792.48,0.0197,12.295,CTX_X nr=1 d=1 perm=(0) out=R0 L=1
tot3_0736,totalistic_3state,,3,500,375,125,375,125,discovered,15.61,792.48,0.0197,12.242,CTX_X nr=1 d=1 perm=(0) out=R0 L=1
tot3_0737,totalistic_3state,,3,500,375,125,375,125,discovered,24.73,792.48,0.0312,16.834,CTX_X nr=1 d=2 perm=(1) out=R0 L=2
tot3_0738,totalistic_3state,,3,500,375,125,375,125,discovered,15.03,792.48,0.0190,10.085,"DARY d=2 ISZERO(R1,R0) init=0"
tot3_0739,totalistic_3state,,3,500,375,125,375,125,discovered,15.61,792.48,0.0197,11.941,CTX_X nr=1 d=1 perm=(0) out=R0 L=1
tot3_0740,totalistic_3state,,3,500,375,125,14,0,neither,55.76,792.48,0.0704,600.052,STEP off=245 halt=0
tot3_0741,totalistic_3state,,3,500,375,125,375,125,discovered,46.78,792.48,0.0590,12.658,FUNC_L d=4
tot3_0742,totalistic_3state,,3,500,375,125,375,125,discovered,17.86,792.48,0.0225,17.551,CTX_X nr=1 d=2 perm=(1) out=R0 L=1
tot3_0743,totalistic_3state,,3,500,375,125,375,125,discovered,34.09,792.48,0.0430,16.149,FUNC d=3
tot3_0744,totalistic_3state,,3,500,375,125,375,125,discovered,26.06,792.48,0.0329,43.958,CTX_X nr=1 d=3 perm=(2) out=R0 L=2
tot3_0745,totalistic_3state,,3,500,375,125,375,125,discovered,15.61,792.48,0.0197,12.112,CTX_X nr=1 d=1 perm=(0) out=R0 L=1
tot3_0746,totalistic_3state,,3,500,375,125,375,125,discovered,24.73,792.48,0.0312,16.130,CTX_X nr=1 d=2 perm=(1) out=R0 L=2
tot3_0747,totalistic_3state,,3,500,375,125,375,125,discovered,15.03,792.48,0.0190,10.086,"DARY d=2 ISZERO(R1,R0) init=0"
tot3_0748,totalistic_3state,,3,500,375,125,375,125,discovered,15.61,792.48,0.0197,11.602,CTX_X nr=1 d=1 perm=(0) out=R0 L=1
tot3_0749,totalistic_3state,,3,500,375,125,375,125,discovered,19.19,792.48,0.0242,11.679,"DARY d=4 SUB(R0,R1,R0) init=1"
tot3_0750,totalistic_3state,,3,500,375,125,13,0,neither,53.94,792.48,0.0681,600.052,STEP off=39 halt=1
tot3_0751,totalistic_3state,,3,500,375,125,375,125,discovered,17.86,792.48,0.0225,17.372,CTX_X nr=1 d=2 perm=(1) out=R0 L=1
tot3_0752,totalistic_3state,,3,500,375,125,375,125,discovered,28.93,792.48,0.0365,42.444,CTX_X nr=1 d=6 perm=(5) out=R0 L=2
tot3_0753,totalistic_3state,,3,500,375,125,375,125,discovered,101.72,792.48,0.1284,271.897,NESTED_LOOP L=5
tot3_0754,totalistic_3state,,3,500,375,125,375,125,discovered,15.61,792.48,0.0197,11.793,CTX_X nr=1 d=1 perm=(0) out=R0 L=1
tot3_0755,totalistic_3state,,3,500,375,125,375,125,discovered,24.73,792.48,0.0312,15.970,CTX_X nr=1 d=2 perm=(1) out=R0 L=2
tot3_0756,totalistic_3state,,3,500,375,125,375,125,discovered,15.03,792.48,0.0190,10.090,"DARY d=2 ISZERO(R1,R0) init=0"
tot3_0757,totalistic_3state,,3,500,375,125,375,125,discovered,64.81,792.48,0.0818,207.022,NESTED_LOOP L=3
tot3_0758,totalistic_3state,,3,500,375,125,13,0,neither,56.17,792.48,0.0709,600.062,STEP off=181 halt=1
tot3_0759,totalistic_3state,,3,500,375,125,375,125,discovered,13.45,792.48,0.0170,10.228,"DARY d=2 LOAD(R0,1) init=0"
tot3_0760,totalistic_3state,,3,500,375,125,375,125,discovered,13.45,792.48,0.0170,10.218,"DARY d=2 LOAD(R0,1) init=0"
tot3_0761,totalistic_3state,,3,500,375,125,375,125,discovered,13.45,792.48,0.0170,10.205,"DARY d=2 LOAD(R0,1) init=0"
tot3_0762,totalistic_3state,,3,500,375,125,375,125,discovered,15.61,792.48,0.0197,12.833,CTX_X nr=1 d=1 perm=(0) out=R0 L=1
tot3_0763,totalistic_3state,,3,500,375,125,15,0,neither,55.33,792.48,0.0698,600.084,STEP off=119 halt=0
tot3_0764,totalistic_3state,,3,500,375,125,375,125,discovered,17.86,792.48,0.0225,17.390,CTX_X nr=1 d=2 perm=(0) out=R0 L=1
tot3_0765,totalistic_3state,,3,500,375,125,375,125,discovered,15.03,792.48,0.0190,10.090,"DARY d=2 ISZERO(R1,R0) init=0"
tot3_0766,totalistic_3state,,3,500,375,125,375,125,discovered,20.43,792.48,0.0258,42.339,CTX_X nr=1 d=4 perm=(0) out=R0 L=1
tot3_0767,totalistic_3state,,3,500,375,125,375,125,discovered,41.34,792.48,0.0522,16.564,"CTX_X nr=2 d=2 perm=(0,1) out=R0 L=3"
tot3_0768,totalistic_3state,,3,500,375,125,375,125,discovered,13.45,792.48,0.0170,10.206,"DARY d=2 LOAD(R0,1) init=0"
tot3_0769,totalistic_3state,,3,500,375,125,375,125,discovered,13.45,792.48,0.0170,10.200,"DARY d=2 LOAD(R0,1) init=0"
tot3_0770,totalistic_3state,,3,500,375,125,375,125,discovered,13.45,792.48,0.0170,10.205,"DARY d=2 LOAD(R0,1) init=0"
tot3_0771,totalistic_3state,,3,500,375,125,375,125,discovered,26.06,792.48,0.0329,43.430,CTX_X nr=1 d=3 perm=(2) out=R0 L=2
tot3_0772,totalistic_3state,,3,500,375,125,31,0,neither,55.94,792.48,0.0706,600.046,STEP off=161 halt=0
tot3_0773,totalistic_3state,,3,500,375,125,375,125,discovered,17.86,792.48,0.0225,17.533,CTX_X nr=1 d=2 perm=(0) out=R0 L=1
tot3_0774,totalistic_3state,,3,500,375,125,375,125,discovered,15.03,792.48,0.0190,10.093,"DARY d=2 ISZERO(R1,R0) init=0"
tot3_0775,totalistic_3state,,3,500,375,125,12,0,neither,55.21,792.48,0.0697,600.061,STEP off=44 halt=1
tot3_0776,totalistic_3state,,3,500,375,125,11,0,neither,43.53,792.48,0.0549,600.052,FUNC d=4
tot3_0777,totalistic_3state,,3,500,375,125,11,0,neither,59.60,792.48,0.0752,600.053,STEP off=91 halt=4
tot3_0778,totalistic_3state,,3,500,375,125,375,125,discovered,13.45,792.48,0.0170,10.244,"DARY d=2 LOAD(R0,1) init=0"
tot3_0779,totalistic_3state,,3,500,375,125,29,0,neither,82.15,792.48,0.1037,600.056,NESTED_LOOP L=4
tot3_0780,totalistic_3state,,3,500,375,125,375,125,discovered,26.06,792.48,0.0329,41.673,CTX_X nr=1 d=3 perm=(2) out=R0 L=2
tot3_0781,totalistic_3state,,3,500,375,125,375,125,discovered,83.73,792.48,0.1057,224.500,NESTED_LOOP L=4
tot3_0782,totalistic_3state,,3,500,375,125,375,125,discovered,17.86,792.48,0.0225,18.150,CTX_X nr=1 d=2 perm=(0) out=R0 L=1
tot3_0783,totalistic_3state,,3,500,375,125,375,125,discovered,15.03,792.48,0.0190,10.086,"DARY d=2 ISZERO(R1,R0) init=0"
tot3_0784,totalistic_3state,,3,500,375,125,256,0,neither,101.72,792.48,0.1284,600.048,NESTED_LOOP L=5
tot3_0785,totalistic_3state,,3,500,375,125,375,125,discovered,101.72,792.48,0.1284,274.779,NESTED_LOOP L=5
tot3_0786,totalistic_3state,,3,500,375,125,375,125,discovered,24.73,792.48,0.0312,16.534,CTX_X nr=1 d=2 perm=(1) out=R0 L=2
tot3_0787,totalistic_3state,,3,500,375,125,375,125,discovered,17.86,792.48,0.0225,17.449,CTX_X nr=1 d=2 perm=(1) out=R0 L=1
tot3_0788,totalistic_3state,,3,500,375,125,13,0,neither,65.14,792.48,0.0822,600.053,STEP off=188 halt=32
tot3_0789,totalistic_3state,,3,500,375,125,375,125,discovered,15.61,792.48,0.0197,13.049,CTX_X nr=1 d=1 perm=(0) out=R0 L=1
tot3_0790,totalistic_3state,,3,500,375,125,43,0,neither,58.73,792.48,0.0741,600.063,ITER_L d=5
tot3_0791,totalistic_3state,,3,500,375,125,375,125,discovered,15.61,792.48,0.0197,13.093,CTX_X nr=1 d=1 perm=(0) out=R0 L=1
tot3_0792,totalistic_3state,,3,500,375,125,375,125,discovered,15.03,792.48,0.0190,10.098,"DARY d=2 ISZERO(R1,R0) init=0"
tot3_0793,totalistic_3state,,3,500,375,125,21,0,neither,58.13,792.48,0.0734,600.055,STEP off=34 halt=12
tot3_0794,totalistic_3state,,3,500,375,125,13,0,neither,59.56,792.48,0.0752,600.053,STEP off=371 halt=3
tot3_0795,totalistic_3state,,3,500,375,125,15,0,neither,41.53,792.48,0.0524,600.045,FUNC d=4
tot3_0796,totalistic_3state,,3,500,375,125,375,125,discovered,17.86,792.48,0.0225,16.742,CTX_X nr=1 d=2 perm=(1) out=R0 L=1
tot3_0797,totalistic_3state,,3,500,375,125,17,0,neither,63.16,792.48,0.0797,600.044,STEP off=54 halt=27
tot3_0798,totalistic_3state,,3,500,375,125,375,125,discovered,26.06,792.48,0.0329,43.058,CTX_X nr=1 d=3 perm=(2) out=R0 L=2
tot3_0799,totalistic_3state,,3,500,375,125,23,0,neither,82.15,792.48,0.1037,600.041,NESTED_LOOP L=4
tot3_0800,totalistic_3state,,3,500,375,125,375,125,discovered,15.61,792.48,0.0197,12.181,CTX_X nr=1 d=1 perm=(0) out=R0 L=1
tot3_0801,totalistic_3state,,3,500,375,125,375,125,discovered,15.03,792.48,0.0190,10.085,"DARY d=2 ISZERO(R1,R0) init=0"
tot3_0802,totalistic_3state,,3,500,375,125,375,125,discovered,41.09,792.48,0.0519,43.231,ITER d=3
tot3_0803,totalistic_3state,,3,500,375,125,11,0,neither,53.73,792.48,0.0678,600.043,FUNC_L d=5
tot3_0804,totalistic_3state,,3,500,375,125,11,0,neither,59.39,792.48,0.0749,600.053,STEP off=93 halt=8
tot3_0805,totalistic_3state,,3,500,375,125,375,125,discovered,17.86,792.48,0.0225,17.369,CTX_X nr=1 d=2 perm=(1) out=R0 L=1
tot3_0806,totalistic_3state,,3,500,375,125,21,0,neither,116.78,792.48,0.1474,600.044,NESTED_LOOP L=6
tot3_0807,totalistic_3state,,3,500,375,125,375,125,discovered,15.61,792.48,0.0197,11.396,CTX_X nr=1 d=1 perm=(0) out=R0 L=1
tot3_0808,totalistic_3state,,3,500,375,125,375,125,discovered,15.61,792.48,0.0197,11.625,CTX_X nr=1 d=1 perm=(0) out=R0 L=1
tot3_0809,totalistic_3state,,3,500,375,125,375,125,discovered,15.61,792.48,0.0197,12.109,CTX_X nr=1 d=1 perm=(0) out=R0 L=1
tot3_0810,totalistic_3state,,3,500,375,125,375,125,discovered,15.03,792.48,0.0190,10.088,"DARY d=2 ISZERO(R1,R0) init=0"
tot3_0811,totalistic_3state,,3,500,375,125,375,125,discovered,15.61,792.48,0.0197,12.047,CTX_X nr=1 d=1 perm=(0) out=R0 L=1
tot3_0812,totalistic_3state,,3,500,375,125,375,125,discovered,27.30,792.48,0.0344,42.726,CTX_X nr=1 d=4 perm=(3) out=R0 L=2
tot3_0813,totalistic_3state,,3,500,375,125,375,125,discovered,15.70,792.48,0.0198,21.580,DARY d=2 DEC(R0) init=2
tot3_0814,totalistic_3state,,3,500,375,125,375,125,discovered,17.86,792.48,0.0225,17.105,CTX_X nr=1 d=2 perm=(1) out=R0 L=1
tot3_0815,totalistic_3state,,3,500,375,125,10,0,neither,50.77,792.48,0.0641,600.047,STEP off=16 halt=0
tot3_0816,totalistic_3state,,3,500,375,125,375,125,discovered,17.86,792.48,0.0225,20.280,CTX_X nr=1 d=2 perm=(1) out=R0 L=1
tot3_0817,totalistic_3state,,3,500,375,125,375,125,discovered,42.26,792.48,0.0533,42.433,"CTX_X nr=2 d=3 perm=(1,2) out=R0 L=3"
tot3_0818,totalistic_3state,,3,500,375,125,375,125,discovered,24.73,792.48,0.0312,16.128,CTX_X nr=1 d=2 perm=(1) out=R0 L=2
tot3_0819,totalistic_3state,,3,500,375,125,375,125,discovered,15.03,792.48,0.0190,10.089,"DARY d=2 ISZERO(R1,R0) init=0"
tot3_0820,totalistic_3state,,3,500,375,125,375,125,discovered,15.61,792.48,0.0197,11.805,CTX_X nr=1 d=1 perm=(0) out=R0 L=1
tot3_0821,totalistic_3state,,3,500,375,125,375,125,discovered,28.93,792.48,0.0365,43.721,CTX_X nr=1 d=6 perm=(5) out=R0 L=2
tot3_0822,totalistic_3state,,3,500,375,125,375,125,discovered,46.78,792.48,0.0590,12.551,FUNC_L d=4
tot3_0823,totalistic_3state,,3,500,375,125,375,125,discovered,17.86,792.48,0.0225,16.931,CTX_X nr=1 d=2 perm=(1) out=R0 L=1
tot3_0824,totalistic_3state,,3,500,375,125,13,0,neither,65.53,792.48,0.0827,600.041,STEP off=115 halt=59
tot3_0825,totalistic_3state,,3,500,375,125,12,0,neither,60.28,792.48,0.0761,600.062,STEP off=320 halt=1
tot3_0826,totalistic_3state,,3,500,375,125,375,125,discovered,15.61,792.48,0.0197,12.129,CTX_X nr=1 d=1 perm=(0) out=R0 L=1
tot3_0827,totalistic_3state,,3,500,375,125,375,125,discovered,24.73,792.48,0.0312,16.010,CTX_X nr=1 d=2 perm=(1) out=R0 L=2
tot3_0828,totalistic_3state,,3,500,375,125,375,125,discovered,15.03,792.48,0.0190,10.086,"DARY d=2 ISZERO(R1,R0) init=0"
tot3_0829,totalistic_3state,,3,500,375,125,15,0,neither,60.35,792.48,0.0762,600.051,STEP off=161 halt=5
tot3_0830,totalistic_3state,,3,500,375,125,14,0,neither,47.53,792.48,0.0600,600.039,ITER d=4
tot3_0831,totalistic_3state,,3,500,375,125,13,0,neither,63.38,792.48,0.0800,600.041,STEP off=361 halt=6
tot3_0832,totalistic_3state,,3,500,375,125,375,125,discovered,17.86,792.48,0.0225,17.740,CTX_X nr=1 d=2 perm=(1) out=R0 L=1
tot3_0833,totalistic_3state,,3,500,375,125,10,0,neither,61.09,792.48,0.0771,600.055,STEP off=69 halt=32
tot3_0834,totalistic_3state,,3,500,375,125,13,0,neither,64.88,792.48,0.0819,600.046,STEP off=336 halt=12
tot3_0835,totalistic_3state,,3,500,375,125,12,0,neither,51.82,792.48,0.0654,600.063,STEP off=4 halt=5
tot3_0836,totalistic_3state,,3,500,375,125,375,125,discovered,24.73,792.48,0.0312,17.330,CTX_X nr=1 d=2 perm=(1) out=R0 L=2
tot3_0837,totalistic_3state,,3,500,375,125,375,125,discovered,15.03,792.48,0.0190,10.086,"DARY d=2 ISZERO(R1,R0) init=0"
tot3_0838,totalistic_3state,,3,500,375,125,375,125,discovered,64.81,792.48,0.0818,210.038,NESTED_LOOP L=3
tot3_0839,totalistic_3state,,3,500,375,125,375,125,discovered,63.81,792.48,0.0805,428.932,NESTED_LOOP L=3
tot3_0840,totalistic_3state,,3,500,375,125,375,125,discovered,13.45,792.48,0.0170,10.379,"DARY d=2 LOAD(R0,1) init=0"
tot3_0841,totalistic_3state,,3,500,375,125,375,125,discovered,13.45,792.48,0.0170,10.369,"DARY d=2 LOAD(R0,1) init=0"
tot3_0842,totalistic_3state,,3,500,375,125,375,125,discovered,13.45,792.48,0.0170,11.046,"DARY d=2 LOAD(R0,1) init=0"
tot3_0843,totalistic_3state,,3,500,375,125,14,0,neither,53.73,792.48,0.0678,600.063,FUNC_L d=5
tot3_0844,totalistic_3state,,3,500,375,125,11,0,neither,52.73,792.48,0.0665,600.055,FUNC_L d=5
tot3_0845,totalistic_3state,,3,500,375,125,375,125,discovered,17.86,792.48,0.0225,44.930,CTX_X nr=1 d=2 perm=(0) out=R0 L=1
tot3_0846,totalistic_3state,,3,500,375,125,375,125,discovered,15.03,792.48,0.0190,10.717,"DARY d=2 ISZERO(R1,R0) init=0"
tot3_0847,totalistic_3state,,3,500,375,125,375,125,discovered,20.43,792.48,0.0258,52.771,CTX_X nr=1 d=4 perm=(0) out=R0 L=1
tot3_0848,totalistic_3state,,3,500,375,125,375,125,discovered,24.73,792.48,0.0312,47.125,CTX_X nr=1 d=2 perm=(1) out=R0 L=2
tot3_0849,totalistic_3state,,3,500,375,125,375,125,discovered,13.45,792.48,0.0170,10.603,"DARY d=2 LOAD(R0,1) init=0"
tot3_0850,totalistic_3state,,3,500,375,125,375,125,discovered,13.45,792.48,0.0170,10.552,"DARY d=2 LOAD(R0,1) init=0"
tot3_0851,totalistic_3state,,3,500,375,125,375,125,discovered,13.45,792.48,0.0170,10.520,"DARY d=2 LOAD(R0,1) init=0"
tot3_0852,totalistic_3state,,3,500,375,125,375,125,discovered,17.86,792.48,0.0225,64.369,CTX_X nr=1 d=2 perm=(0) out=R0 L=1
tot3_0853,totalistic_3state,,3,500,375,125,375,125,discovered,20.43,792.48,0.0258,58.876,CTX_X nr=1 d=4 perm=(0) out=R0 L=1
tot3_0854,totalistic_3state,,3,500,375,125,375,125,discovered,17.86,792.48,0.0225,41.422,CTX_X nr=1 d=2 perm=(0) out=R0 L=1
tot3_0855,totalistic_3state,,3,500,375,125,375,125,discovered,15.03,792.48,0.0190,10.129,"DARY d=2 ISZERO(R1,R0) init=0"
tot3_0856,totalistic_3state,,3,500,375,125,15,0,neither,56.29,792.48,0.0710,600.043,STEP off=192 halt=0
tot3_0857,totalistic_3state,,3,500,375,125,11,0,neither,45.53,792.48,0.0574,600.043,FUNC d=4
tot3_0858,totalistic_3state,,3,500,375,125,14,0,neither,53.73,792.48,0.0678,600.037,FUNC_L d=5
tot3_0859,totalistic_3state,,3,500,375,125,375,125,discovered,13.45,792.48,0.0170,10.209,"DARY d=2 LOAD(R0,1) init=0"
tot3_0860,totalistic_3state,,3,500,375,125,375,125,discovered,28.21,792.48,0.0356,42.654,CTX_X nr=1 d=5 perm=(4) out=R0 L=2
tot3_0861,totalistic_3state,,3,500,375,125,375,125,discovered,17.86,792.48,0.0225,18.192,CTX_X nr=1 d=2 perm=(0) out=R0 L=1
tot3_0862,totalistic_3state,,3,500,375,125,20,0,neither,57.93,792.48,0.0731,600.040,STEP off=267 halt=0
tot3_0863,totalistic_3state,,3,500,375,125,375,125,discovered,17.86,792.48,0.0225,17.205,CTX_X nr=1 d=2 perm=(0) out=R0 L=1
tot3_0864,totalistic_3state,,3,500,375,125,375,125,discovered,15.03,792.48,0.0190,10.085,"DARY d=2 ISZERO(R1,R0) init=0"
tot3_0865,totalistic_3state,,3,500,375,125,12,0,neither,53.73,792.48,0.0678,600.044,FUNC_L d=5
tot3_0866,totalistic_3state,,3,500,375,125,11,0,neither,53.10,792.48,0.0670,600.068,STEP off=66 halt=0
tot3_0867,totalistic_3state,,3,500,375,125,15,0,neither,57.49,792.48,0.0725,600.049,STEP off=357 halt=0
tot3_0868,totalistic_3state,,3,500,375,125,375,125,discovered,17.86,792.48,0.0225,28.124,CTX_X nr=1 d=2 perm=(1) out=R0 L=1
tot3_0869,totalistic_3state,,3,500,375,125,13,0,neither,60.44,792.48,0.0763,600.071,STEP off=45 halt=16
tot3_0870,totalistic_3state,,3,500,375,125,375,125,discovered,45.15,792.48,0.0570,44.815,"CTX_X nr=2 d=5 perm=(1,4) out=R0 L=3"
tot3_0871,totalistic_3state,,3,500,375,125,15,0,neither,64.32,792.48,0.0812,600.086,STEP off=354 halt=9
tot3_0872,totalistic_3state,,3,500,375,125,375,125,discovered,15.61,792.48,0.0197,21.779,CTX_X nr=1 d=1 perm=(0) out=R0 L=1
tot3_0873,totalistic_3state,,3,500,375,125,375,125,discovered,15.03,792.48,0.0190,10.804,"DARY d=2 ISZERO(R1,R0) init=0"
tot3_0874,totalistic_3state,,3,500,375,125,375,125,discovered,15.61,792.48,0.0197,22.302,CTX_X nr=1 d=1 perm=(0) out=R0 L=1
tot3_0875,totalistic_3state,,3,500,375,125,16,0,neither,53.44,792.48,0.0674,600.106,STEP off=14 halt=3
tot3_0876,totalistic_3state,,3,500,375,125,21,0,neither,64.74,792.48,0.0817,600.064,STEP off=113 halt=42
tot3_0877,totalistic_3state,,3,500,375,125,375,125,discovered,17.86,792.48,0.0225,45.197,CTX_X nr=1 d=2 perm=(1) out=R0 L=1
tot3_0878,totalistic_3state,,3,500,375,125,375,125,discovered,82.15,792.48,0.1037,230.082,NESTED_LOOP L=4
tot3_0879,totalistic_3state,,3,500,375,125,375,125,discovered,15.61,792.48,0.0197,20.751,CTX_X nr=1 d=1 perm=(0) out=R0 L=1
tot3_0880,totalistic_3state,,3,500,375,125,375,125,discovered,15.61,792.48,0.0197,21.428,CTX_X nr=1 d=1 perm=(0) out=R0 L=1
tot3_0881,totalistic_3state,,3,500,375,125,375,125,discovered,15.61,792.48,0.0197,19.197,CTX_X nr=1 d=1 perm=(0) out=R0 L=1
tot3_0882,totalistic_3state,,3,500,375,125,375,125,discovered,15.03,792.48,0.0190,10.152,"DARY d=2 ISZERO(R1,R0) init=0"
tot3_0883,totalistic_3state,,3,500,375,125,14,0,neither,53.51,792.48,0.0675,600.080,STEP off=23 halt=4
tot3_0884,totalistic_3state,,3,500,375,125,11,0,neither,57.20,792.48,0.0722,600.074,STEP off=307 halt=1
tot3_0885,totalistic_3state,,3,500,375,125,10,0,neither,52.66,792.48,0.0664,600.048,STEP off=31 halt=2
tot3_0886,totalistic_3state,,3,500,375,125,375,125,discovered,17.86,792.48,0.0225,27.380,CTX_X nr=1 d=2 perm=(1) out=R0 L=1
tot3_0887,totalistic_3state,,3,500,375,125,11,0,neither,54.26,792.48,0.0685,600.144,STEP off=45 halt=0
tot3_0888,totalistic_3state,,3,500,375,125,375,125,discovered,15.61,792.48,0.0197,20.279,CTX_X nr=1 d=1 perm=(0) out=R0 L=1
tot3_0889,totalistic_3state,,3,500,375,125,375,125,discovered,15.61,792.48,0.0197,19.453,CTX_X nr=1 d=1 perm=(0) out=R0 L=1
tot3_0890,totalistic_3state,,3,500,375,125,375,125,discovered,15.61,792.48,0.0197,19.257,CTX_X nr=1 d=1 perm=(0) out=R0 L=1
tot3_0891,totalistic_3state,,3,500,375,125,375,125,discovered,15.03,792.48,0.0190,10.163,"DARY d=2 ISZERO(R1,R0) init=0"
tot3_0892,totalistic_3state,,3,500,375,125,375,125,discovered,15.61,792.48,0.0197,20.457,CTX_X nr=1 d=1 perm=(0) out=R0 L=1
tot3_0893,totalistic_3state,,3,500,375,125,11,0,neither,44.84,792.48,0.0566,600.118,STEP off=2 halt=0
tot3_0894,totalistic_3state,,3,500,375,125,375,125,discovered,15.70,792.48,0.0198,44.484,DARY d=2 DEC(R0) init=2
tot3_0895,totalistic_3state,,3,500,375,125,375,125,discovered,17.86,792.48,0.0225,28.506,CTX_X nr=1 d=2 perm=(1) out=R0 L=1
tot3_0896,totalistic_3state,,3,500,375,125,12,0,neither,39.09,792.48,0.0493,600.098,ITER d=3
tot3_0897,totalistic_3state,,3,500,375,125,375,125,discovered,17.86,792.48,0.0225,28.819,CTX_X nr=1 d=2 perm=(1) out=R0 L=1
tot3_0898,totalistic_3state,,3,500,375,125,17,0,neither,55.13,792.48,0.0696,600.081,STEP off=67 halt=1
tot3_0899,totalistic_3state,,3,500,375,125,375,125,discovered,24.73,792.48,0.0312,27.842,CTX_X nr=1 d=2 perm=(1) out=R0 L=2
tot3_0900,totalistic_3state,,3,500,375,125,375,125,discovered,15.03,792.48,0.0190,10.147,"DARY d=2 ISZERO(R1,R0) init=0"
tot3_0901,totalistic_3state,,3,500,375,125,375,125,discovered,15.61,792.48,0.0197,18.773,CTX_X nr=1 d=1 perm=(0) out=R0 L=1
tot3_0902,totalistic_3state,,3,500,375,125,13,0,neither,52.79,792.48,0.0666,600.091,FUNC_L d=4
tot3_0903,totalistic_3state,,3,500,375,125,375,125,discovered,46.78,792.48,0.0590,21.438,FUNC_L d=4
tot3_0904,totalistic_3state,,3,500,375,125,375,125,discovered,17.86,792.48,0.0225,28.316,CTX_X nr=1 d=2 perm=(1) out=R0 L=1
tot3_0905,totalistic_3state,,3,500,375,125,12,0,neither,47.52,792.48,0.0600,600.069,ITER d=3
tot3_0906,totalistic_3state,,3,500,375,125,9,0,neither,42.59,792.48,0.0537,600.085,STEP off=0 halt=1
tot3_0907,totalistic_3state,,3,500,375,125,12,0,neither,56.36,792.48,0.0711,600.081,STEP off=334 halt=0
tot3_0908,totalistic_3state,,3,500,375,125,375,125,discovered,24.73,792.48,0.0312,26.385,CTX_X nr=1 d=2 perm=(1) out=R0 L=2
tot3_0909,totalistic_3state,,3,500,375,125,375,125,discovered,15.03,792.48,0.0190,10.145,"DARY d=2 ISZERO(R1,R0) init=0"
tot3_0910,totalistic_3state,,3,500,375,125,14,0,neither,57.76,792.48,0.0729,600.072,STEP off=18 halt=13
tot3_0911,totalistic_3state,,3,500,375,125,375,125,discovered,19.19,792.48,0.0242,18.922,"DARY d=4 SUB(R0,R1,R0) init=1"
tot3_0912,totalistic_3state,,3,500,375,125,13,0,neither,58.98,792.48,0.0744,600.067,STEP off=274 halt=1
tot3_0913,totalistic_3state,,3,500,375,125,375,125,discovered,17.86,792.48,0.0225,27.469,CTX_X nr=1 d=2 perm=(1) out=R0 L=1
tot3_0914,totalistic_3state,,3,500,375,125,14,0,neither,45.53,792.48,0.0574,600.110,FUNC d=4
tot3_0915,totalistic_3state,,3,500,375,125,13,0,neither,67.26,792.48,0.0849,600.085,STEP off=319 halt=52
tot3_0916,totalistic_3state,,3,500,375,125,14,0,neither,58.46,792.48,0.0738,600.170,STEP off=352 halt=0
tot3_0917,totalistic_3state,,3,500,375,125,375,125,discovered,24.73,792.48,0.0312,34.425,CTX_X nr=1 d=2 perm=(1) out=R0 L=2
tot3_0918,totalistic_3state,,3,500,375,125,375,125,discovered,15.03,792.48,0.0190,10.175,"DARY d=2 ISZERO(R1,R0) init=0"
tot3_0919,totalistic_3state,,3,500,375,125,375,125,discovered,82.15,792.48,0.1037,228.245,NESTED_LOOP L=4
tot3_0920,totalistic_3state,,3,500,375,125,10,0,neither,60.04,792.48,0.0758,600.091,STEP off=138 halt=5
tot3_0921,totalistic_3state,,3,500,375,125,375,125,discovered,13.45,792.48,0.0170,10.492,"DARY d=2 LOAD(R0,1) init=0"
tot3_0922,totalistic_3state,,3,500,375,125,375,125,discovered,13.45,792.48,0.0170,10.505,"DARY d=2 LOAD(R0,1) init=0"
tot3_0923,totalistic_3state,,3,500,375,125,13,0,neither,60.08,792.48,0.0758,600.096,STEP off=288 halt=3
tot3_0924,totalistic_3state,,3,500,375,125,10,0,neither,66.13,792.48,0.0834,600.073,STEP off=235 halt=103
tot3_0925,totalistic_3state,,3,500,375,125,14,0,neither,55.13,792.48,0.0696,600.090,STEP off=108 halt=1
tot3_0926,totalistic_3state,,3,500,375,125,375,125,discovered,17.86,792.48,0.0225,46.268,CTX_X nr=1 d=2 perm=(0) out=R0 L=1
tot3_0927,totalistic_3state,,3,500,375,125,375,125,discovered,15.03,792.48,0.0190,10.233,"DARY d=2 ISZERO(R1,R0) init=0"
tot3_0928,totalistic_3state,,3,500,375,125,375,125,discovered,20.43,792.48,0.0258,50.996,CTX_X nr=1 d=4 perm=(0) out=R0 L=1
tot3_0929,totalistic_3state,,3,500,375,125,11,0,neither,59.68,792.48,0.0753,600.081,STEP off=347 halt=2
tot3_0930,totalistic_3state,,3,500,375,125,375,125,discovered,13.45,792.48,0.0170,10.473,"DARY d=2 LOAD(R0,1) init=0"
tot3_0931,totalistic_3state,,3,500,375,125,375,125,discovered,13.45,792.48,0.0170,10.588,"DARY d=2 LOAD(R0,1) init=0"
tot3_0932,totalistic_3state,,3,500,375,125,375,125,discovered,20.43,792.48,0.0258,56.393,CTX_X nr=1 d=4 perm=(0) out=R0 L=1
tot3_0933,totalistic_3state,,3,500,375,125,12,0,neither,48.46,792.48,0.0612,600.094,STEP off=6 halt=0
tot3_0934,totalistic_3state,,3,500,375,125,22,0,neither,55.22,792.48,0.0697,600.036,STEP off=185 halt=1
tot3_0935,totalistic_3state,,3,500,375,125,375,125,discovered,17.86,792.48,0.0225,21.442,CTX_X nr=1 d=2 perm=(0) out=R0 L=1
tot3_0936,totalistic_3state,,3,500,375,125,375,125,discovered,15.03,792.48,0.0190,10.088,"DARY d=2 ISZERO(R1,R0) init=0"
tot3_0937,totalistic_3state,,3,500,375,125,15,0,neither,51.90,792.48,0.0655,600.063,STEP off=25 halt=0
tot3_0938,totalistic_3state,,3,500,375,125,14,0,neither,43.53,792.48,0.0549,600.056,FUNC d=4
tot3_0939,totalistic_3state,,3,500,375,125,11,0,neither,89.48,792.48,0.1129,600.059,ITER_F L=6
tot3_0940,totalistic_3state,,3,500,375,125,375,125,discovered,13.45,792.48,0.0170,10.231,"DARY d=2 LOAD(R0,1) init=0"
tot3_0941,totalistic_3state,,3,500,375,125,15,0,neither,49.53,792.48,0.0625,600.068,ITER d=4
tot3_0942,totalistic_3state,,3,500,375,125,13,0,neither,62.00,792.48,0.0782,600.057,STEP off=125 halt=8
tot3_0943,totalistic_3state,,3,500,375,125,16,0,neither,55.24,792.48,0.0697,600.079,STEP off=313 halt=0
tot3_0944,totalistic_3state,,3,500,375,125,375,125,discovered,17.86,792.48,0.0225,20.867,CTX_X nr=1 d=2 perm=(0) out=R0 L=1
tot3_0945,totalistic_3state,,3,500,375,125,375,125,discovered,15.03,792.48,0.0190,10.108,"DARY d=2 ISZERO(R1,R0) init=0"
tot3_0946,totalistic_3state,,3,500,375,125,13,0,neither,61.87,792.48,0.0781,600.545,STEP off=353 halt=5
tot3_0947,totalistic_3state,,3,500,375,125,16,0,neither,40.09,792.48,0.0506,600.052,ITER d=3
tot3_0948,totalistic_3state,,3,500,375,125,11,0,neither,53.17,792.48,0.0671,600.056,STEP off=28 halt=3
tot3_0949,totalistic_3state,,3,500,375,125,375,125,discovered,17.86,792.48,0.0225,19.472,CTX_X nr=1 d=2 perm=(1) out=R0 L=1
tot3_0950,totalistic_3state,,3,500,375,125,12,0,neither,58.79,792.48,0.0742,600.085,STEP off=122 halt=5
tot3_0951,totalistic_3state,,3,500,375,125,375,125,discovered,42.34,792.48,0.0534,18.009,"CTX_X nr=2 d=2 perm=(0,1) out=R0 L=3"
tot3_0952,totalistic_3state,,3,500,375,125,15,0,neither,67.19,792.48,0.0848,600.062,STEP off=261 halt=60
tot3_0953,totalistic_3state,,3,500,375,125,375,125,discovered,15.61,792.48,0.0197,12.914,CTX_X nr=1 d=1 perm=(0) out=R0 L=1
tot3_0954,totalistic_3state,,3,500,375,125,375,125,discovered,15.03,792.48,0.0190,10.116,"DARY d=2 ISZERO(R1,R0) init=0"
tot3_0955,totalistic_3state,,3,500,375,125,24,0,neither,59.67,792.48,0.0753,600.047,STEP off=24 halt=21
tot3_0956,totalistic_3state,,3,500,375,125,375,125,discovered,27.30,792.48,0.0344,42.110,CTX_X nr=1 d=4 perm=(3) out=R0 L=2
tot3_0957,totalistic_3state,,3,500,375,125,9,0,neither,45.53,792.48,0.0574,600.039,FUNC d=4
tot3_0958,totalistic_3state,,3,500,375,125,375,125,discovered,17.86,792.48,0.0225,16.767,CTX_X nr=1 d=2 perm=(1) out=R0 L=1
tot3_0959,totalistic_3state,,3,500,375,125,375,125,discovered,37.78,792.48,0.0477,43.960,"CTX_X nr=2 d=5 perm=(0,4) out=R0 L=2"
tot3_0960,totalistic_3state,,3,500,375,125,16,0,neither,60.38,792.48,0.0762,600.057,ITER_L d=4
tot3_0961,totalistic_3state,,3,500,375,125,375,125,discovered,61.33,792.48,0.0774,198.128,FUNC_L d=5
tot3_0962,totalistic_3state,,3,500,375,125,375,125,discovered,15.61,792.48,0.0197,14.572,CTX_X nr=1 d=1 perm=(0) out=R0 L=1
tot3_0963,totalistic_3state,,3,500,375,125,375,125,discovered,15.03,792.48,0.0190,10.092,"DARY d=2 ISZERO(R1,R0) init=0"
tot3_0964,totalistic_3state,,3,500,375,125,13,0,neither,63.72,792.48,0.0804,600.067,STEP off=299 halt=8
tot3_0965,totalistic_3state,,3,500,375,125,375,125,discovered,31.09,792.48,0.0392,17.596,CTX_X nr=1 d=2 perm=(1) out=R0 L=3
tot3_0966,totalistic_3state,,3,500,375,125,13,0,neither,58.45,792.48,0.0738,600.049,STEP off=209 halt=1
tot3_0967,totalistic_3state,,3,500,375,125,375,125,discovered,17.86,792.48,0.0225,18.385,CTX_X nr=1 d=2 perm=(1) out=R0 L=1
tot3_0968,totalistic_3state,,3,500,375,125,15,0,neither,63.46,792.48,0.0801,600.057,STEP off=227 halt=14
tot3_0969,totalistic_3state,,3,500,375,125,13,0,neither,57.56,792.48,0.0726,600.055,STEP off=372 halt=0
tot3_0970,totalistic_3state,,3,500,375,125,375,125,discovered,15.61,792.48,0.0197,12.499,CTX_X nr=1 d=1 perm=(0) out=R0 L=1
tot3_0971,totalistic_3state,,3,500,375,125,375,125,discovered,15.61,792.48,0.0197,12.347,CTX_X nr=1 d=1 perm=(0) out=R0 L=1
tot3_0972,totalistic_3state,,3,500,375,125,375,125,discovered,15.03,792.48,0.0190,10.088,"DARY d=2 ISZERO(R1,R0) init=0"
tot3_0973,totalistic_3state,,3,500,375,125,375,125,discovered,15.61,792.48,0.0197,12.188,CTX_X nr=1 d=1 perm=(0) out=R0 L=1
tot3_0974,totalistic_3state,,3,500,375,125,375,125,discovered,27.30,792.48,0.0344,43.324,CTX_X nr=1 d=4 perm=(3) out=R0 L=2
tot3_0975,totalistic_3state,,3,500,375,125,375,125,discovered,15.70,792.48,0.0198,21.821,DARY d=2 DEC(R0) init=2
tot3_0976,totalistic_3state,,3,500,375,125,375,125,discovered,17.86,792.48,0.0225,16.879,CTX_X nr=1 d=2 perm=(1) out=R0 L=1
tot3_0977,totalistic_3state,,3,500,375,125,375,125,discovered,46.15,792.48,0.0582,43.631,"CTX_X nr=2 d=5 perm=(0,4) out=R0 L=3"
tot3_0978,totalistic_3state,,3,500,375,125,375,125,discovered,15.61,792.48,0.0197,12.439,CTX_X nr=1 d=1 perm=(0) out=R0 L=1
tot3_0979,totalistic_3state,,3,500,375,125,375,125,discovered,24.73,792.48,0.0312,16.822,CTX_X nr=1 d=2 perm=(0) out=R0 L=2
tot3_0980,totalistic_3state,,3,500,375,125,375,125,discovered,24.73,792.48,0.0312,16.500,CTX_X nr=1 d=2 perm=(1) out=R0 L=2
tot3_0981,totalistic_3state,,3,500,375,125,375,125,discovered,15.03,792.48,0.0190,10.086,"DARY d=2 ISZERO(R1,R0) init=0"
tot3_0982,totalistic_3state,,3,500,375,125,375,125,discovered,15.61,792.48,0.0197,12.077,CTX_X nr=1 d=1 perm=(0) out=R0 L=1
tot3_0983,totalistic_3state,,3,500,375,125,14,0,neither,55.76,792.48,0.0704,600.055,STEP off=245 halt=0
tot3_0984,totalistic_3state,,3,500,375,125,375,125,discovered,46.78,792.48,0.0590,13.249,FUNC_L d=4
tot3_0985,totalistic_3state,,3,500,375,125,375,125,discovered,17.86,792.48,0.0225,16.806,CTX_X nr=1 d=2 perm=(1) out=R0 L=1
tot3_0986,totalistic_3state,,3,500,375,125,375,125,discovered,24.73,792.48,0.0312,16.655,CTX_X nr=1 d=2 perm=(1) out=R0 L=2
tot3_0987,totalistic_3state,,3,500,375,125,25,0,neither,46.53,792.48,0.0587,600.061,FUNC_L d=4
tot3_0988,totalistic_3state,,3,500,375,125,375,125,discovered,24.73,792.48,0.0312,17.017,CTX_X nr=1 d=2 perm=(0) out=R0 L=2
tot3_0989,totalistic_3state,,3,500,375,125,375,125,discovered,24.73,792.48,0.0312,16.956,CTX_X nr=1 d=2 perm=(1) out=R0 L=2
tot3_0990,totalistic_3state,,3,500,375,125,375,125,discovered,15.03,792.48,0.0190,10.097,"DARY d=2 ISZERO(R1,R0) init=0"
tot3_0991,totalistic_3state,,3,500,375,125,18,0,neither,60.10,792.48,0.0758,600.049,STEP off=321 halt=4
tot3_0992,totalistic_3state,,3,500,375,125,375,125,discovered,19.19,792.48,0.0242,12.864,"DARY d=4 SUB(R0,R1,R0) init=1"
tot3_0993,totalistic_3state,,3,500,375,125,13,0,neither,53.94,792.48,0.0681,600.067,STEP off=39 halt=1
tot3_0994,totalistic_3state,,3,500,375,125,375,125,discovered,17.86,792.48,0.0225,18.729,CTX_X nr=1 d=2 perm=(1) out=R0 L=1
tot3_0995,totalistic_3state,,3,500,375,125,15,0,neither,59.50,792.48,0.0751,600.062,STEP off=87 halt=4
tot3_0996,totalistic_3state,,3,500,375,125,375,125,discovered,101.72,792.48,0.1284,273.447,NESTED_LOOP L=5
tot3_0997,totalistic_3state,,3,500,375,125,13,0,neither,58.86,792.48,0.0743,600.040,STEP off=258 halt=1
tot3_0998,totalistic_3state,,3,500,375,125,375,125,discovered,24.73,792.48,0.0312,18.350,CTX_X nr=1 d=2 perm=(1) out=R0 L=2
tot3_0999,totalistic_3state,,3,500,375,125,375,125,discovered,15.03,792.48,0.0190,10.087,"DARY d=2 ISZERO(R1,R0) init=0"
tot3_1000,totalistic_3state,,3,500,375,125,375,125,discovered,64.81,792.48,0.0818,211.214,NESTED_LOOP L=3
tot3_1001,totalistic_3state,,3,500,375,125,13,0,neither,56.17,792.48,0.0709,600.058,STEP off=181 halt=1
tot3_1002,totalistic_3state,,3,500,375,125,375,125,discovered,13.45,792.48,0.0170,10.256,"DARY d=2 LOAD(R0,1) init=0"
tot3_1003,totalistic_3state,,3,500,375,125,375,125,discovered,13.45,792.48,0.0170,10.251,"DARY d=2 LOAD(R0,1) init=0"
tot3_1004,totalistic_3state,,3,500,375,125,375,125,discovered,13.45,792.48,0.0170,10.221,"DARY d=2 LOAD(R0,1) init=0"
tot3_1005,totalistic_3state,,3,500,375,125,375,125,discovered,15.61,792.48,0.0197,18.586,CTX_X nr=1 d=1 perm=(0) out=R0 L=1
tot3_1006,totalistic_3state,,3,500,375,125,375,125,discovered,97.72,792.48,0.1233,465.649,NESTED_LOOP L=5
tot3_1007,totalistic_3state,,3,500,375,125,375,125,discovered,17.86,792.48,0.0225,29.861,CTX_X nr=1 d=2 perm=(0) out=R0 L=1
tot3_1008,totalistic_3state,,3,500,375,125,375,125,discovered,15.03,792.48,0.0190,10.147,"DARY d=2 ISZERO(R1,R0) init=0"
tot3_1009,totalistic_3state,,3,500,375,125,375,125,discovered,20.43,792.48,0.0258,48.306,CTX_X nr=1 d=4 perm=(0) out=R0 L=1
tot3_1010,totalistic_3state,,3,500,375,125,375,125,discovered,41.34,792.48,0.0522,39.990,"CTX_X nr=2 d=2 perm=(0,1) out=R0 L=3"
tot3_1011,totalistic_3state,,3,500,375,125,375,125,discovered,13.45,792.48,0.0170,10.347,"DARY d=2 LOAD(R0,1) init=0"
tot3_1012,totalistic_3state,,3,500,375,125,375,125,discovered,13.45,792.48,0.0170,10.460,"DARY d=2 LOAD(R0,1) init=0"
tot3_1013,totalistic_3state,,3,500,375,125,375,125,discovered,13.45,792.48,0.0170,10.817,"DARY d=2 LOAD(R0,1) init=0"
tot3_1014,totalistic_3state,,3,500,375,125,375,125,discovered,35.90,792.48,0.0453,50.085,"CTX_X nr=2 d=3 perm=(1,2) out=R0 L=2"
tot3_1015,totalistic_3state,,3,500,375,125,375,125,discovered,17.86,792.48,0.0225,29.538,CTX_X nr=1 d=2 perm=(0) out=R0 L=1
tot3_1016,totalistic_3state,,3,500,375,125,375,125,discovered,17.86,792.48,0.0225,28.720,CTX_X nr=1 d=2 perm=(0) out=R0 L=1
tot3_1017,totalistic_3state,,3,500,375,125,375,125,discovered,15.03,792.48,0.0190,10.157,"DARY d=2 ISZERO(R1,R0) init=0"
tot3_1018,totalistic_3state,,3,500,375,125,12,0,neither,57.04,792.48,0.0720,600.085,STEP off=113 halt=4
tot3_1019,totalistic_3state,,3,500,375,125,10,0,neither,62.96,792.48,0.0795,600.058,STEP off=114 halt=46
tot3_1020,totalistic_3state,,3,500,375,125,375,125,discovered,13.45,792.48,0.0170,10.490,"DARY d=2 LOAD(R0,1) init=0"
tot3_1021,totalistic_3state,,3,500,375,125,375,125,discovered,13.45,792.48,0.0170,10.330,"DARY d=2 LOAD(R0,1) init=0"
tot3_1022,totalistic_3state,,3,500,375,125,375,125,discovered,13.45,792.48,0.0170,10.254,"DARY d=2 LOAD(R0,1) init=0"
tot3_1023,totalistic_3state,,3,500,375,125,16,0,neither,59.39,792.48,0.0749,600.071,STEP off=134 halt=4
tot3_1024,totalistic_3state,,3,500,375,125,375,125,discovered,17.86,792.48,0.0225,20.225,CTX_X nr=1 d=2 perm=(0) out=R0 L=1
tot3_1025,totalistic_3state,,3,500,375,125,375,125,discovered,17.86,792.48,0.0225,19.592,CTX_X nr=1 d=2 perm=(0) out=R0 L=1
tot3_1026,totalistic_3state,,3,500,375,125,375,125,discovered,15.03,792.48,0.0190,10.095,"DARY d=2 ISZERO(R1,R0) init=0"
tot3_1027,totalistic_3state,,3,500,375,125,200,0,neither,82.15,792.48,0.1037,600.076,NESTED_LOOP L=4
tot3_1028,totalistic_3state,,3,500,375,125,15,0,neither,66.89,792.48,0.0844,600.064,STEP off=232 halt=58
tot3_1029,totalistic_3state,,3,500,375,125,375,125,discovered,24.73,792.48,0.0312,18.413,CTX_X nr=1 d=2 perm=(1) out=R0 L=2
tot3_1030,totalistic_3state,,3,500,375,125,375,125,discovered,17.86,792.48,0.0225,17.551,CTX_X nr=1 d=2 perm=(1) out=R0 L=1
tot3_1031,totalistic_3state,,3,500,375,125,10,0,neither,55.62,792.48,0.0702,600.040,STEP off=227 halt=0
tot3_1032,totalistic_3state,,3,500,375,125,375,125,discovered,15.61,792.48,0.0197,12.118,CTX_X nr=1 d=1 perm=(0) out=R0 L=1
tot3_1033,totalistic_3state,,3,500,375,125,15,0,neither,44.84,792.48,0.0566,600.074,STEP off=7 halt=0
tot3_1034,totalistic_3state,,3,500,375,125,375,125,discovered,15.61,792.48,0.0197,18.040,CTX_X nr=1 d=1 perm=(0) out=R0 L=1
tot3_1035,totalistic_3state,,3,500,375,125,375,125,discovered,15.03,792.48,0.0190,10.137,"DARY d=2 ISZERO(R1,R0) init=0"
tot3_1036,totalistic_3state,,3,500,375,125,12,0,neither,57.52,792.48,0.0726,600.071,STEP off=190 halt=2
tot3_1037,totalistic_3state,,3,500,375,125,10,0,neither,51.69,792.48,0.0652,600.067,STEP off=23 halt=1
tot3_1038,totalistic_3state,,3,500,375,125,11,0,neither,52.36,792.48,0.0661,600.052,STEP off=47 halt=1
tot3_1039,totalistic_3state,,3,500,375,125,375,125,discovered,17.86,792.48,0.0225,18.046,CTX_X nr=1 d=2 perm=(1) out=R0 L=1
tot3_1040,totalistic_3state,,3,500,375,125,20,0,neither,57.95,792.48,0.0731,600.057,STEP off=21 halt=18
tot3_1041,totalistic_3state,,3,500,375,125,11,0,neither,42.09,792.48,0.0531,600.100,ITER d=3
tot3_1042,totalistic_3state,,3,500,375,125,17,0,neither,50.59,792.48,0.0638,600.063,STEP off=15 halt=1
tot3_1043,totalistic_3state,,3,500,375,125,375,125,discovered,15.61,792.48,0.0197,16.138,CTX_X nr=1 d=1 perm=(0) out=R0 L=1
tot3_1044,totalistic_3state,,3,500,375,125,375,125,discovered,15.03,792.48,0.0190,10.155,"DARY d=2 ISZERO(R1,R0) init=0"
tot3_1045,totalistic_3state,,3,500,375,125,375,125,discovered,41.09,792.48,0.0519,45.325,ITER d=3
tot3_1046,totalistic_3state,,3,500,375,125,11,0,neither,53.73,792.48,0.0678,600.046,FUNC_L d=5
tot3_1047,totalistic_3state,,3,500,375,125,31,0,neither,55.71,792.48,0.0703,600.051,STEP off=238 halt=0
tot3_1048,totalistic_3state,,3,500,375,125,375,125,discovered,17.86,792.48,0.0225,21.399,CTX_X nr=1 d=2 perm=(1) out=R0 L=1
tot3_1049,totalistic_3state,,3,500,375,125,375,125,discovered,82.15,792.48,0.1037,428.947,NESTED_LOOP L=4
tot3_1050,totalistic_3state,,3,500,375,125,375,125,discovered,15.61,792.48,0.0197,14.917,CTX_X nr=1 d=1 perm=(0) out=R0 L=1
tot3_1051,totalistic_3state,,3,500,375,125,375,125,discovered,15.61,792.48,0.0197,17.119,CTX_X nr=1 d=1 perm=(0) out=R0 L=1
tot3_1052,totalistic_3state,,3,500,375,125,375,125,discovered,15.61,792.48,0.0197,15.275,CTX_X nr=1 d=1 perm=(0) out=R0 L=1
tot3_1053,totalistic_3state,,3,500,375,125,375,125,discovered,15.03,792.48,0.0190,10.104,"DARY d=2 ISZERO(R1,R0) init=0"
tot3_1054,totalistic_3state,,3,500,375,125,375,125,discovered,15.61,792.48,0.0197,15.973,CTX_X nr=1 d=1 perm=(0) out=R0 L=1
tot3_1055,totalistic_3state,,3,500,375,125,375,125,discovered,27.30,792.48,0.0344,46.243,CTX_X nr=1 d=4 perm=(3) out=R0 L=2
tot3_1056,totalistic_3state,,3,500,375,125,375,125,discovered,15.70,792.48,0.0198,24.228,DARY d=2 DEC(R0) init=2
tot3_1057,totalistic_3state,,3,500,375,125,375,125,discovered,17.86,792.48,0.0225,17.271,CTX_X nr=1 d=2 perm=(1) out=R0 L=1
tot3_1058,totalistic_3state,,3,500,375,125,375,125,discovered,64.81,792.48,0.0818,424.717,NESTED_LOOP L=3
tot3_1059,totalistic_3state,,3,500,375,125,375,125,discovered,17.86,792.48,0.0225,19.804,CTX_X nr=1 d=2 perm=(1) out=R0 L=1
tot3_1060,totalistic_3state,,3,500,375,125,11,0,neither,59.56,792.48,0.0752,600.063,STEP off=146 halt=4
tot3_1061,totalistic_3state,,3,500,375,125,375,125,discovered,24.73,792.48,0.0312,21.971,CTX_X nr=1 d=2 perm=(1) out=R0 L=2
tot3_1062,totalistic_3state,,3,500,375,125,375,125,discovered,15.03,792.48,0.0190,10.097,"DARY d=2 ISZERO(R1,R0) init=0"
tot3_1063,totalistic_3state,,3,500,375,125,375,125,discovered,15.61,792.48,0.0197,13.568,CTX_X nr=1 d=1 perm=(0) out=R0 L=1
tot3_1064,totalistic_3state,,3,500,375,125,375,125,discovered,28.93,792.48,0.0365,44.291,CTX_X nr=1 d=6 perm=(5) out=R0 L=2
tot3_1065,totalistic_3state,,3,500,375,125,375,125,discovered,46.78,792.48,0.0590,13.239,FUNC_L d=4
tot3_1066,totalistic_3state,,3,500,375,125,375,125,discovered,17.86,792.48,0.0225,17.194,CTX_X nr=1 d=2 perm=(1) out=R0 L=1
tot3_1067,totalistic_3state,,3,500,375,125,375,125,discovered,116.78,792.48,0.1474,480.802,NESTED_LOOP L=6
tot3_1068,totalistic_3state,,3,500,375,125,375,125,discovered,114.45,792.48,0.1444,496.741,NESTED_LOOP L=6
tot3_1069,totalistic_3state,,3,500,375,125,11,0,neither,48.68,792.48,0.0614,600.049,STEP off=10 halt=0
tot3_1070,totalistic_3state,,3,500,375,125,375,125,discovered,24.73,792.48,0.0312,20.444,CTX_X nr=1 d=2 perm=(1) out=R0 L=2
tot3_1071,totalistic_3state,,3,500,375,125,375,125,discovered,15.03,792.48,0.0190,10.132,"DARY d=2 ISZERO(R1,R0) init=0"
tot3_1072,totalistic_3state,,3,500,375,125,20,0,neither,57.05,792.48,0.0720,600.081,STEP off=170 halt=0
tot3_1073,totalistic_3state,,3,500,375,125,375,125,discovered,19.19,792.48,0.0242,13.480,"DARY d=4 SUB(R0,R1,R0) init=1"
tot3_1074,totalistic_3state,,3,500,375,125,23,0,neither,82.15,792.48,0.1037,600.058,NESTED_LOOP L=4
tot3_1075,totalistic_3state,,3,500,375,125,375,125,discovered,17.86,792.48,0.0225,15.904,CTX_X nr=1 d=2 perm=(1) out=R0 L=1
tot3_1076,totalistic_3state,,3,500,375,125,375,125,discovered,24.73,792.48,0.0312,16.116,CTX_X nr=1 d=2 perm=(1) out=R0 L=2
tot3_1077,totalistic_3state,,3,500,375,125,12,0,neither,57.41,792.48,0.0724,600.057,STEP off=48 halt=3
tot3_1078,totalistic_3state,,3,500,375,125,11,0,neither,40.09,792.48,0.0506,600.060,ITER d=3
tot3_1079,totalistic_3state,,3,500,375,125,375,125,discovered,24.73,792.48,0.0312,16.206,CTX_X nr=1 d=2 perm=(1) out=R0 L=2
tot3_1080,totalistic_3state,,3,500,375,125,375,125,discovered,15.03,792.48,0.0190,10.088,"DARY d=2 ISZERO(R1,R0) init=0"
tot3_1081,totalistic_3state,,3,500,375,125,375,125,discovered,64.81,792.48,0.0818,208.175,NESTED_LOOP L=3
tot3_1082,totalistic_3state,,3,500,375,125,375,125,discovered,63.81,792.48,0.0805,421.789,NESTED_LOOP L=3
tot3_1083,totalistic_3state,,3,500,375,125,375,125,discovered,13.45,792.48,0.0170,10.208,"DARY d=2 LOAD(R0,1) init=0"
tot3_1084,totalistic_3state,,3,500,375,125,375,125,discovered,13.45,792.48,0.0170,10.212,"DARY d=2 LOAD(R0,1) init=0"
tot3_1085,totalistic_3state,,3,500,375,125,375,125,discovered,13.45,792.48,0.0170,10.204,"DARY d=2 LOAD(R0,1) init=0"
tot3_1086,totalistic_3state,,3,500,375,125,14,0,neither,53.73,792.48,0.0678,600.058,FUNC_L d=5
tot3_1087,totalistic_3state,,3,500,375,125,375,125,discovered,17.86,792.48,0.0225,17.554,CTX_X nr=1 d=2 perm=(0) out=R0 L=1
tot3_1088,totalistic_3state,,3,500,375,125,375,125,discovered,17.86,792.48,0.0225,17.287,CTX_X nr=1 d=2 perm=(0) out=R0 L=1
tot3_1089,totalistic_3state,,3,500,375,125,375,125,discovered,15.03,792.48,0.0190,10.085,"DARY d=2 ISZERO(R1,R0) init=0"
tot3_1090,totalistic_3state,,3,500,375,125,375,125,discovered,20.43,792.48,0.0258,42.186,CTX_X nr=1 d=4 perm=(0) out=R0 L=1
tot3_1091,totalistic_3state,,3,500,375,125,375,125,discovered,24.73,792.48,0.0312,16.091,CTX_X nr=1 d=2 perm=(1) out=R0 L=2
tot3_1092,totalistic_3state,,3,500,375,125,375,125,discovered,13.45,792.48,0.0170,10.208,"DARY d=2 LOAD(R0,1) init=0"
tot3_1093,totalistic_3state,,3,500,375,125,375,125,discovered,13.45,792.48,0.0170,10.196,"DARY d=2 LOAD(R0,1) init=0"
tot3_1094,totalistic_3state,,3,500,375,125,375,125,discovered,13.45,792.48,0.0170,10.212,"DARY d=2 LOAD(R0,1) init=0"
tot3_1095,totalistic_3state,,3,500,375,125,375,125,discovered,17.86,792.48,0.0225,17.407,CTX_X nr=1 d=2 perm=(0) out=R0 L=1
tot3_1096,totalistic_3state,,3,500,375,125,375,125,discovered,17.86,792.48,0.0225,17.183,CTX_X nr=1 d=2 perm=(0) out=R0 L=1
tot3_1097,totalistic_3state,,3,500,375,125,375,125,discovered,17.86,792.48,0.0225,17.438,CTX_X nr=1 d=2 perm=(0) out=R0 L=1
tot3_1098,totalistic_3state,,3,500,375,125,375,125,discovered,15.03,792.48,0.0190,10.086,"DARY d=2 ISZERO(R1,R0) init=0"
tot3_1099,totalistic_3state,,3,500,375,125,375,125,discovered,44.26,792.48,0.0559,41.360,"CTX_X nr=2 d=3 perm=(1,2) out=R0 L=3"
tot3_1100,totalistic_3state,,3,500,375,125,375,125,discovered,24.73,792.48,0.0312,16.333,CTX_X nr=1 d=2 perm=(1) out=R0 L=2
tot3_1101,totalistic_3state,,3,500,375,125,375,125,discovered,13.45,792.48,0.0170,10.220,"DARY d=2 LOAD(R0,1) init=0"
tot3_1102,totalistic_3state,,3,500,375,125,375,125,discovered,13.45,792.48,0.0170,10.203,"DARY d=2 LOAD(R0,1) init=0"
tot3_1103,totalistic_3state,,3,500,375,125,375,125,discovered,13.45,792.48,0.0170,10.211,"DARY d=2 LOAD(R0,1) init=0"
tot3_1104,totalistic_3state,,3,500,375,125,375,125,discovered,17.86,792.48,0.0225,17.157,CTX_X nr=1 d=2 perm=(0) out=R0 L=1
tot3_1105,totalistic_3state,,3,500,375,125,375,125,discovered,17.86,792.48,0.0225,17.122,CTX_X nr=1 d=2 perm=(0) out=R0 L=1
tot3_1106,totalistic_3state,,3,500,375,125,375,125,discovered,17.86,792.48,0.0225,17.102,CTX_X nr=1 d=2 perm=(0) out=R0 L=1
tot3_1107,totalistic_3state,,3,500,375,125,375,125,discovered,15.03,792.48,0.0190,10.088,"DARY d=2 ISZERO(R1,R0) init=0"
tot3_1108,totalistic_3state,,3,500,375,125,12,0,neither,53.73,792.48,0.0678,600.052,FUNC_L d=5
tot3_1109,totalistic_3state,,3,500,375,125,375,125,discovered,42.91,792.48,0.0541,42.893,"CTX_X nr=2 d=4 perm=(2,3) out=R0 L=3"
tot3_1110,totalistic_3state,,3,500,375,125,375,125,discovered,36.55,792.48,0.0461,42.168,"CTX_X nr=2 d=4 perm=(2,3) out=R0 L=2"
tot3_1111,totalistic_3state,,3,500,375,125,375,125,discovered,17.86,792.48,0.0225,16.824,CTX_X nr=1 d=2 perm=(1) out=R0 L=1
tot3_1112,totalistic_3state,,3,500,375,125,375,125,discovered,17.86,792.48,0.0225,17.041,CTX_X nr=1 d=2 perm=(1) out=R0 L=1
tot3_1113,totalistic_3state,,3,500,375,125,375,125,discovered,45.15,792.48,0.0570,43.170,"CTX_X nr=2 d=5 perm=(1,4) out=R0 L=3"
tot3_1114,totalistic_3state,,3,500,375,125,375,125,discovered,15.61,792.48,0.0197,11.997,CTX_X nr=1 d=1 perm=(0) out=R0 L=1
tot3_1115,totalistic_3state,,3,500,375,125,375,125,discovered,15.61,792.48,0.0197,12.098,CTX_X nr=1 d=1 perm=(0) out=R0 L=1
tot3_1116,totalistic_3state,,3,500,375,125,375,125,discovered,15.03,792.48,0.0190,10.090,"DARY d=2 ISZERO(R1,R0) init=0"
tot3_1117,totalistic_3state,,3,500,375,125,375,125,discovered,42.91,792.48,0.0541,42.452,"CTX_X nr=2 d=4 perm=(0,3) out=R0 L=3"
tot3_1118,totalistic_3state,,3,500,375,125,375,125,discovered,31.09,792.48,0.0392,16.554,CTX_X nr=1 d=2 perm=(1) out=R0 L=3
tot3_1119,totalistic_3state,,3,500,375,125,375,125,discovered,17.86,792.48,0.0225,16.751,CTX_X nr=1 d=2 perm=(1) out=R0 L=1
tot3_1120,totalistic_3state,,3,500,375,125,375,125,discovered,17.86,792.48,0.0225,16.881,CTX_X nr=1 d=2 perm=(1) out=R0 L=1
tot3_1121,totalistic_3state,,3,500,375,125,375,125,discovered,17.86,792.48,0.0225,16.682,CTX_X nr=1 d=2 perm=(1) out=R0 L=1
tot3_1122,totalistic_3state,,3,500,375,125,375,125,discovered,15.61,792.48,0.0197,11.732,CTX_X nr=1 d=1 perm=(0) out=R0 L=1
tot3_1123,totalistic_3state,,3,500,375,125,375,125,discovered,15.61,792.48,0.0197,11.681,CTX_X nr=1 d=1 perm=(0) out=R0 L=1
tot3_1124,totalistic_3state,,3,500,375,125,375,125,discovered,15.61,792.48,0.0197,11.969,CTX_X nr=1 d=1 perm=(0) out=R0 L=1
tot3_1125,totalistic_3state,,3,500,375,125,375,125,discovered,15.03,792.48,0.0190,10.085,"DARY d=2 ISZERO(R1,R0) init=0"
tot3_1126,totalistic_3state,,3,500,375,125,375,125,discovered,42.91,792.48,0.0541,42.231,"CTX_X nr=2 d=4 perm=(0,3) out=R0 L=3"
tot3_1127,totalistic_3state,,3,500,375,125,375,125,discovered,31.09,792.48,0.0392,16.104,CTX_X nr=1 d=2 perm=(1) out=R0 L=3
tot3_1128,totalistic_3state,,3,500,375,125,375,125,discovered,17.86,792.48,0.0225,16.944,CTX_X nr=1 d=2 perm=(1) out=R0 L=1
tot3_1129,totalistic_3state,,3,500,375,125,375,125,discovered,17.86,792.48,0.0225,16.552,CTX_X nr=1 d=2 perm=(1) out=R0 L=1
tot3_1130,totalistic_3state,,3,500,375,125,375,125,discovered,17.86,792.48,0.0225,17.037,CTX_X nr=1 d=2 perm=(1) out=R0 L=1
tot3_1131,totalistic_3state,,3,500,375,125,375,125,discovered,15.61,792.48,0.0197,12.171,CTX_X nr=1 d=1 perm=(0) out=R0 L=1
tot3_1132,totalistic_3state,,3,500,375,125,375,125,discovered,15.61,792.48,0.0197,11.907,CTX_X nr=1 d=1 perm=(0) out=R0 L=1
tot3_1133,totalistic_3state,,3,500,375,125,375,125,discovered,15.61,792.48,0.0197,11.952,CTX_X nr=1 d=1 perm=(0) out=R0 L=1
tot3_1134,totalistic_3state,,3,500,375,125,375,125,discovered,15.03,792.48,0.0190,10.092,"DARY d=2 ISZERO(R1,R0) init=0"
tot3_1135,totalistic_3state,,3,500,375,125,375,125,discovered,15.61,792.48,0.0197,11.730,CTX_X nr=1 d=1 perm=(0) out=R0 L=1
tot3_1136,totalistic_3state,,3,500,375,125,11,0,neither,44.84,792.48,0.0566,600.059,STEP off=2 halt=0
tot3_1137,totalistic_3state,,3,500,375,125,375,125,discovered,15.70,792.48,0.0198,22.221,DARY d=2 DEC(R0) init=2
tot3_1138,totalistic_3state,,3,500,375,125,375,125,discovered,17.86,792.48,0.0225,16.727,CTX_X nr=1 d=2 perm=(1) out=R0 L=1
tot3_1139,totalistic_3state,,3,500,375,125,16,0,neither,63.60,792.48,0.0803,600.059,STEP off=59 halt=30
tot3_1140,totalistic_3state,,3,500,375,125,375,125,discovered,31.98,792.48,0.0404,16.803,"CTX_X nr=2 d=2 perm=(0,1) out=R0 L=2"
tot3_1141,totalistic_3state,,3,500,375,125,14,0,neither,58.46,792.48,0.0738,600.043,STEP off=127 halt=3
tot3_1142,totalistic_3state,,3,500,375,125,375,125,discovered,24.73,792.48,0.0312,16.932,CTX_X nr=1 d=2 perm=(1) out=R0 L=2
tot3_1143,totalistic_3state,,3,500,375,125,375,125,discovered,15.03,792.48,0.0190,10.086,"DARY d=2 ISZERO(R1,R0) init=0"
tot3_1144,totalistic_3state,,3,500,375,125,375,125,discovered,15.61,792.48,0.0197,11.964,CTX_X nr=1 d=1 perm=(0) out=R0 L=1
tot3_1145,totalistic_3state,,3,500,375,125,21,0,neither,80.56,792.48,0.1017,600.092,NESTED_LOOP L=4
tot3_1146,totalistic_3state,,3,500,375,125,375,125,discovered,46.78,792.48,0.0590,12.865,FUNC_L d=4
tot3_1147,totalistic_3state,,3,500,375,125,375,125,discovered,17.86,792.48,0.0225,16.875,CTX_X nr=1 d=2 perm=(1) out=R0 L=1
tot3_1148,totalistic_3state,,3,500,375,125,11,0,neither,60.56,792.48,0.0764,600.059,STEP off=236 halt=6
tot3_1149,totalistic_3state,,3,500,375,125,12,0,neither,49.00,792.48,0.0618,600.045,STEP off=5 halt=0
tot3_1150,totalistic_3state,,3,500,375,125,15,0,neither,52.56,792.48,0.0663,600.054,STEP off=33 halt=1
tot3_1151,totalistic_3state,,3,500,375,125,375,125,discovered,24.73,792.48,0.0312,16.535,CTX_X nr=1 d=2 perm=(1) out=R0 L=2
tot3_1152,totalistic_3state,,3,500,375,125,375,125,discovered,15.03,792.48,0.0190,10.086,"DARY d=2 ISZERO(R1,R0) init=0"
tot3_1153,totalistic_3state,,3,500,375,125,11,0,neither,47.53,792.48,0.0600,600.060,ITER d=4
tot3_1154,totalistic_3state,,3,500,375,125,375,125,discovered,19.19,792.48,0.0242,11.755,"DARY d=4 SUB(R0,R1,R0) init=1"
tot3_1155,totalistic_3state,,3,500,375,125,11,0,neither,63.82,792.48,0.0805,600.057,STEP off=133 halt=59
tot3_1156,totalistic_3state,,3,500,375,125,375,125,discovered,17.86,792.48,0.0225,16.991,CTX_X nr=1 d=2 perm=(1) out=R0 L=1
tot3_1157,totalistic_3state,,3,500,375,125,375,125,discovered,83.73,792.48,0.1057,440.937,NESTED_LOOP L=4
tot3_1158,totalistic_3state,,3,500,375,125,12,0,neither,58.58,792.48,0.0739,600.079,STEP off=223 halt=0
tot3_1159,totalistic_3state,,3,500,375,125,12,0,neither,59.98,792.48,0.0757,600.055,ITER_L d=5
tot3_1160,totalistic_3state,,3,500,375,125,375,125,discovered,24.73,792.48,0.0312,16.091,CTX_X nr=1 d=2 perm=(1) out=R0 L=2
tot3_1161,totalistic_3state,,3,500,375,125,375,125,discovered,15.03,792.48,0.0190,10.087,"DARY d=2 ISZERO(R1,R0) init=0"
tot3_1162,totalistic_3state,,3,500,375,125,375,125,discovered,64.81,792.48,0.0818,207.040,NESTED_LOOP L=3
tot3_1163,totalistic_3state,,3,500,375,125,375,125,discovered,41.26,792.48,0.0521,41.779,"CTX_X nr=2 d=3 perm=(0,2) out=R0 L=3"
tot3_1164,totalistic_3state,,3,500,375,125,375,125,discovered,13.45,792.48,0.0170,10.200,"DARY d=2 LOAD(R0,1) init=0"
tot3_1165,totalistic_3state,,3,500,375,125,375,125,discovered,13.45,792.48,0.0170,10.196,"DARY d=2 LOAD(R0,1) init=0"
tot3_1166,totalistic_3state,,3,500,375,125,375,125,discovered,13.45,792.48,0.0170,10.200,"DARY d=2 LOAD(R0,1) init=0"
tot3_1167,totalistic_3state,,3,500,375,125,15,0,neither,60.25,792.48,0.0760,600.047,STEP off=206 halt=4
tot3_1168,totalistic_3state,,3,500,375,125,375,125,discovered,17.86,792.48,0.0225,17.151,CTX_X nr=1 d=2 perm=(0) out=R0 L=1
tot3_1169,totalistic_3state,,3,500,375,125,375,125,discovered,17.86,792.48,0.0225,17.962,CTX_X nr=1 d=2 perm=(0) out=R0 L=1
tot3_1170,totalistic_3state,,3,500,375,125,375,125,discovered,15.03,792.48,0.0190,10.086,"DARY d=2 ISZERO(R1,R0) init=0"
tot3_1171,totalistic_3state,,3,500,375,125,375,125,discovered,20.43,792.48,0.0258,42.199,CTX_X nr=1 d=4 perm=(0) out=R0 L=1
tot3_1172,totalistic_3state,,3,500,375,125,375,125,discovered,43.91,792.48,0.0554,42.485,"CTX_X nr=2 d=4 perm=(0,1) out=R0 L=3"
tot3_1173,totalistic_3state,,3,500,375,125,375,125,discovered,13.45,792.48,0.0170,10.204,"DARY d=2 LOAD(R0,1) init=0"
tot3_1174,totalistic_3state,,3,500,375,125,375,125,discovered,13.45,792.48,0.0170,10.199,"DARY d=2 LOAD(R0,1) init=0"
tot3_1175,totalistic_3state,,3,500,375,125,375,125,discovered,13.45,792.48,0.0170,10.211,"DARY d=2 LOAD(R0,1) init=0"
tot3_1176,totalistic_3state,,3,500,375,125,375,125,discovered,17.86,792.48,0.0225,17.448,CTX_X nr=1 d=2 perm=(0) out=R0 L=1
tot3_1177,totalistic_3state,,3,500,375,125,375,125,discovered,17.86,792.48,0.0225,17.268,CTX_X nr=1 d=2 perm=(0) out=R0 L=1
tot3_1178,totalistic_3state,,3,500,375,125,375,125,discovered,17.86,792.48,0.0225,17.995,CTX_X nr=1 d=2 perm=(0) out=R0 L=1
tot3_1179,totalistic_3state,,3,500,375,125,375,125,discovered,15.03,792.48,0.0190,10.084,"DARY d=2 ISZERO(R1,R0) init=0"
tot3_1180,totalistic_3state,,3,500,375,125,375,125,discovered,44.26,792.48,0.0559,48.593,"CTX_X nr=2 d=3 perm=(1,2) out=R0 L=3"
tot3_1181,totalistic_3state,,3,500,375,125,375,125,discovered,24.73,792.48,0.0312,16.202,CTX_X nr=1 d=2 perm=(1) out=R0 L=2
tot3_1182,totalistic_3state,,3,500,375,125,375,125,discovered,13.45,792.48,0.0170,10.199,"DARY d=2 LOAD(R0,1) init=0"
tot3_1183,totalistic_3state,,3,500,375,125,375,125,discovered,13.45,792.48,0.0170,10.201,"DARY d=2 LOAD(R0,1) init=0"
tot3_1184,totalistic_3state,,3,500,375,125,375,125,discovered,13.45,792.48,0.0170,10.198,"DARY d=2 LOAD(R0,1) init=0"
tot3_1185,totalistic_3state,,3,500,375,125,375,125,discovered,17.86,792.48,0.0225,17.207,CTX_X nr=1 d=2 perm=(0) out=R0 L=1
tot3_1186,totalistic_3state,,3,500,375,125,375,125,discovered,17.86,792.48,0.0225,17.172,CTX_X nr=1 d=2 perm=(0) out=R0 L=1
tot3_1187,totalistic_3state,,3,500,375,125,375,125,discovered,17.86,792.48,0.0225,17.159,CTX_X nr=1 d=2 perm=(0) out=R0 L=1
tot3_1188,totalistic_3state,,3,500,375,125,375,125,discovered,15.03,792.48,0.0190,10.086,"DARY d=2 ISZERO(R1,R0) init=0"
tot3_1189,totalistic_3state,,3,500,375,125,375,125,discovered,44.91,792.48,0.0567,41.647,"CTX_X nr=2 d=4 perm=(1,3) out=R0 L=3"
tot3_1190,totalistic_3state,,3,500,375,125,375,125,discovered,33.90,792.48,0.0428,43.487,"CTX_X nr=2 d=3 perm=(0,1) out=R0 L=2"
tot3_1191,totalistic_3state,,3,500,375,125,375,125,discovered,34.90,792.48,0.0440,42.288,"CTX_X nr=2 d=3 perm=(0,2) out=R0 L=2"
tot3_1192,totalistic_3state,,3,500,375,125,375,125,discovered,17.86,792.48,0.0225,16.720,CTX_X nr=1 d=2 perm=(1) out=R0 L=1
tot3_1193,totalistic_3state,,3,500,375,125,375,125,discovered,17.86,792.48,0.0225,16.568,CTX_X nr=1 d=2 perm=(1) out=R0 L=1
tot3_1194,totalistic_3state,,3,500,375,125,375,125,discovered,17.86,792.48,0.0225,16.915,CTX_X nr=1 d=2 perm=(0) out=R0 L=1
tot3_1195,totalistic_3state,,3,500,375,125,375,125,discovered,15.61,792.48,0.0197,11.739,CTX_X nr=1 d=1 perm=(0) out=R0 L=1
tot3_1196,totalistic_3state,,3,500,375,125,375,125,discovered,15.61,792.48,0.0197,11.863,CTX_X nr=1 d=1 perm=(0) out=R0 L=1
tot3_1197,totalistic_3state,,3,500,375,125,375,125,discovered,15.03,792.48,0.0190,10.085,"DARY d=2 ISZERO(R1,R0) init=0"
tot3_1198,totalistic_3state,,3,500,375,125,375,125,discovered,42.91,792.48,0.0541,41.745,"CTX_X nr=2 d=4 perm=(0,3) out=R0 L=3"
tot3_1199,totalistic_3state,,3,500,375,125,375,125,discovered,116.78,792.48,0.1474,495.435,NESTED_LOOP L=6
tot3_1200,totalistic_3state,,3,500,375,125,375,125,discovered,82.15,792.48,0.1037,424.838,NESTED_LOOP L=4
tot3_1201,totalistic_3state,,3,500,375,125,375,125,discovered,17.86,792.48,0.0225,16.388,CTX_X nr=1 d=2 perm=(1) out=R0 L=1
tot3_1202,totalistic_3state,,3,500,375,125,375,125,discovered,17.86,792.48,0.0225,17.078,CTX_X nr=1 d=2 perm=(1) out=R0 L=1
tot3_1203,totalistic_3state,,3,500,375,125,375,125,discovered,36.55,792.48,0.0461,43.092,"CTX_X nr=2 d=4 perm=(1,3) out=R0 L=2"
tot3_1204,totalistic_3state,,3,500,375,125,375,125,discovered,15.61,792.48,0.0197,11.961,CTX_X nr=1 d=1 perm=(0) out=R0 L=1
tot3_1205,totalistic_3state,,3,500,375,125,375,125,discovered,15.61,792.48,0.0197,12.095,CTX_X nr=1 d=1 perm=(0) out=R0 L=1
tot3_1206,totalistic_3state,,3,500,375,125,375,125,discovered,15.03,792.48,0.0190,10.091,"DARY d=2 ISZERO(R1,R0) init=0"
tot3_1207,totalistic_3state,,3,500,375,125,375,125,discovered,41.26,792.48,0.0521,43.322,"CTX_X nr=2 d=3 perm=(1,2) out=R0 L=3"
tot3_1208,totalistic_3state,,3,500,375,125,375,125,discovered,31.09,792.48,0.0392,16.551,CTX_X nr=1 d=2 perm=(1) out=R0 L=3
tot3_1209,totalistic_3state,,3,500,375,125,375,125,discovered,17.86,792.48,0.0225,16.565,CTX_X nr=1 d=2 perm=(1) out=R0 L=1
tot3_1210,totalistic_3state,,3,500,375,125,375,125,discovered,17.86,792.48,0.0225,16.777,CTX_X nr=1 d=2 perm=(1) out=R0 L=1
tot3_1211,totalistic_3state,,3,500,375,125,375,125,discovered,17.86,792.48,0.0225,16.794,CTX_X nr=1 d=2 perm=(1) out=R0 L=1
tot3_1212,totalistic_3state,,3,500,375,125,375,125,discovered,20.43,792.48,0.0258,43.043,CTX_X nr=1 d=4 perm=(3) out=R0 L=1
tot3_1213,totalistic_3state,,3,500,375,125,375,125,discovered,15.61,792.48,0.0197,11.756,CTX_X nr=1 d=1 perm=(0) out=R0 L=1
tot3_1214,totalistic_3state,,3,500,375,125,375,125,discovered,15.61,792.48,0.0197,11.855,CTX_X nr=1 d=1 perm=(0) out=R0 L=1
tot3_1215,totalistic_3state,,3,500,375,125,375,125,discovered,15.03,792.48,0.0190,10.087,"DARY d=2 ISZERO(R1,R0) init=0"
tot3_1216,totalistic_3state,,3,500,375,125,375,125,discovered,15.61,792.48,0.0197,12.020,CTX_X nr=1 d=1 perm=(0) out=R0 L=1
tot3_1217,totalistic_3state,,3,500,375,125,375,125,discovered,27.30,792.48,0.0344,41.555,CTX_X nr=1 d=4 perm=(3) out=R0 L=2
tot3_1218,totalistic_3state,,3,500,375,125,375,125,discovered,15.70,792.48,0.0198,22.475,DARY d=2 DEC(R0) init=2
tot3_1219,totalistic_3state,,3,500,375,125,375,125,discovered,17.86,792.48,0.0225,16.716,CTX_X nr=1 d=2 perm=(1) out=R0 L=1
tot3_1220,totalistic_3state,,3,500,375,125,12,0,neither,58.05,792.48,0.0732,600.076,STEP off=85 halt=5
tot3_1221,totalistic_3state,,3,500,375,125,375,125,discovered,15.61,792.48,0.0197,11.940,CTX_X nr=1 d=1 perm=(0) out=R0 L=1
tot3_1222,totalistic_3state,,3,500,375,125,18,0,neither,58.73,792.48,0.0741,600.075,ITER_L d=5
tot3_1223,totalistic_3state,,3,500,375,125,375,125,discovered,24.73,792.48,0.0312,16.367,CTX_X nr=1 d=2 perm=(1) out=R0 L=2
tot3_1224,totalistic_3state,,3,500,375,125,375,125,discovered,15.03,792.48,0.0190,10.084,"DARY d=2 ISZERO(R1,R0) init=0"
tot3_1225,totalistic_3state,,3,500,375,125,375,125,discovered,15.61,792.48,0.0197,11.932,CTX_X nr=1 d=1 perm=(0) out=R0 L=1
tot3_1226,totalistic_3state,,3,500,375,125,14,0,neither,55.76,792.48,0.0704,600.072,STEP off=245 halt=0
tot3_1227,totalistic_3state,,3,500,375,125,375,125,discovered,46.78,792.48,0.0590,12.581,FUNC_L d=4
tot3_1228,totalistic_3state,,3,500,375,125,375,125,discovered,17.86,792.48,0.0225,16.540,CTX_X nr=1 d=2 perm=(1) out=R0 L=1
tot3_1229,totalistic_3state,,3,500,375,125,375,125,discovered,46.15,792.48,0.0582,42.586,"CTX_X nr=2 d=5 perm=(0,4) out=R0 L=3"
tot3_1230,totalistic_3state,,3,500,375,125,12,0,neither,55.80,792.48,0.0704,600.070,STEP off=150 halt=0
tot3_1231,totalistic_3state,,3,500,375,125,11,0,neither,56.88,792.48,0.0718,600.068,STEP off=260 halt=0
tot3_1232,totalistic_3state,,3,500,375,125,375,125,discovered,24.73,792.48,0.0312,16.185,CTX_X nr=1 d=2 perm=(1) out=R0 L=2
tot3_1233,totalistic_3state,,3,500,375,125,375,125,discovered,15.03,792.48,0.0190,10.084,"DARY d=2 ISZERO(R1,R0) init=0"
tot3_1234,totalistic_3state,,3,500,375,125,15,0,neither,61.80,792.48,0.0780,600.060,STEP off=340 halt=5
tot3_1235,totalistic_3state,,3,500,375,125,375,125,discovered,19.19,792.48,0.0242,11.772,"DARY d=4 SUB(R0,R1,R0) init=1"
tot3_1236,totalistic_3state,,3,500,375,125,13,0,neither,53.94,792.48,0.0681,600.060,STEP off=39 halt=1
tot3_1237,totalistic_3state,,3,500,375,125,375,125,discovered,17.86,792.48,0.0225,16.294,CTX_X nr=1 d=2 perm=(1) out=R0 L=1
tot3_1238,totalistic_3state,,3,500,375,125,11,0,neither,61.86,792.48,0.0781,600.058,STEP off=102 halt=14
tot3_1239,totalistic_3state,,3,500,375,125,375,125,discovered,101.72,792.48,0.1284,270.945,NESTED_LOOP L=5
tot3_1240,totalistic_3state,,3,500,375,125,375,125,discovered,60.38,792.48,0.0762,55.931,ITER_L d=4
tot3_1241,totalistic_3state,,3,500,375,125,375,125,discovered,24.73,792.48,0.0312,16.577,CTX_X nr=1 d=2 perm=(1) out=R0 L=2
tot3_1242,totalistic_3state,,3,500,375,125,375,125,discovered,15.03,792.48,0.0190,10.089,"DARY d=2 ISZERO(R1,R0) init=0"
tot3_1243,totalistic_3state,,3,500,375,125,375,125,discovered,64.81,792.48,0.0818,206.926,NESTED_LOOP L=3
tot3_1244,totalistic_3state,,3,500,375,125,13,0,neither,56.17,792.48,0.0709,600.056,STEP off=181 halt=1
tot3_1245,totalistic_3state,,3,500,375,125,375,125,discovered,13.45,792.48,0.0170,10.216,"DARY d=2 LOAD(R0,1) init=0"
tot3_1246,totalistic_3state,,3,500,375,125,375,125,discovered,13.45,792.48,0.0170,10.196,"DARY d=2 LOAD(R0,1) init=0"
tot3_1247,totalistic_3state,,3,500,375,125,375,125,discovered,13.45,792.48,0.0170,10.197,"DARY d=2 LOAD(R0,1) init=0"
tot3_1248,totalistic_3state,,3,500,375,125,375,125,discovered,15.61,792.48,0.0197,11.829,CTX_X nr=1 d=1 perm=(0) out=R0 L=1
tot3_1249,totalistic_3state,,3,500,375,125,15,0,neither,57.45,792.48,0.0725,600.059,STEP off=126 halt=3
tot3_1250,totalistic_3state,,3,500,375,125,375,125,discovered,17.86,792.48,0.0225,17.103,CTX_X nr=1 d=2 perm=(0) out=R0 L=1
tot3_1251,totalistic_3state,,3,500,375,125,375,125,discovered,15.03,792.48,0.0190,10.085,"DARY d=2 ISZERO(R1,R0) init=0"
tot3_1252,totalistic_3state,,3,500,375,125,375,125,discovered,20.43,792.48,0.0258,41.762,CTX_X nr=1 d=4 perm=(0) out=R0 L=1
tot3_1253,totalistic_3state,,3,500,375,125,375,125,discovered,41.34,792.48,0.0522,16.203,"CTX_X nr=2 d=2 perm=(0,1) out=R0 L=3"
tot3_1254,totalistic_3state,,3,500,375,125,375,125,discovered,13.45,792.48,0.0170,10.196,"DARY d=2 LOAD(R0,1) init=0"
tot3_1255,totalistic_3state,,3,500,375,125,375,125,discovered,13.45,792.48,0.0170,10.201,"DARY d=2 LOAD(R0,1) init=0"
tot3_1256,totalistic_3state,,3,500,375,125,375,125,discovered,13.45,792.48,0.0170,10.203,"DARY d=2 LOAD(R0,1) init=0"
tot3_1257,totalistic_3state,,3,500,375,125,12,0,neither,55.58,792.48,0.0701,600.062,STEP off=223 halt=0
tot3_1258,totalistic_3state,,3,500,375,125,14,0,neither,54.87,792.48,0.0692,600.064,STEP off=41 halt=4
tot3_1259,totalistic_3state,,3,500,375,125,375,125,discovered,17.86,792.48,0.0225,17.605,CTX_X nr=1 d=2 perm=(0) out=R0 L=1
tot3_1260,totalistic_3state,,3,500,375,125,375,125,discovered,15.03,792.48,0.0190,10.085,"DARY d=2 ISZERO(R1,R0) init=0"
tot3_1261,totalistic_3state,,3,500,375,125,14,0,neither,55.67,792.48,0.0702,600.060,STEP off=54 halt=1
tot3_1262,totalistic_3state,,3,500,375,125,11,0,neither,54.75,792.48,0.0691,600.056,STEP off=56 halt=0
tot3_1263,totalistic_3state,,3,500,375,125,11,0,neither,46.84,792.48,0.0591,600.060,STEP off=2 halt=0
tot3_1264,totalistic_3state,,3,500,375,125,375,125,discovered,13.45,792.48,0.0170,10.216,"DARY d=2 LOAD(R0,1) init=0"
tot3_1265,totalistic_3state,,3,500,375,125,22,0,neither,63.81,792.48,0.0805,600.058,NESTED_LOOP L=3
tot3_1266,totalistic_3state,,3,500,375,125,16,0,neither,56.57,792.48,0.0714,600.059,STEP off=222 halt=0
tot3_1267,totalistic_3state,,3,500,375,125,16,0,neither,54.04,792.48,0.0682,600.061,STEP off=103 halt=0
tot3_1268,totalistic_3state,,3,500,375,125,375,125,discovered,17.86,792.48,0.0225,17.506,CTX_X nr=1 d=2 perm=(0) out=R0 L=1
tot3_1269,totalistic_3state,,3,500,375,125,375,125,discovered,15.03,792.48,0.0190,10.088,"DARY d=2 ISZERO(R1,R0) init=0"
tot3_1270,totalistic_3state,,3,500,375,125,256,0,neither,101.72,792.48,0.1284,600.060,NESTED_LOOP L=5
tot3_1271,totalistic_3state,,3,500,375,125,375,125,discovered,101.72,792.48,0.1284,287.498,NESTED_LOOP L=5
tot3_1272,totalistic_3state,,3,500,375,125,375,125,discovered,24.73,792.48,0.0312,16.147,CTX_X nr=1 d=2 perm=(1) out=R0 L=2
tot3_1273,totalistic_3state,,3,500,375,125,375,125,discovered,17.86,792.48,0.0225,17.616,CTX_X nr=1 d=2 perm=(1) out=R0 L=1
tot3_1274,totalistic_3state,,3,500,375,125,13,0,neither,54.66,792.48,0.0690,600.063,STEP off=86 halt=0
tot3_1275,totalistic_3state,,3,500,375,125,375,125,discovered,15.61,792.48,0.0197,12.152,CTX_X nr=1 d=1 perm=(0) out=R0 L=1
tot3_1276,totalistic_3state,,3,500,375,125,41,0,neither,58.73,792.48,0.0741,600.065,ITER_L d=5
tot3_1277,totalistic_3state,,3,500,375,125,375,125,discovered,15.61,792.48,0.0197,12.035,CTX_X nr=1 d=1 perm=(0) out=R0 L=1
tot3_1278,totalistic_3state,,3,500,375,125,375,125,discovered,15.03,792.48,0.0190,10.085,"DARY d=2 ISZERO(R1,R0) init=0"
tot3_1279,totalistic_3state,,3,500,375,125,22,0,neither,51.41,792.48,0.0649,600.059,STEP off=31 halt=0
tot3_1280,totalistic_3state,,3,500,375,125,13,0,neither,59.80,792.48,0.0755,600.063,STEP off=55 halt=10
tot3_1281,totalistic_3state,,3,500,375,125,12,0,neither,53.41,792.48,0.0674,600.057,STEP off=48 halt=1
tot3_1282,totalistic_3state,,3,500,375,125,375,125,discovered,17.86,792.48,0.0225,16.655,CTX_X nr=1 d=2 perm=(1) out=R0 L=1
tot3_1283,totalistic_3state,,3,500,375,125,15,0,neither,75.30,792.48,0.0950,600.096,ITER_F L=5
tot3_1284,totalistic_3state,,3,500,375,125,375,125,discovered,48.13,792.48,0.0607,41.671,"CTX_X nr=2 d=6 perm=(0,5) out=R0 L=3"
tot3_1285,totalistic_3state,,3,500,375,125,24,0,neither,82.15,792.48,0.1037,600.063,NESTED_LOOP L=4
tot3_1286,totalistic_3state,,3,500,375,125,375,125,discovered,15.61,792.48,0.0197,12.296,CTX_X nr=1 d=1 perm=(0) out=R0 L=1
tot3_1287,totalistic_3state,,3,500,375,125,375,125,discovered,15.03,792.48,0.0190,10.088,"DARY d=2 ISZERO(R1,R0) init=0"
tot3_1288,totalistic_3state,,3,500,375,125,375,125,discovered,41.09,792.48,0.0519,43.908,ITER d=3
tot3_1289,totalistic_3state,,3,500,375,125,11,0,neither,53.73,792.48,0.0678,600.059,FUNC_L d=5
tot3_1290,totalistic_3state,,3,500,375,125,19,0,neither,60.07,792.48,0.0758,600.063,STEP off=25 halt=16
tot3_1291,totalistic_3state,,3,500,375,125,375,125,discovered,17.86,792.48,0.0225,17.312,CTX_X nr=1 d=2 perm=(1) out=R0 L=1
tot3_1292,totalistic_3state,,3,500,375,125,20,0,neither,63.16,792.48,0.0797,600.063,STEP off=141 halt=18
tot3_1293,totalistic_3state,,3,500,375,125,375,125,discovered,15.61,792.48,0.0197,12.415,CTX_X nr=1 d=1 perm=(0) out=R0 L=1
tot3_1294,totalistic_3state,,3,500,375,125,375,125,discovered,15.61,792.48,0.0197,12.105,CTX_X nr=1 d=1 perm=(0) out=R0 L=1
tot3_1295,totalistic_3state,,3,500,375,125,375,125,discovered,15.61,792.48,0.0197,11.820,CTX_X nr=1 d=1 perm=(0) out=R0 L=1
tot3_1296,totalistic_3state,,3,500,375,125,375,125,discovered,15.03,792.48,0.0190,10.094,"DARY d=2 ISZERO(R1,R0) init=0"
tot3_1297,totalistic_3state,,3,500,375,125,375,125,discovered,15.61,792.48,0.0197,12.109,CTX_X nr=1 d=1 perm=(0) out=R0 L=1
tot3_1298,totalistic_3state,,3,500,375,125,375,125,discovered,27.30,792.48,0.0344,42.974,CTX_X nr=1 d=4 perm=(3) out=R0 L=2
tot3_1299,totalistic_3state,,3,500,375,125,375,125,discovered,15.70,792.48,0.0198,22.585,DARY d=2 DEC(R0) init=2
tot3_1300,totalistic_3state,,3,500,375,125,375,125,discovered,17.86,792.48,0.0225,16.358,CTX_X nr=1 d=2 perm=(1) out=R0 L=1
tot3_1301,totalistic_3state,,3,500,375,125,13,0,neither,53.73,792.48,0.0678,600.062,FUNC_L d=5
tot3_1302,totalistic_3state,,3,500,375,125,375,125,discovered,17.86,792.48,0.0225,17.406,CTX_X nr=1 d=2 perm=(1) out=R0 L=1
tot3_1303,totalistic_3state,,3,500,375,125,23,0,neither,51.28,792.48,0.0647,600.054,STEP off=6 halt=4
tot3_1304,totalistic_3state,,3,500,375,125,375,125,discovered,24.73,792.48,0.0312,16.087,CTX_X nr=1 d=2 perm=(1) out=R0 L=2
tot3_1305,totalistic_3state,,3,500,375,125,375,125,discovered,15.03,792.48,0.0190,10.085,"DARY d=2 ISZERO(R1,R0) init=0"
tot3_1306,totalistic_3state,,3,500,375,125,375,125,discovered,15.61,792.48,0.0197,11.842,CTX_X nr=1 d=1 perm=(0) out=R0 L=1
tot3_1307,totalistic_3state,,3,500,375,125,375,125,discovered,28.93,792.48,0.0365,43.128,CTX_X nr=1 d=6 perm=(5) out=R0 L=2
tot3_1308,totalistic_3state,,3,500,375,125,375,125,discovered,46.78,792.48,0.0590,12.822,FUNC_L d=4
tot3_1309,totalistic_3state,,3,500,375,125,375,125,discovered,17.86,792.48,0.0225,16.685,CTX_X nr=1 d=2 perm=(1) out=R0 L=1
tot3_1310,totalistic_3state,,3,500,375,125,11,0,neither,57.97,792.48,0.0732,600.057,STEP off=273 halt=0
tot3_1311,totalistic_3state,,3,500,375,125,12,0,neither,60.28,792.48,0.0761,600.063,STEP off=320 halt=1
tot3_1312,totalistic_3state,,3,500,375,125,375,125,discovered,15.61,792.48,0.0197,12.468,CTX_X nr=1 d=1 perm=(0) out=R0 L=1
tot3_1313,totalistic_3state,,3,500,375,125,375,125,discovered,24.73,792.48,0.0312,16.624,CTX_X nr=1 d=2 perm=(1) out=R0 L=2
tot3_1314,totalistic_3state,,3,500,375,125,375,125,discovered,15.03,792.48,0.0190,10.084,"DARY d=2 ISZERO(R1,R0) init=0"
tot3_1315,totalistic_3state,,3,500,375,125,20,0,neither,50.87,792.48,0.0642,600.063,STEP off=6 halt=5
tot3_1316,totalistic_3state,,3,500,375,125,11,0,neither,43.11,792.48,0.0544,600.058,FUNC d=3
tot3_1317,totalistic_3state,,3,500,375,125,11,0,neither,39.09,792.48,0.0493,600.053,ITER d=3
tot3_1318,totalistic_3state,,3,500,375,125,375,125,discovered,17.86,792.48,0.0225,16.675,CTX_X nr=1 d=2 perm=(1) out=R0 L=1
tot3_1319,totalistic_3state,,3,500,375,125,13,0,neither,57.29,792.48,0.0723,600.057,STEP off=192 halt=1
tot3_1320,totalistic_3state,,3,500,375,125,11,0,neither,57.41,792.48,0.0724,600.052,STEP off=48 halt=3
tot3_1321,totalistic_3state,,3,500,375,125,21,0,neither,53.55,792.48,0.0676,600.054,STEP off=10 halt=6
tot3_1322,totalistic_3state,,3,500,375,125,375,125,discovered,24.73,792.48,0.0312,16.398,CTX_X nr=1 d=2 perm=(1) out=R0 L=2
tot3_1323,totalistic_3state,,3,500,375,125,375,125,discovered,15.03,792.48,0.0190,10.084,"DARY d=2 ISZERO(R1,R0) init=0"
tot3_1324,totalistic_3state,,3,500,375,125,375,125,discovered,64.81,792.48,0.0818,207.182,NESTED_LOOP L=3
tot3_1325,totalistic_3state,,3,500,375,125,375,125,discovered,63.81,792.48,0.0805,422.572,NESTED_LOOP L=3
tot3_1326,totalistic_3state,,3,500,375,125,375,125,discovered,13.45,792.48,0.0170,10.205,"DARY d=2 LOAD(R0,1) init=0"
tot3_1327,totalistic_3state,,3,500,375,125,375,125,discovered,13.45,792.48,0.0170,10.203,"DARY d=2 LOAD(R0,1) init=0"
tot3_1328,totalistic_3state,,3,500,375,125,375,125,discovered,13.45,792.48,0.0170,10.197,"DARY d=2 LOAD(R0,1) init=0"
tot3_1329,totalistic_3state,,3,500,375,125,14,0,neither,53.73,792.48,0.0678,600.061,FUNC_L d=5
tot3_1330,totalistic_3state,,3,500,375,125,375,125,discovered,20.43,792.48,0.0258,41.970,CTX_X nr=1 d=4 perm=(0) out=R0 L=1
tot3_1331,totalistic_3state,,3,500,375,125,375,125,discovered,17.86,792.48,0.0225,17.599,CTX_X nr=1 d=2 perm=(0) out=R0 L=1
tot3_1332,totalistic_3state,,3,500,375,125,375,125,discovered,15.03,792.48,0.0190,10.089,"DARY d=2 ISZERO(R1,R0) init=0"
tot3_1333,totalistic_3state,,3,500,375,125,375,125,discovered,20.43,792.48,0.0258,43.790,CTX_X nr=1 d=4 perm=(0) out=R0 L=1
tot3_1334,totalistic_3state,,3,500,375,125,375,125,discovered,24.73,792.48,0.0312,17.234,CTX_X nr=1 d=2 perm=(1) out=R0 L=2
tot3_1335,totalistic_3state,,3,500,375,125,375,125,discovered,13.45,792.48,0.0170,10.211,"DARY d=2 LOAD(R0,1) init=0"
tot3_1336,totalistic_3state,,3,500,375,125,375,125,discovered,13.45,792.48,0.0170,10.221,"DARY d=2 LOAD(R0,1) init=0"
tot3_1337,totalistic_3state,,3,500,375,125,375,125,discovered,13.45,792.48,0.0170,10.259,"DARY d=2 LOAD(R0,1) init=0"
tot3_1338,totalistic_3state,,3,500,375,125,375,125,discovered,17.86,792.48,0.0225,17.841,CTX_X nr=1 d=2 perm=(0) out=R0 L=1
tot3_1339,totalistic_3state,,3,500,375,125,375,125,discovered,20.43,792.48,0.0258,43.774,CTX_X nr=1 d=4 perm=(0) out=R0 L=1
tot3_1340,totalistic_3state,,3,500,375,125,375,125,discovered,17.86,792.48,0.0225,17.887,CTX_X nr=1 d=2 perm=(0) out=R0 L=1
tot3_1341,totalistic_3state,,3,500,375,125,375,125,discovered,15.03,792.48,0.0190,10.088,"DARY d=2 ISZERO(R1,R0) init=0"
tot3_1342,totalistic_3state,,3,500,375,125,28,0,neither,54.17,792.48,0.0683,600.032,STEP off=68 halt=0
tot3_1343,totalistic_3state,,3,500,375,125,375,125,discovered,26.06,792.48,0.0329,45.833,CTX_X nr=1 d=3 perm=(0) out=R0 L=2
tot3_1344,totalistic_3state,,3,500,375,125,375,125,discovered,20.43,792.48,0.0258,43.716,CTX_X nr=1 d=4 perm=(0) out=R0 L=1
tot3_1345,totalistic_3state,,3,500,375,125,375,125,discovered,13.45,792.48,0.0170,10.209,"DARY d=2 LOAD(R0,1) init=0"
tot3_1346,totalistic_3state,,3,500,375,125,375,125,discovered,13.45,792.48,0.0170,10.207,"DARY d=2 LOAD(R0,1) init=0"
tot3_1347,totalistic_3state,,3,500,375,125,375,125,discovered,17.86,792.48,0.0225,17.588,CTX_X nr=1 d=2 perm=(0) out=R0 L=1
tot3_1348,totalistic_3state,,3,500,375,125,375,125,discovered,20.43,792.48,0.0258,42.282,CTX_X nr=1 d=4 perm=(0) out=R0 L=1
tot3_1349,totalistic_3state,,3,500,375,125,375,125,discovered,17.86,792.48,0.0225,17.273,CTX_X nr=1 d=2 perm=(0) out=R0 L=1
tot3_1350,totalistic_3state,,3,500,375,125,375,125,discovered,15.03,792.48,0.0190,10.087,"DARY d=2 ISZERO(R1,R0) init=0"
tot3_1351,totalistic_3state,,3,500,375,125,12,0,neither,53.73,792.48,0.0678,600.046,FUNC_L d=5
tot3_1352,totalistic_3state,,3,500,375,125,375,125,discovered,42.91,792.48,0.0541,41.787,"CTX_X nr=2 d=4 perm=(2,3) out=R0 L=3"
tot3_1353,totalistic_3state,,3,500,375,125,375,125,discovered,43.26,792.48,0.0546,41.560,"CTX_X nr=2 d=3 perm=(0,2) out=R0 L=3"
tot3_1354,totalistic_3state,,3,500,375,125,375,125,discovered,17.86,792.48,0.0225,17.796,CTX_X nr=1 d=2 perm=(1) out=R0 L=1
tot3_1355,totalistic_3state,,3,500,375,125,375,125,discovered,17.86,792.48,0.0225,17.195,CTX_X nr=1 d=2 perm=(1) out=R0 L=1
tot3_1356,totalistic_3state,,3,500,375,125,375,125,discovered,45.15,792.48,0.0570,44.025,"CTX_X nr=2 d=5 perm=(1,4) out=R0 L=3"
tot3_1357,totalistic_3state,,3,500,375,125,375,125,discovered,15.61,792.48,0.0197,12.017,CTX_X nr=1 d=1 perm=(0) out=R0 L=1
tot3_1358,totalistic_3state,,3,500,375,125,375,125,discovered,15.61,792.48,0.0197,11.725,CTX_X nr=1 d=1 perm=(0) out=R0 L=1
tot3_1359,totalistic_3state,,3,500,375,125,375,125,discovered,15.03,792.48,0.0190,10.087,"DARY d=2 ISZERO(R1,R0) init=0"
tot3_1360,totalistic_3state,,3,500,375,125,375,125,discovered,27.30,792.48,0.0344,42.242,CTX_X nr=1 d=4 perm=(1) out=R0 L=2
tot3_1361,totalistic_3state,,3,500,375,125,375,125,discovered,31.09,792.48,0.0392,16.288,CTX_X nr=1 d=2 perm=(1) out=R0 L=3
tot3_1362,totalistic_3state,,3,500,375,125,375,125,discovered,17.86,792.48,0.0225,17.409,CTX_X nr=1 d=2 perm=(1) out=R0 L=1
tot3_1363,totalistic_3state,,3,500,375,125,375,125,discovered,17.86,792.48,0.0225,16.667,CTX_X nr=1 d=2 perm=(1) out=R0 L=1
tot3_1364,totalistic_3state,,3,500,375,125,375,125,discovered,17.86,792.48,0.0225,16.477,CTX_X nr=1 d=2 perm=(1) out=R0 L=1
tot3_1365,totalistic_3state,,3,500,375,125,375,125,discovered,15.61,792.48,0.0197,11.864,CTX_X nr=1 d=1 perm=(0) out=R0 L=1
tot3_1366,totalistic_3state,,3,500,375,125,375,125,discovered,15.61,792.48,0.0197,12.390,CTX_X nr=1 d=1 perm=(0) out=R0 L=1
tot3_1367,totalistic_3state,,3,500,375,125,375,125,discovered,15.61,792.48,0.0197,11.887,CTX_X nr=1 d=1 perm=(0) out=R0 L=1
tot3_1368,totalistic_3state,,3,500,375,125,375,125,discovered,15.03,792.48,0.0190,10.094,"DARY d=2 ISZERO(R1,R0) init=0"
tot3_1369,totalistic_3state,,3,500,375,125,375,125,discovered,27.30,792.48,0.0344,42.582,CTX_X nr=1 d=4 perm=(1) out=R0 L=2
tot3_1370,totalistic_3state,,3,500,375,125,375,125,discovered,31.09,792.48,0.0392,16.267,CTX_X nr=1 d=2 perm=(1) out=R0 L=3
tot3_1371,totalistic_3state,,3,500,375,125,375,125,discovered,17.86,792.48,0.0225,16.785,CTX_X nr=1 d=2 perm=(1) out=R0 L=1
tot3_1372,totalistic_3state,,3,500,375,125,375,125,discovered,17.86,792.48,0.0225,16.965,CTX_X nr=1 d=2 perm=(1) out=R0 L=1
tot3_1373,totalistic_3state,,3,500,375,125,375,125,discovered,17.86,792.48,0.0225,17.440,CTX_X nr=1 d=2 perm=(1) out=R0 L=1
tot3_1374,totalistic_3state,,3,500,375,125,375,125,discovered,15.61,792.48,0.0197,11.773,CTX_X nr=1 d=1 perm=(0) out=R0 L=1
tot3_1375,totalistic_3state,,3,500,375,125,375,125,discovered,15.61,792.48,0.0197,12.217,CTX_X nr=1 d=1 perm=(0) out=R0 L=1
tot3_1376,totalistic_3state,,3,500,375,125,375,125,discovered,15.61,792.48,0.0197,12.156,CTX_X nr=1 d=1 perm=(0) out=R0 L=1
tot3_1377,totalistic_3state,,3,500,375,125,375,125,discovered,15.03,792.48,0.0190,10.085,"DARY d=2 ISZERO(R1,R0) init=0"
tot3_1378,totalistic_3state,,3,500,375,125,375,125,discovered,15.61,792.48,0.0197,12.155,CTX_X nr=1 d=1 perm=(0) out=R0 L=1
tot3_1379,totalistic_3state,,3,500,375,125,11,0,neither,44.84,792.48,0.0566,600.091,STEP off=2 halt=0
tot3_1380,totalistic_3state,,3,500,375,125,375,125,discovered,15.70,792.48,0.0198,21.456,DARY d=2 DEC(R0) init=2
tot3_1381,totalistic_3state,,3,500,375,125,375,125,discovered,17.86,792.48,0.0225,16.595,CTX_X nr=1 d=2 perm=(1) out=R0 L=1
tot3_1382,totalistic_3state,,3,500,375,125,10,0,neither,48.53,792.48,0.0612,600.136,ITER d=4
tot3_1383,totalistic_3state,,3,500,375,125,375,125,discovered,26.06,792.48,0.0329,42.856,CTX_X nr=1 d=3 perm=(2) out=R0 L=2
tot3_1384,totalistic_3state,,3,500,375,125,16,0,neither,58.10,792.48,0.0733,600.049,STEP off=87 halt=5
tot3_1385,totalistic_3state,,3,500,375,125,375,125,discovered,24.73,792.48,0.0312,16.614,CTX_X nr=1 d=2 perm=(1) out=R0 L=2
tot3_1386,totalistic_3state,,3,500,375,125,375,125,discovered,15.03,792.48,0.0190,10.086,"DARY d=2 ISZERO(R1,R0) init=0"
tot3_1387,totalistic_3state,,3,500,375,125,375,125,discovered,15.61,792.48,0.0197,12.337,CTX_X nr=1 d=1 perm=(0) out=R0 L=1
tot3_1388,totalistic_3state,,3,500,375,125,11,0,neither,39.09,792.48,0.0493,600.058,ITER d=3
tot3_1389,totalistic_3state,,3,500,375,125,375,125,discovered,46.78,792.48,0.0590,13.295,FUNC_L d=4
tot3_1390,totalistic_3state,,3,500,375,125,375,125,discovered,17.86,792.48,0.0225,16.607,CTX_X nr=1 d=2 perm=(1) out=R0 L=1
tot3_1391,totalistic_3state,,3,500,375,125,19,0,neither,39.09,792.48,0.0493,600.083,ITER d=3
tot3_1392,totalistic_3state,,3,500,375,125,13,0,neither,56.26,792.48,0.0710,600.053,STEP off=189 halt=1
tot3_1393,totalistic_3state,,3,500,375,125,14,0,neither,59.27,792.48,0.0748,600.057,STEP off=22 halt=13
tot3_1394,totalistic_3state,,3,500,375,125,375,125,discovered,24.73,792.48,0.0312,17.477,CTX_X nr=1 d=2 perm=(1) out=R0 L=2
tot3_1395,totalistic_3state,,3,500,375,125,375,125,discovered,15.03,792.48,0.0190,10.085,"DARY d=2 ISZERO(R1,R0) init=0"
tot3_1396,totalistic_3state,,3,500,375,125,23,0,neither,67.21,792.48,0.0848,600.084,STEP off=144 halt=173
tot3_1397,totalistic_3state,,3,500,375,125,375,125,discovered,43.11,792.48,0.0544,40.402,FUNC d=3
tot3_1398,totalistic_3state,,3,500,375,125,12,0,neither,58.41,792.48,0.0737,600.057,STEP off=180 halt=2
tot3_1399,totalistic_3state,,3,500,375,125,375,125,discovered,17.86,792.48,0.0225,17.510,CTX_X nr=1 d=2 perm=(1) out=R0 L=1
tot3_1400,totalistic_3state,,3,500,375,125,375,125,discovered,24.73,792.48,0.0312,16.340,CTX_X nr=1 d=2 perm=(1) out=R0 L=2
tot3_1401,totalistic_3state,,3,500,375,125,375,125,discovered,99.72,792.48,0.1258,288.524,NESTED_LOOP L=5
tot3_1402,totalistic_3state,,3,500,375,125,375,125,discovered,101.72,792.48,0.1284,281.049,NESTED_LOOP L=5
tot3_1403,totalistic_3state,,3,500,375,125,375,125,discovered,24.73,792.48,0.0312,17.051,CTX_X nr=1 d=2 perm=(1) out=R0 L=2
tot3_1404,totalistic_3state,,3,500,375,125,375,125,discovered,15.03,792.48,0.0190,10.087,"DARY d=2 ISZERO(R1,R0) init=0"
tot3_1405,totalistic_3state,,3,500,375,125,375,125,discovered,64.81,792.48,0.0818,206.291,NESTED_LOOP L=3
tot3_1406,totalistic_3state,,3,500,375,125,13,0,neither,57.51,792.48,0.0726,600.082,STEP off=215 halt=1
tot3_1407,totalistic_3state,,3,500,375,125,375,125,discovered,13.45,792.48,0.0170,10.220,"DARY d=2 LOAD(R0,1) init=0"
tot3_1408,totalistic_3state,,3,500,375,125,375,125,discovered,13.45,792.48,0.0170,10.200,"DARY d=2 LOAD(R0,1) init=0"
tot3_1409,totalistic_3state,,3,500,375,125,375,125,discovered,101.72,792.48,0.1284,274.341,NESTED_LOOP L=5
tot3_1410,totalistic_3state,,3,500,375,125,17,0,neither,56.72,792.48,0.0716,600.061,STEP off=144 halt=1
tot3_1411,totalistic_3state,,3,500,375,125,375,125,discovered,83.73,792.48,0.1057,225.536,NESTED_LOOP L=4
tot3_1412,totalistic_3state,,3,500,375,125,375,125,discovered,17.86,792.48,0.0225,17.881,CTX_X nr=1 d=2 perm=(0) out=R0 L=1
tot3_1413,totalistic_3state,,3,500,375,125,375,125,discovered,15.03,792.48,0.0190,10.086,"DARY d=2 ISZERO(R1,R0) init=0"
tot3_1414,totalistic_3state,,3,500,375,125,375,125,discovered,20.43,792.48,0.0258,42.742,CTX_X nr=1 d=4 perm=(0) out=R0 L=1
tot3_1415,totalistic_3state,,3,500,375,125,14,0,neither,56.17,792.48,0.0709,600.093,STEP off=68 halt=1
tot3_1416,totalistic_3state,,3,500,375,125,375,125,discovered,13.45,792.48,0.0170,10.463,"DARY d=2 LOAD(R0,1) init=0"
tot3_1417,totalistic_3state,,3,500,375,125,375,125,discovered,13.45,792.48,0.0170,10.206,"DARY d=2 LOAD(R0,1) init=0"
tot3_1418,totalistic_3state,,3,500,375,125,375,125,discovered,101.72,792.48,0.1284,272.403,NESTED_LOOP L=5
tot3_1419,totalistic_3state,,3,500,375,125,33,0,neither,57.08,792.48,0.0720,600.068,STEP off=289 halt=0
tot3_1420,totalistic_3state,,3,500,375,125,375,125,discovered,83.73,792.48,0.1057,222.662,NESTED_LOOP L=4
tot3_1421,totalistic_3state,,3,500,375,125,375,125,discovered,17.86,792.48,0.0225,17.190,CTX_X nr=1 d=2 perm=(0) out=R0 L=1
tot3_1422,totalistic_3state,,3,500,375,125,375,125,discovered,15.03,792.48,0.0190,10.088,"DARY d=2 ISZERO(R1,R0) init=0"
tot3_1423,totalistic_3state,,3,500,375,125,15,0,neither,55.78,792.48,0.0704,600.065,STEP off=91 halt=0
tot3_1424,totalistic_3state,,3,500,375,125,12,0,neither,59.07,792.48,0.0745,600.060,STEP off=287 halt=1
tot3_1425,totalistic_3state,,3,500,375,125,16,0,neither,57.45,792.48,0.0725,600.058,STEP off=22 halt=6
tot3_1426,totalistic_3state,,3,500,375,125,375,125,discovered,13.45,792.48,0.0170,10.216,"DARY d=2 LOAD(R0,1) init=0"
tot3_1427,totalistic_3state,,3,500,375,125,375,125,discovered,101.72,792.48,0.1284,273.620,NESTED_LOOP L=5
tot3_1428,totalistic_3state,,3,500,375,125,375,125,discovered,83.73,792.48,0.1057,225.306,NESTED_LOOP L=4
tot3_1429,totalistic_3state,,3,500,375,125,375,125,discovered,83.73,792.48,0.1057,222.729,NESTED_LOOP L=4
tot3_1430,totalistic_3state,,3,500,375,125,375,125,discovered,17.86,792.48,0.0225,17.110,CTX_X nr=1 d=2 perm=(0) out=R0 L=1
tot3_1431,totalistic_3state,,3,500,375,125,375,125,discovered,15.03,792.48,0.0190,10.089,"DARY d=2 ISZERO(R1,R0) init=0"
tot3_1432,totalistic_3state,,3,500,375,125,375,125,discovered,44.91,792.48,0.0567,41.791,"CTX_X nr=2 d=4 perm=(1,3) out=R0 L=3"
tot3_1433,totalistic_3state,,3,500,375,125,375,125,discovered,33.90,792.48,0.0428,41.641,"CTX_X nr=2 d=3 perm=(0,1) out=R0 L=2"
tot3_1434,totalistic_3state,,3,500,375,125,375,125,discovered,34.90,792.48,0.0440,43.109,"CTX_X nr=2 d=3 perm=(0,2) out=R0 L=2"
tot3_1435,totalistic_3state,,3,500,375,125,375,125,discovered,17.86,792.48,0.0225,16.712,CTX_X nr=1 d=2 perm=(1) out=R0 L=1
tot3_1436,totalistic_3state,,3,500,375,125,375,125,discovered,17.86,792.48,0.0225,16.625,CTX_X nr=1 d=2 perm=(1) out=R0 L=1
tot3_1437,totalistic_3state,,3,500,375,125,375,125,discovered,15.61,792.48,0.0197,12.334,CTX_X nr=1 d=1 perm=(0) out=R0 L=1
tot3_1438,totalistic_3state,,3,500,375,125,375,125,discovered,15.61,792.48,0.0197,11.966,CTX_X nr=1 d=1 perm=(0) out=R0 L=1
tot3_1439,totalistic_3state,,3,500,375,125,375,125,discovered,15.61,792.48,0.0197,12.099,CTX_X nr=1 d=1 perm=(0) out=R0 L=1
tot3_1440,totalistic_3state,,3,500,375,125,375,125,discovered,15.03,792.48,0.0190,10.092,"DARY d=2 ISZERO(R1,R0) init=0"
tot3_1441,totalistic_3state,,3,500,375,125,375,125,discovered,27.30,792.48,0.0344,41.927,CTX_X nr=1 d=4 perm=(1) out=R0 L=2
tot3_1442,totalistic_3state,,3,500,375,125,375,125,discovered,32.98,792.48,0.0416,16.277,"CTX_X nr=2 d=2 perm=(0,1) out=R0 L=2"
tot3_1443,totalistic_3state,,3,500,375,125,375,125,discovered,82.15,792.48,0.1037,424.845,NESTED_LOOP L=4
tot3_1444,totalistic_3state,,3,500,375,125,375,125,discovered,17.86,792.48,0.0225,17.178,CTX_X nr=1 d=2 perm=(1) out=R0 L=1
tot3_1445,totalistic_3state,,3,500,375,125,375,125,discovered,17.86,792.48,0.0225,16.355,CTX_X nr=1 d=2 perm=(1) out=R0 L=1
tot3_1446,totalistic_3state,,3,500,375,125,375,125,discovered,15.61,792.48,0.0197,12.483,CTX_X nr=1 d=1 perm=(0) out=R0 L=1
tot3_1447,totalistic_3state,,3,500,375,125,375,125,discovered,15.61,792.48,0.0197,11.674,CTX_X nr=1 d=1 perm=(0) out=R0 L=1
tot3_1448,totalistic_3state,,3,500,375,125,375,125,discovered,15.61,792.48,0.0197,11.891,CTX_X nr=1 d=1 perm=(0) out=R0 L=1
tot3_1449,totalistic_3state,,3,500,375,125,375,125,discovered,15.03,792.48,0.0190,10.091,"DARY d=2 ISZERO(R1,R0) init=0"
tot3_1450,totalistic_3state,,3,500,375,125,375,125,discovered,41.26,792.48,0.0521,43.897,"CTX_X nr=2 d=3 perm=(1,2) out=R0 L=3"
tot3_1451,totalistic_3state,,3,500,375,125,375,125,discovered,31.09,792.48,0.0392,16.607,CTX_X nr=1 d=2 perm=(1) out=R0 L=3
tot3_1452,totalistic_3state,,3,500,375,125,375,125,discovered,17.86,792.48,0.0225,16.633,CTX_X nr=1 d=2 perm=(1) out=R0 L=1
tot3_1453,totalistic_3state,,3,500,375,125,375,125,discovered,17.86,792.48,0.0225,17.036,CTX_X nr=1 d=2 perm=(1) out=R0 L=1
tot3_1454,totalistic_3state,,3,500,375,125,375,125,discovered,17.86,792.48,0.0225,16.559,CTX_X nr=1 d=2 perm=(1) out=R0 L=1
tot3_1455,totalistic_3state,,3,500,375,125,375,125,discovered,15.61,792.48,0.0197,12.063,CTX_X nr=1 d=1 perm=(0) out=R0 L=1
tot3_1456,totalistic_3state,,3,500,375,125,375,125,discovered,15.61,792.48,0.0197,12.200,CTX_X nr=1 d=1 perm=(0) out=R0 L=1
tot3_1457,totalistic_3state,,3,500,375,125,375,125,discovered,15.61,792.48,0.0197,11.825,CTX_X nr=1 d=1 perm=(0) out=R0 L=1
tot3_1458,totalistic_3state,,3,500,375,125,375,125,discovered,15.03,792.48,0.0190,10.087,"DARY d=2 ISZERO(R1,R0) init=0"
tot3_1459,totalistic_3state,,3,500,375,125,375,125,discovered,15.61,792.48,0.0197,11.602,CTX_X nr=1 d=1 perm=(0) out=R0 L=1
tot3_1460,totalistic_3state,,3,500,375,125,375,125,discovered,101.72,792.48,0.1284,270.971,NESTED_LOOP L=5
tot3_1461,totalistic_3state,,3,500,375,125,375,125,discovered,15.70,792.48,0.0198,21.703,DARY d=2 DEC(R0) init=2
tot3_1462,totalistic_3state,,3,500,375,125,375,125,discovered,17.86,792.48,0.0225,16.815,CTX_X nr=1 d=2 perm=(1) out=R0 L=1
tot3_1463,totalistic_3state,,3,500,375,125,11,0,neither,56.26,792.48,0.0710,600.063,STEP off=115 halt=0
tot3_1464,totalistic_3state,,3,500,375,125,375,125,discovered,24.73,792.48,0.0312,17.269,CTX_X nr=1 d=2 perm=(0) out=R0 L=2
tot3_1465,totalistic_3state,,3,500,375,125,375,125,discovered,33.98,792.48,0.0429,16.783,"CTX_X nr=2 d=2 perm=(0,1) out=R0 L=2"
tot3_1466,totalistic_3state,,3,500,375,125,375,125,discovered,15.61,792.48,0.0197,11.926,CTX_X nr=1 d=1 perm=(0) out=R0 L=1
tot3_1467,totalistic_3state,,3,500,375,125,375,125,discovered,15.03,792.48,0.0190,10.085,"DARY d=2 ISZERO(R1,R0) init=0"
tot3_1468,totalistic_3state,,3,500,375,125,375,125,discovered,15.61,792.48,0.0197,11.726,CTX_X nr=1 d=1 perm=(0) out=R0 L=1
tot3_1469,totalistic_3state,,3,500,375,125,20,0,neither,52.98,792.48,0.0669,600.061,FUNC_L d=5
tot3_1470,totalistic_3state,,3,500,375,125,375,125,discovered,46.78,792.48,0.0590,12.864,FUNC_L d=4
tot3_1471,totalistic_3state,,3,500,375,125,375,125,discovered,17.86,792.48,0.0225,16.518,CTX_X nr=1 d=2 perm=(1) out=R0 L=1
tot3_1472,totalistic_3state,,3,500,375,125,13,0,neither,64.08,792.48,0.0809,600.063,STEP off=361 halt=8
tot3_1473,totalistic_3state,,3,500,375,125,13,0,neither,49.99,792.48,0.0631,600.058,STEP off=26 halt=0
tot3_1474,totalistic_3state,,3,500,375,125,375,125,discovered,33.98,792.48,0.0429,16.095,"CTX_X nr=2 d=2 perm=(0,1) out=R0 L=2"
tot3_1475,totalistic_3state,,3,500,375,125,375,125,discovered,15.61,792.48,0.0197,12.274,CTX_X nr=1 d=1 perm=(0) out=R0 L=1
tot3_1476,totalistic_3state,,3,500,375,125,375,125,discovered,15.03,792.48,0.0190,10.086,"DARY d=2 ISZERO(R1,R0) init=0"
tot3_1477,totalistic_3state,,3,500,375,125,375,125,discovered,15.61,792.48,0.0197,11.925,CTX_X nr=1 d=1 perm=(0) out=R0 L=1
tot3_1478,totalistic_3state,,3,500,375,125,375,125,discovered,28.84,792.48,0.0364,11.824,CTX_X nr=1 d=1 perm=(0) out=R0 L=3
tot3_1479,totalistic_3state,,3,500,375,125,375,125,discovered,33.66,792.48,0.0425,41.918,CTX_X nr=1 d=4 perm=(0) out=R0 L=3
tot3_1480,totalistic_3state,,3,500,375,125,375,125,discovered,17.86,792.48,0.0225,16.998,CTX_X nr=1 d=2 perm=(1) out=R0 L=1
tot3_1481,totalistic_3state,,3,500,375,125,375,125,discovered,31.09,792.48,0.0392,16.421,CTX_X nr=1 d=2 perm=(1) out=R0 L=3
tot3_1482,totalistic_3state,,3,500,375,125,375,125,discovered,15.61,792.48,0.0197,11.834,CTX_X nr=1 d=1 perm=(0) out=R0 L=1
tot3_1483,totalistic_3state,,3,500,375,125,375,125,discovered,15.61,792.48,0.0197,12.223,CTX_X nr=1 d=1 perm=(0) out=R0 L=1
tot3_1484,totalistic_3state,,3,500,375,125,375,125,discovered,15.61,792.48,0.0197,11.795,CTX_X nr=1 d=1 perm=(0) out=R0 L=1
tot3_1485,totalistic_3state,,3,500,375,125,375,125,discovered,15.03,792.48,0.0190,10.086,"DARY d=2 ISZERO(R1,R0) init=0"
tot3_1486,totalistic_3state,,3,500,375,125,375,125,discovered,64.81,792.48,0.0818,205.858,NESTED_LOOP L=3
tot3_1487,totalistic_3state,,3,500,375,125,375,125,discovered,101.72,792.48,0.1284,273.414,NESTED_LOOP L=5
tot3_1488,totalistic_3state,,3,500,375,125,375,125,discovered,13.45,792.48,0.0170,10.203,"DARY d=2 LOAD(R0,1) init=0"
tot3_1489,totalistic_3state,,3,500,375,125,375,125,discovered,13.45,792.48,0.0170,10.203,"DARY d=2 LOAD(R0,1) init=0"
tot3_1490,totalistic_3state,,3,500,375,125,375,125,discovered,13.45,792.48,0.0170,10.214,"DARY d=2 LOAD(R0,1) init=0"
tot3_1491,totalistic_3state,,3,500,375,125,375,125,discovered,24.73,792.48,0.0312,16.450,CTX_X nr=1 d=2 perm=(0) out=R0 L=2
tot3_1492,totalistic_3state,,3,500,375,125,13,0,neither,56.23,792.48,0.0710,600.063,STEP off=37 halt=5
tot3_1493,totalistic_3state,,3,500,375,125,375,125,discovered,15.61,792.48,0.0197,12.539,CTX_X nr=1 d=1 perm=(0) out=R0 L=1
tot3_1494,totalistic_3state,,3,500,375,125,375,125,discovered,15.03,792.48,0.0190,10.085,"DARY d=2 ISZERO(R1,R0) init=0"
tot3_1495,totalistic_3state,,3,500,375,125,375,125,discovered,20.43,792.48,0.0258,42.872,CTX_X nr=1 d=4 perm=(0) out=R0 L=1
tot3_1496,totalistic_3state,,3,500,375,125,375,125,discovered,41.34,792.48,0.0522,16.356,"CTX_X nr=2 d=2 perm=(0,1) out=R0 L=3"
tot3_1497,totalistic_3state,,3,500,375,125,375,125,discovered,13.45,792.48,0.0170,10.207,"DARY d=2 LOAD(R0,1) init=0"
tot3_1498,totalistic_3state,,3,500,375,125,375,125,discovered,13.45,792.48,0.0170,10.214,"DARY d=2 LOAD(R0,1) init=0"
tot3_1499,totalistic_3state,,3,500,375,125,375,125,discovered,13.45,792.48,0.0170,10.211,"DARY d=2 LOAD(R0,1) init=0"
tot3_1500,totalistic_3state,,3,500,375,125,375,125,discovered,37.77,792.48,0.0477,42.775,"CTX_X nr=2 d=6 perm=(0,5) out=R0 L=2"
tot3_1501,totalistic_3state,,3,500,375,125,25,0,neither,116.78,792.48,0.1474,600.052,NESTED_LOOP L=6
tot3_1502,totalistic_3state,,3,500,375,125,375,125,discovered,15.61,792.48,0.0197,12.229,CTX_X nr=1 d=1 perm=(0) out=R0 L=1
tot3_1503,totalistic_3state,,3,500,375,125,375,125,discovered,15.03,792.48,0.0190,10.085,"DARY d=2 ISZERO(R1,R0) init=0"
tot3_1504,totalistic_3state,,3,500,375,125,21,0,neither,55.60,792.48,0.0702,600.052,STEP off=136 halt=0
tot3_1505,totalistic_3state,,3,500,375,125,375,125,discovered,28.84,792.48,0.0364,12.129,CTX_X nr=1 d=1 perm=(0) out=R0 L=3
tot3_1506,totalistic_3state,,3,500,375,125,13,0,neither,61.16,792.48,0.0772,600.052,STEP off=194 halt=9
tot3_1507,totalistic_3state,,3,500,375,125,375,125,discovered,13.45,792.48,0.0170,10.214,"DARY d=2 LOAD(R0,1) init=0"
tot3_1508,totalistic_3state,,3,500,375,125,12,0,neither,55.26,792.48,0.0697,600.056,STEP off=317 halt=0
tot3_1509,totalistic_3state,,3,500,375,125,375,125,discovered,15.61,792.48,0.0197,12.986,CTX_X nr=1 d=1 perm=(0) out=R0 L=1
tot3_1510,totalistic_3state,,3,500,375,125,375,125,discovered,15.61,792.48,0.0197,12.516,CTX_X nr=1 d=1 perm=(0) out=R0 L=1
tot3_1511,totalistic_3state,,3,500,375,125,375,125,discovered,15.61,792.48,0.0197,12.042,CTX_X nr=1 d=1 perm=(0) out=R0 L=1
tot3_1512,totalistic_3state,,3,500,375,125,375,125,discovered,15.03,792.48,0.0190,10.086,"DARY d=2 ISZERO(R1,R0) init=0"
tot3_1513,totalistic_3state,,3,500,375,125,12,0,neither,59.76,792.48,0.0754,600.060,STEP off=215 halt=2
tot3_1514,totalistic_3state,,3,500,375,125,375,125,discovered,101.72,792.48,0.1284,270.490,NESTED_LOOP L=5
tot3_1515,totalistic_3state,,3,500,375,125,375,125,discovered,24.73,792.48,0.0312,16.498,CTX_X nr=1 d=2 perm=(1) out=R0 L=2
tot3_1516,totalistic_3state,,3,500,375,125,375,125,discovered,17.86,792.48,0.0225,16.598,CTX_X nr=1 d=2 perm=(0) out=R0 L=1
tot3_1517,totalistic_3state,,3,500,375,125,375,125,discovered,101.72,792.48,0.1284,274.165,NESTED_LOOP L=5
tot3_1518,totalistic_3state,,3,500,375,125,375,125,discovered,24.73,792.48,0.0312,16.615,CTX_X nr=1 d=2 perm=(0) out=R0 L=2
tot3_1519,totalistic_3state,,3,500,375,125,10,0,neither,49.00,792.48,0.0618,600.061,STEP off=5 halt=1
tot3_1520,totalistic_3state,,3,500,375,125,375,125,discovered,15.61,792.48,0.0197,13.378,CTX_X nr=1 d=1 perm=(0) out=R0 L=1
tot3_1521,totalistic_3state,,3,500,375,125,375,125,discovered,15.03,792.48,0.0190,10.090,"DARY d=2 ISZERO(R1,R0) init=0"
tot3_1522,totalistic_3state,,3,500,375,125,12,0,neither,47.09,792.48,0.0594,600.053,STEP off=2 halt=2
tot3_1523,totalistic_3state,,3,500,375,125,12,0,neither,65.79,792.48,0.0830,600.057,STEP off=340 halt=26
tot3_1524,totalistic_3state,,3,500,375,125,13,0,neither,41.53,792.48,0.0524,600.048,FUNC d=4
tot3_1525,totalistic_3state,,3,500,375,125,375,125,discovered,17.86,792.48,0.0225,17.140,CTX_X nr=1 d=2 perm=(0) out=R0 L=1
tot3_1526,totalistic_3state,,3,500,375,125,24,0,neither,64.69,792.48,0.0816,600.057,STEP off=149 halt=50
tot3_1527,totalistic_3state,,3,500,375,125,12,0,neither,63.88,792.48,0.0806,600.048,STEP off=91 halt=23
tot3_1528,totalistic_3state,,3,500,375,125,18,0,neither,58.04,792.48,0.0732,600.051,STEP off=169 halt=3
tot3_1529,totalistic_3state,,3,500,375,125,375,125,discovered,15.61,792.48,0.0197,12.182,CTX_X nr=1 d=1 perm=(0) out=R0 L=1
tot3_1530,totalistic_3state,,3,500,375,125,375,125,discovered,15.03,792.48,0.0190,10.085,"DARY d=2 ISZERO(R1,R0) init=0"
tot3_1531,totalistic_3state,,3,500,375,125,16,0,neither,62.69,792.48,0.0791,600.046,STEP off=294 halt=8
tot3_1532,totalistic_3state,,3,500,375,125,375,125,discovered,28.84,792.48,0.0364,12.266,CTX_X nr=1 d=1 perm=(0) out=R0 L=3
tot3_1533,totalistic_3state,,3,500,375,125,375,125,discovered,17.86,792.48,0.0225,16.891,CTX_X nr=1 d=2 perm=(0) out=R0 L=1
tot3_1534,totalistic_3state,,3,500,375,125,375,125,discovered,17.86,792.48,0.0225,16.610,CTX_X nr=1 d=2 perm=(0) out=R0 L=1
tot3_1535,totalistic_3state,,3,500,375,125,375,125,discovered,17.86,792.48,0.0225,16.611,CTX_X nr=1 d=2 perm=(0) out=R0 L=1
tot3_1536,totalistic_3state,,3,500,375,125,375,125,discovered,15.61,792.48,0.0197,12.386,CTX_X nr=1 d=1 perm=(0) out=R0 L=1
tot3_1537,totalistic_3state,,3,500,375,125,375,125,discovered,15.61,792.48,0.0197,12.069,CTX_X nr=1 d=1 perm=(0) out=R0 L=1
tot3_1538,totalistic_3state,,3,500,375,125,375,125,discovered,15.61,792.48,0.0197,12.070,CTX_X nr=1 d=1 perm=(0) out=R0 L=1
tot3_1539,totalistic_3state,,3,500,375,125,375,125,discovered,15.03,792.48,0.0190,10.084,"DARY d=2 ISZERO(R1,R0) init=0"
tot3_1540,totalistic_3state,,3,500,375,125,375,125,discovered,15.61,792.48,0.0197,11.891,CTX_X nr=1 d=1 perm=(0) out=R0 L=1
tot3_1541,totalistic_3state,,3,500,375,125,15,0,neither,51.41,792.48,0.0649,600.088,STEP off=31 halt=0
tot3_1542,totalistic_3state,,3,500,375,125,375,125,discovered,15.70,792.48,0.0198,22.908,DARY d=2 DEC(R0) init=2
tot3_1543,totalistic_3state,,3,500,375,125,375,125,discovered,17.86,792.48,0.0225,16.682,CTX_X nr=1 d=2 perm=(1) out=R0 L=1
tot3_1544,totalistic_3state,,3,500,375,125,11,0,neither,57.13,792.48,0.0721,600.051,ITER_F L=4
tot3_1545,totalistic_3state,,3,500,375,125,375,125,discovered,27.03,792.48,0.0341,43.205,"CTX_X nr=2 d=3 perm=(1,2) out=R0 L=1"
tot3_1546,totalistic_3state,,3,500,375,125,10,0,neither,55.54,792.48,0.0701,600.073,ITER_F L=4
tot3_1547,totalistic_3state,,3,500,375,125,375,125,discovered,15.61,792.48,0.0197,12.053,CTX_X nr=1 d=1 perm=(0) out=R0 L=1
tot3_1548,totalistic_3state,,3,500,375,125,375,125,discovered,15.03,792.48,0.0190,10.090,"DARY d=2 ISZERO(R1,R0) init=0"
tot3_1549,totalistic_3state,,3,500,375,125,375,125,discovered,15.61,792.48,0.0197,12.410,CTX_X nr=1 d=1 perm=(0) out=R0 L=1
tot3_1550,totalistic_3state,,3,500,375,125,11,0,neither,34.09,792.48,0.0430,600.060,FUNC d=3
tot3_1551,totalistic_3state,,3,500,375,125,375,125,discovered,46.78,792.48,0.0590,13.562,FUNC_L d=4
tot3_1552,totalistic_3state,,3,500,375,125,375,125,discovered,17.86,792.48,0.0225,17.993,CTX_X nr=1 d=2 perm=(1) out=R0 L=1
tot3_1553,totalistic_3state,,3,500,375,125,13,0,neither,56.56,792.48,0.0714,600.069,STEP off=133 halt=1
tot3_1554,totalistic_3state,,3,500,375,125,13,0,neither,57.59,792.48,0.0727,600.062,STEP off=331 halt=2
tot3_1555,totalistic_3state,,3,500,375,125,375,125,discovered,37.78,792.48,0.0477,43.323,"CTX_X nr=2 d=5 perm=(0,3) out=R0 L=2"
tot3_1556,totalistic_3state,,3,500,375,125,375,125,discovered,15.61,792.48,0.0197,12.223,CTX_X nr=1 d=1 perm=(0) out=R0 L=1
tot3_1557,totalistic_3state,,3,500,375,125,375,125,discovered,15.03,792.48,0.0190,10.088,"DARY d=2 ISZERO(R1,R0) init=0"
tot3_1558,totalistic_3state,,3,500,375,125,17,0,neither,58.31,792.48,0.0736,600.054,STEP off=129 halt=4
tot3_1559,totalistic_3state,,3,500,375,125,375,125,discovered,28.84,792.48,0.0364,11.897,CTX_X nr=1 d=1 perm=(0) out=R0 L=3
tot3_1560,totalistic_3state,,3,500,375,125,16,0,neither,52.79,792.48,0.0666,600.049,FUNC_L d=4
tot3_1561,totalistic_3state,,3,500,375,125,375,125,discovered,17.86,792.48,0.0225,17.038,CTX_X nr=1 d=2 perm=(1) out=R0 L=1
tot3_1562,totalistic_3state,,3,500,375,125,11,0,neither,47.78,792.48,0.0603,600.053,FUNC_L d=4
tot3_1563,totalistic_3state,,3,500,375,125,14,0,neither,58.38,792.48,0.0737,600.054,STEP off=221 halt=4
tot3_1564,totalistic_3state,,3,500,375,125,15,0,neither,49.46,792.48,0.0624,600.069,STEP off=6 halt=1
tot3_1565,totalistic_3state,,3,500,375,125,375,125,discovered,15.61,792.48,0.0197,13.693,CTX_X nr=1 d=1 perm=(0) out=R0 L=1
tot3_1566,totalistic_3state,,3,500,375,125,375,125,discovered,15.03,792.48,0.0190,10.181,"DARY d=2 ISZERO(R1,R0) init=0"
tot3_1567,totalistic_3state,,3,500,375,125,375,125,discovered,64.81,792.48,0.0818,210.282,NESTED_LOOP L=3
tot3_1568,totalistic_3state,,3,500,375,125,10,0,neither,51.08,792.48,0.0645,600.052,STEP off=27 halt=1
tot3_1569,totalistic_3state,,3,500,375,125,375,125,discovered,13.45,792.48,0.0170,10.208,"DARY d=2 LOAD(R0,1) init=0"
tot3_1570,totalistic_3state,,3,500,375,125,375,125,discovered,13.45,792.48,0.0170,10.208,"DARY d=2 LOAD(R0,1) init=0"
tot3_1571,totalistic_3state,,3,500,375,125,375,125,discovered,13.45,792.48,0.0170,10.209,"DARY d=2 LOAD(R0,1) init=0"
tot3_1572,totalistic_3state,,3,500,375,125,13,0,neither,53.23,792.48,0.0672,600.042,STEP off=70 halt=0
tot3_1573,totalistic_3state,,3,500,375,125,13,0,neither,53.77,792.48,0.0678,600.054,STEP off=16 halt=1
tot3_1574,totalistic_3state,,3,500,375,125,375,125,discovered,15.61,792.48,0.0197,12.420,CTX_X nr=1 d=1 perm=(0) out=R0 L=1
tot3_1575,totalistic_3state,,3,500,375,125,375,125,discovered,15.03,792.48,0.0190,10.084,"DARY d=2 ISZERO(R1,R0) init=0"
tot3_1576,totalistic_3state,,3,500,375,125,375,125,discovered,20.43,792.48,0.0258,42.912,CTX_X nr=1 d=4 perm=(0) out=R0 L=1
tot3_1577,totalistic_3state,,3,500,375,125,375,125,discovered,24.73,792.48,0.0312,17.292,CTX_X nr=1 d=2 perm=(1) out=R0 L=2
tot3_1578,totalistic_3state,,3,500,375,125,375,125,discovered,13.45,792.48,0.0170,10.205,"DARY d=2 LOAD(R0,1) init=0"
tot3_1579,totalistic_3state,,3,500,375,125,375,125,discovered,13.45,792.48,0.0170,10.206,"DARY d=2 LOAD(R0,1) init=0"
tot3_1580,totalistic_3state,,3,500,375,125,375,125,discovered,13.45,792.48,0.0170,10.211,"DARY d=2 LOAD(R0,1) init=0"
tot3_1581,totalistic_3state,,3,500,375,125,375,125,discovered,31.98,792.48,0.0404,16.836,"CTX_X nr=2 d=2 perm=(0,1) out=R0 L=2"
tot3_1582,totalistic_3state,,3,500,375,125,375,125,discovered,31.98,792.48,0.0404,16.861,"CTX_X nr=2 d=2 perm=(0,1) out=R0 L=2"
tot3_1583,totalistic_3state,,3,500,375,125,375,125,discovered,15.61,792.48,0.0197,12.213,CTX_X nr=1 d=1 perm=(0) out=R0 L=1
tot3_1584,totalistic_3state,,3,500,375,125,375,125,discovered,15.03,792.48,0.0190,10.092,"DARY d=2 ISZERO(R1,R0) init=0"
tot3_1585,totalistic_3state,,3,500,375,125,10,0,neither,56.35,792.48,0.0711,600.049,STEP off=39 halt=5
tot3_1586,totalistic_3state,,3,500,375,125,375,125,discovered,28.84,792.48,0.0364,12.480,CTX_X nr=1 d=1 perm=(0) out=R0 L=3
tot3_1587,totalistic_3state,,3,500,375,125,12,0,neither,55.75,792.48,0.0704,600.054,STEP off=20 halt=5
tot3_1588,totalistic_3state,,3,500,375,125,375,125,discovered,13.45,792.48,0.0170,10.198,"DARY d=2 LOAD(R0,1) init=0"
tot3_1589,totalistic_3state,,3,500,375,125,13,0,neither,64.18,792.48,0.0810,600.056,STEP off=195 halt=49
tot3_1590,totalistic_3state,,3,500,375,125,16,0,neither,55.09,792.48,0.0695,600.064,STEP off=174 halt=0
tot3_1591,totalistic_3state,,3,500,375,125,375,125,discovered,38.77,792.48,0.0489,41.902,"CTX_X nr=2 d=6 perm=(2,5) out=R0 L=2"
tot3_1592,totalistic_3state,,3,500,375,125,375,125,discovered,15.61,792.48,0.0197,12.270,CTX_X nr=1 d=1 perm=(0) out=R0 L=1
tot3_1593,totalistic_3state,,3,500,375,125,375,125,discovered,15.03,792.48,0.0190,10.095,"DARY d=2 ISZERO(R1,R0) init=0"
tot3_1594,totalistic_3state,,3,500,375,125,12,0,neither,49.93,792.48,0.0630,600.047,STEP off=17 halt=0
tot3_1595,totalistic_3state,,3,500,375,125,11,0,neither,53.19,792.48,0.0671,600.054,STEP off=111 halt=0
tot3_1596,totalistic_3state,,3,500,375,125,11,0,neither,57.49,792.48,0.0725,600.077,STEP off=357 halt=0
tot3_1597,totalistic_3state,,3,500,375,125,375,125,discovered,17.86,792.48,0.0225,22.242,CTX_X nr=1 d=2 perm=(0) out=R0 L=1
tot3_1598,totalistic_3state,,3,500,375,125,11,0,neither,49.46,792.48,0.0624,600.064,STEP off=6 halt=3
tot3_1599,totalistic_3state,,3,500,375,125,16,0,neither,73.30,792.48,0.0925,600.058,ITER_F L=5
tot3_1600,totalistic_3state,,3,500,375,125,14,0,neither,62.76,792.48,0.0792,600.059,STEP off=97 halt=14
tot3_1601,totalistic_3state,,3,500,375,125,375,125,discovered,15.61,792.48,0.0197,15.771,CTX_X nr=1 d=1 perm=(0) out=R0 L=1
tot3_1602,totalistic_3state,,3,500,375,125,375,125,discovered,15.03,792.48,0.0190,10.095,"DARY d=2 ISZERO(R1,R0) init=0"
tot3_1603,totalistic_3state,,3,500,375,125,19,0,neither,58.15,792.48,0.0734,600.063,STEP off=300 halt=1
tot3_1604,totalistic_3state,,3,500,375,125,11,0,neither,59.35,792.48,0.0749,600.064,STEP off=54 halt=13
tot3_1605,totalistic_3state,,3,500,375,125,12,0,neither,58.62,792.48,0.0740,600.056,STEP off=228 halt=1
tot3_1606,totalistic_3state,,3,500,375,125,375,125,discovered,17.86,792.48,0.0225,19.659,CTX_X nr=1 d=2 perm=(0) out=R0 L=1
tot3_1607,totalistic_3state,,3,500,375,125,13,0,neither,58.48,792.48,0.0738,600.065,STEP off=186 halt=2
tot3_1608,totalistic_3state,,3,500,375,125,12,0,neither,59.12,792.48,0.0746,600.054,STEP off=294 halt=1
tot3_1609,totalistic_3state,,3,500,375,125,13,0,neither,64.23,792.48,0.0811,600.063,STEP off=339 halt=9
tot3_1610,totalistic_3state,,3,500,375,125,375,125,discovered,15.61,792.48,0.0197,12.490,CTX_X nr=1 d=1 perm=(0) out=R0 L=1
tot3_1611,totalistic_3state,,3,500,375,125,375,125,discovered,15.03,792.48,0.0190,10.087,"DARY d=2 ISZERO(R1,R0) init=0"
tot3_1612,totalistic_3state,,3,500,375,125,17,0,neither,47.09,792.48,0.0594,600.060,STEP off=2 halt=2
tot3_1613,totalistic_3state,,3,500,375,125,375,125,discovered,28.84,792.48,0.0364,11.770,CTX_X nr=1 d=1 perm=(0) out=R0 L=3
tot3_1614,totalistic_3state,,3,500,375,125,13,0,neither,53.98,792.48,0.0681,600.055,FUNC_L d=5
tot3_1615,totalistic_3state,,3,500,375,125,375,125,discovered,17.86,792.48,0.0225,16.578,CTX_X nr=1 d=2 perm=(0) out=R0 L=1
tot3_1616,totalistic_3state,,3,500,375,125,15,0,neither,64.05,792.48,0.0808,600.061,STEP off=335 halt=13
tot3_1617,totalistic_3state,,3,500,375,125,17,0,neither,55.86,792.48,0.0705,600.056,STEP off=26 halt=6
tot3_1618,totalistic_3state,,3,500,375,125,18,0,neither,58.72,792.48,0.0741,600.055,STEP off=118 halt=5
tot3_1619,totalistic_3state,,3,500,375,125,375,125,discovered,15.61,792.48,0.0197,12.255,CTX_X nr=1 d=1 perm=(0) out=R0 L=1
tot3_1620,totalistic_3state,,3,500,375,125,375,125,discovered,15.03,792.48,0.0190,10.087,"DARY d=2 ISZERO(R1,R0) init=0"
tot3_1621,totalistic_3state,,3,500,375,125,375,125,discovered,15.61,792.48,0.0197,12.473,CTX_X nr=1 d=1 perm=(0) out=R0 L=1
tot3_1622,totalistic_3state,,3,500,375,125,375,125,discovered,32.43,792.48,0.0409,42.184,CTX_X nr=1 d=3 perm=(0) out=R0 L=3
tot3_1623,totalistic_3state,,3,500,375,125,375,125,discovered,15.70,792.48,0.0198,21.216,DARY d=2 DEC(R0) init=2
tot3_1624,totalistic_3state,,3,500,375,125,375,125,discovered,17.86,792.48,0.0225,17.210,CTX_X nr=1 d=2 perm=(1) out=R0 L=1
tot3_1625,totalistic_3state,,3,500,375,125,375,125,discovered,41.26,792.48,0.0521,41.565,"CTX_X nr=2 d=3 perm=(0,1) out=R0 L=3"
tot3_1626,totalistic_3state,,3,500,375,125,375,125,discovered,15.61,792.48,0.0197,12.114,CTX_X nr=1 d=1 perm=(0) out=R0 L=1
tot3_1627,totalistic_3state,,3,500,375,125,14,0,neither,58.12,792.48,0.0733,600.061,STEP off=294 halt=1
tot3_1628,totalistic_3state,,3,500,375,125,375,125,discovered,15.61,792.48,0.0197,12.406,CTX_X nr=1 d=1 perm=(0) out=R0 L=1
tot3_1629,totalistic_3state,,3,500,375,125,375,125,discovered,15.03,792.48,0.0190,10.090,"DARY d=2 ISZERO(R1,R0) init=0"
tot3_1630,totalistic_3state,,3,500,375,125,375,125,discovered,15.61,792.48,0.0197,12.551,CTX_X nr=1 d=1 perm=(0) out=R0 L=1
tot3_1631,totalistic_3state,,3,500,375,125,375,125,discovered,34.58,792.48,0.0436,42.300,CTX_X nr=1 d=5 perm=(4) out=R0 L=3
tot3_1632,totalistic_3state,,3,500,375,125,375,125,discovered,46.78,792.48,0.0590,12.911,FUNC_L d=4
tot3_1633,totalistic_3state,,3,500,375,125,375,125,discovered,17.86,792.48,0.0225,16.420,CTX_X nr=1 d=2 perm=(1) out=R0 L=1
tot3_1634,totalistic_3state,,3,500,375,125,18,0,neither,64.08,792.48,0.0809,600.062,STEP off=361 halt=8
tot3_1635,totalistic_3state,,3,500,375,125,12,0,neither,56.98,792.48,0.0719,600.054,STEP off=43 halt=4
tot3_1636,totalistic_3state,,3,500,375,125,375,125,discovered,80.56,792.48,0.1017,434.706,NESTED_LOOP L=4
tot3_1637,totalistic_3state,,3,500,375,125,375,125,discovered,15.61,792.48,0.0197,12.003,CTX_X nr=1 d=1 perm=(0) out=R0 L=1
tot3_1638,totalistic_3state,,3,500,375,125,375,125,discovered,15.03,792.48,0.0190,10.087,"DARY d=2 ISZERO(R1,R0) init=0"
tot3_1639,totalistic_3state,,3,500,375,125,375,125,discovered,15.61,792.48,0.0197,11.827,CTX_X nr=1 d=1 perm=(0) out=R0 L=1
tot3_1640,totalistic_3state,,3,500,375,125,375,125,discovered,28.84,792.48,0.0364,11.968,CTX_X nr=1 d=1 perm=(0) out=R0 L=3
tot3_1641,totalistic_3state,,3,500,375,125,375,125,discovered,31.09,792.48,0.0392,16.488,CTX_X nr=1 d=2 perm=(1) out=R0 L=3
tot3_1642,totalistic_3state,,3,500,375,125,375,125,discovered,17.86,792.48,0.0225,16.605,CTX_X nr=1 d=2 perm=(1) out=R0 L=1
tot3_1643,totalistic_3state,,3,500,375,125,375,125,discovered,31.09,792.48,0.0392,16.099,CTX_X nr=1 d=2 perm=(1) out=R0 L=3
tot3_1644,totalistic_3state,,3,500,375,125,375,125,discovered,15.61,792.48,0.0197,11.687,CTX_X nr=1 d=1 perm=(0) out=R0 L=1
tot3_1645,totalistic_3state,,3,500,375,125,375,125,discovered,15.61,792.48,0.0197,11.736,CTX_X nr=1 d=1 perm=(0) out=R0 L=1
tot3_1646,totalistic_3state,,3,500,375,125,375,125,discovered,15.61,792.48,0.0197,11.625,CTX_X nr=1 d=1 perm=(0) out=R0 L=1
tot3_1647,totalistic_3state,,3,500,375,125,375,125,discovered,15.03,792.48,0.0190,10.084,"DARY d=2 ISZERO(R1,R0) init=0"
tot3_1648,totalistic_3state,,3,500,375,125,375,125,discovered,64.81,792.48,0.0818,206.993,NESTED_LOOP L=3
tot3_1649,totalistic_3state,,3,500,375,125,375,125,discovered,32.43,792.48,0.0409,43.511,CTX_X nr=1 d=3 perm=(0) out=R0 L=3
tot3_1650,totalistic_3state,,3,500,375,125,375,125,discovered,13.45,792.48,0.0170,10.203,"DARY d=2 LOAD(R0,1) init=0"
tot3_1651,totalistic_3state,,3,500,375,125,375,125,discovered,13.45,792.48,0.0170,10.200,"DARY d=2 LOAD(R0,1) init=0"
tot3_1652,totalistic_3state,,3,500,375,125,13,0,neither,61.95,792.48,0.0782,600.046,STEP off=296 halt=4
tot3_1653,totalistic_3state,,3,500,375,125,375,125,discovered,15.61,792.48,0.0197,12.236,CTX_X nr=1 d=1 perm=(0) out=R0 L=1
tot3_1654,totalistic_3state,,3,500,375,125,13,0,neither,55.38,792.48,0.0699,600.080,STEP off=33 halt=4
tot3_1655,totalistic_3state,,3,500,375,125,375,125,discovered,15.61,792.48,0.0197,11.914,CTX_X nr=1 d=1 perm=(0) out=R0 L=1
tot3_1656,totalistic_3state,,3,500,375,125,375,125,discovered,15.03,792.48,0.0190,10.085,"DARY d=2 ISZERO(R1,R0) init=0"
tot3_1657,totalistic_3state,,3,500,375,125,375,125,discovered,20.43,792.48,0.0258,41.497,CTX_X nr=1 d=4 perm=(0) out=R0 L=1
tot3_1658,totalistic_3state,,3,500,375,125,10,0,neither,57.73,792.48,0.0729,600.052,STEP off=159 halt=4
tot3_1659,totalistic_3state,,3,500,375,125,375,125,discovered,13.45,792.48,0.0170,10.216,"DARY d=2 LOAD(R0,1) init=0"
tot3_1660,totalistic_3state,,3,500,375,125,375,125,discovered,13.45,792.48,0.0170,10.197,"DARY d=2 LOAD(R0,1) init=0"
tot3_1661,totalistic_3state,,3,500,375,125,12,0,neither,57.45,792.48,0.0725,600.056,STEP off=208 halt=1
tot3_1662,totalistic_3state,,3,500,375,125,12,0,neither,56.28,792.48,0.0710,600.057,STEP off=321 halt=0
tot3_1663,totalistic_3state,,3,500,375,125,10,0,neither,49.11,792.48,0.0620,600.054,ITER d=3
tot3_1664,totalistic_3state,,3,500,375,125,375,125,discovered,15.61,792.48,0.0197,12.062,CTX_X nr=1 d=1 perm=(0) out=R0 L=1
tot3_1665,totalistic_3state,,3,500,375,125,375,125,discovered,15.03,792.48,0.0190,10.086,"DARY d=2 ISZERO(R1,R0) init=0"
tot3_1666,totalistic_3state,,3,500,375,125,375,125,discovered,32.43,792.48,0.0409,44.119,CTX_X nr=1 d=3 perm=(2) out=R0 L=3
tot3_1667,totalistic_3state,,3,500,375,125,375,125,discovered,28.84,792.48,0.0364,11.717,CTX_X nr=1 d=1 perm=(0) out=R0 L=3
tot3_1668,totalistic_3state,,3,500,375,125,375,125,discovered,32.43,792.48,0.0409,43.361,CTX_X nr=1 d=3 perm=(2) out=R0 L=3
tot3_1669,totalistic_3state,,3,500,375,125,375,125,discovered,13.45,792.48,0.0170,10.224,"DARY d=2 LOAD(R0,1) init=0"
tot3_1670,totalistic_3state,,3,500,375,125,375,125,discovered,32.43,792.48,0.0409,43.559,CTX_X nr=1 d=3 perm=(2) out=R0 L=3
tot3_1671,totalistic_3state,,3,500,375,125,375,125,discovered,15.61,792.48,0.0197,11.979,CTX_X nr=1 d=1 perm=(0) out=R0 L=1
tot3_1672,totalistic_3state,,3,500,375,125,375,125,discovered,15.61,792.48,0.0197,12.115,CTX_X nr=1 d=1 perm=(0) out=R0 L=1
tot3_1673,totalistic_3state,,3,500,375,125,375,125,discovered,15.61,792.48,0.0197,11.785,CTX_X nr=1 d=1 perm=(0) out=R0 L=1
tot3_1674,totalistic_3state,,3,500,375,125,375,125,discovered,15.03,792.48,0.0190,10.085,"DARY d=2 ISZERO(R1,R0) init=0"
tot3_1675,totalistic_3state,,3,500,375,125,375,125,discovered,44.91,792.48,0.0567,43.060,"CTX_X nr=2 d=4 perm=(2,3) out=R0 L=3"
tot3_1676,totalistic_3state,,3,500,375,125,375,125,discovered,32.43,792.48,0.0409,41.274,CTX_X nr=1 d=3 perm=(0) out=R0 L=3
tot3_1677,totalistic_3state,,3,500,375,125,375,125,discovered,39.34,792.48,0.0496,16.184,"CTX_X nr=2 d=2 perm=(0,1) out=R0 L=3"
tot3_1678,totalistic_3state,,3,500,375,125,375,125,discovered,17.86,792.48,0.0225,16.449,CTX_X nr=1 d=2 perm=(0) out=R0 L=1
tot3_1679,totalistic_3state,,3,500,375,125,375,125,discovered,17.86,792.48,0.0225,16.716,CTX_X nr=1 d=2 perm=(0) out=R0 L=1
tot3_1680,totalistic_3state,,3,500,375,125,375,125,discovered,15.61,792.48,0.0197,12.591,CTX_X nr=1 d=1 perm=(0) out=R0 L=1
tot3_1681,totalistic_3state,,3,500,375,125,375,125,discovered,26.03,792.48,0.0329,42.173,"CTX_X nr=2 d=3 perm=(0,1) out=R0 L=1"
tot3_1682,totalistic_3state,,3,500,375,125,375,125,discovered,15.61,792.48,0.0197,11.981,CTX_X nr=1 d=1 perm=(0) out=R0 L=1
tot3_1683,totalistic_3state,,3,500,375,125,375,125,discovered,15.03,792.48,0.0190,10.092,"DARY d=2 ISZERO(R1,R0) init=0"
tot3_1684,totalistic_3state,,3,500,375,125,375,125,discovered,28.93,792.48,0.0365,43.084,CTX_X nr=1 d=6 perm=(5) out=R0 L=2
tot3_1685,totalistic_3state,,3,500,375,125,375,125,discovered,26.06,792.48,0.0329,41.698,CTX_X nr=1 d=3 perm=(0) out=R0 L=2
tot3_1686,totalistic_3state,,3,500,375,125,16,0,neither,63.99,792.48,0.0807,600.048,STEP off=187 halt=20
tot3_1687,totalistic_3state,,3,500,375,125,375,125,discovered,17.86,792.48,0.0225,17.199,CTX_X nr=1 d=2 perm=(0) out=R0 L=1
tot3_1688,totalistic_3state,,3,500,375,125,375,125,discovered,17.86,792.48,0.0225,16.885,CTX_X nr=1 d=2 perm=(0) out=R0 L=1
tot3_1689,totalistic_3state,,3,500,375,125,375,125,discovered,45.15,792.48,0.0570,42.173,"CTX_X nr=2 d=5 perm=(3,4) out=R0 L=3"
tot3_1690,totalistic_3state,,3,500,375,125,375,125,discovered,37.55,792.48,0.0474,42.484,"CTX_X nr=2 d=4 perm=(2,3) out=R0 L=2"
tot3_1691,totalistic_3state,,3,500,375,125,375,125,discovered,15.61,792.48,0.0197,11.899,CTX_X nr=1 d=1 perm=(0) out=R0 L=1
tot3_1692,totalistic_3state,,3,500,375,125,375,125,discovered,15.03,792.48,0.0190,10.092,"DARY d=2 ISZERO(R1,R0) init=0"
tot3_1693,totalistic_3state,,3,500,375,125,375,125,discovered,32.43,792.48,0.0409,41.945,CTX_X nr=1 d=3 perm=(2) out=R0 L=3
tot3_1694,totalistic_3state,,3,500,375,125,375,125,discovered,28.84,792.48,0.0364,11.635,CTX_X nr=1 d=1 perm=(0) out=R0 L=3
tot3_1695,totalistic_3state,,3,500,375,125,375,125,discovered,17.86,792.48,0.0225,17.184,CTX_X nr=1 d=2 perm=(0) out=R0 L=1
tot3_1696,totalistic_3state,,3,500,375,125,375,125,discovered,17.86,792.48,0.0225,16.804,CTX_X nr=1 d=2 perm=(0) out=R0 L=1
tot3_1697,totalistic_3state,,3,500,375,125,375,125,discovered,17.86,792.48,0.0225,16.437,CTX_X nr=1 d=2 perm=(0) out=R0 L=1
tot3_1698,totalistic_3state,,3,500,375,125,375,125,discovered,15.61,792.48,0.0197,11.916,CTX_X nr=1 d=1 perm=(0) out=R0 L=1
tot3_1699,totalistic_3state,,3,500,375,125,375,125,discovered,15.61,792.48,0.0197,11.947,CTX_X nr=1 d=1 perm=(0) out=R0 L=1
tot3_1700,totalistic_3state,,3,500,375,125,375,125,discovered,15.61,792.48,0.0197,11.509,CTX_X nr=1 d=1 perm=(0) out=R0 L=1
tot3_1701,totalistic_3state,,3,500,375,125,375,125,discovered,15.03,792.48,0.0190,10.088,"DARY d=2 ISZERO(R1,R0) init=0"
tot3_1702,totalistic_3state,,3,500,375,125,375,125,discovered,15.61,792.48,0.0197,11.920,CTX_X nr=1 d=1 perm=(0) out=R0 L=1
tot3_1703,totalistic_3state,,3,500,375,125,375,125,discovered,101.72,792.48,0.1284,272.585,NESTED_LOOP L=5
tot3_1704,totalistic_3state,,3,500,375,125,375,125,discovered,15.70,792.48,0.0198,21.312,DARY d=2 DEC(R0) init=2
tot3_1705,totalistic_3state,,3,500,375,125,375,125,discovered,17.86,792.48,0.0225,16.667,CTX_X nr=1 d=2 perm=(1) out=R0 L=1
tot3_1706,totalistic_3state,,3,500,375,125,18,0,neither,67.21,792.48,0.0848,600.059,STEP off=279 halt=57
tot3_1707,totalistic_3state,,3,500,375,125,375,125,discovered,24.73,792.48,0.0312,16.371,CTX_X nr=1 d=2 perm=(0) out=R0 L=2
tot3_1708,totalistic_3state,,3,500,375,125,375,125,discovered,31.98,792.48,0.0404,16.912,"CTX_X nr=2 d=2 perm=(0,1) out=R0 L=2"
tot3_1709,totalistic_3state,,3,500,375,125,375,125,discovered,15.61,792.48,0.0197,12.311,CTX_X nr=1 d=1 perm=(0) out=R0 L=1
tot3_1710,totalistic_3state,,3,500,375,125,375,125,discovered,15.03,792.48,0.0190,10.086,"DARY d=2 ISZERO(R1,R0) init=0"
tot3_1711,totalistic_3state,,3,500,375,125,375,125,discovered,15.61,792.48,0.0197,11.859,CTX_X nr=1 d=1 perm=(0) out=R0 L=1
tot3_1712,totalistic_3state,,3,500,375,125,12,0,neither,57.07,792.48,0.0720,600.053,STEP off=152 halt=2
tot3_1713,totalistic_3state,,3,500,375,125,375,125,discovered,46.78,792.48,0.0590,12.937,FUNC_L d=4
tot3_1714,totalistic_3state,,3,500,375,125,375,125,discovered,17.86,792.48,0.0225,17.194,CTX_X nr=1 d=2 perm=(1) out=R0 L=1
tot3_1715,totalistic_3state,,3,500,375,125,13,0,neither,57.33,792.48,0.0723,600.059,STEP off=328 halt=0
tot3_1716,totalistic_3state,,3,500,375,125,11,0,neither,49.53,792.48,0.0625,600.062,ITER d=4
tot3_1717,totalistic_3state,,3,500,375,125,375,125,discovered,44.26,792.48,0.0559,43.404,"CTX_X nr=2 d=3 perm=(0,2) out=R0 L=3"
tot3_1718,totalistic_3state,,3,500,375,125,375,125,discovered,15.61,792.48,0.0197,11.930,CTX_X nr=1 d=1 perm=(0) out=R0 L=1
tot3_1719,totalistic_3state,,3,500,375,125,375,125,discovered,15.03,792.48,0.0190,10.086,"DARY d=2 ISZERO(R1,R0) init=0"
tot3_1720,totalistic_3state,,3,500,375,125,18,0,neither,60.10,792.48,0.0758,600.052,STEP off=321 halt=4
tot3_1721,totalistic_3state,,3,500,375,125,375,125,discovered,28.84,792.48,0.0364,11.776,CTX_X nr=1 d=1 perm=(0) out=R0 L=3
tot3_1722,totalistic_3state,,3,500,375,125,375,125,discovered,33.66,792.48,0.0425,43.254,CTX_X nr=1 d=4 perm=(0) out=R0 L=3
tot3_1723,totalistic_3state,,3,500,375,125,375,125,discovered,17.86,792.48,0.0225,16.461,CTX_X nr=1 d=2 perm=(1) out=R0 L=1
tot3_1724,totalistic_3state,,3,500,375,125,375,125,discovered,41.26,792.48,0.0521,42.635,"CTX_X nr=2 d=3 perm=(0,1) out=R0 L=3"
tot3_1725,totalistic_3state,,3,500,375,125,375,125,discovered,15.61,792.48,0.0197,11.699,CTX_X nr=1 d=1 perm=(0) out=R0 L=1
tot3_1726,totalistic_3state,,3,500,375,125,375,125,discovered,42.91,792.48,0.0541,41.942,"CTX_X nr=2 d=4 perm=(1,3) out=R0 L=3"
tot3_1727,totalistic_3state,,3,500,375,125,375,125,discovered,15.61,792.48,0.0197,11.775,CTX_X nr=1 d=1 perm=(0) out=R0 L=1
tot3_1728,totalistic_3state,,3,500,375,125,375,125,discovered,15.03,792.48,0.0190,10.089,"DARY d=2 ISZERO(R1,R0) init=0"
tot3_1729,totalistic_3state,,3,500,375,125,375,125,discovered,64.81,792.48,0.0818,207.257,NESTED_LOOP L=3
tot3_1730,totalistic_3state,,3,500,375,125,375,125,discovered,101.72,792.48,0.1284,271.218,NESTED_LOOP L=5
tot3_1731,totalistic_3state,,3,500,375,125,375,125,discovered,13.45,792.48,0.0170,10.200,"DARY d=2 LOAD(R0,1) init=0"
tot3_1732,totalistic_3state,,3,500,375,125,375,125,discovered,13.45,792.48,0.0170,10.216,"DARY d=2 LOAD(R0,1) init=0"
tot3_1733,totalistic_3state,,3,500,375,125,375,125,discovered,13.45,792.48,0.0170,10.198,"DARY d=2 LOAD(R0,1) init=0"
tot3_1734,totalistic_3state,,3,500,375,125,375,125,discovered,24.73,792.48,0.0312,16.104,CTX_X nr=1 d=2 perm=(0) out=R0 L=2
tot3_1735,totalistic_3state,,3,500,375,125,13,0,neither,57.89,792.48,0.0730,600.068,STEP off=65 halt=4
tot3_1736,totalistic_3state,,3,500,375,125,375,125,discovered,15.61,792.48,0.0197,12.232,CTX_X nr=1 d=1 perm=(0) out=R0 L=1
tot3_1737,totalistic_3state,,3,500,375,125,375,125,discovered,15.03,792.48,0.0190,10.088,"DARY d=2 ISZERO(R1,R0) init=0"
tot3_1738,totalistic_3state,,3,500,375,125,375,125,discovered,20.43,792.48,0.0258,42.355,CTX_X nr=1 d=4 perm=(0) out=R0 L=1
tot3_1739,totalistic_3state,,3,500,375,125,375,125,discovered,41.34,792.48,0.0522,16.273,"CTX_X nr=2 d=2 perm=(0,1) out=R0 L=3"
tot3_1740,totalistic_3state,,3,500,375,125,375,125,discovered,13.45,792.48,0.0170,10.211,"DARY d=2 LOAD(R0,1) init=0"
tot3_1741,totalistic_3state,,3,500,375,125,375,125,discovered,13.45,792.48,0.0170,10.214,"DARY d=2 LOAD(R0,1) init=0"
tot3_1742,totalistic_3state,,3,500,375,125,375,125,discovered,13.45,792.48,0.0170,10.207,"DARY d=2 LOAD(R0,1) init=0"
tot3_1743,totalistic_3state,,3,500,375,125,11,0,neither,51.44,792.48,0.0649,600.053,STEP off=9 halt=1
tot3_1744,totalistic_3state,,3,500,375,125,375,125,discovered,31.98,792.48,0.0404,16.432,"CTX_X nr=2 d=2 perm=(0,1) out=R0 L=2"
tot3_1745,totalistic_3state,,3,500,375,125,375,125,discovered,15.61,792.48,0.0197,12.413,CTX_X nr=1 d=1 perm=(0) out=R0 L=1
tot3_1746,totalistic_3state,,3,500,375,125,375,125,discovered,15.03,792.48,0.0190,10.085,"DARY d=2 ISZERO(R1,R0) init=0"
tot3_1747,totalistic_3state,,3,500,375,125,14,0,neither,60.75,792.48,0.0767,600.052,STEP off=156 halt=6
tot3_1748,totalistic_3state,,3,500,375,125,375,125,discovered,28.84,792.48,0.0364,12.159,CTX_X nr=1 d=1 perm=(0) out=R0 L=3
tot3_1749,totalistic_3state,,3,500,375,125,375,125,discovered,13.45,792.48,0.0170,10.207,"DARY d=2 LOAD(R0,1) init=0"
tot3_1750,totalistic_3state,,3,500,375,125,375,125,discovered,13.45,792.48,0.0170,10.230,"DARY d=2 LOAD(R0,1) init=0"
tot3_1751,totalistic_3state,,3,500,375,125,375,125,discovered,13.45,792.48,0.0170,10.200,"DARY d=2 LOAD(R0,1) init=0"
tot3_1752,totalistic_3state,,3,500,375,125,375,125,discovered,15.61,792.48,0.0197,11.998,CTX_X nr=1 d=1 perm=(0) out=R0 L=1
tot3_1753,totalistic_3state,,3,500,375,125,11,0,neither,55.95,792.48,0.0706,600.051,STEP off=99 halt=1
tot3_1754,totalistic_3state,,3,500,375,125,375,125,discovered,15.61,792.48,0.0197,11.894,CTX_X nr=1 d=1 perm=(0) out=R0 L=1
tot3_1755,totalistic_3state,,3,500,375,125,375,125,discovered,15.03,792.48,0.0190,10.083,"DARY d=2 ISZERO(R1,R0) init=0"
tot3_1756,totalistic_3state,,3,500,375,125,12,0,neither,59.76,792.48,0.0754,600.051,STEP off=215 halt=2
tot3_1757,totalistic_3state,,3,500,375,125,375,125,discovered,101.72,792.48,0.1284,268.730,NESTED_LOOP L=5
tot3_1758,totalistic_3state,,3,500,375,125,375,125,discovered,24.73,792.48,0.0312,16.312,CTX_X nr=1 d=2 perm=(1) out=R0 L=2
tot3_1759,totalistic_3state,,3,500,375,125,375,125,discovered,17.86,792.48,0.0225,16.743,CTX_X nr=1 d=2 perm=(0) out=R0 L=1
tot3_1760,totalistic_3state,,3,500,375,125,10,0,neither,64.57,792.48,0.0815,600.057,STEP off=286 halt=12
tot3_1761,totalistic_3state,,3,500,375,125,375,125,discovered,24.73,792.48,0.0312,16.488,CTX_X nr=1 d=2 perm=(0) out=R0 L=2
tot3_1762,totalistic_3state,,3,500,375,125,21,0,neither,114.45,792.48,0.1444,600.059,NESTED_LOOP L=6
tot3_1763,totalistic_3state,,3,500,375,125,375,125,discovered,15.61,792.48,0.0197,11.974,CTX_X nr=1 d=1 perm=(0) out=R0 L=1
tot3_1764,totalistic_3state,,3,500,375,125,375,125,discovered,15.03,792.48,0.0190,10.090,"DARY d=2 ISZERO(R1,R0) init=0"
tot3_1765,totalistic_3state,,3,500,375,125,12,0,neither,54.86,792.48,0.0692,600.054,STEP off=59 halt=0
tot3_1766,totalistic_3state,,3,500,375,125,13,0,neither,58.11,792.48,0.0733,600.054,STEP off=175 halt=1
tot3_1767,totalistic_3state,,3,500,375,125,11,0,neither,52.36,792.48,0.0661,600.051,STEP off=47 halt=1
tot3_1768,totalistic_3state,,3,500,375,125,375,125,discovered,17.86,792.48,0.0225,16.089,CTX_X nr=1 d=2 perm=(0) out=R0 L=1
tot3_1769,totalistic_3state,,3,500,375,125,12,0,neither,66.19,792.48,0.0835,600.053,STEP off=169 halt=56
tot3_1770,totalistic_3state,,3,500,375,125,15,0,neither,66.15,792.48,0.0835,600.058,STEP off=289 halt=86
tot3_1771,totalistic_3state,,3,500,375,125,12,0,neither,57.14,792.48,0.0721,600.048,STEP off=178 halt=0
tot3_1772,totalistic_3state,,3,500,375,125,375,125,discovered,15.61,792.48,0.0197,12.153,CTX_X nr=1 d=1 perm=(0) out=R0 L=1
tot3_1773,totalistic_3state,,3,500,375,125,375,125,discovered,15.03,792.48,0.0190,10.087,"DARY d=2 ISZERO(R1,R0) init=0"
tot3_1774,totalistic_3state,,3,500,375,125,12,0,neither,56.50,792.48,0.0713,600.051,STEP off=87 halt=4
tot3_1775,totalistic_3state,,3,500,375,125,375,125,discovered,28.84,792.48,0.0364,11.919,CTX_X nr=1 d=1 perm=(0) out=R0 L=3
tot3_1776,totalistic_3state,,3,500,375,125,15,0,neither,57.57,792.48,0.0726,600.054,STEP off=327 halt=2
tot3_1777,totalistic_3state,,3,500,375,125,375,125,discovered,17.86,792.48,0.0225,17.418,CTX_X nr=1 d=2 perm=(0) out=R0 L=1
tot3_1778,totalistic_3state,,3,500,375,125,375,125,discovered,83.73,792.48,0.1057,426.079,NESTED_LOOP L=4
tot3_1779,totalistic_3state,,3,500,375,125,375,125,discovered,15.61,792.48,0.0197,11.791,CTX_X nr=1 d=1 perm=(0) out=R0 L=1
tot3_1780,totalistic_3state,,3,500,375,125,12,0,neither,52.98,792.48,0.0669,600.054,FUNC_L d=5
tot3_1781,totalistic_3state,,3,500,375,125,375,125,discovered,15.61,792.48,0.0197,11.978,CTX_X nr=1 d=1 perm=(0) out=R0 L=1
tot3_1782,totalistic_3state,,3,500,375,125,375,125,discovered,15.03,792.48,0.0190,10.086,"DARY d=2 ISZERO(R1,R0) init=0"
tot3_1783,totalistic_3state,,3,500,375,125,375,125,discovered,15.61,792.48,0.0197,11.629,CTX_X nr=1 d=1 perm=(0) out=R0 L=1
tot3_1784,totalistic_3state,,3,500,375,125,12,0,neither,56.87,792.48,0.0718,600.058,STEP off=40 halt=6
tot3_1785,totalistic_3state,,3,500,375,125,375,125,discovered,15.70,792.48,0.0198,21.404,DARY d=2 DEC(R0) init=2
tot3_1786,totalistic_3state,,3,500,375,125,375,125,discovered,17.86,792.48,0.0225,17.522,CTX_X nr=1 d=2 perm=(1) out=R0 L=1
tot3_1787,totalistic_3state,,3,500,375,125,13,0,neither,54.73,792.48,0.0691,600.048,FUNC_L d=5
tot3_1788,totalistic_3state,,3,500,375,125,375,125,discovered,27.03,792.48,0.0341,43.870,"CTX_X nr=2 d=3 perm=(1,2) out=R0 L=1"
tot3_1789,totalistic_3state,,3,500,375,125,375,125,discovered,80.56,792.48,0.1017,425.623,NESTED_LOOP L=4
tot3_1790,totalistic_3state,,3,500,375,125,375,125,discovered,15.61,792.48,0.0197,12.112,CTX_X nr=1 d=1 perm=(0) out=R0 L=1
tot3_1791,totalistic_3state,,3,500,375,125,375,125,discovered,15.03,792.48,0.0190,10.084,"DARY d=2 ISZERO(R1,R0) init=0"
tot3_1792,totalistic_3state,,3,500,375,125,375,125,discovered,15.61,792.48,0.0197,11.592,CTX_X nr=1 d=1 perm=(0) out=R0 L=1
tot3_1793,totalistic_3state,,3,500,375,125,11,0,neither,69.75,792.48,0.0880,600.058,ITER_L d=5
tot3_1794,totalistic_3state,,3,500,375,125,375,125,discovered,46.78,792.48,0.0590,13.050,FUNC_L d=4
tot3_1795,totalistic_3state,,3,500,375,125,375,125,discovered,17.86,792.48,0.0225,16.592,CTX_X nr=1 d=2 perm=(1) out=R0 L=1
tot3_1796,totalistic_3state,,3,500,375,125,10,0,neither,54.40,792.48,0.0686,600.045,STEP off=76 halt=0
tot3_1797,totalistic_3state,,3,500,375,125,13,0,neither,55.73,792.48,0.0703,600.054,FUNC_L d=5
tot3_1798,totalistic_3state,,3,500,375,125,11,0,neither,56.09,792.48,0.0708,600.055,STEP off=153 halt=2
tot3_1799,totalistic_3state,,3,500,375,125,375,125,discovered,15.61,792.48,0.0197,12.232,CTX_X nr=1 d=1 perm=(0) out=R0 L=1
tot3_1800,totalistic_3state,,3,500,375,125,375,125,discovered,15.03,792.48,0.0190,10.088,"DARY d=2 ISZERO(R1,R0) init=0"
tot3_1801,totalistic_3state,,3,500,375,125,20,0,neither,57.05,792.48,0.0720,600.061,STEP off=170 halt=0
tot3_1802,totalistic_3state,,3,500,375,125,14,0,neither,58.48,792.48,0.0738,600.058,STEP off=355 halt=1
tot3_1803,totalistic_3state,,3,500,375,125,15,0,neither,55.54,792.48,0.0701,600.061,STEP off=367 halt=0
tot3_1804,totalistic_3state,,3,500,375,125,375,125,discovered,17.86,792.48,0.0225,16.433,CTX_X nr=1 d=2 perm=(1) out=R0 L=1
tot3_1805,totalistic_3state,,3,500,375,125,11,0,neither,59.11,792.48,0.0746,600.041,STEP off=257 halt=2
tot3_1806,totalistic_3state,,3,500,375,125,10,0,neither,59.08,792.48,0.0745,600.057,STEP off=253 halt=2
tot3_1807,totalistic_3state,,3,500,375,125,11,0,neither,68.63,792.48,0.0866,600.048,STEP off=300 halt=65
tot3_1808,totalistic_3state,,3,500,375,125,375,125,discovered,15.61,792.48,0.0197,11.995,CTX_X nr=1 d=1 perm=(0) out=R0 L=1
tot3_1809,totalistic_3state,,3,500,375,125,375,125,discovered,15.03,792.48,0.0190,10.086,"DARY d=2 ISZERO(R1,R0) init=0"
tot3_1810,totalistic_3state,,3,500,375,125,375,125,discovered,64.81,792.48,0.0818,211.826,NESTED_LOOP L=3
tot3_1811,totalistic_3state,,3,500,375,125,13,0,neither,59.74,792.48,0.0754,600.059,STEP off=95 halt=6
tot3_1812,totalistic_3state,,3,500,375,125,375,125,discovered,13.45,792.48,0.0170,10.210,"DARY d=2 LOAD(R0,1) init=0"
tot3_1813,totalistic_3state,,3,500,375,125,375,125,discovered,13.45,792.48,0.0170,10.203,"DARY d=2 LOAD(R0,1) init=0"
tot3_1814,totalistic_3state,,3,500,375,125,375,125,discovered,13.45,792.48,0.0170,10.204,"DARY d=2 LOAD(R0,1) init=0"
tot3_1815,totalistic_3state,,3,500,375,125,13,0,neither,53.23,792.48,0.0672,600.044,STEP off=70 halt=0
tot3_1816,totalistic_3state,,3,500,375,125,375,125,discovered,31.98,792.48,0.0404,18.879,"CTX_X nr=2 d=2 perm=(0,1) out=R0 L=2"
tot3_1817,totalistic_3state,,3,500,375,125,375,125,discovered,15.61,792.48,0.0197,13.049,CTX_X nr=1 d=1 perm=(0) out=R0 L=1
tot3_1818,totalistic_3state,,3,500,375,125,375,125,discovered,15.03,792.48,0.0190,10.091,"DARY d=2 ISZERO(R1,R0) init=0"
tot3_1819,totalistic_3state,,3,500,375,125,375,125,discovered,20.43,792.48,0.0258,42.798,CTX_X nr=1 d=4 perm=(0) out=R0 L=1
tot3_1820,totalistic_3state,,3,500,375,125,375,125,discovered,24.73,792.48,0.0312,18.701,CTX_X nr=1 d=2 perm=(1) out=R0 L=2
tot3_1821,totalistic_3state,,3,500,375,125,375,125,discovered,13.45,792.48,0.0170,10.213,"DARY d=2 LOAD(R0,1) init=0"
tot3_1822,totalistic_3state,,3,500,375,125,375,125,discovered,13.45,792.48,0.0170,10.232,"DARY d=2 LOAD(R0,1) init=0"
tot3_1823,totalistic_3state,,3,500,375,125,375,125,discovered,13.45,792.48,0.0170,10.613,"DARY d=2 LOAD(R0,1) init=0"
tot3_1824,totalistic_3state,,3,500,375,125,375,125,discovered,31.98,792.48,0.0404,18.219,"CTX_X nr=2 d=2 perm=(0,1) out=R0 L=2"
tot3_1825,totalistic_3state,,3,500,375,125,375,125,discovered,31.98,792.48,0.0404,17.579,"CTX_X nr=2 d=2 perm=(0,1) out=R0 L=2"
tot3_1826,totalistic_3state,,3,500,375,125,375,125,discovered,15.61,792.48,0.0197,13.490,CTX_X nr=1 d=1 perm=(0) out=R0 L=1
tot3_1827,totalistic_3state,,3,500,375,125,375,125,discovered,15.03,792.48,0.0190,10.090,"DARY d=2 ISZERO(R1,R0) init=0"
tot3_1828,totalistic_3state,,3,500,375,125,375,125,discovered,42.09,792.48,0.0531,43.405,ITER d=3
tot3_1829,totalistic_3state,,3,500,375,125,375,125,discovered,40.34,792.48,0.0509,22.437,"CTX_X nr=2 d=2 perm=(0,1) out=R0 L=3"
tot3_1830,totalistic_3state,,3,500,375,125,375,125,discovered,13.45,792.48,0.0170,10.237,"DARY d=2 LOAD(R0,1) init=0"
tot3_1831,totalistic_3state,,3,500,375,125,375,125,discovered,13.45,792.48,0.0170,10.215,"DARY d=2 LOAD(R0,1) init=0"
tot3_1832,totalistic_3state,,3,500,375,125,375,125,discovered,13.45,792.48,0.0170,10.206,"DARY d=2 LOAD(R0,1) init=0"
tot3_1833,totalistic_3state,,3,500,375,125,375,125,discovered,31.98,792.48,0.0404,17.592,"CTX_X nr=2 d=2 perm=(0,1) out=R0 L=2"
tot3_1834,totalistic_3state,,3,500,375,125,375,125,discovered,31.98,792.48,0.0404,17.187,"CTX_X nr=2 d=2 perm=(0,1) out=R0 L=2"
tot3_1835,totalistic_3state,,3,500,375,125,375,125,discovered,15.61,792.48,0.0197,14.452,CTX_X nr=1 d=1 perm=(0) out=R0 L=1
tot3_1836,totalistic_3state,,3,500,375,125,375,125,discovered,15.03,792.48,0.0190,10.087,"DARY d=2 ISZERO(R1,R0) init=0"
tot3_1837,totalistic_3state,,3,500,375,125,14,0,neither,49.68,792.48,0.0627,600.051,STEP off=10 halt=3
tot3_1838,totalistic_3state,,3,500,375,125,12,0,neither,59.41,792.48,0.0750,600.050,STEP off=204 halt=3
tot3_1839,totalistic_3state,,3,500,375,125,12,0,neither,59.17,792.48,0.0747,600.091,STEP off=120 halt=4
tot3_1840,totalistic_3state,,3,500,375,125,375,125,discovered,17.86,792.48,0.0225,21.440,CTX_X nr=1 d=2 perm=(0) out=R0 L=1
tot3_1841,totalistic_3state,,3,500,375,125,375,125,discovered,83.73,792.48,0.1057,215.401,NESTED_LOOP L=4
tot3_1842,totalistic_3state,,3,500,375,125,9,0,neither,49.16,792.48,0.0620,600.041,STEP off=8 halt=0
tot3_1843,totalistic_3state,,3,500,375,125,375,125,discovered,99.72,792.48,0.1258,280.156,NESTED_LOOP L=5
tot3_1844,totalistic_3state,,3,500,375,125,375,125,discovered,15.61,792.48,0.0197,12.796,CTX_X nr=1 d=1 perm=(0) out=R0 L=1
tot3_1845,totalistic_3state,,3,500,375,125,375,125,discovered,15.03,792.48,0.0190,10.087,"DARY d=2 ISZERO(R1,R0) init=0"
tot3_1846,totalistic_3state,,3,500,375,125,11,0,neither,56.86,792.48,0.0718,600.056,STEP off=155 halt=1
tot3_1847,totalistic_3state,,3,500,375,125,375,125,discovered,101.72,792.48,0.1284,275.724,NESTED_LOOP L=5
tot3_1848,totalistic_3state,,3,500,375,125,375,125,discovered,83.73,792.48,0.1057,214.454,NESTED_LOOP L=4
tot3_1849,totalistic_3state,,3,500,375,125,375,125,discovered,17.86,792.48,0.0225,17.531,CTX_X nr=1 d=2 perm=(0) out=R0 L=1
tot3_1850,totalistic_3state,,3,500,375,125,375,125,discovered,83.73,792.48,0.1057,212.197,NESTED_LOOP L=4
tot3_1851,totalistic_3state,,3,500,375,125,22,0,neither,56.46,792.48,0.0712,600.052,STEP off=127 halt=0
tot3_1852,totalistic_3state,,3,500,375,125,375,125,discovered,99.72,792.48,0.1258,275.291,NESTED_LOOP L=5
tot3_1853,totalistic_3state,,3,500,375,125,375,125,discovered,15.61,792.48,0.0197,11.991,CTX_X nr=1 d=1 perm=(0) out=R0 L=1
tot3_1854,totalistic_3state,,3,500,375,125,375,125,discovered,15.03,792.48,0.0190,10.084,"DARY d=2 ISZERO(R1,R0) init=0"
tot3_1855,totalistic_3state,,3,500,375,125,16,0,neither,57.27,792.48,0.0723,600.056,STEP off=190 halt=1
tot3_1856,totalistic_3state,,3,500,375,125,13,0,neither,57.22,792.48,0.0722,600.054,STEP off=273 halt=2
tot3_1857,totalistic_3state,,3,500,375,125,15,0,neither,61.25,792.48,0.0773,600.042,STEP off=153 halt=5
tot3_1858,totalistic_3state,,3,500,375,125,375,125,discovered,17.86,792.48,0.0225,16.761,CTX_X nr=1 d=2 perm=(0) out=R0 L=1
tot3_1859,totalistic_3state,,3,500,375,125,375,125,discovered,83.73,792.48,0.1057,215.132,NESTED_LOOP L=4
tot3_1860,totalistic_3state,,3,500,375,125,16,0,neither,56.17,792.48,0.0709,600.063,STEP off=302 halt=0
tot3_1861,totalistic_3state,,3,500,375,125,375,125,discovered,99.72,792.48,0.1258,274.519,NESTED_LOOP L=5
tot3_1862,totalistic_3state,,3,500,375,125,375,125,discovered,15.61,792.48,0.0197,12.479,CTX_X nr=1 d=1 perm=(0) out=R0 L=1
tot3_1863,totalistic_3state,,3,500,375,125,375,125,discovered,15.03,792.48,0.0190,10.087,"DARY d=2 ISZERO(R1,R0) init=0"
tot3_1864,totalistic_3state,,3,500,375,125,375,125,discovered,15.61,792.48,0.0197,11.949,CTX_X nr=1 d=1 perm=(0) out=R0 L=1
tot3_1865,totalistic_3state,,3,500,375,125,375,125,discovered,32.43,792.48,0.0409,41.812,CTX_X nr=1 d=3 perm=(0) out=R0 L=3
tot3_1866,totalistic_3state,,3,500,375,125,375,125,discovered,15.70,792.48,0.0198,21.838,DARY d=2 DEC(R0) init=2
tot3_1867,totalistic_3state,,3,500,375,125,375,125,discovered,17.86,792.48,0.0225,17.469,CTX_X nr=1 d=2 perm=(1) out=R0 L=1
tot3_1868,totalistic_3state,,3,500,375,125,20,0,neither,56.76,792.48,0.0716,600.065,STEP off=147 halt=1
tot3_1869,totalistic_3state,,3,500,375,125,375,125,discovered,15.61,792.48,0.0197,13.585,CTX_X nr=1 d=1 perm=(0) out=R0 L=1
tot3_1870,totalistic_3state,,3,500,375,125,375,125,discovered,28.92,792.48,0.0365,42.408,"CTX_X nr=2 d=5 perm=(0,1) out=R0 L=1"
tot3_1871,totalistic_3state,,3,500,375,125,375,125,discovered,15.61,792.48,0.0197,11.838,CTX_X nr=1 d=1 perm=(0) out=R0 L=1
tot3_1872,totalistic_3state,,3,500,375,125,375,125,discovered,15.03,792.48,0.0190,10.086,"DARY d=2 ISZERO(R1,R0) init=0"
tot3_1873,totalistic_3state,,3,500,375,125,375,125,discovered,15.61,792.48,0.0197,11.865,CTX_X nr=1 d=1 perm=(0) out=R0 L=1
tot3_1874,totalistic_3state,,3,500,375,125,11,0,neither,55.86,792.48,0.0705,600.040,STEP off=26 halt=6
tot3_1875,totalistic_3state,,3,500,375,125,375,125,discovered,46.78,792.48,0.0590,12.815,FUNC_L d=4
tot3_1876,totalistic_3state,,3,500,375,125,375,125,discovered,17.86,792.48,0.0225,17.207,CTX_X nr=1 d=2 perm=(1) out=R0 L=1
tot3_1877,totalistic_3state,,3,500,375,125,10,0,neither,63.69,792.48,0.0804,600.053,STEP off=349 halt=7
tot3_1878,totalistic_3state,,3,500,375,125,12,0,neither,48.41,792.48,0.0611,600.084,STEP off=4 halt=1
tot3_1879,totalistic_3state,,3,500,375,125,18,0,neither,62.49,792.48,0.0789,600.050,STEP off=139 halt=14
tot3_1880,totalistic_3state,,3,500,375,125,375,125,discovered,15.61,792.48,0.0197,12.811,CTX_X nr=1 d=1 perm=(0) out=R0 L=1
tot3_1881,totalistic_3state,,3,500,375,125,375,125,discovered,15.03,792.48,0.0190,10.087,"DARY d=2 ISZERO(R1,R0) init=0"
tot3_1882,totalistic_3state,,3,500,375,125,13,0,neither,47.53,792.48,0.0600,600.040,ITER d=4
tot3_1883,totalistic_3state,,3,500,375,125,375,125,discovered,28.84,792.48,0.0364,12.183,CTX_X nr=1 d=1 perm=(0) out=R0 L=3
tot3_1884,totalistic_3state,,3,500,375,125,375,125,discovered,31.09,792.48,0.0392,17.284,CTX_X nr=1 d=2 perm=(1) out=R0 L=3
tot3_1885,totalistic_3state,,3,500,375,125,375,125,discovered,17.86,792.48,0.0225,16.790,CTX_X nr=1 d=2 perm=(1) out=R0 L=1
tot3_1886,totalistic_3state,,3,500,375,125,375,125,discovered,31.09,792.48,0.0392,16.390,CTX_X nr=1 d=2 perm=(1) out=R0 L=3
tot3_1887,totalistic_3state,,3,500,375,125,375,125,discovered,15.61,792.48,0.0197,11.929,CTX_X nr=1 d=1 perm=(0) out=R0 L=1
tot3_1888,totalistic_3state,,3,500,375,125,375,125,discovered,15.61,792.48,0.0197,11.928,CTX_X nr=1 d=1 perm=(0) out=R0 L=1
tot3_1889,totalistic_3state,,3,500,375,125,375,125,discovered,15.61,792.48,0.0197,11.892,CTX_X nr=1 d=1 perm=(0) out=R0 L=1
tot3_1890,totalistic_3state,,3,500,375,125,375,125,discovered,15.03,792.48,0.0190,10.099,"DARY d=2 ISZERO(R1,R0) init=0"
tot3_1891,totalistic_3state,,3,500,375,125,375,125,discovered,64.81,792.48,0.0818,205.912,NESTED_LOOP L=3
tot3_1892,totalistic_3state,,3,500,375,125,375,125,discovered,32.43,792.48,0.0409,43.264,CTX_X nr=1 d=3 perm=(0) out=R0 L=3
tot3_1893,totalistic_3state,,3,500,375,125,375,125,discovered,13.45,792.48,0.0170,10.208,"DARY d=2 LOAD(R0,1) init=0"
tot3_1894,totalistic_3state,,3,500,375,125,375,125,discovered,13.45,792.48,0.0170,10.207,"DARY d=2 LOAD(R0,1) init=0"
tot3_1895,totalistic_3state,,3,500,375,125,375,125,discovered,13.45,792.48,0.0170,10.210,"DARY d=2 LOAD(R0,1) init=0"
tot3_1896,totalistic_3state,,3,500,375,125,375,125,discovered,15.61,792.48,0.0197,12.027,CTX_X nr=1 d=1 perm=(0) out=R0 L=1
tot3_1897,totalistic_3state,,3,500,375,125,375,125,discovered,15.61,792.48,0.0197,12.069,CTX_X nr=1 d=1 perm=(0) out=R0 L=1
tot3_1898,totalistic_3state,,3,500,375,125,375,125,discovered,15.61,792.48,0.0197,12.040,CTX_X nr=1 d=1 perm=(0) out=R0 L=1
tot3_1899,totalistic_3state,,3,500,375,125,375,125,discovered,15.03,792.48,0.0190,10.090,"DARY d=2 ISZERO(R1,R0) init=0"
tot3_1900,totalistic_3state,,3,500,375,125,375,125,discovered,20.43,792.48,0.0258,43.278,CTX_X nr=1 d=4 perm=(0) out=R0 L=1
tot3_1901,totalistic_3state,,3,500,375,125,375,125,discovered,28.84,792.48,0.0364,11.498,CTX_X nr=1 d=1 perm=(0) out=R0 L=3
tot3_1902,totalistic_3state,,3,500,375,125,375,125,discovered,13.45,792.48,0.0170,10.210,"DARY d=2 LOAD(R0,1) init=0"
tot3_1903,totalistic_3state,,3,500,375,125,375,125,discovered,13.45,792.48,0.0170,10.210,"DARY d=2 LOAD(R0,1) init=0"
tot3_1904,totalistic_3state,,3,500,375,125,375,125,discovered,13.45,792.48,0.0170,10.218,"DARY d=2 LOAD(R0,1) init=0"
tot3_1905,totalistic_3state,,3,500,375,125,375,125,discovered,15.61,792.48,0.0197,11.946,CTX_X nr=1 d=1 perm=(0) out=R0 L=1
tot3_1906,totalistic_3state,,3,500,375,125,375,125,discovered,15.61,792.48,0.0197,11.765,CTX_X nr=1 d=1 perm=(0) out=R0 L=1
tot3_1907,totalistic_3state,,3,500,375,125,375,125,discovered,15.61,792.48,0.0197,12.066,CTX_X nr=1 d=1 perm=(0) out=R0 L=1
tot3_1908,totalistic_3state,,3,500,375,125,375,125,discovered,15.03,792.48,0.0190,10.088,"DARY d=2 ISZERO(R1,R0) init=0"
tot3_1909,totalistic_3state,,3,500,375,125,375,125,discovered,32.43,792.48,0.0409,42.783,CTX_X nr=1 d=3 perm=(2) out=R0 L=3
tot3_1910,totalistic_3state,,3,500,375,125,375,125,discovered,28.84,792.48,0.0364,11.676,CTX_X nr=1 d=1 perm=(0) out=R0 L=3
tot3_1911,totalistic_3state,,3,500,375,125,375,125,discovered,13.45,792.48,0.0170,10.209,"DARY d=2 LOAD(R0,1) init=0"
tot3_1912,totalistic_3state,,3,500,375,125,375,125,discovered,13.45,792.48,0.0170,10.209,"DARY d=2 LOAD(R0,1) init=0"
tot3_1913,totalistic_3state,,3,500,375,125,375,125,discovered,13.45,792.48,0.0170,10.203,"DARY d=2 LOAD(R0,1) init=0"
tot3_1914,totalistic_3state,,3,500,375,125,375,125,discovered,15.61,792.48,0.0197,12.036,CTX_X nr=1 d=1 perm=(0) out=R0 L=1
tot3_1915,totalistic_3state,,3,500,375,125,375,125,discovered,15.61,792.48,0.0197,12.131,CTX_X nr=1 d=1 perm=(0) out=R0 L=1
tot3_1916,totalistic_3state,,3,500,375,125,375,125,discovered,15.61,792.48,0.0197,12.423,CTX_X nr=1 d=1 perm=(0) out=R0 L=1
tot3_1917,totalistic_3state,,3,500,375,125,375,125,discovered,15.03,792.48,0.0190,10.091,"DARY d=2 ISZERO(R1,R0) init=0"
tot3_1918,totalistic_3state,,3,500,375,125,375,125,discovered,44.91,792.48,0.0567,42.669,"CTX_X nr=2 d=4 perm=(2,3) out=R0 L=3"
tot3_1919,totalistic_3state,,3,500,375,125,375,125,discovered,32.43,792.48,0.0409,42.051,CTX_X nr=1 d=3 perm=(0) out=R0 L=3
tot3_1920,totalistic_3state,,3,500,375,125,375,125,discovered,39.34,792.48,0.0496,16.529,"CTX_X nr=2 d=2 perm=(0,1) out=R0 L=3"
tot3_1921,totalistic_3state,,3,500,375,125,375,125,discovered,17.86,792.48,0.0225,16.818,CTX_X nr=1 d=2 perm=(0) out=R0 L=1
tot3_1922,totalistic_3state,,3,500,375,125,375,125,discovered,17.86,792.48,0.0225,16.486,CTX_X nr=1 d=2 perm=(0) out=R0 L=1
tot3_1923,totalistic_3state,,3,500,375,125,375,125,discovered,15.61,792.48,0.0197,11.849,CTX_X nr=1 d=1 perm=(0) out=R0 L=1
tot3_1924,totalistic_3state,,3,500,375,125,375,125,discovered,15.61,792.48,0.0197,12.417,CTX_X nr=1 d=1 perm=(0) out=R0 L=1
tot3_1925,totalistic_3state,,3,500,375,125,375,125,discovered,15.61,792.48,0.0197,12.047,CTX_X nr=1 d=1 perm=(0) out=R0 L=1
tot3_1926,totalistic_3state,,3,500,375,125,375,125,discovered,15.03,792.48,0.0190,10.091,"DARY d=2 ISZERO(R1,R0) init=0"
tot3_1927,totalistic_3state,,3,500,375,125,375,125,discovered,36.55,792.48,0.0461,42.343,"CTX_X nr=2 d=4 perm=(1,3) out=R0 L=2"
tot3_1928,totalistic_3state,,3,500,375,125,375,125,discovered,28.84,792.48,0.0364,11.763,CTX_X nr=1 d=1 perm=(0) out=R0 L=3
tot3_1929,totalistic_3state,,3,500,375,125,375,125,discovered,17.86,792.48,0.0225,17.017,CTX_X nr=1 d=2 perm=(0) out=R0 L=1
tot3_1930,totalistic_3state,,3,500,375,125,375,125,discovered,17.86,792.48,0.0225,15.881,CTX_X nr=1 d=2 perm=(0) out=R0 L=1
tot3_1931,totalistic_3state,,3,500,375,125,375,125,discovered,17.86,792.48,0.0225,17.504,CTX_X nr=1 d=2 perm=(0) out=R0 L=1
tot3_1932,totalistic_3state,,3,500,375,125,375,125,discovered,15.61,792.48,0.0197,11.977,CTX_X nr=1 d=1 perm=(0) out=R0 L=1
tot3_1933,totalistic_3state,,3,500,375,125,375,125,discovered,15.61,792.48,0.0197,11.293,CTX_X nr=1 d=1 perm=(0) out=R0 L=1
tot3_1934,totalistic_3state,,3,500,375,125,375,125,discovered,15.61,792.48,0.0197,11.914,CTX_X nr=1 d=1 perm=(0) out=R0 L=1
tot3_1935,totalistic_3state,,3,500,375,125,375,125,discovered,15.03,792.48,0.0190,10.089,"DARY d=2 ISZERO(R1,R0) init=0"
tot3_1936,totalistic_3state,,3,500,375,125,375,125,discovered,32.43,792.48,0.0409,43.830,CTX_X nr=1 d=3 perm=(2) out=R0 L=3
tot3_1937,totalistic_3state,,3,500,375,125,375,125,discovered,28.84,792.48,0.0364,11.437,CTX_X nr=1 d=1 perm=(0) out=R0 L=3
tot3_1938,totalistic_3state,,3,500,375,125,375,125,discovered,17.86,792.48,0.0225,17.127,CTX_X nr=1 d=2 perm=(0) out=R0 L=1
tot3_1939,totalistic_3state,,3,500,375,125,375,125,discovered,17.86,792.48,0.0225,16.622,CTX_X nr=1 d=2 perm=(0) out=R0 L=1
tot3_1940,totalistic_3state,,3,500,375,125,375,125,discovered,17.86,792.48,0.0225,16.832,CTX_X nr=1 d=2 perm=(0) out=R0 L=1
tot3_1941,totalistic_3state,,3,500,375,125,375,125,discovered,15.61,792.48,0.0197,11.798,CTX_X nr=1 d=1 perm=(0) out=R0 L=1
tot3_1942,totalistic_3state,,3,500,375,125,375,125,discovered,15.61,792.48,0.0197,12.184,CTX_X nr=1 d=1 perm=(0) out=R0 L=1
tot3_1943,totalistic_3state,,3,500,375,125,375,125,discovered,15.61,792.48,0.0197,12.222,CTX_X nr=1 d=1 perm=(0) out=R0 L=1
tot3_1944,totalistic_3state,,3,500,375,125,375,125,discovered,15.03,792.48,0.0190,10.085,"DARY d=2 ISZERO(R1,R0) init=0"
tot3_1945,totalistic_3state,,3,500,375,125,375,125,discovered,15.61,792.48,0.0197,12.388,CTX_X nr=1 d=1 perm=(0) out=R0 L=1
tot3_1946,totalistic_3state,,3,500,375,125,375,125,discovered,101.72,792.48,0.1284,271.546,NESTED_LOOP L=5
tot3_1947,totalistic_3state,,3,500,375,125,375,125,discovered,15.70,792.48,0.0198,21.294,DARY d=2 DEC(R0) init=2
tot3_1948,totalistic_3state,,3,500,375,125,375,125,discovered,17.86,792.48,0.0225,16.496,CTX_X nr=1 d=2 perm=(1) out=R0 L=1
tot3_1949,totalistic_3state,,3,500,375,125,375,125,discovered,101.72,792.48,0.1284,293.862,NESTED_LOOP L=5
tot3_1950,totalistic_3state,,3,500,375,125,375,125,discovered,24.73,792.48,0.0312,19.220,CTX_X nr=1 d=2 perm=(0) out=R0 L=2
tot3_1951,totalistic_3state,,3,500,375,125,13,0,neither,53.82,792.48,0.0679,600.055,STEP off=58 halt=0
tot3_1952,totalistic_3state,,3,500,375,125,375,125,discovered,15.61,792.48,0.0197,15.202,CTX_X nr=1 d=1 perm=(0) out=R0 L=1
tot3_1953,totalistic_3state,,3,500,375,125,375,125,discovered,15.03,792.48,0.0190,10.093,"DARY d=2 ISZERO(R1,R0) init=0"
tot3_1954,totalistic_3state,,3,500,375,125,375,125,discovered,15.61,792.48,0.0197,13.578,CTX_X nr=1 d=1 perm=(0) out=R0 L=1
tot3_1955,totalistic_3state,,3,500,375,125,375,125,discovered,82.15,792.48,0.1037,426.306,NESTED_LOOP L=4
tot3_1956,totalistic_3state,,3,500,375,125,375,125,discovered,46.78,792.48,0.0590,13.881,FUNC_L d=4
tot3_1957,totalistic_3state,,3,500,375,125,375,125,discovered,17.86,792.48,0.0225,17.756,CTX_X nr=1 d=2 perm=(1) out=R0 L=1
tot3_1958,totalistic_3state,,3,500,375,125,17,0,neither,54.97,792.48,0.0694,600.074,STEP off=62 halt=1
tot3_1959,totalistic_3state,,3,500,375,125,14,0,neither,62.00,792.48,0.0782,600.053,STEP off=130 halt=27
tot3_1960,totalistic_3state,,3,500,375,125,13,0,neither,56.88,792.48,0.0718,600.031,STEP off=53 halt=7
tot3_1961,totalistic_3state,,3,500,375,125,375,125,discovered,15.61,792.48,0.0197,12.290,CTX_X nr=1 d=1 perm=(0) out=R0 L=1
tot3_1962,totalistic_3state,,3,500,375,125,375,125,discovered,15.03,792.48,0.0190,10.092,"DARY d=2 ISZERO(R1,R0) init=0"
tot3_1963,totalistic_3state,,3,500,375,125,375,125,discovered,27.30,792.48,0.0344,42.244,CTX_X nr=1 d=4 perm=(3) out=R0 L=2
tot3_1964,totalistic_3state,,3,500,375,125,375,125,discovered,28.84,792.48,0.0364,11.995,CTX_X nr=1 d=1 perm=(0) out=R0 L=3
tot3_1965,totalistic_3state,,3,500,375,125,375,125,discovered,33.66,792.48,0.0425,43.121,CTX_X nr=1 d=4 perm=(0) out=R0 L=3
tot3_1966,totalistic_3state,,3,500,375,125,375,125,discovered,17.86,792.48,0.0225,16.589,CTX_X nr=1 d=2 perm=(1) out=R0 L=1
tot3_1967,totalistic_3state,,3,500,375,125,375,125,discovered,31.09,792.48,0.0392,16.322,CTX_X nr=1 d=2 perm=(1) out=R0 L=3
tot3_1968,totalistic_3state,,3,500,375,125,375,125,discovered,15.61,792.48,0.0197,13.479,CTX_X nr=1 d=1 perm=(0) out=R0 L=1
tot3_1969,totalistic_3state,,3,500,375,125,375,125,discovered,15.61,792.48,0.0197,12.037,CTX_X nr=1 d=1 perm=(0) out=R0 L=1
tot3_1970,totalistic_3state,,3,500,375,125,375,125,discovered,15.61,792.48,0.0197,11.909,CTX_X nr=1 d=1 perm=(0) out=R0 L=1
tot3_1971,totalistic_3state,,3,500,375,125,375,125,discovered,15.03,792.48,0.0190,10.089,"DARY d=2 ISZERO(R1,R0) init=0"
tot3_1972,totalistic_3state,,3,500,375,125,375,125,discovered,64.81,792.48,0.0818,205.857,NESTED_LOOP L=3
tot3_1973,totalistic_3state,,3,500,375,125,375,125,discovered,101.72,792.48,0.1284,272.578,NESTED_LOOP L=5
tot3_1974,totalistic_3state,,3,500,375,125,375,125,discovered,13.45,792.48,0.0170,10.205,"DARY d=2 LOAD(R0,1) init=0"
tot3_1975,totalistic_3state,,3,500,375,125,375,125,discovered,13.45,792.48,0.0170,10.210,"DARY d=2 LOAD(R0,1) init=0"
tot3_1976,totalistic_3state,,3,500,375,125,375,125,discovered,13.45,792.48,0.0170,10.196,"DARY d=2 LOAD(R0,1) init=0"
tot3_1977,totalistic_3state,,3,500,375,125,375,125,discovered,24.73,792.48,0.0312,16.926,CTX_X nr=1 d=2 perm=(0) out=R0 L=2
tot3_1978,totalistic_3state,,3,500,375,125,15,0,neither,52.49,792.48,0.0662,600.066,STEP off=32 halt=1
tot3_1979,totalistic_3state,,3,500,375,125,375,125,discovered,15.61,792.48,0.0197,15.203,CTX_X nr=1 d=1 perm=(0) out=R0 L=1
tot3_1980,totalistic_3state,,3,500,375,125,375,125,discovered,15.03,792.48,0.0190,10.204,"DARY d=2 ISZERO(R1,R0) init=0"
tot3_1981,totalistic_3state,,3,500,375,125,375,125,discovered,20.43,792.48,0.0258,42.818,CTX_X nr=1 d=4 perm=(0) out=R0 L=1
tot3_1982,totalistic_3state,,3,500,375,125,375,125,discovered,41.34,792.48,0.0522,17.454,"CTX_X nr=2 d=2 perm=(0,1) out=R0 L=3"
tot3_1983,totalistic_3state,,3,500,375,125,375,125,discovered,13.45,792.48,0.0170,10.208,"DARY d=2 LOAD(R0,1) init=0"
tot3_1984,totalistic_3state,,3,500,375,125,375,125,discovered,13.45,792.48,0.0170,10.207,"DARY d=2 LOAD(R0,1) init=0"
tot3_1985,totalistic_3state,,3,500,375,125,375,125,discovered,13.45,792.48,0.0170,10.214,"DARY d=2 LOAD(R0,1) init=0"
tot3_1986,totalistic_3state,,3,500,375,125,10,0,neither,55.05,792.48,0.0695,600.031,STEP off=41 halt=1
tot3_1987,totalistic_3state,,3,500,375,125,375,125,discovered,33.90,792.48,0.0428,43.597,"CTX_X nr=2 d=3 perm=(0,1) out=R0 L=2"
tot3_1988,totalistic_3state,,3,500,375,125,375,125,discovered,15.61,792.48,0.0197,16.871,CTX_X nr=1 d=1 perm=(0) out=R0 L=1
tot3_1989,totalistic_3state,,3,500,375,125,375,125,discovered,15.03,792.48,0.0190,10.090,"DARY d=2 ISZERO(R1,R0) init=0"
tot3_1990,totalistic_3state,,3,500,375,125,13,0,neither,54.98,792.48,0.0694,600.056,STEP off=164 halt=0
tot3_1991,totalistic_3state,,3,500,375,125,375,125,discovered,28.84,792.48,0.0364,18.676,CTX_X nr=1 d=1 perm=(0) out=R0 L=3
tot3_1992,totalistic_3state,,3,500,375,125,12,0,neither,37.09,792.48,0.0468,600.045,FUNC d=3
tot3_1993,totalistic_3state,,3,500,375,125,375,125,discovered,13.45,792.48,0.0170,10.247,"DARY d=2 LOAD(R0,1) init=0"
tot3_1994,totalistic_3state,,3,500,375,125,14,0,neither,61.02,792.48,0.0770,600.059,STEP off=126 halt=8
tot3_1995,totalistic_3state,,3,500,375,125,375,125,discovered,15.61,792.48,0.0197,12.742,CTX_X nr=1 d=1 perm=(0) out=R0 L=1
tot3_1996,totalistic_3state,,3,500,375,125,15,0,neither,56.73,792.48,0.0716,600.048,STEP off=145 halt=1
tot3_1997,totalistic_3state,,3,500,375,125,375,125,discovered,15.61,792.48,0.0197,12.158,CTX_X nr=1 d=1 perm=(0) out=R0 L=1
tot3_1998,totalistic_3state,,3,500,375,125,375,125,discovered,15.03,792.48,0.0190,10.084,"DARY d=2 ISZERO(R1,R0) init=0"
tot3_1999,totalistic_3state,,3,500,375,125,12,0,neither,59.76,792.48,0.0754,600.054,STEP off=215 halt=2
tot3_2000,totalistic_3state,,3,500,375,125,375,125,discovered,101.72,792.48,0.1284,271.650,NESTED_LOOP L=5
tot3_2001,totalistic_3state,,3,500,375,125,375,125,discovered,24.73,792.48,0.0312,16.229,CTX_X nr=1 d=2 perm=(1) out=R0 L=2
tot3_2002,totalistic_3state,,3,500,375,125,375,125,discovered,17.86,792.48,0.0225,16.679,CTX_X nr=1 d=2 perm=(0) out=R0 L=1
tot3_2003,totalistic_3state,,3,500,375,125,13,0,neither,54.85,792.48,0.0692,600.059,STEP off=94 halt=0
tot3_2004,totalistic_3state,,3,500,375,125,375,125,discovered,24.73,792.48,0.0312,20.480,CTX_X nr=1 d=2 perm=(0) out=R0 L=2
tot3_2005,totalistic_3state,,3,500,375,125,14,0,neither,59.13,792.48,0.0746,600.060,ITER_L d=4
tot3_2006,totalistic_3state,,3,500,375,125,375,125,discovered,15.61,792.48,0.0197,22.680,CTX_X nr=1 d=1 perm=(0) out=R0 L=1
tot3_2007,totalistic_3state,,3,500,375,125,375,125,discovered,15.03,792.48,0.0190,10.178,"DARY d=2 ISZERO(R1,R0) init=0"
tot3_2008,totalistic_3state,,3,500,375,125,375,125,discovered,27.30,792.48,0.0344,43.964,CTX_X nr=1 d=4 perm=(3) out=R0 L=2
tot3_2009,totalistic_3state,,3,500,375,125,14,0,neither,57.17,792.48,0.0721,600.055,STEP off=36 halt=5
tot3_2010,totalistic_3state,,3,500,375,125,12,0,neither,53.41,792.48,0.0674,600.065,STEP off=48 halt=1
tot3_2011,totalistic_3state,,3,500,375,125,375,125,discovered,17.86,792.48,0.0225,20.263,CTX_X nr=1 d=2 perm=(0) out=R0 L=1
tot3_2012,totalistic_3state,,3,500,375,125,22,0,neither,53.04,792.48,0.0669,600.064,STEP off=103 halt=0
tot3_2013,totalistic_3state,,3,500,375,125,12,0,neither,47.16,792.48,0.0595,600.104,STEP off=8 halt=0
tot3_2014,totalistic_3state,,3,500,375,125,15,0,neither,57.04,792.48,0.0720,600.061,STEP off=169 halt=0
tot3_2015,totalistic_3state,,3,500,375,125,375,125,discovered,15.61,792.48,0.0197,13.793,CTX_X nr=1 d=1 perm=(0) out=R0 L=1
tot3_2016,totalistic_3state,,3,500,375,125,375,125,discovered,15.03,792.48,0.0190,10.107,"DARY d=2 ISZERO(R1,R0) init=0"
tot3_2017,totalistic_3state,,3,500,375,125,15,0,neither,59.33,792.48,0.0749,600.031,STEP off=78 halt=6
tot3_2018,totalistic_3state,,3,500,375,125,375,125,discovered,28.84,792.48,0.0364,12.210,CTX_X nr=1 d=1 perm=(0) out=R0 L=3
tot3_2019,totalistic_3state,,3,500,375,125,375,125,discovered,17.86,792.48,0.0225,18.101,CTX_X nr=1 d=2 perm=(0) out=R0 L=1
tot3_2020,totalistic_3state,,3,500,375,125,375,125,discovered,17.86,792.48,0.0225,17.371,CTX_X nr=1 d=2 perm=(0) out=R0 L=1
tot3_2021,totalistic_3state,,3,500,375,125,375,125,discovered,17.86,792.48,0.0225,16.931,CTX_X nr=1 d=2 perm=(0) out=R0 L=1
tot3_2022,totalistic_3state,,3,500,375,125,375,125,discovered,15.61,792.48,0.0197,11.992,CTX_X nr=1 d=1 perm=(0) out=R0 L=1
tot3_2023,totalistic_3state,,3,500,375,125,375,125,discovered,15.61,792.48,0.0197,12.148,CTX_X nr=1 d=1 perm=(0) out=R0 L=1
tot3_2024,totalistic_3state,,3,500,375,125,375,125,discovered,15.61,792.48,0.0197,12.475,CTX_X nr=1 d=1 perm=(0) out=R0 L=1
tot3_2025,totalistic_3state,,3,500,375,125,375,125,discovered,15.03,792.48,0.0190,10.090,"DARY d=2 ISZERO(R1,R0) init=0"
tot3_2026,totalistic_3state,,3,500,375,125,375,125,discovered,15.61,792.48,0.0197,11.993,CTX_X nr=1 d=1 perm=(0) out=R0 L=1
tot3_2027,totalistic_3state,,3,500,375,125,14,0,neither,53.41,792.48,0.0674,600.045,STEP off=31 halt=1
tot3_2028,totalistic_3state,,3,500,375,125,375,125,discovered,15.70,792.48,0.0198,22.651,DARY d=2 DEC(R0) init=2
tot3_2029,totalistic_3state,,3,500,375,125,375,125,discovered,17.86,792.48,0.0225,17.106,CTX_X nr=1 d=2 perm=(1) out=R0 L=1
tot3_2030,totalistic_3state,,3,500,375,125,13,0,neither,63.55,792.48,0.0802,600.048,STEP off=237 halt=14
tot3_2031,totalistic_3state,,3,500,375,125,375,125,discovered,27.03,792.48,0.0341,42.102,"CTX_X nr=2 d=3 perm=(1,2) out=R0 L=1"
tot3_2032,totalistic_3state,,3,500,375,125,13,0,neither,50.68,792.48,0.0640,600.047,STEP off=10 halt=3
tot3_2033,totalistic_3state,,3,500,375,125,375,125,discovered,15.61,792.48,0.0197,12.240,CTX_X nr=1 d=1 perm=(0) out=R0 L=1
tot3_2034,totalistic_3state,,3,500,375,125,375,125,discovered,15.03,792.48,0.0190,10.091,"DARY d=2 ISZERO(R1,R0) init=0"
tot3_2035,totalistic_3state,,3,500,375,125,375,125,discovered,15.61,792.48,0.0197,11.807,CTX_X nr=1 d=1 perm=(0) out=R0 L=1
tot3_2036,totalistic_3state,,3,500,375,125,16,0,neither,57.98,792.48,0.0732,600.050,ITER_L d=5
tot3_2037,totalistic_3state,,3,500,375,125,375,125,discovered,46.78,792.48,0.0590,12.572,FUNC_L d=4
tot3_2038,totalistic_3state,,3,500,375,125,375,125,discovered,17.86,792.48,0.0225,16.886,CTX_X nr=1 d=2 perm=(1) out=R0 L=1
tot3_2039,totalistic_3state,,3,500,375,125,13,0,neither,63.36,792.48,0.0800,600.047,STEP off=67 halt=37
tot3_2040,totalistic_3state,,3,500,375,125,14,0,neither,57.42,792.48,0.0725,600.043,STEP off=205 halt=1
tot3_2041,totalistic_3state,,3,500,375,125,12,0,neither,54.58,792.48,0.0689,600.049,STEP off=30 halt=2
tot3_2042,totalistic_3state,,3,500,375,125,375,125,discovered,15.61,792.48,0.0197,12.058,CTX_X nr=1 d=1 perm=(0) out=R0 L=1
tot3_2043,totalistic_3state,,3,500,375,125,375,125,discovered,15.03,792.48,0.0190,10.084,"DARY d=2 ISZERO(R1,R0) init=0"
tot3_2044,totalistic_3state,,3,500,375,125,19,0,neither,57.47,792.48,0.0725,600.051,STEP off=211 halt=1
tot3_2045,totalistic_3state,,3,500,375,125,375,125,discovered,28.84,792.48,0.0364,11.687,CTX_X nr=1 d=1 perm=(0) out=R0 L=3
tot3_2046,totalistic_3state,,3,500,375,125,12,0,neither,39.09,792.48,0.0493,600.062,ITER d=3
tot3_2047,totalistic_3state,,3,500,375,125,375,125,discovered,17.86,792.48,0.0225,16.725,CTX_X nr=1 d=2 perm=(1) out=R0 L=1
tot3_2048,totalistic_3state,,3,500,375,125,10,0,neither,42.09,792.48,0.0531,600.053,ITER d=3
tot3_2049,totalistic_3state,,3,500,375,125,14,0,neither,60.98,792.48,0.0769,600.056,STEP off=96 halt=10
tot3_2050,totalistic_3state,,3,500,375,125,10,0,neither,49.46,792.48,0.0624,600.044,STEP off=6 halt=1
tot3_2051,totalistic_3state,,3,500,375,125,375,125,discovered,15.61,792.48,0.0197,13.173,CTX_X nr=1 d=1 perm=(0) out=R0 L=1
tot3_2052,totalistic_3state,,3,500,375,125,375,125,discovered,15.03,792.48,0.0190,10.089,"DARY d=2 ISZERO(R1,R0) init=0"
tot3_2053,totalistic_3state,,3,500,375,125,375,125,discovered,64.81,792.48,0.0818,207.161,NESTED_LOOP L=3
tot3_2054,totalistic_3state,,3,500,375,125,375,125,discovered,39.09,792.48,0.0493,16.603,ITER d=3
tot3_2055,totalistic_3state,,3,500,375,125,375,125,discovered,13.45,792.48,0.0170,10.197,"DARY d=2 LOAD(R0,1) init=0"
tot3_2056,totalistic_3state,,3,500,375,125,375,125,discovered,13.45,792.48,0.0170,10.212,"DARY d=2 LOAD(R0,1) init=0"
tot3_2057,totalistic_3state,,3,500,375,125,375,125,discovered,13.45,792.48,0.0170,10.213,"DARY d=2 LOAD(R0,1) init=0"
tot3_2058,totalistic_3state,,3,500,375,125,13,0,neither,53.23,792.48,0.0672,600.082,STEP off=70 halt=0
tot3_2059,totalistic_3state,,3,500,375,125,375,125,discovered,15.61,792.48,0.0197,22.773,CTX_X nr=1 d=1 perm=(0) out=R0 L=1
tot3_2060,totalistic_3state,,3,500,375,125,375,125,discovered,15.61,792.48,0.0197,19.182,CTX_X nr=1 d=1 perm=(0) out=R0 L=1
tot3_2061,totalistic_3state,,3,500,375,125,375,125,discovered,15.03,792.48,0.0190,10.153,"DARY d=2 ISZERO(R1,R0) init=0"
tot3_2062,totalistic_3state,,3,500,375,125,375,125,discovered,20.43,792.48,0.0258,49.164,CTX_X nr=1 d=4 perm=(0) out=R0 L=1
tot3_2063,totalistic_3state,,3,500,375,125,375,125,discovered,24.73,792.48,0.0312,27.037,CTX_X nr=1 d=2 perm=(1) out=R0 L=2
tot3_2064,totalistic_3state,,3,500,375,125,375,125,discovered,13.45,792.48,0.0170,10.341,"DARY d=2 LOAD(R0,1) init=0"
tot3_2065,totalistic_3state,,3,500,375,125,375,125,discovered,13.45,792.48,0.0170,10.342,"DARY d=2 LOAD(R0,1) init=0"
tot3_2066,totalistic_3state,,3,500,375,125,375,125,discovered,13.45,792.48,0.0170,10.341,"DARY d=2 LOAD(R0,1) init=0"
tot3_2067,totalistic_3state,,3,500,375,125,375,125,discovered,31.98,792.48,0.0404,26.877,"CTX_X nr=2 d=2 perm=(0,1) out=R0 L=2"
tot3_2068,totalistic_3state,,3,500,375,125,375,125,discovered,15.61,792.48,0.0197,19.114,CTX_X nr=1 d=1 perm=(0) out=R0 L=1
tot3_2069,totalistic_3state,,3,500,375,125,375,125,discovered,15.61,792.48,0.0197,19.382,CTX_X nr=1 d=1 perm=(0) out=R0 L=1
tot3_2070,totalistic_3state,,3,500,375,125,375,125,discovered,15.03,792.48,0.0190,10.159,"DARY d=2 ISZERO(R1,R0) init=0"
tot3_2071,totalistic_3state,,3,500,375,125,375,125,discovered,32.43,792.48,0.0409,48.937,CTX_X nr=1 d=3 perm=(2) out=R0 L=3
tot3_2072,totalistic_3state,,3,500,375,125,375,125,discovered,28.84,792.48,0.0364,20.731,CTX_X nr=1 d=1 perm=(0) out=R0 L=3
tot3_2073,totalistic_3state,,3,500,375,125,375,125,discovered,20.43,792.48,0.0258,55.686,CTX_X nr=1 d=4 perm=(0) out=R0 L=1
tot3_2074,totalistic_3state,,3,500,375,125,375,125,discovered,13.45,792.48,0.0170,10.410,"DARY d=2 LOAD(R0,1) init=0"
tot3_2075,totalistic_3state,,3,500,375,125,375,125,discovered,13.45,792.48,0.0170,10.432,"DARY d=2 LOAD(R0,1) init=0"
tot3_2076,totalistic_3state,,3,500,375,125,375,125,discovered,19.20,792.48,0.0242,56.495,CTX_X nr=1 d=3 perm=(2) out=R0 L=1
tot3_2077,totalistic_3state,,3,500,375,125,375,125,discovered,15.61,792.48,0.0197,23.044,CTX_X nr=1 d=1 perm=(0) out=R0 L=1
tot3_2078,totalistic_3state,,3,500,375,125,375,125,discovered,15.61,792.48,0.0197,23.213,CTX_X nr=1 d=1 perm=(0) out=R0 L=1
tot3_2079,totalistic_3state,,3,500,375,125,375,125,discovered,15.03,792.48,0.0190,10.178,"DARY d=2 ISZERO(R1,R0) init=0"
tot3_2080,totalistic_3state,,3,500,375,125,11,0,neither,55.74,792.48,0.0703,600.056,STEP off=17 halt=4
tot3_2081,totalistic_3state,,3,500,375,125,375,125,discovered,44.26,792.48,0.0559,50.731,"CTX_X nr=2 d=3 perm=(0,1) out=R0 L=3"
tot3_2082,totalistic_3state,,3,500,375,125,12,0,neither,53.56,792.48,0.0676,600.094,STEP off=33 halt=0
tot3_2083,totalistic_3state,,3,500,375,125,375,125,discovered,17.86,792.48,0.0225,32.791,CTX_X nr=1 d=2 perm=(0) out=R0 L=1
tot3_2084,totalistic_3state,,3,500,375,125,375,125,discovered,35.90,792.48,0.0453,52.110,"CTX_X nr=2 d=3 perm=(0,1) out=R0 L=2"
tot3_2085,totalistic_3state,,3,500,375,125,375,125,discovered,20.43,792.48,0.0258,49.299,CTX_X nr=1 d=4 perm=(0) out=R0 L=1
tot3_2086,totalistic_3state,,3,500,375,125,375,125,discovered,15.61,792.48,0.0197,20.576,CTX_X nr=1 d=1 perm=(0) out=R0 L=1
tot3_2087,totalistic_3state,,3,500,375,125,375,125,discovered,15.61,792.48,0.0197,22.343,CTX_X nr=1 d=1 perm=(0) out=R0 L=1
tot3_2088,totalistic_3state,,3,500,375,125,375,125,discovered,15.03,792.48,0.0190,10.147,"DARY d=2 ISZERO(R1,R0) init=0"
tot3_2089,totalistic_3state,,3,500,375,125,375,125,discovered,27.30,792.48,0.0344,51.354,CTX_X nr=1 d=4 perm=(3) out=R0 L=2
tot3_2090,totalistic_3state,,3,500,375,125,375,125,discovered,24.73,792.48,0.0312,34.009,CTX_X nr=1 d=2 perm=(0) out=R0 L=2
tot3_2091,totalistic_3state,,3,500,375,125,375,125,discovered,35.90,792.48,0.0453,55.198,"CTX_X nr=2 d=3 perm=(0,1) out=R0 L=2"
tot3_2092,totalistic_3state,,3,500,375,125,375,125,discovered,17.86,792.48,0.0225,28.876,CTX_X nr=1 d=2 perm=(0) out=R0 L=1
tot3_2093,totalistic_3state,,3,500,375,125,375,125,discovered,35.90,792.48,0.0453,49.710,"CTX_X nr=2 d=3 perm=(0,1) out=R0 L=2"
tot3_2094,totalistic_3state,,3,500,375,125,375,125,discovered,20.43,792.48,0.0258,50.352,CTX_X nr=1 d=4 perm=(0) out=R0 L=1
tot3_2095,totalistic_3state,,3,500,375,125,375,125,discovered,15.61,792.48,0.0197,21.279,CTX_X nr=1 d=1 perm=(0) out=R0 L=1
tot3_2096,totalistic_3state,,3,500,375,125,375,125,discovered,15.61,792.48,0.0197,22.965,CTX_X nr=1 d=1 perm=(0) out=R0 L=1
tot3_2097,totalistic_3state,,3,500,375,125,375,125,discovered,15.03,792.48,0.0190,10.175,"DARY d=2 ISZERO(R1,R0) init=0"
tot3_2098,totalistic_3state,,3,500,375,125,375,125,discovered,27.30,792.48,0.0344,48.507,CTX_X nr=1 d=4 perm=(3) out=R0 L=2
tot3_2099,totalistic_3state,,3,500,375,125,375,125,discovered,28.84,792.48,0.0364,18.582,CTX_X nr=1 d=1 perm=(0) out=R0 L=3
tot3_2100,totalistic_3state,,3,500,375,125,375,125,discovered,17.86,792.48,0.0225,29.029,CTX_X nr=1 d=2 perm=(0) out=R0 L=1
tot3_2101,totalistic_3state,,3,500,375,125,375,125,discovered,17.86,792.48,0.0225,27.923,CTX_X nr=1 d=2 perm=(0) out=R0 L=1
tot3_2102,totalistic_3state,,3,500,375,125,375,125,discovered,35.90,792.48,0.0453,49.415,"CTX_X nr=2 d=3 perm=(0,1) out=R0 L=2"
tot3_2103,totalistic_3state,,3,500,375,125,375,125,discovered,20.43,792.48,0.0258,48.986,CTX_X nr=1 d=4 perm=(0) out=R0 L=1
tot3_2104,totalistic_3state,,3,500,375,125,375,125,discovered,15.61,792.48,0.0197,20.000,CTX_X nr=1 d=1 perm=(0) out=R0 L=1
tot3_2105,totalistic_3state,,3,500,375,125,375,125,discovered,15.61,792.48,0.0197,19.721,CTX_X nr=1 d=1 perm=(0) out=R0 L=1
tot3_2106,totalistic_3state,,3,500,375,125,375,125,discovered,15.03,792.48,0.0190,10.196,"DARY d=2 ISZERO(R1,R0) init=0"
tot3_2107,totalistic_3state,,3,500,375,125,375,125,discovered,15.61,792.48,0.0197,19.856,CTX_X nr=1 d=1 perm=(0) out=R0 L=1
tot3_2108,totalistic_3state,,3,500,375,125,375,125,discovered,32.43,792.48,0.0409,49.064,CTX_X nr=1 d=3 perm=(0) out=R0 L=3
tot3_2109,totalistic_3state,,3,500,375,125,375,125,discovered,15.70,792.48,0.0198,35.773,DARY d=2 DEC(R0) init=2
tot3_2110,totalistic_3state,,3,500,375,125,375,125,discovered,17.86,792.48,0.0225,27.526,CTX_X nr=1 d=2 perm=(1) out=R0 L=1
tot3_2111,totalistic_3state,,3,500,375,125,375,125,discovered,31.09,792.48,0.0392,29.179,CTX_X nr=1 d=2 perm=(1) out=R0 L=3
tot3_2112,totalistic_3state,,3,500,375,125,375,125,discovered,15.61,792.48,0.0197,19.062,CTX_X nr=1 d=1 perm=(0) out=R0 L=1
tot3_2113,totalistic_3state,,3,500,375,125,375,125,discovered,15.61,792.48,0.0197,18.648,CTX_X nr=1 d=1 perm=(0) out=R0 L=1
tot3_2114,totalistic_3state,,3,500,375,125,375,125,discovered,15.61,792.48,0.0197,19.565,CTX_X nr=1 d=1 perm=(0) out=R0 L=1
tot3_2115,totalistic_3state,,3,500,375,125,375,125,discovered,15.03,792.48,0.0190,10.146,"DARY d=2 ISZERO(R1,R0) init=0"
tot3_2116,totalistic_3state,,3,500,375,125,375,125,discovered,15.61,792.48,0.0197,19.473,CTX_X nr=1 d=1 perm=(0) out=R0 L=1
tot3_2117,totalistic_3state,,3,500,375,125,375,125,discovered,28.84,792.48,0.0364,20.882,CTX_X nr=1 d=1 perm=(0) out=R0 L=3
tot3_2118,totalistic_3state,,3,500,375,125,375,125,discovered,46.78,792.48,0.0590,21.861,FUNC_L d=4
tot3_2119,totalistic_3state,,3,500,375,125,375,125,discovered,17.86,792.48,0.0225,28.392,CTX_X nr=1 d=2 perm=(1) out=R0 L=1
tot3_2120,totalistic_3state,,3,500,375,125,375,125,discovered,31.09,792.48,0.0392,27.860,CTX_X nr=1 d=2 perm=(1) out=R0 L=3
tot3_2121,totalistic_3state,,3,500,375,125,375,125,discovered,15.61,792.48,0.0197,20.046,CTX_X nr=1 d=1 perm=(0) out=R0 L=1
tot3_2122,totalistic_3state,,3,500,375,125,375,125,discovered,15.61,792.48,0.0197,20.455,CTX_X nr=1 d=1 perm=(0) out=R0 L=1
tot3_2123,totalistic_3state,,3,500,375,125,375,125,discovered,15.61,792.48,0.0197,20.477,CTX_X nr=1 d=1 perm=(0) out=R0 L=1
tot3_2124,totalistic_3state,,3,500,375,125,375,125,discovered,15.03,792.48,0.0190,10.146,"DARY d=2 ISZERO(R1,R0) init=0"
tot3_2125,totalistic_3state,,3,500,375,125,375,125,discovered,27.30,792.48,0.0344,49.486,CTX_X nr=1 d=4 perm=(3) out=R0 L=2
tot3_2126,totalistic_3state,,3,500,375,125,375,125,discovered,28.84,792.48,0.0364,19.899,CTX_X nr=1 d=1 perm=(0) out=R0 L=3
tot3_2127,totalistic_3state,,3,500,375,125,375,125,discovered,31.09,792.48,0.0392,26.357,CTX_X nr=1 d=2 perm=(1) out=R0 L=3
tot3_2128,totalistic_3state,,3,500,375,125,375,125,discovered,17.86,792.48,0.0225,29.155,CTX_X nr=1 d=2 perm=(1) out=R0 L=1
tot3_2129,totalistic_3state,,3,500,375,125,375,125,discovered,31.09,792.48,0.0392,27.566,CTX_X nr=1 d=2 perm=(1) out=R0 L=3
tot3_2130,totalistic_3state,,3,500,375,125,375,125,discovered,15.61,792.48,0.0197,18.649,CTX_X nr=1 d=1 perm=(0) out=R0 L=1
tot3_2131,totalistic_3state,,3,500,375,125,375,125,discovered,15.61,792.48,0.0197,18.725,CTX_X nr=1 d=1 perm=(0) out=R0 L=1
tot3_2132,totalistic_3state,,3,500,375,125,375,125,discovered,15.61,792.48,0.0197,18.670,CTX_X nr=1 d=1 perm=(0) out=R0 L=1
tot3_2133,totalistic_3state,,3,500,375,125,375,125,discovered,15.03,792.48,0.0190,10.147,"DARY d=2 ISZERO(R1,R0) init=0"
tot3_2134,totalistic_3state,,3,500,375,125,375,125,discovered,82.15,792.48,0.1037,226.892,NESTED_LOOP L=4
tot3_2135,totalistic_3state,,3,500,375,125,375,125,discovered,32.43,792.48,0.0409,48.938,CTX_X nr=1 d=3 perm=(0) out=R0 L=3
tot3_2136,totalistic_3state,,3,500,375,125,375,125,discovered,13.45,792.48,0.0170,10.343,"DARY d=2 LOAD(R0,1) init=0"
tot3_2137,totalistic_3state,,3,500,375,125,375,125,discovered,13.45,792.48,0.0170,10.683,"DARY d=2 LOAD(R0,1) init=0"
tot3_2138,totalistic_3state,,3,500,375,125,375,125,discovered,19.20,792.48,0.0242,48.949,CTX_X nr=1 d=3 perm=(0) out=R0 L=1
tot3_2139,totalistic_3state,,3,500,375,125,375,125,discovered,15.61,792.48,0.0197,18.613,CTX_X nr=1 d=1 perm=(0) out=R0 L=1
tot3_2140,totalistic_3state,,3,500,375,125,375,125,discovered,15.61,792.48,0.0197,19.620,CTX_X nr=1 d=1 perm=(0) out=R0 L=1
tot3_2141,totalistic_3state,,3,500,375,125,375,125,discovered,15.61,792.48,0.0197,19.365,CTX_X nr=1 d=1 perm=(0) out=R0 L=1
tot3_2142,totalistic_3state,,3,500,375,125,375,125,discovered,15.03,792.48,0.0190,10.145,"DARY d=2 ISZERO(R1,R0) init=0"
tot3_2143,totalistic_3state,,3,500,375,125,375,125,discovered,20.43,792.48,0.0258,48.755,CTX_X nr=1 d=4 perm=(0) out=R0 L=1
tot3_2144,totalistic_3state,,3,500,375,125,375,125,discovered,28.84,792.48,0.0364,18.957,CTX_X nr=1 d=1 perm=(0) out=R0 L=3
tot3_2145,totalistic_3state,,3,500,375,125,375,125,discovered,13.45,792.48,0.0170,10.342,"DARY d=2 LOAD(R0,1) init=0"
tot3_2146,totalistic_3state,,3,500,375,125,375,125,discovered,13.45,792.48,0.0170,10.367,"DARY d=2 LOAD(R0,1) init=0"
tot3_2147,totalistic_3state,,3,500,375,125,375,125,discovered,19.20,792.48,0.0242,52.306,CTX_X nr=1 d=3 perm=(0) out=R0 L=1
tot3_2148,totalistic_3state,,3,500,375,125,375,125,discovered,15.61,792.48,0.0197,19.448,CTX_X nr=1 d=1 perm=(0) out=R0 L=1
tot3_2149,totalistic_3state,,3,500,375,125,375,125,discovered,15.61,792.48,0.0197,20.899,CTX_X nr=1 d=1 perm=(0) out=R0 L=1
tot3_2150,totalistic_3state,,3,500,375,125,375,125,discovered,15.61,792.48,0.0197,20.500,CTX_X nr=1 d=1 perm=(0) out=R0 L=1
tot3_2151,totalistic_3state,,3,500,375,125,375,125,discovered,15.03,792.48,0.0190,10.152,"DARY d=2 ISZERO(R1,R0) init=0"
tot3_2152,totalistic_3state,,3,500,375,125,375,125,discovered,32.43,792.48,0.0409,49.690,CTX_X nr=1 d=3 perm=(2) out=R0 L=3
tot3_2153,totalistic_3state,,3,500,375,125,375,125,discovered,28.84,792.48,0.0364,19.688,CTX_X nr=1 d=1 perm=(0) out=R0 L=3
tot3_2154,totalistic_3state,,3,500,375,125,375,125,discovered,19.20,792.48,0.0242,49.881,CTX_X nr=1 d=3 perm=(0) out=R0 L=1
tot3_2155,totalistic_3state,,3,500,375,125,375,125,discovered,13.45,792.48,0.0170,10.377,"DARY d=2 LOAD(R0,1) init=0"
tot3_2156,totalistic_3state,,3,500,375,125,375,125,discovered,19.20,792.48,0.0242,48.350,CTX_X nr=1 d=3 perm=(0) out=R0 L=1
tot3_2157,totalistic_3state,,3,500,375,125,375,125,discovered,15.61,792.48,0.0197,19.890,CTX_X nr=1 d=1 perm=(0) out=R0 L=1
tot3_2158,totalistic_3state,,3,500,375,125,375,125,discovered,15.61,792.48,0.0197,20.400,CTX_X nr=1 d=1 perm=(0) out=R0 L=1
tot3_2159,totalistic_3state,,3,500,375,125,375,125,discovered,15.61,792.48,0.0197,20.386,CTX_X nr=1 d=1 perm=(0) out=R0 L=1
tot3_2160,totalistic_3state,,3,500,375,125,375,125,discovered,15.03,792.48,0.0190,10.147,"DARY d=2 ISZERO(R1,R0) init=0"
tot3_2161,totalistic_3state,,3,500,375,125,375,125,discovered,44.91,792.48,0.0567,48.570,"CTX_X nr=2 d=4 perm=(2,3) out=R0 L=3"
tot3_2162,totalistic_3state,,3,500,375,125,375,125,discovered,32.43,792.48,0.0409,48.474,CTX_X nr=1 d=3 perm=(0) out=R0 L=3
tot3_2163,totalistic_3state,,3,500,375,125,375,125,discovered,39.34,792.48,0.0496,29.086,"CTX_X nr=2 d=2 perm=(0,1) out=R0 L=3"
tot3_2164,totalistic_3state,,3,500,375,125,375,125,discovered,17.86,792.48,0.0225,28.501,CTX_X nr=1 d=2 perm=(0) out=R0 L=1
tot3_2165,totalistic_3state,,3,500,375,125,375,125,discovered,17.86,792.48,0.0225,29.553,CTX_X nr=1 d=2 perm=(0) out=R0 L=1
tot3_2166,totalistic_3state,,3,500,375,125,375,125,discovered,15.61,792.48,0.0197,19.359,CTX_X nr=1 d=1 perm=(0) out=R0 L=1
tot3_2167,totalistic_3state,,3,500,375,125,375,125,discovered,15.61,792.48,0.0197,19.243,CTX_X nr=1 d=1 perm=(0) out=R0 L=1
tot3_2168,totalistic_3state,,3,500,375,125,375,125,discovered,15.61,792.48,0.0197,19.307,CTX_X nr=1 d=1 perm=(0) out=R0 L=1
tot3_2169,totalistic_3state,,3,500,375,125,375,125,discovered,15.03,792.48,0.0190,10.148,"DARY d=2 ISZERO(R1,R0) init=0"
tot3_2170,totalistic_3state,,3,500,375,125,375,125,discovered,27.30,792.48,0.0344,50.398,CTX_X nr=1 d=4 perm=(3) out=R0 L=2
tot3_2171,totalistic_3state,,3,500,375,125,375,125,discovered,28.84,792.48,0.0364,18.973,CTX_X nr=1 d=1 perm=(0) out=R0 L=3
tot3_2172,totalistic_3state,,3,500,375,125,375,125,discovered,17.86,792.48,0.0225,28.501,CTX_X nr=1 d=2 perm=(0) out=R0 L=1
tot3_2173,totalistic_3state,,3,500,375,125,375,125,discovered,17.86,792.48,0.0225,28.675,CTX_X nr=1 d=2 perm=(0) out=R0 L=1
tot3_2174,totalistic_3state,,3,500,375,125,375,125,discovered,17.86,792.48,0.0225,28.171,CTX_X nr=1 d=2 perm=(0) out=R0 L=1
tot3_2175,totalistic_3state,,3,500,375,125,375,125,discovered,15.61,792.48,0.0197,19.218,CTX_X nr=1 d=1 perm=(0) out=R0 L=1
tot3_2176,totalistic_3state,,3,500,375,125,375,125,discovered,15.61,792.48,0.0197,19.880,CTX_X nr=1 d=1 perm=(0) out=R0 L=1
tot3_2177,totalistic_3state,,3,500,375,125,375,125,discovered,15.61,792.48,0.0197,22.617,CTX_X nr=1 d=1 perm=(0) out=R0 L=1
tot3_2178,totalistic_3state,,3,500,375,125,375,125,discovered,15.03,792.48,0.0190,10.156,"DARY d=2 ISZERO(R1,R0) init=0"
tot3_2179,totalistic_3state,,3,500,375,125,375,125,discovered,32.43,792.48,0.0409,49.430,CTX_X nr=1 d=3 perm=(2) out=R0 L=3
tot3_2180,totalistic_3state,,3,500,375,125,375,125,discovered,28.84,792.48,0.0364,19.777,CTX_X nr=1 d=1 perm=(0) out=R0 L=3
tot3_2181,totalistic_3state,,3,500,375,125,375,125,discovered,17.86,792.48,0.0225,28.151,CTX_X nr=1 d=2 perm=(0) out=R0 L=1
tot3_2182,totalistic_3state,,3,500,375,125,375,125,discovered,17.86,792.48,0.0225,27.835,CTX_X nr=1 d=2 perm=(0) out=R0 L=1
tot3_2183,totalistic_3state,,3,500,375,125,375,125,discovered,17.86,792.48,0.0225,29.098,CTX_X nr=1 d=2 perm=(0) out=R0 L=1
tot3_2184,totalistic_3state,,3,500,375,125,375,125,discovered,15.61,792.48,0.0197,19.918,CTX_X nr=1 d=1 perm=(0) out=R0 L=1
tot3_2185,totalistic_3state,,3,500,375,125,375,125,discovered,15.61,792.48,0.0197,21.099,CTX_X nr=1 d=1 perm=(0) out=R0 L=1
tot3_2186,totalistic_3state,,3,500,375,125,375,125,discovered,15.61,792.48,0.0197,20.295,CTX_X nr=1 d=1 perm=(0) out=R0 L=1
