# omnis-workload v1
# category: oeis_core
# loader_version: 1
# oeis_snapshot_sha: 91d5c7ac357112c01677923f85c5f6a5b2178c700bab16da7bcc894a8e225079
# omnis_min_version: 0.1.0
# created_utc: 2025-05-07T00:00:00Z
# matched_sequences: 156
# count: 780
# body_sha256: 75c578e50e00cf45a34a9d0ae6728c641ffb4341033a1606353fe5faa39e52be
# selection_rule: Sloane's curated core (keyword:core), alphabets {2,3,4,5,7}, N up to 500
A000001_a2 2 94 0 1 1 1 0 1 0 1 1 0 0 1 1 1 0 1 0 1 1 1 1 0 0 1 1 0 0 1 0 1 0 1 1 1 0 1 0 1 0 0 0 1 0 1 0 0 0 1 0 0 1 1 1 1 1 0 1 0 0 1 1 1 0 0 1 1 0 1 1 1 0 1 0 1 0 1 0 1 0 1 0 1 0 1 1 1 0 1 0 1 0 1 0 0
A000001_a3 3 94 0 1 1 1 2 1 2 1 2 2 2 1 2 1 2 1 2 1 2 1 2 2 2 1 0 2 2 2 1 1 1 1 0 1 2 1 2 1 2 2 2 1 0 1 1 2 2 1 1 2 2 1 2 1 0 2 1 2 2 1 1 1 2 1 0 1 1 1 2 1 1 1 2 1 2 0 1 1 0 1 1 0 2 1 0 1 2 1 0 1 1 1 1 2
A000001_a4 4 94 0 1 1 1 2 1 2 1 1 2 2 1 1 1 2 1 2 1 1 1 1 2 2 1 3 2 2 1 0 1 0 1 3 1 2 1 2 1 2 2 2 1 2 1 0 2 2 1 0 2 1 1 1 1 3 2 1 2 2 1 1 1 2 0 3 1 0 1 1 1 0 1 2 1 2 3 0 1 2 1 0 3 2 1 3 1 2 1 0 1 2 1 0 2
A000001_a5 5 94 0 1 1 1 2 1 2 1 0 2 2 1 0 1 2 1 4 1 0 1 0 2 2 1 0 2 2 0 4 1 4 1 1 1 2 1 4 1 2 2 4 1 1 1 4 2 2 1 2 2 0 1 0 1 0 2 3 2 2 1 3 1 2 4 2 1 4 1 0 1 4 1 0 1 2 3 4 1 1 1 2 0 2 1 0 1 2 1 2 1 0 1 4 2
A000001_a7 7 94 0 1 1 1 2 1 2 1 5 2 2 1 5 1 2 1 0 1 5 1 5 2 2 1 1 2 2 5 4 1 4 1 2 1 2 1 0 1 2 2 0 1 6 1 4 2 2 1 3 2 5 1 5 1 1 2 6 2 2 1 6 1 2 4 1 1 4 1 5 1 4 1 1 1 2 3 4 1 6 1 3 1 2 1 1 1 2 1 5 1 3 1 4 2
A000002_a2 2 108 1 0 0 1 1 0 1 0 0 1 0 0 1 1 0 1 1 0 0 1 0 1 1 0 1 0 0 1 1 0 1 1 0 1 0 0 1 0 0 1 1 0 1 0 0 1 0 1 1 0 1 1 0 0 1 0 0 1 1 0 1 0 0 1 0 0 1 1 0 1 1 0 1 0 0 1 0 1 1 0 0 1 0 0 1 1 0 1 0 0 1 0 0 1 1 0 1 1 0 0 1 0 1 1 0 1 0 0
A000002_a3 3 108 1 2 2 1 1 2 1 2 2 1 2 2 1 1 2 1 1 2 2 1 2 1 1 2 1 2 2 1 1 2 1 1 2 1 2 2 1 2 2 1 1 2 1 2 2 1 2 1 1 2 1 1 2 2 1 2 2 1 1 2 1 2 2 1 2 2 1 1 2 1 1 2 1 2 2 1 2 1 1 2 2 1 2 2 1 1 2 1 2 2 1 2 2 1 1 2 1 1 2 2 1 2 1 1 2 1 2 2
A000002_a4 4 108 1 2 2 1 1 2 1 2 2 1 2 2 1 1 2 1 1 2 2 1 2 1 1 2 1 2 2 1 1 2 1 1 2 1 2 2 1 2 2 1 1 2 1 2 2 1 2 1 1 2 1 1 2 2 1 2 2 1 1 2 1 2 2 1 2 2 1 1 2 1 1 2 1 2 2 1 2 1 1 2 2 1 2 2 1 1 2 1 2 2 1 2 2 1 1 2 1 1 2 2 1 2 1 1 2 1 2 2
A000002_a5 5 108 1 2 2 1 1 2 1 2 2 1 2 2 1 1 2 1 1 2 2 1 2 1 1 2 1 2 2 1 1 2 1 1 2 1 2 2 1 2 2 1 1 2 1 2 2 1 2 1 1 2 1 1 2 2 1 2 2 1 1 2 1 2 2 1 2 2 1 1 2 1 1 2 1 2 2 1 2 1 1 2 2 1 2 2 1 1 2 1 2 2 1 2 2 1 1 2 1 1 2 2 1 2 1 1 2 1 2 2
A000002_a7 7 108 1 2 2 1 1 2 1 2 2 1 2 2 1 1 2 1 1 2 2 1 2 1 1 2 1 2 2 1 1 2 1 1 2 1 2 2 1 2 2 1 1 2 1 2 2 1 2 1 1 2 1 1 2 2 1 2 2 1 1 2 1 2 2 1 2 2 1 1 2 1 1 2 1 2 2 1 2 1 1 2 2 1 2 2 1 1 2 1 2 2 1 2 2 1 1 2 1 1 2 2 1 2 1 1 2 1 2 2
A000004_a2 2 102 0 0 0 0 0 0 0 0 0 0 0 0 0 0 0 0 0 0 0 0 0 0 0 0 0 0 0 0 0 0 0 0 0 0 0 0 0 0 0 0 0 0 0 0 0 0 0 0 0 0 0 0 0 0 0 0 0 0 0 0 0 0 0 0 0 0 0 0 0 0 0 0 0 0 0 0 0 0 0 0 0 0 0 0 0 0 0 0 0 0 0 0 0 0 0 0 0 0 0 0 0 0
A000004_a3 3 102 0 0 0 0 0 0 0 0 0 0 0 0 0 0 0 0 0 0 0 0 0 0 0 0 0 0 0 0 0 0 0 0 0 0 0 0 0 0 0 0 0 0 0 0 0 0 0 0 0 0 0 0 0 0 0 0 0 0 0 0 0 0 0 0 0 0 0 0 0 0 0 0 0 0 0 0 0 0 0 0 0 0 0 0 0 0 0 0 0 0 0 0 0 0 0 0 0 0 0 0 0 0
A000004_a4 4 102 0 0 0 0 0 0 0 0 0 0 0 0 0 0 0 0 0 0 0 0 0 0 0 0 0 0 0 0 0 0 0 0 0 0 0 0 0 0 0 0 0 0 0 0 0 0 0 0 0 0 0 0 0 0 0 0 0 0 0 0 0 0 0 0 0 0 0 0 0 0 0 0 0 0 0 0 0 0 0 0 0 0 0 0 0 0 0 0 0 0 0 0 0 0 0 0 0 0 0 0 0 0
A000004_a5 5 102 0 0 0 0 0 0 0 0 0 0 0 0 0 0 0 0 0 0 0 0 0 0 0 0 0 0 0 0 0 0 0 0 0 0 0 0 0 0 0 0 0 0 0 0 0 0 0 0 0 0 0 0 0 0 0 0 0 0 0 0 0 0 0 0 0 0 0 0 0 0 0 0 0 0 0 0 0 0 0 0 0 0 0 0 0 0 0 0 0 0 0 0 0 0 0 0 0 0 0 0 0 0
A000004_a7 7 102 0 0 0 0 0 0 0 0 0 0 0 0 0 0 0 0 0 0 0 0 0 0 0 0 0 0 0 0 0 0 0 0 0 0 0 0 0 0 0 0 0 0 0 0 0 0 0 0 0 0 0 0 0 0 0 0 0 0 0 0 0 0 0 0 0 0 0 0 0 0 0 0 0 0 0 0 0 0 0 0 0 0 0 0 0 0 0 0 0 0 0 0 0 0 0 0 0 0 0 0 0 0
A000005_a2 2 104 1 0 0 1 0 0 0 0 1 0 0 0 0 0 0 1 0 0 0 0 0 0 0 0 1 0 0 0 0 0 0 0 0 0 0 1 0 0 0 0 0 0 0 0 0 0 0 0 1 0 0 0 0 0 0 0 0 0 0 0 0 0 0 1 0 0 0 0 0 0 0 0 0 0 0 0 0 0 0 0 1 0 0 0 0 0 0 0 0 0 0 0 0 0 0 0 0 0 0 1 0 0 0 0
A000005_a3 3 104 1 2 2 0 2 1 2 1 0 1 2 0 2 1 1 2 2 0 2 0 1 1 2 2 0 1 1 0 2 2 2 0 1 1 1 0 2 1 1 2 2 2 2 0 0 1 2 1 0 0 1 0 2 2 1 2 1 1 2 0 2 1 0 1 1 2 2 0 1 2 2 0 2 1 0 0 1 2 2 1 2 1 2 0 1 1 1 2 2 0 1 0 1 1 1 0 2 0 0 0 2 2 2 2
A000005_a4 4 104 1 2 2 3 2 0 2 0 3 0 2 2 2 0 0 1 2 2 2 2 0 0 2 0 3 0 0 2 2 0 2 2 0 0 0 1 2 0 0 0 2 0 2 2 2 0 2 2 3 2 0 2 2 0 0 0 0 0 2 0 2 0 2 3 0 0 2 2 0 0 2 0 2 0 2 2 0 0 2 2 1 0 2 0 0 0 0 0 2 0 0 2 0 0 0 0 2 2 2 1 2 0 2 0
A000005_a5 5 104 1 2 2 3 2 4 2 4 3 4 2 1 2 4 4 0 2 1 2 1 4 4 2 3 3 4 4 1 2 3 2 1 4 4 4 4 2 4 4 3 2 3 2 1 1 4 2 0 3 1 4 1 2 3 4 3 4 4 2 2 2 4 1 2 4 3 2 1 4 3 2 2 2 4 1 1 4 3 2 0 0 4 2 2 4 4 4 3 2 2 4 1 4 4 4 2 2 1 1 4 2 3 2 3
A000005_a7 7 104 1 2 2 3 2 4 2 4 3 4 2 6 2 4 4 5 2 6 2 6 4 4 2 1 3 4 4 6 2 1 2 6 4 4 4 2 2 4 4 1 2 1 2 6 6 4 2 3 3 6 4 6 2 1 4 1 4 4 2 5 2 4 6 0 4 1 2 6 4 1 2 5 2 4 6 6 4 1 2 3 5 4 2 5 4 4 4 1 2 5 4 6 4 4 4 5 2 6 6 2 2 1 2 1
A000007_a2 2 105 1 0 0 0 0 0 0 0 0 0 0 0 0 0 0 0 0 0 0 0 0 0 0 0 0 0 0 0 0 0 0 0 0 0 0 0 0 0 0 0 0 0 0 0 0 0 0 0 0 0 0 0 0 0 0 0 0 0 0 0 0 0 0 0 0 0 0 0 0 0 0 0 0 0 0 0 0 0 0 0 0 0 0 0 0 0 0 0 0 0 0 0 0 0 0 0 0 0 0 0 0 0 0 0 0
A000007_a3 3 105 1 0 0 0 0 0 0 0 0 0 0 0 0 0 0 0 0 0 0 0 0 0 0 0 0 0 0 0 0 0 0 0 0 0 0 0 0 0 0 0 0 0 0 0 0 0 0 0 0 0 0 0 0 0 0 0 0 0 0 0 0 0 0 0 0 0 0 0 0 0 0 0 0 0 0 0 0 0 0 0 0 0 0 0 0 0 0 0 0 0 0 0 0 0 0 0 0 0 0 0 0 0 0 0 0
A000007_a4 4 105 1 0 0 0 0 0 0 0 0 0 0 0 0 0 0 0 0 0 0 0 0 0 0 0 0 0 0 0 0 0 0 0 0 0 0 0 0 0 0 0 0 0 0 0 0 0 0 0 0 0 0 0 0 0 0 0 0 0 0 0 0 0 0 0 0 0 0 0 0 0 0 0 0 0 0 0 0 0 0 0 0 0 0 0 0 0 0 0 0 0 0 0 0 0 0 0 0 0 0 0 0 0 0 0 0
A000007_a5 5 105 1 0 0 0 0 0 0 0 0 0 0 0 0 0 0 0 0 0 0 0 0 0 0 0 0 0 0 0 0 0 0 0 0 0 0 0 0 0 0 0 0 0 0 0 0 0 0 0 0 0 0 0 0 0 0 0 0 0 0 0 0 0 0 0 0 0 0 0 0 0 0 0 0 0 0 0 0 0 0 0 0 0 0 0 0 0 0 0 0 0 0 0 0 0 0 0 0 0 0 0 0 0 0 0 0
A000007_a7 7 105 1 0 0 0 0 0 0 0 0 0 0 0 0 0 0 0 0 0 0 0 0 0 0 0 0 0 0 0 0 0 0 0 0 0 0 0 0 0 0 0 0 0 0 0 0 0 0 0 0 0 0 0 0 0 0 0 0 0 0 0 0 0 0 0 0 0 0 0 0 0 0 0 0 0 0 0 0 0 0 0 0 0 0 0 0 0 0 0 0 0 0 0 0 0 0 0 0 0 0 0 0 0 0 0 0
A000009_a2 2 56 1 1 1 0 0 1 0 1 0 0 0 0 1 0 0 1 0 0 0 0 0 0 1 0 0 0 1 0 0 0 0 0 0 0 0 1 0 0 0 0 1 0 0 0 0 0 0 0 0 0 0 1 0 0 0 0
A000009_a3 3 56 1 1 1 2 2 0 1 2 0 2 1 0 0 0 1 0 2 2 1 0 1 1 2 2 2 1 0 0 0 1 2 1 0 1 2 0 2 1 0 1 0 0 1 2 1 2 0 1 0 0 1 2 1 2 0 0
A000009_a4 4 56 1 1 1 2 2 3 0 1 2 0 2 0 3 2 2 3 0 2 2 2 0 0 1 0 2 2 1 0 2 0 0 0 2 0 0 1 0 0 0 2 1 0 2 2 0 0 0 2 2 0 2 1 2 0 2 2
A000009_a5 5 56 1 1 1 2 2 3 4 0 1 3 0 2 0 3 2 2 2 3 1 4 4 1 4 4 2 2 0 2 2 1 1 0 0 3 2 0 3 0 4 2 3 0 1 0 1 3 4 0 0 4 3 2 2 0 3 3
A000009_a7 7 56 1 1 1 2 2 3 4 5 6 1 3 5 1 4 1 6 4 3 4 5 1 6 5 6 3 2 4 3 5 4 2 4 5 0 1 4 3 4 3 2 0 0 5 0 3 4 1 0 5 2 4 2 4 3 6 1
A000010_a2 2 69 1 1 0 0 0 0 0 0 0 0 0 0 0 0 0 0 0 0 0 0 0 0 0 0 0 0 0 0 0 0 0 0 0 0 0 0 0 0 0 0 0 0 0 0 0 0 0 0 0 0 0 0 0 0 0 0 0 0 0 0 0 0 0 0 0 0 0 0 0
A000010_a3 3 69 1 1 2 2 1 2 0 1 0 1 1 1 0 0 2 2 1 0 0 2 0 1 1 2 2 0 0 0 1 2 0 1 2 1 0 0 0 0 0 1 1 0 0 2 0 1 1 1 0 2 2 0 1 0 1 0 0 1 1 1 0 0 0 2 0 2 0 2 2
A000010_a4 4 69 1 1 2 2 0 2 2 0 2 0 2 0 0 2 0 0 0 2 2 0 0 2 2 0 0 0 2 0 0 0 2 0 0 0 0 0 0 2 0 0 0 0 2 0 0 2 2 0 2 0 0 0 0 2 0 0 0 0 2 0 0 2 0 0 0 0 2 0 0
A000010_a5 5 69 1 1 2 2 4 2 1 4 1 4 0 4 2 1 3 3 1 1 3 3 2 0 2 3 0 2 3 2 3 3 0 1 0 1 4 2 1 3 4 1 0 2 2 0 4 2 1 1 2 0 2 4 2 3 0 4 1 3 3 1 0 0 1 2 3 0 1 2 4
A000010_a7 7 69 1 1 2 2 4 2 6 4 6 4 3 4 5 6 1 1 2 6 4 1 5 3 1 1 6 5 4 5 0 1 2 2 6 2 3 5 1 4 3 2 5 5 0 6 3 1 4 2 0 6 4 3 3 4 5 3 1 0 2 2 4 2 1 4 6 6 3 4 2
A000012_a2 2 90 1 1 1 1 1 1 1 1 1 1 1 1 1 1 1 1 1 1 1 1 1 1 1 1 1 1 1 1 1 1 1 1 1 1 1 1 1 1 1 1 1 1 1 1 1 1 1 1 1 1 1 1 1 1 1 1 1 1 1 1 1 1 1 1 1 1 1 1 1 1 1 1 1 1 1 1 1 1 1 1 1 1 1 1 1 1 1 1 1 1
A000012_a3 3 90 1 1 1 1 1 1 1 1 1 1 1 1 1 1 1 1 1 1 1 1 1 1 1 1 1 1 1 1 1 1 1 1 1 1 1 1 1 1 1 1 1 1 1 1 1 1 1 1 1 1 1 1 1 1 1 1 1 1 1 1 1 1 1 1 1 1 1 1 1 1 1 1 1 1 1 1 1 1 1 1 1 1 1 1 1 1 1 1 1 1
A000012_a4 4 90 1 1 1 1 1 1 1 1 1 1 1 1 1 1 1 1 1 1 1 1 1 1 1 1 1 1 1 1 1 1 1 1 1 1 1 1 1 1 1 1 1 1 1 1 1 1 1 1 1 1 1 1 1 1 1 1 1 1 1 1 1 1 1 1 1 1 1 1 1 1 1 1 1 1 1 1 1 1 1 1 1 1 1 1 1 1 1 1 1 1
A000012_a5 5 90 1 1 1 1 1 1 1 1 1 1 1 1 1 1 1 1 1 1 1 1 1 1 1 1 1 1 1 1 1 1 1 1 1 1 1 1 1 1 1 1 1 1 1 1 1 1 1 1 1 1 1 1 1 1 1 1 1 1 1 1 1 1 1 1 1 1 1 1 1 1 1 1 1 1 1 1 1 1 1 1 1 1 1 1 1 1 1 1 1 1
A000012_a7 7 90 1 1 1 1 1 1 1 1 1 1 1 1 1 1 1 1 1 1 1 1 1 1 1 1 1 1 1 1 1 1 1 1 1 1 1 1 1 1 1 1 1 1 1 1 1 1 1 1 1 1 1 1 1 1 1 1 1 1 1 1 1 1 1 1 1 1 1 1 1 1 1 1 1 1 1 1 1 1 1 1 1 1 1 1 1 1 1 1 1 1
A000014_a2 2 40 0 1 1 0 1 1 0 0 0 1 0 0 0 0 0 0 1 1 0 1 0 1 1 1 0 1 0 1 1 0 1 0 0 1 1 0 0 1 1 1
A000014_a3 3 40 0 1 1 0 1 1 2 2 1 2 1 2 2 0 0 0 0 1 2 1 0 1 1 2 0 1 0 0 2 0 2 0 1 2 0 0 2 1 1 1
A000014_a4 4 40 0 1 1 0 1 1 2 2 0 1 2 2 2 2 2 0 1 1 2 1 0 3 1 1 0 1 0 1 1 2 1 0 2 3 1 2 0 3 1 1
A000014_a5 5 40 0 1 1 0 1 1 2 2 4 0 0 4 1 2 3 2 4 0 2 1 3 1 1 4 2 1 1 4 3 0 4 1 3 4 0 1 2 0 2 3
A000014_a7 7 40 0 1 1 0 1 1 2 2 4 5 3 0 5 0 1 6 4 4 2 0 6 1 5 6 4 2 2 6 3 4 6 2 0 0 4 5 2 0 3 1
A000019_a2 2 92 1 1 0 0 1 0 1 1 1 1 0 0 1 0 0 0 0 0 0 0 1 0 1 1 0 1 1 0 0 0 0 1 0 0 0 0 1 0 0 0 0 0 0 0 1 0 0 0 0 1 0 1 0 0 0 1 1 0 0 1 0 0 0 0 1 1 0 1 0 0 0 0 0 0 0 0 0 0 0 0 1 0 0 0 0 0 0 0 0 0 0 0
A000019_a3 3 92 1 1 2 2 2 1 1 1 2 0 2 0 0 1 0 1 1 1 2 1 0 1 1 2 1 1 0 2 2 1 0 1 1 2 0 1 2 1 2 2 1 1 1 1 0 2 0 1 1 0 2 0 2 1 2 0 2 2 0 0 2 1 2 2 1 1 1 1 2 2 1 1 1 1 2 2 1 0 1 1 2 1 0 0 0 2 2 2 1 1 1 2
A000019_a4 4 92 1 1 2 2 1 0 3 3 3 1 0 2 1 0 2 2 2 0 0 0 1 0 3 1 0 3 3 2 0 0 0 3 0 2 2 2 3 0 2 0 2 0 2 0 1 2 2 0 0 1 2 3 0 0 0 1 1 2 2 1 2 0 0 2 1 3 2 3 2 2 2 0 0 0 2 2 0 2 2 0 3 2 2 2 2 2 2 2 2 0 2 2
A000019_a5 5 92 1 1 2 2 0 4 2 2 1 4 3 1 4 4 1 2 0 4 3 4 4 4 2 0 3 2 0 4 3 4 2 2 4 2 1 2 1 4 2 3 0 4 0 4 4 2 1 4 0 4 2 3 3 4 3 4 0 2 1 4 4 4 3 4 3 2 0 2 2 2 0 4 1 4 2 2 4 1 0 4 0 0 1 1 1 2 2 2 0 4 0 2
A000019_a7 7 92 1 1 2 2 5 4 0 0 4 2 1 6 2 4 6 1 3 4 1 4 2 4 0 5 0 0 1 0 1 4 5 0 4 2 6 1 4 4 2 1 3 4 3 4 2 2 6 4 5 2 2 3 1 4 1 2 5 2 6 2 0 4 1 4 6 0 3 0 2 2 3 4 2 4 2 2 4 6 3 4 1 3 6 6 6 2 2 2 3 4 3 2
A000027_a2 2 77 1 0 1 0 1 0 1 0 1 0 1 0 1 0 1 0 1 0 1 0 1 0 1 0 1 0 1 0 1 0 1 0 1 0 1 0 1 0 1 0 1 0 1 0 1 0 1 0 1 0 1 0 1 0 1 0 1 0 1 0 1 0 1 0 1 0 1 0 1 0 1 0 1 0 1 0 1
A000027_a3 3 77 1 2 0 1 2 0 1 2 0 1 2 0 1 2 0 1 2 0 1 2 0 1 2 0 1 2 0 1 2 0 1 2 0 1 2 0 1 2 0 1 2 0 1 2 0 1 2 0 1 2 0 1 2 0 1 2 0 1 2 0 1 2 0 1 2 0 1 2 0 1 2 0 1 2 0 1 2
A000027_a4 4 77 1 2 3 0 1 2 3 0 1 2 3 0 1 2 3 0 1 2 3 0 1 2 3 0 1 2 3 0 1 2 3 0 1 2 3 0 1 2 3 0 1 2 3 0 1 2 3 0 1 2 3 0 1 2 3 0 1 2 3 0 1 2 3 0 1 2 3 0 1 2 3 0 1 2 3 0 1
A000027_a5 5 77 1 2 3 4 0 1 2 3 4 0 1 2 3 4 0 1 2 3 4 0 1 2 3 4 0 1 2 3 4 0 1 2 3 4 0 1 2 3 4 0 1 2 3 4 0 1 2 3 4 0 1 2 3 4 0 1 2 3 4 0 1 2 3 4 0 1 2 3 4 0 1 2 3 4 0 1 2
A000027_a7 7 77 1 2 3 4 5 6 0 1 2 3 4 5 6 0 1 2 3 4 5 6 0 1 2 3 4 5 6 0 1 2 3 4 5 6 0 1 2 3 4 5 6 0 1 2 3 4 5 6 0 1 2 3 4 5 6 0 1 2 3 4 5 6 0 1 2 3 4 5 6 0 1 2 3 4 5 6 0
A000029_a2 2 38 1 0 1 0 0 0 1 0 0 0 0 0 0 0 1 0 0 0 1 0 0 0 1 0 0 0 0 0 0 0 0 0 0 0 0 0 0 0
A000029_a3 3 38 1 2 0 1 0 2 1 0 0 1 0 0 2 2 0 0 0 2 2 0 0 0 0 0 0 2 0 0 0 2 0 0 0 2 0 0 1 2
A000029_a4 4 38 1 2 3 0 2 0 1 2 2 2 2 2 0 0 3 0 2 0 1 2 0 0 1 2 2 0 2 2 2 0 0 2 2 0 0 0 2 0
A000029_a5 5 38 1 2 3 4 1 3 3 3 0 1 3 1 4 0 2 4 0 2 0 0 2 4 4 0 3 3 3 1 3 0 0 2 0 4 3 3 3 0
A000029_a7 7 38 1 2 3 4 6 1 6 4 2 4 1 0 0 2 1 6 3 3 6 2 6 4 1 2 3 3 3 4 4 6 6 2 0 3 1 1 0 2
A000031_a2 2 36 1 0 1 0 0 0 0 0 0 0 0 0 0 0 0 0 0 0 0 0 0 0 0 0 0 0 0 0 0 0 0 0 0 0 0 0
A000031_a3 3 36 1 2 0 1 0 2 2 2 0 0 0 2 1 2 0 2 0 2 1 2 0 1 0 2 0 2 0 2 0 2 0 2 0 2 0 2
A000031_a4 4 36 1 2 3 0 2 0 2 0 0 0 0 0 0 0 2 0 0 0 2 0 0 0 2 0 0 0 0 0 0 0 0 0 0 0 0 0
A000031_a5 5 36 1 2 3 4 1 3 4 0 1 0 3 3 2 2 2 2 1 2 2 1 3 0 1 4 2 4 3 3 0 2 3 3 1 1 3 2
A000031_a7 7 36 1 2 3 4 6 1 0 6 1 4 3 6 2 2 6 1 0 5 0 2 2 4 3 3 1 4 3 4 2 4 0 2 4 2 3 1
A000032_a2 2 39 0 1 1 0 1 1 0 1 1 0 1 1 0 1 1 0 1 1 0 1 1 0 1 1 0 1 1 0 1 1 0 1 1 0 1 1 0 1 1
A000032_a3 3 39 2 1 0 1 1 2 0 2 2 1 0 1 1 2 0 2 2 1 0 1 1 2 0 2 2 1 0 1 1 2 0 2 2 1 0 1 1 2 0
A000032_a4 4 39 2 1 3 0 3 3 2 1 3 0 3 3 2 1 3 0 3 3 2 1 3 0 3 3 2 1 3 0 3 3 2 1 3 0 3 3 2 1 3
A000032_a5 5 39 2 1 3 4 2 1 3 4 2 1 3 4 2 1 3 4 2 1 3 4 2 1 3 4 2 1 3 4 2 1 3 4 2 1 3 4 2 1 3
A000032_a7 7 39 2 1 3 4 0 4 4 1 5 6 4 3 0 3 3 6 2 1 3 4 0 4 4 1 5 6 4 3 0 3 3 6 2 1 3 4 0 4 4
A000035_a2 2 105 0 1 0 1 0 1 0 1 0 1 0 1 0 1 0 1 0 1 0 1 0 1 0 1 0 1 0 1 0 1 0 1 0 1 0 1 0 1 0 1 0 1 0 1 0 1 0 1 0 1 0 1 0 1 0 1 0 1 0 1 0 1 0 1 0 1 0 1 0 1 0 1 0 1 0 1 0 1 0 1 0 1 0 1 0 1 0 1 0 1 0 1 0 1 0 1 0 1 0 1 0 1 0 1 0
A000035_a3 3 105 0 1 0 1 0 1 0 1 0 1 0 1 0 1 0 1 0 1 0 1 0 1 0 1 0 1 0 1 0 1 0 1 0 1 0 1 0 1 0 1 0 1 0 1 0 1 0 1 0 1 0 1 0 1 0 1 0 1 0 1 0 1 0 1 0 1 0 1 0 1 0 1 0 1 0 1 0 1 0 1 0 1 0 1 0 1 0 1 0 1 0 1 0 1 0 1 0 1 0 1 0 1 0 1 0
A000035_a4 4 105 0 1 0 1 0 1 0 1 0 1 0 1 0 1 0 1 0 1 0 1 0 1 0 1 0 1 0 1 0 1 0 1 0 1 0 1 0 1 0 1 0 1 0 1 0 1 0 1 0 1 0 1 0 1 0 1 0 1 0 1 0 1 0 1 0 1 0 1 0 1 0 1 0 1 0 1 0 1 0 1 0 1 0 1 0 1 0 1 0 1 0 1 0 1 0 1 0 1 0 1 0 1 0 1 0
A000035_a5 5 105 0 1 0 1 0 1 0 1 0 1 0 1 0 1 0 1 0 1 0 1 0 1 0 1 0 1 0 1 0 1 0 1 0 1 0 1 0 1 0 1 0 1 0 1 0 1 0 1 0 1 0 1 0 1 0 1 0 1 0 1 0 1 0 1 0 1 0 1 0 1 0 1 0 1 0 1 0 1 0 1 0 1 0 1 0 1 0 1 0 1 0 1 0 1 0 1 0 1 0 1 0 1 0 1 0
A000035_a7 7 105 0 1 0 1 0 1 0 1 0 1 0 1 0 1 0 1 0 1 0 1 0 1 0 1 0 1 0 1 0 1 0 1 0 1 0 1 0 1 0 1 0 1 0 1 0 1 0 1 0 1 0 1 0 1 0 1 0 1 0 1 0 1 0 1 0 1 0 1 0 1 0 1 0 1 0 1 0 1 0 1 0 1 0 1 0 1 0 1 0 1 0 1 0 1 0 1 0 1 0 1 0 1 0 1 0
A000040_a2 2 58 0 1 1 1 1 1 1 1 1 1 1 1 1 1 1 1 1 1 1 1 1 1 1 1 1 1 1 1 1 1 1 1 1 1 1 1 1 1 1 1 1 1 1 1 1 1 1 1 1 1 1 1 1 1 1 1 1 1
A000040_a3 3 58 2 0 2 1 2 1 2 1 2 2 1 1 2 1 2 2 2 1 1 2 1 1 2 2 1 2 1 2 1 2 1 2 2 1 2 1 1 1 2 2 2 1 2 1 2 1 1 1 2 1 2 2 1 2 2 2 2 1
A000040_a4 4 58 2 3 1 3 3 1 1 3 3 1 3 1 1 3 3 1 3 1 3 3 1 3 3 1 1 1 3 3 1 1 3 3 1 3 1 3 1 3 3 1 3 1 3 1 1 3 3 3 3 1 1 3 1 3 1 3 1 3
A000040_a5 5 58 2 3 0 2 1 3 2 4 3 4 1 2 1 3 2 3 4 1 2 1 3 4 3 4 2 1 3 2 4 3 2 1 2 4 4 1 2 3 2 3 4 1 1 3 2 4 1 3 2 4 3 4 1 1 2 3 4 1
A000040_a7 7 58 2 3 5 0 4 6 3 5 2 1 3 2 6 1 5 4 3 5 4 1 3 2 6 5 6 3 5 2 4 1 1 5 4 6 2 4 3 2 6 5 4 6 2 4 1 3 1 6 3 5 2 1 3 6 5 4 3 5
A000041_a2 2 50 1 1 0 1 1 1 1 1 0 0 0 0 1 1 1 0 1 1 1 0 1 0 0 1 1 0 0 0 0 1 0 0 1 1 0 1 1 1 1 1 0 1 0 1 1 0 0 0 1 1
A000041_a3 3 50 1 1 2 0 2 1 2 0 1 0 0 2 2 2 0 2 0 0 1 1 0 0 0 1 0 2 0 1 1 2 0 2 0 0 1 0 1 1 2 0 0 0 2 0 1 1 0 2 0 2
A000041_a4 4 50 1 1 2 3 1 3 3 3 2 2 2 0 1 1 3 0 3 1 1 2 3 0 2 3 3 2 0 2 2 1 0 2 1 3 2 3 1 1 3 1 2 3 2 1 3 2 2 2 1 1
A000041_a5 5 50 1 1 2 3 0 2 1 0 2 0 2 1 2 1 0 1 1 2 0 0 2 2 2 0 0 3 1 0 3 0 4 2 4 3 0 3 2 2 0 0 3 3 4 1 0 4 3 4 3 0
A000041_a7 7 50 1 1 2 3 5 0 4 1 1 2 0 0 0 3 2 1 0 3 0 0 4 1 1 2 0 5 0 0 1 1 4 3 5 0 4 1 1 0 3 0 0 0 2 2 2 3 5 0 0 2
A000043_a2 2 50 0 1 1 1 1 1 1 1 1 1 1 1 1 1 1 1 1 1 1 1 1 1 1 1 1 1 1 1 1 1 1 1 1 1 1 1 1 1 1 1 1 1 1 1 1 1 1 1 1 1
A000043_a3 3 50 2 0 2 1 1 2 1 1 1 2 2 1 2 1 1 1 1 1 2 1 2 2 2 2 2 1 1 2 1 1 1 2 2 1 2 2 2 2 1 1 1 2 1 2 2 1 2 2 1 2
A000043_a4 4 50 2 3 1 3 1 1 3 3 1 1 3 3 1 3 3 3 1 1 1 3 1 1 1 1 1 1 1 3 3 1 3 3 1 3 1 1 1 1 1 3 3 3 1 1 3 1 1 1 1 1
A000043_a5 5 50 2 3 0 2 3 2 4 1 1 4 2 2 1 2 4 3 1 2 3 3 4 1 3 2 1 4 2 3 3 4 1 4 3 2 4 1 2 3 2 1 3 1 2 2 2 1 4 1 1 2
A000043_a7 7 50 2 3 5 0 6 3 5 3 5 5 2 1 3 5 5 5 6 4 4 6 1 1 6 1 1 4 5 3 1 1 1 6 1 6 5 3 2 5 2 1 4 5 1 2 2 4 1 5 1 6
A000045_a2 2 41 0 1 1 0 1 1 0 1 1 0 1 1 0 1 1 0 1 1 0 1 1 0 1 1 0 1 1 0 1 1 0 1 1 0 1 1 0 1 1 0 1
A000045_a3 3 41 0 1 1 2 0 2 2 1 0 1 1 2 0 2 2 1 0 1 1 2 0 2 2 1 0 1 1 2 0 2 2 1 0 1 1 2 0 2 2 1 0
A000045_a4 4 41 0 1 1 2 3 1 0 1 1 2 3 1 0 1 1 2 3 1 0 1 1 2 3 1 0 1 1 2 3 1 0 1 1 2 3 1 0 1 1 2 3
A000045_a5 5 41 0 1 1 2 3 0 3 3 1 4 0 4 4 3 2 0 2 2 4 1 0 1 1 2 3 0 3 3 1 4 0 4 4 3 2 0 2 2 4 1 0
A000045_a7 7 41 0 1 1 2 3 5 1 6 0 6 6 5 4 2 6 1 0 1 1 2 3 5 1 6 0 6 6 5 4 2 6 1 0 1 1 2 3 5 1 6 0
A000048_a2 2 38 1 1 1 1 0 1 1 1 0 0 1 1 0 1 1 1 0 1 0 1 0 1 1 1 0 0 1 0 0 1 1 1 0 1 1 1 0 1
A000048_a3 3 38 1 1 1 1 2 0 2 0 1 1 0 0 2 0 0 2 2 0 2 0 0 0 0 0 2 0 0 1 0 0 1 0 1 2 0 0 2 0
A000048_a4 4 38 1 1 1 1 2 3 1 1 0 0 3 1 2 3 1 3 0 3 0 1 2 1 1 1 0 0 3 0 2 3 3 1 0 1 3 3 0 3
A000048_a5 5 38 1 1 1 1 2 3 0 4 1 3 1 3 0 0 0 1 3 0 0 2 4 4 0 1 0 3 0 4 0 0 4 3 4 3 0 3 0 0
A000048_a7 7 38 1 1 1 1 2 3 5 2 2 0 2 2 2 0 4 6 4 5 0 0 6 5 6 4 3 5 0 0 2 1 4 0 4 4 1 5 0 0
A000055_a2 2 37 1 1 1 1 0 1 0 1 1 1 0 1 1 1 1 1 0 1 1 1 1 1 0 0 1 0 0 0 0 1 0 0 1 0 1 0 0
A000055_a3 3 37 1 1 1 1 2 0 0 2 2 2 1 1 2 2 0 1 0 2 0 0 0 0 1 1 2 1 1 1 2 2 0 2 2 2 2 0 0
A000055_a4 4 37 1 1 1 1 2 3 2 3 3 3 2 3 3 1 3 1 0 1 3 3 1 1 0 2 1 2 2 0 0 1 2 2 1 0 1 2 2
A000055_a5 5 37 1 1 1 1 2 3 1 1 3 2 1 0 1 1 4 1 0 4 2 0 0 0 1 4 2 0 0 0 2 0 2 0 1 0 1 1 3
A000055_a7 7 37 1 1 1 1 2 3 6 4 2 5 1 4 5 6 2 6 0 0 2 1 5 6 5 2 0 1 6 5 2 0 5 2 2 2 4 5 3
A000069_a2 2 65 1 0 0 1 0 1 1 0 0 1 1 0 1 0 0 1 0 1 1 0 1 0 0 1 1 0 0 1 0 1 1 0 0 1 1 0 1 0 0 1 1 0 0 1 0 1 1 0 1 0 0 1 0 1 1 0 0 1 1 0 1 0 0 1 0
A000069_a3 3 65 1 2 1 1 2 2 1 2 1 1 0 1 1 2 1 1 2 2 1 2 2 0 2 2 1 2 1 1 2 2 1 2 1 1 0 1 1 2 1 1 0 1 0 0 1 1 0 1 1 2 1 1 2 2 1 2 1 1 0 1 1 2 1 1 2
A000069_a4 4 65 1 2 0 3 0 3 1 2 0 3 1 2 1 2 0 3 0 3 1 2 1 2 0 3 1 2 0 3 0 3 1 2 0 3 1 2 1 2 0 3 1 2 0 3 0 3 1 2 1 2 0 3 0 3 1 2 0 3 1 2 1 2 0 3 0
A000069_a5 5 65 1 2 4 2 3 1 3 4 1 4 1 2 0 1 3 1 2 0 2 3 1 2 4 2 4 0 2 0 1 4 1 2 4 2 4 0 3 4 1 4 1 2 4 2 3 1 3 4 2 3 0 3 4 2 4 0 2 0 2 3 1 2 4 2 3
A000069_a7 7 65 1 2 4 0 1 4 6 0 2 5 0 1 4 5 0 3 4 0 2 3 6 0 2 5 0 1 3 6 0 3 5 6 1 4 6 0 3 4 6 2 4 5 0 3 4 0 2 3 6 0 2 5 6 2 4 5 0 3 5 6 2 3 5 1 2
A000079_a2 2 35 1 0 0 0 0 0 0 0 0 0 0 0 0 0 0 0 0 0 0 0 0 0 0 0 0 0 0 0 0 0 0 0 0 0 0
A000079_a3 3 35 1 2 1 2 1 2 1 2 1 2 1 2 1 2 1 2 1 2 1 2 1 2 1 2 1 2 1 2 1 2 1 2 1 2 1
A000079_a4 4 35 1 2 0 0 0 0 0 0 0 0 0 0 0 0 0 0 0 0 0 0 0 0 0 0 0 0 0 0 0 0 0 0 0 0 0
A000079_a5 5 35 1 2 4 3 1 2 4 3 1 2 4 3 1 2 4 3 1 2 4 3 1 2 4 3 1 2 4 3 1 2 4 3 1 2 4
A000079_a7 7 35 1 2 4 1 2 4 1 2 4 1 2 4 1 2 4 1 2 4 1 2 4 1 2 4 1 2 4 1 2 4 1 2 4 1 2
A000081_a2 2 32 0 1 1 0 0 1 0 0 1 0 1 0 0 0 1 1 1 1 1 0 0 0 1 1 0 1 0 1 1 0 1 0
A000081_a3 3 32 0 1 1 2 1 0 2 0 1 1 2 0 2 0 0 1 1 2 2 0 1 2 0 1 0 0 2 1 0 1 1 2
A000081_a4 4 32 0 1 1 2 0 1 0 0 3 2 3 2 2 2 1 3 1 3 3 0 0 0 1 3 0 1 2 1 1 0 1 2
A000081_a5 5 32 0 1 1 2 4 4 0 3 0 1 4 2 1 1 3 1 1 2 4 1 3 2 1 0 4 0 0 4 4 3 2 3
A000081_a7 7 32 0 1 1 2 4 2 6 6 3 6 5 1 6 5 3 3 6 3 6 6 2 2 6 1 2 4 5 5 4 3 4 3
A000085_a2 2 28 1 1 0 0 0 0 0 0 0 0 0 0 0 0 0 0 0 0 0 0 0 0 0 0 0 0 0 0
A000085_a3 3 28 1 1 2 1 1 2 1 1 2 1 1 2 1 1 2 1 1 2 1 1 2 1 1 2 1 1 2 1
A000085_a4 4 28 1 1 2 0 2 2 0 0 0 0 0 0 0 0 0 0 0 0 0 0 0 0 0 0 0 0 0 0
A000085_a5 5 28 1 1 2 4 0 1 1 2 4 0 1 1 2 4 0 1 1 2 4 0 1 1 2 4 0 1 1 2
A000085_a7 7 28 1 1 2 4 3 5 6 1 1 2 4 3 5 6 1 1 2 4 3 5 6 1 1 2 4 3 5 6
A000088_a2 2 20 1 1 0 0 1 0 0 0 0 0 0 0 0 0 0 0 0 0 0 0
A000088_a3 3 20 1 1 2 1 2 1 0 0 1 0 2 2 0 0 1 2 0 1 0 2
A000088_a4 4 20 1 1 2 0 3 2 0 0 2 0 0 0 0 0 0 0 0 0 0 0
A000088_a5 5 20 1 1 2 4 1 4 1 4 1 3 3 4 2 2 3 3 3 1 3 3
A000088_a7 7 20 1 1 2 4 4 6 2 1 5 2 0 3 3 3 3 0 4 4 2 6
A000105_a2 2 29 1 1 1 0 1 0 1 0 1 1 1 1 0 1 1 0 1 1 0 0 0 0 0 0 1 0 1 1 1
A000105_a3 3 29 1 1 1 2 2 0 2 0 0 1 2 0 0 1 0 0 2 1 2 2 0 2 0 2 2 1 1 1 2
A000105_a4 4 29 1 1 1 2 1 0 3 0 1 1 3 1 0 3 3 0 3 1 0 0 2 2 0 0 3 0 3 3 3
A000105_a5 5 29 1 1 1 2 0 2 0 3 4 0 0 3 0 1 1 1 0 4 2 2 0 3 3 3 3 4 0 2 3
A000105_a7 7 29 1 1 1 2 5 5 0 3 5 4 0 0 5 3 0 6 0 5 0 0 6 2 0 5 6 0 3 5 3
A000108_a2 2 31 1 1 0 1 0 0 0 1 0 0 0 0 0 0 0 1 0 0 0 0 0 0 0 0 0 0 0 0 0 0 0
A000108_a3 3 31 1 1 2 2 2 0 0 0 2 2 2 1 1 1 0 0 0 0 0 0 0 0 0 0 0 0 2 2 2 1 1
A000108_a4 4 31 1 1 2 1 2 2 0 1 2 2 0 2 0 0 0 1 2 2 0 2 0 0 0 2 0 0 0 0 0 0 0
A000108_a5 5 31 1 1 2 0 4 2 2 4 0 2 1 1 2 0 0 0 0 0 0 0 0 0 0 0 4 2 2 4 0 3 4
A000108_a7 7 31 1 1 2 5 0 0 6 2 2 4 3 0 0 4 6 6 5 2 0 0 4 6 6 5 2 0 0 0 0 0 0
A000109_a2 2 21 1 1 1 0 1 0 0 1 1 1 0 0 1 1 1 1 1 1 1 1 1
A000109_a3 3 21 1 1 1 2 2 2 2 2 1 2 0 2 1 1 1 0 2 1 1 1 2
A000109_a4 4 21 1 1 1 2 1 2 2 1 1 3 2 2 1 1 1 1 1 1 1 1 1
A000109_a5 5 21 1 1 1 2 0 4 0 3 4 0 1 2 1 1 3 2 4 3 4 4 0
A000109_a7 7 21 1 1 1 2 5 0 1 2 3 0 6 5 3 6 1 1 4 0 0 5 2
A000110_a2 2 27 1 1 0 1 1 0 1 1 0 1 1 0 1 1 0 1 1 0 1 1 0 1 1 0 1 1 0
A000110_a3 3 27 1 1 2 2 0 1 2 1 0 0 1 0 1 1 1 2 2 0 1 2 1 0 0 1 0 1 1
A000110_a4 4 27 1 1 2 1 3 0 3 1 0 3 3 2 1 1 2 1 3 0 3 1 0 3 3 2 1 1 2
A000110_a5 5 27 1 1 2 0 0 2 3 2 0 2 0 0 2 2 2 0 2 4 4 2 2 1 3 1 4 3 4
A000110_a7 7 27 1 1 2 5 1 3 0 2 3 0 6 4 3 2 5 3 6 3 0 5 0 1 2 2 3 5 5
A000111_a2 2 27 1 1 1 0 1 0 1 0 1 0 1 0 1 0 1 0 1 0 1 0 1 0 1 0 1 0 1
A000111_a3 3 27 1 1 1 2 2 1 1 2 2 1 1 2 2 1 1 2 2 1 1 2 2 1 1 2 2 1 1
A000111_a4 4 27 1 1 1 2 1 0 1 0 1 0 1 0 1 0 1 0 1 0 1 0 1 0 1 0 1 0 1
A000111_a5 5 27 1 1 1 2 0 1 1 2 0 1 1 2 0 1 1 2 0 1 1 2 0 1 1 2 0 1 1
A000111_a7 7 27 1 1 1 2 5 2 5 6 6 5 2 5 2 1 1 2 5 2 5 6 6 5 2 5 2 1 1
A000120_a2 2 105 0 1 1 0 1 0 0 1 1 0 0 1 0 1 1 0 1 0 0 1 0 1 1 0 0 1 1 0 1 0 0 1 1 0 0 1 0 1 1 0 0 1 1 0 1 0 0 1 0 1 1 0 1 0 0 1 1 0 0 1 0 1 1 0 1 0 0 1 0 1 1 0 0 1 1 0 1 0 0 1 0 1 1 0 1 0 0 1 1 0 0 1 0 1 1 0 0 1 1 0 1 0 0 1 1
A000120_a3 3 105 0 1 1 2 1 2 2 0 1 2 2 0 2 0 0 1 1 2 2 0 2 0 0 1 2 0 0 1 0 1 1 2 1 2 2 0 2 0 0 1 2 0 0 1 0 1 1 2 2 0 0 1 0 1 1 2 0 1 1 2 1 2 2 0 1 2 2 0 2 0 0 1 2 0 0 1 0 1 1 2 2 0 0 1 0 1 1 2 0 1 1 2 1 2 2 0 2 0 0 1 0 1 1 2 0
A000120_a4 4 105 0 1 1 2 1 2 2 3 1 2 2 3 2 3 3 0 1 2 2 3 2 3 3 0 2 3 3 0 3 0 0 1 1 2 2 3 2 3 3 0 2 3 3 0 3 0 0 1 2 3 3 0 3 0 0 1 3 0 0 1 0 1 1 2 1 2 2 3 2 3 3 0 2 3 3 0 3 0 0 1 2 3 3 0 3 0 0 1 3 0 0 1 0 1 1 2 2 3 3 0 3 0 0 1 3
A000120_a5 5 105 0 1 1 2 1 2 2 3 1 2 2 3 2 3 3 4 1 2 2 3 2 3 3 4 2 3 3 4 3 4 4 0 1 2 2 3 2 3 3 4 2 3 3 4 3 4 4 0 2 3 3 4 3 4 4 0 3 4 4 0 4 0 0 1 1 2 2 3 2 3 3 4 2 3 3 4 3 4 4 0 2 3 3 4 3 4 4 0 3 4 4 0 4 0 0 1 2 3 3 4 3 4 4 0 3
A000120_a7 7 105 0 1 1 2 1 2 2 3 1 2 2 3 2 3 3 4 1 2 2 3 2 3 3 4 2 3 3 4 3 4 4 5 1 2 2 3 2 3 3 4 2 3 3 4 3 4 4 5 2 3 3 4 3 4 4 5 3 4 4 5 4 5 5 6 1 2 2 3 2 3 3 4 2 3 3 4 3 4 4 5 2 3 3 4 3 4 4 5 3 4 4 5 4 5 5 6 2 3 3 4 3 4 4 5 3
A000123_a2 2 51 1 0 0 0 0 0 0 0 0 0 0 0 0 0 0 0 0 0 0 0 0 0 0 0 0 0 0 0 0 0 0 0 0 0 0 0 0 0 0 0 0 0 0 0 0 0 0 0 0 0 0
A000123_a3 3 51 1 2 1 0 1 2 2 2 0 1 0 2 1 0 2 1 1 1 2 0 0 0 2 1 2 0 0 0 2 1 2 0 1 2 0 1 0 2 2 2 2 2 2 2 1 0 1 2 1 0 0
A000123_a4 4 51 1 2 0 2 2 2 0 2 0 2 0 2 2 2 0 2 2 2 0 2 2 2 0 2 0 2 0 2 2 2 0 2 0 2 0 2 2 2 0 2 0 2 0 2 2 2 0 2 2 2 0
A000123_a5 5 51 1 2 4 1 0 4 0 1 1 1 0 4 4 4 0 1 2 3 4 0 0 0 4 3 2 1 0 4 4 4 0 1 3 0 3 1 0 4 4 4 4 4 4 4 3 2 0 3 0 2 3
A000123_a7 7 51 1 2 4 6 3 0 6 5 1 4 4 4 3 2 0 5 6 0 4 1 5 2 6 3 6 2 4 6 6 6 4 2 1 0 0 0 4 1 2 3 1 6 1 3 2 1 4 0 6 5 0
A000124_a2 2 53 1 0 0 1 1 0 0 1 1 0 0 1 1 0 0 1 1 0 0 1 1 0 0 1 1 0 0 1 1 0 0 1 1 0 0 1 1 0 0 1 1 0 0 1 1 0 0 1 1 0 0 1 1
A000124_a3 3 53 1 2 1 1 2 1 1 2 1 1 2 1 1 2 1 1 2 1 1 2 1 1 2 1 1 2 1 1 2 1 1 2 1 1 2 1 1 2 1 1 2 1 1 2 1 1 2 1 1 2 1 1 2
A000124_a4 4 53 1 2 0 3 3 0 2 1 1 2 0 3 3 0 2 1 1 2 0 3 3 0 2 1 1 2 0 3 3 0 2 1 1 2 0 3 3 0 2 1 1 2 0 3 3 0 2 1 1 2 0 3 3
A000124_a5 5 53 1 2 4 2 1 1 2 4 2 1 1 2 4 2 1 1 2 4 2 1 1 2 4 2 1 1 2 4 2 1 1 2 4 2 1 1 2 4 2 1 1 2 4 2 1 1 2 4 2 1 1 2 4
A000124_a7 7 53 1 2 4 0 4 2 1 1 2 4 0 4 2 1 1 2 4 0 4 2 1 1 2 4 0 4 2 1 1 2 4 0 4 2 1 1 2 4 0 4 2 1 1 2 4 0 4 2 1 1 2 4 0
A000129_a2 2 32 0 1 0 1 0 1 0 1 0 1 0 1 0 1 0 1 0 1 0 1 0 1 0 1 0 1 0 1 0 1 0 1
A000129_a3 3 32 0 1 2 2 0 2 1 1 0 1 2 2 0 2 1 1 0 1 2 2 0 2 1 1 0 1 2 2 0 2 1 1
A000129_a4 4 32 0 1 2 1 0 1 2 1 0 1 2 1 0 1 2 1 0 1 2 1 0 1 2 1 0 1 2 1 0 1 2 1
A000129_a5 5 32 0 1 2 0 2 4 0 4 3 0 3 1 0 1 2 0 2 4 0 4 3 0 3 1 0 1 2 0 2 4 0 4
A000129_a7 7 32 0 1 2 5 5 1 0 1 2 5 5 1 0 1 2 5 5 1 0 1 2 5 5 1 0 1 2 5 5 1 0 1
A000140_a2 2 23 1 1 0 0 0 1 1 0 0 1 1 0 0 0 0 0 0 0 1 0 0 1 0
A000140_a3 3 23 1 1 2 0 1 2 0 2 2 0 2 2 0 2 0 2 1 0 2 0 2 1 0
A000140_a4 4 23 1 1 2 2 2 1 1 0 0 1 1 2 2 0 0 2 0 2 1 0 2 3 2
A000140_a5 5 23 1 1 2 1 2 1 3 1 3 4 1 1 0 3 3 2 3 0 0 4 2 0 2
A000140_a7 7 23 1 1 2 6 1 3 6 0 3 2 6 5 1 6 3 4 0 6 5 2 6 1 4
A000142_a2 2 23 1 1 0 0 0 0 0 0 0 0 0 0 0 0 0 0 0 0 0 0 0 0 0
A000142_a3 3 23 1 1 2 0 0 0 0 0 0 0 0 0 0 0 0 0 0 0 0 0 0 0 0
A000142_a4 4 23 1 1 2 2 0 0 0 0 0 0 0 0 0 0 0 0 0 0 0 0 0 0 0
A000142_a5 5 23 1 1 2 1 4 0 0 0 0 0 0 0 0 0 0 0 0 0 0 0 0 0 0
A000142_a7 7 23 1 1 2 6 3 1 6 0 0 0 0 0 0 0 0 0 0 0 0 0 0 0 0
A000161_a2 2 108 1 1 1 0 1 1 0 0 1 1 1 0 0 1 0 0 1 1 1 0 1 0 0 0 0 0 1 0 0 1 0 0 1 0 1 0 1 1 0 0 1 1 0 0 0 1 0 0 0 1 0 0 1 1 0 0 0 0 1 0 0 1 0 0 1 0 0 0 1 0 0 0 1 1 1 0 0 0 0 0 1 1 1 0 0 0 0 0 0 1 1 0 0 0 0 0 0 1 1 0 0 1 0 0 1 0 1 0
A000161_a3 3 108 1 1 1 0 1 1 0 0 1 1 1 0 0 1 0 0 1 1 1 0 1 0 0 0 0 2 1 0 0 1 0 0 1 0 1 0 1 1 0 0 1 1 0 0 0 1 0 0 0 1 2 0 1 1 0 0 0 0 1 0 0 1 0 0 1 2 0 0 1 0 0 0 1 1 1 0 0 0 0 0 1 1 1 0 0 2 0 0 0 1 1 0 0 0 0 0 0 1 1 0 2 1 0 0 1 0 1 0
A000161_a4 4 108 1 1 1 0 1 1 0 0 1 1 1 0 0 1 0 0 1 1 1 0 1 0 0 0 0 2 1 0 0 1 0 0 1 0 1 0 1 1 0 0 1 1 0 0 0 1 0 0 0 1 2 0 1 1 0 0 0 0 1 0 0 1 0 0 1 2 0 0 1 0 0 0 1 1 1 0 0 0 0 0 1 1 1 0 0 2 0 0 0 1 1 0 0 0 0 0 0 1 1 0 2 1 0 0 1 0 1 0
A000161_a5 5 108 1 1 1 0 1 1 0 0 1 1 1 0 0 1 0 0 1 1 1 0 1 0 0 0 0 2 1 0 0 1 0 0 1 0 1 0 1 1 0 0 1 1 0 0 0 1 0 0 0 1 2 0 1 1 0 0 0 0 1 0 0 1 0 0 1 2 0 0 1 0 0 0 1 1 1 0 0 0 0 0 1 1 1 0 0 2 0 0 0 1 1 0 0 0 0 0 0 1 1 0 2 1 0 0 1 0 1 0
A000161_a7 7 108 1 1 1 0 1 1 0 0 1 1 1 0 0 1 0 0 1 1 1 0 1 0 0 0 0 2 1 0 0 1 0 0 1 0 1 0 1 1 0 0 1 1 0 0 0 1 0 0 0 1 2 0 1 1 0 0 0 0 1 0 0 1 0 0 1 2 0 0 1 0 0 0 1 1 1 0 0 0 0 0 1 1 1 0 0 2 0 0 0 1 1 0 0 0 0 0 0 1 1 0 2 1 0 0 1 0 1 0
A000166_a2 2 24 1 0 1 0 1 0 1 0 1 0 1 0 1 0 1 0 1 0 1 0 1 0 1 0
A000166_a3 3 24 1 0 1 2 0 2 1 0 1 2 0 2 1 0 1 2 0 2 1 0 1 2 0 2
A000166_a4 4 24 1 0 1 2 1 0 1 2 1 0 1 2 1 0 1 2 1 0 1 2 1 0 1 2
A000166_a5 5 24 1 0 1 2 4 4 0 4 3 1 1 0 1 2 4 4 0 4 3 1 1 0 1 2
A000166_a7 7 24 1 0 1 2 2 2 6 6 0 6 5 5 5 1 1 0 1 2 2 2 6 6 0 6
A000169_a2 2 20 1 0 1 0 1 0 1 0 1 0 1 0 1 0 1 0 1 0 1 0
A000169_a3 3 20 1 2 0 1 1 0 1 2 0 1 1 0 1 2 0 1 1 0 1 2
A000169_a4 4 20 1 2 1 0 1 0 1 0 1 0 1 0 1 0 1 0 1 0 1 0
A000169_a5 5 20 1 2 4 4 0 1 4 2 1 0 1 3 1 4 0 1 1 3 1 0
A000169_a7 7 20 1 2 2 1 2 6 0 1 4 6 4 3 1 0 1 1 4 2 1 6
A000203_a2 2 70 1 1 0 1 0 0 0 1 1 0 0 0 0 0 0 1 0 1 0 0 0 0 0 0 1 0 0 0 0 0 0 1 0 0 0 1 0 0 0 0 0 0 0 0 0 0 0 0 1 1 0 0 0 0 0 0 0 0 0 0 0 0 0 1 0 0 0 0 0 0
A000203_a3 3 70 1 0 1 1 0 0 2 0 1 0 0 1 2 0 0 1 0 0 2 0 2 0 0 0 1 0 1 2 0 0 2 0 0 0 0 1 2 0 2 0 0 0 2 0 0 0 0 1 0 0 0 2 0 0 0 0 2 0 0 0 2 0 2 1 0 0 2 0 0 0
A000203_a4 4 70 1 3 0 3 2 0 0 3 1 2 0 0 2 0 0 3 2 3 0 2 0 0 0 0 3 2 0 0 2 0 0 3 0 2 0 3 2 0 0 2 2 0 0 0 2 0 0 0 1 1 0 2 2 0 0 0 0 2 0 0 2 0 0 3 0 0 0 2 0 0
A000203_a5 5 70 1 3 4 2 1 2 3 0 3 3 2 3 4 4 4 1 3 4 0 2 2 1 4 0 1 2 0 1 0 2 2 3 3 4 3 1 3 0 1 0 2 1 4 4 3 2 3 4 2 3 2 3 4 0 2 0 0 0 0 3 2 1 4 2 4 4 3 1 1 4
A000203_a7 7 70 1 3 4 0 6 5 1 1 6 4 5 0 0 3 3 3 4 4 6 0 4 1 3 4 3 0 5 0 2 2 4 0 6 5 6 0 3 4 0 6 0 5 2 0 1 2 6 5 1 2 2 0 5 1 2 1 3 6 4 0 6 5 6 1 0 4 5 0 5 4
A000204_a2 2 39 1 1 0 1 1 0 1 1 0 1 1 0 1 1 0 1 1 0 1 1 0 1 1 0 1 1 0 1 1 0 1 1 0 1 1 0 1 1 0
A000204_a3 3 39 1 0 1 1 2 0 2 2 1 0 1 1 2 0 2 2 1 0 1 1 2 0 2 2 1 0 1 1 2 0 2 2 1 0 1 1 2 0 2
A000204_a4 4 39 1 3 0 3 3 2 1 3 0 3 3 2 1 3 0 3 3 2 1 3 0 3 3 2 1 3 0 3 3 2 1 3 0 3 3 2 1 3 0
A000204_a5 5 39 1 3 4 2 1 3 4 2 1 3 4 2 1 3 4 2 1 3 4 2 1 3 4 2 1 3 4 2 1 3 4 2 1 3 4 2 1 3 4
A000204_a7 7 39 1 3 4 0 4 4 1 5 6 4 3 0 3 3 6 2 1 3 4 0 4 4 1 5 6 4 3 0 3 3 6 2 1 3 4 0 4 4 1
A000217_a2 2 54 0 1 1 0 0 1 1 0 0 1 1 0 0 1 1 0 0 1 1 0 0 1 1 0 0 1 1 0 0 1 1 0 0 1 1 0 0 1 1 0 0 1 1 0 0 1 1 0 0 1 1 0 0 1
A000217_a3 3 54 0 1 0 0 1 0 0 1 0 0 1 0 0 1 0 0 1 0 0 1 0 0 1 0 0 1 0 0 1 0 0 1 0 0 1 0 0 1 0 0 1 0 0 1 0 0 1 0 0 1 0 0 1 0
A000217_a4 4 54 0 1 3 2 2 3 1 0 0 1 3 2 2 3 1 0 0 1 3 2 2 3 1 0 0 1 3 2 2 3 1 0 0 1 3 2 2 3 1 0 0 1 3 2 2 3 1 0 0 1 3 2 2 3
A000217_a5 5 54 0 1 3 1 0 0 1 3 1 0 0 1 3 1 0 0 1 3 1 0 0 1 3 1 0 0 1 3 1 0 0 1 3 1 0 0 1 3 1 0 0 1 3 1 0 0 1 3 1 0 0 1 3 1
A000217_a7 7 54 0 1 3 6 3 1 0 0 1 3 6 3 1 0 0 1 3 6 3 1 0 0 1 3 6 3 1 0 0 1 3 6 3 1 0 0 1 3 6 3 1 0 0 1 3 6 3 1 0 0 1 3 6 3
A000219_a2 2 41 1 1 1 0 1 0 0 0 0 0 0 1 1 1 1 1 1 0 1 0 0 0 1 1 0 1 1 0 0 0 1 1 1 1 1 0 1 0 1 1 1
A000219_a3 3 41 1 1 0 0 1 0 0 2 1 0 2 1 0 1 0 0 2 1 0 2 2 0 1 2 0 0 1 1 2 0 1 1 1 0 0 1 0 2 2 2 1
A000219_a4 4 41 1 1 3 2 1 0 0 2 0 2 0 3 3 1 3 3 1 2 1 2 2 2 3 3 2 1 1 2 2 0 3 1 1 1 3 2 1 0 3 1 3
A000219_a5 5 41 1 1 3 1 3 4 3 1 0 2 0 4 4 0 2 4 2 4 1 0 3 4 0 3 4 3 0 3 4 2 3 4 4 3 0 1 1 4 0 1 3
A000219_a7 7 41 1 1 3 6 6 3 6 2 6 2 3 5 2 0 2 5 6 1 5 3 0 4 2 3 2 2 6 6 5 3 6 1 2 3 3 5 6 5 0 4 1
A000225_a2 2 34 0 1 1 1 1 1 1 1 1 1 1 1 1 1 1 1 1 1 1 1 1 1 1 1 1 1 1 1 1 1 1 1 1 1
A000225_a3 3 34 0 1 0 1 0 1 0 1 0 1 0 1 0 1 0 1 0 1 0 1 0 1 0 1 0 1 0 1 0 1 0 1 0 1
A000225_a4 4 34 0 1 3 3 3 3 3 3 3 3 3 3 3 3 3 3 3 3 3 3 3 3 3 3 3 3 3 3 3 3 3 3 3 3
A000225_a5 5 34 0 1 3 2 0 1 3 2 0 1 3 2 0 1 3 2 0 1 3 2 0 1 3 2 0 1 3 2 0 1 3 2 0 1
A000225_a7 7 34 0 1 3 0 1 3 0 1 3 0 1 3 0 1 3 0 1 3 0 1 3 0 1 3 0 1 3 0 1 3 0 1 3 0
A000244_a2 2 28 1 1 1 1 1 1 1 1 1 1 1 1 1 1 1 1 1 1 1 1 1 1 1 1 1 1 1 1
A000244_a3 3 28 1 0 0 0 0 0 0 0 0 0 0 0 0 0 0 0 0 0 0 0 0 0 0 0 0 0 0 0
A000244_a4 4 28 1 3 1 3 1 3 1 3 1 3 1 3 1 3 1 3 1 3 1 3 1 3 1 3 1 3 1 3
A000244_a5 5 28 1 3 4 2 1 3 4 2 1 3 4 2 1 3 4 2 1 3 4 2 1 3 4 2 1 3 4 2
A000244_a7 7 28 1 3 2 6 4 5 1 3 2 6 4 5 1 3 2 6 4 5 1 3 2 6 4 5 1 3 2 6
A000262_a2 2 22 1 1 1 1 1 1 1 1 1 1 1 1 1 1 1 1 1 1 1 1 1 1
A000262_a3 3 22 1 1 0 1 1 0 1 1 0 1 1 0 1 1 0 1 1 0 1 1 0 1
A000262_a4 4 22 1 1 3 1 1 1 3 1 1 1 3 1 1 1 3 1 1 1 3 1 1 1
A000262_a5 5 22 1 1 3 3 3 1 1 3 3 3 1 1 3 3 3 1 1 3 3 3 1 1
A000262_a7 7 22 1 1 3 6 3 4 5 1 1 3 6 3 4 5 1 1 3 6 3 4 5 1
A000272_a2 2 22 1 1 1 1 0 1 0 1 0 1 0 1 0 1 0 1 0 1 0 1 0 1
A000272_a3 3 22 1 1 1 0 1 2 0 1 1 0 1 2 0 1 1 0 1 2 0 1 1 0
A000272_a4 4 22 1 1 1 3 0 1 0 3 0 1 0 3 0 1 0 3 0 1 0 3 0 1
A000272_a5 5 22 1 1 1 3 1 0 1 2 4 4 0 1 4 2 1 0 1 3 1 4 0 1
A000272_a7 7 22 1 1 1 3 2 6 1 0 1 2 2 1 2 6 0 1 4 6 4 3 1 0
A000290_a2 2 51 0 1 0 1 0 1 0 1 0 1 0 1 0 1 0 1 0 1 0 1 0 1 0 1 0 1 0 1 0 1 0 1 0 1 0 1 0 1 0 1 0 1 0 1 0 1 0 1 0 1 0
A000290_a3 3 51 0 1 1 0 1 1 0 1 1 0 1 1 0 1 1 0 1 1 0 1 1 0 1 1 0 1 1 0 1 1 0 1 1 0 1 1 0 1 1 0 1 1 0 1 1 0 1 1 0 1 1
A000290_a4 4 51 0 1 0 1 0 1 0 1 0 1 0 1 0 1 0 1 0 1 0 1 0 1 0 1 0 1 0 1 0 1 0 1 0 1 0 1 0 1 0 1 0 1 0 1 0 1 0 1 0 1 0
A000290_a5 5 51 0 1 4 4 1 0 1 4 4 1 0 1 4 4 1 0 1 4 4 1 0 1 4 4 1 0 1 4 4 1 0 1 4 4 1 0 1 4 4 1 0 1 4 4 1 0 1 4 4 1 0
A000290_a7 7 51 0 1 4 2 2 4 1 0 1 4 2 2 4 1 0 1 4 2 2 4 1 0 1 4 2 2 4 1 0 1 4 2 2 4 1 0 1 4 2 2 4 1 0 1 4 2 2 4 1 0 1
A000292_a2 2 45 0 1 0 0 0 1 0 0 0 1 0 0 0 1 0 0 0 1 0 0 0 1 0 0 0 1 0 0 0 1 0 0 0 1 0 0 0 1 0 0 0 1 0 0 0
A000292_a3 3 45 0 1 1 1 2 2 2 0 0 0 1 1 1 2 2 2 0 0 0 1 1 1 2 2 2 0 0 0 1 1 1 2 2 2 0 0 0 1 1 1 2 2 2 0 0
A000292_a4 4 45 0 1 0 2 0 3 0 0 0 1 0 2 0 3 0 0 0 1 0 2 0 3 0 0 0 1 0 2 0 3 0 0 0 1 0 2 0 3 0 0 0 1 0 2 0
A000292_a5 5 45 0 1 4 0 0 0 1 4 0 0 0 1 4 0 0 0 1 4 0 0 0 1 4 0 0 0 1 4 0 0 0 1 4 0 0 0 1 4 0 0 0 1 4 0 0
A000292_a7 7 45 0 1 4 3 6 0 0 0 1 4 3 6 0 0 0 1 4 3 6 0 0 0 1 4 3 6 0 0 0 1 4 3 6 0 0 0 1 4 3 6 0 0 0 1 4
A000302_a2 2 25 1 0 0 0 0 0 0 0 0 0 0 0 0 0 0 0 0 0 0 0 0 0 0 0 0
A000302_a3 3 25 1 1 1 1 1 1 1 1 1 1 1 1 1 1 1 1 1 1 1 1 1 1 1 1 1
A000302_a4 4 25 1 0 0 0 0 0 0 0 0 0 0 0 0 0 0 0 0 0 0 0 0 0 0 0 0
A000302_a5 5 25 1 4 1 4 1 4 1 4 1 4 1 4 1 4 1 4 1 4 1 4 1 4 1 4 1
A000302_a7 7 25 1 4 2 1 4 2 1 4 2 1 4 2 1 4 2 1 4 2 1 4 2 1 4 2 1
A000311_a2 2 20 0 1 1 0 0 0 0 0 0 0 0 0 0 0 0 0 0 0 0 0
A000311_a3 3 20 0 1 1 1 2 2 1 1 2 2 1 1 2 2 1 1 2 2 1 1
A000311_a4 4 20 0 1 1 0 2 0 0 0 0 0 0 0 0 0 0 0 0 0 0 0
A000311_a5 5 20 0 1 1 4 1 1 2 3 2 2 4 1 4 4 3 2 3 3 1 4
A000311_a7 7 20 0 1 1 4 5 5 1 1 2 1 3 3 2 2 4 2 6 6 4 4
A000312_a2 2 20 1 1 0 1 0 1 0 1 0 1 0 1 0 1 0 1 0 1 0 1
A000312_a3 3 20 1 1 1 0 1 2 0 1 1 0 1 2 0 1 1 0 1 2 0 1
A000312_a4 4 20 1 1 0 3 0 1 0 3 0 1 0 3 0 1 0 3 0 1 0 3
A000312_a5 5 20 1 1 4 2 1 0 1 3 1 4 0 1 1 3 1 0 1 2 4 4
A000312_a7 7 20 1 1 4 6 4 3 1 0 1 1 4 2 1 6 0 1 2 5 1 5
A000326_a2 2 47 0 1 1 0 0 1 1 0 0 1 1 0 0 1 1 0 0 1 1 0 0 1 1 0 0 1 1 0 0 1 1 0 0 1 1 0 0 1 1 0 0 1 1 0 0 1 1
A000326_a3 3 47 0 1 2 0 1 2 0 1 2 0 1 2 0 1 2 0 1 2 0 1 2 0 1 2 0 1 2 0 1 2 0 1 2 0 1 2 0 1 2 0 1 2 0 1 2 0 1
A000326_a4 4 47 0 1 1 0 2 3 3 2 0 1 1 0 2 3 3 2 0 1 1 0 2 3 3 2 0 1 1 0 2 3 3 2 0 1 1 0 2 3 3 2 0 1 1 0 2 3 3
A000326_a5 5 47 0 1 0 2 2 0 1 0 2 2 0 1 0 2 2 0 1 0 2 2 0 1 0 2 2 0 1 0 2 2 0 1 0 2 2 0 1 0 2 2 0 1 0 2 2 0 1
A000326_a7 7 47 0 1 5 5 1 0 2 0 1 5 5 1 0 2 0 1 5 5 1 0 2 0 1 5 5 1 0 2 0 1 5 5 1 0 2 0 1 5 5 1 0 2 0 1 5 5 1
A000330_a2 2 45 0 1 1 0 0 1 1 0 0 1 1 0 0 1 1 0 0 1 1 0 0 1 1 0 0 1 1 0 0 1 1 0 0 1 1 0 0 1 1 0 0 1 1 0 0
A000330_a3 3 45 0 1 2 2 0 1 1 2 0 0 1 2 2 0 1 1 2 0 0 1 2 2 0 1 1 2 0 0 1 2 2 0 1 1 2 0 0 1 2 2 0 1 1 2 0
A000330_a4 4 45 0 1 1 2 2 3 3 0 0 1 1 2 2 3 3 0 0 1 1 2 2 3 3 0 0 1 1 2 2 3 3 0 0 1 1 2 2 3 3 0 0 1 1 2 2
A000330_a5 5 45 0 1 0 4 0 0 1 0 4 0 0 1 0 4 0 0 1 0 4 0 0 1 0 4 0 0 1 0 4 0 0 1 0 4 0 0 1 0 4 0 0 1 0 4 0
A000330_a7 7 45 0 1 5 0 2 6 0 0 1 5 0 2 6 0 0 1 5 0 2 6 0 0 1 5 0 2 6 0 0 1 5 0 2 6 0 0 1 5 0 2 6 0 0 1 5
A000578_a2 2 44 0 1 0 1 0 1 0 1 0 1 0 1 0 1 0 1 0 1 0 1 0 1 0 1 0 1 0 1 0 1 0 1 0 1 0 1 0 1 0 1 0 1 0 1
A000578_a3 3 44 0 1 2 0 1 2 0 1 2 0 1 2 0 1 2 0 1 2 0 1 2 0 1 2 0 1 2 0 1 2 0 1 2 0 1 2 0 1 2 0 1 2 0 1
A000578_a4 4 44 0 1 0 3 0 1 0 3 0 1 0 3 0 1 0 3 0 1 0 3 0 1 0 3 0 1 0 3 0 1 0 3 0 1 0 3 0 1 0 3 0 1 0 3
A000578_a5 5 44 0 1 3 2 4 0 1 3 2 4 0 1 3 2 4 0 1 3 2 4 0 1 3 2 4 0 1 3 2 4 0 1 3 2 4 0 1 3 2 4 0 1 3 2
A000578_a7 7 44 0 1 1 6 1 6 6 0 1 1 6 1 6 6 0 1 1 6 1 6 6 0 1 1 6 1 6 6 0 1 1 6 1 6 6 0 1 1 6 1 6 6 0 1
A000583_a2 2 38 0 1 0 1 0 1 0 1 0 1 0 1 0 1 0 1 0 1 0 1 0 1 0 1 0 1 0 1 0 1 0 1 0 1 0 1 0 1
A000583_a3 3 38 0 1 1 0 1 1 0 1 1 0 1 1 0 1 1 0 1 1 0 1 1 0 1 1 0 1 1 0 1 1 0 1 1 0 1 1 0 1
A000583_a4 4 38 0 1 0 1 0 1 0 1 0 1 0 1 0 1 0 1 0 1 0 1 0 1 0 1 0 1 0 1 0 1 0 1 0 1 0 1 0 1
A000583_a5 5 38 0 1 1 1 1 0 1 1 1 1 0 1 1 1 1 0 1 1 1 1 0 1 1 1 1 0 1 1 1 1 0 1 1 1 1 0 1 1
A000583_a7 7 38 0 1 2 4 4 2 1 0 1 2 4 4 2 1 0 1 2 4 4 2 1 0 1 2 4 4 2 1 0 1 2 4 4 2 1 0 1 2
A000593_a2 2 75 1 1 0 1 0 0 0 1 1 0 0 0 0 0 0 1 0 1 0 0 0 0 0 0 1 0 0 0 0 0 0 1 0 0 0 1 0 0 0 0 0 0 0 0 0 0 0 0 1 1 0 0 0 0 0 0 0 0 0 0 0 0 0 1 0 0 0 0 0 0 0 1 0 0 0
A000593_a3 3 75 1 1 1 1 0 1 2 1 1 0 0 1 2 2 0 1 0 1 2 0 2 0 0 1 1 2 1 2 0 0 2 1 0 0 0 1 2 2 2 0 0 2 2 0 0 0 0 1 0 1 0 2 0 1 0 2 2 0 0 0 2 2 2 1 0 0 2 0 0 0 0 1 2 2 1
A000593_a4 4 75 1 1 0 1 2 0 0 1 1 2 0 0 2 0 0 1 2 1 0 2 0 0 0 0 3 2 0 0 2 0 0 1 0 2 0 1 2 0 0 2 2 0 0 0 2 0 0 0 1 3 0 2 2 0 0 0 0 2 0 0 2 0 0 1 0 0 0 2 0 0 0 1 2 2 0
A000593_a5 5 75 1 1 4 1 1 4 3 1 3 1 2 4 4 3 4 1 3 3 0 1 2 2 4 4 1 4 0 3 0 4 2 1 3 3 3 3 3 0 1 1 2 2 4 2 3 4 3 4 2 1 2 4 4 0 2 3 0 0 0 4 2 2 4 1 4 3 3 3 1 3 2 3 4 3 4
A000593_a7 7 75 1 1 4 1 6 4 1 1 6 6 5 4 0 1 3 1 4 6 6 6 4 5 3 4 3 0 5 1 2 3 4 1 6 4 6 6 3 6 0 6 0 4 2 5 1 3 6 4 1 3 2 0 5 5 2 1 3 2 4 3 6 4 6 1 0 6 5 4 5 6 2 6 4 3 5
A000602_a2 2 33 1 1 1 1 0 1 1 1 0 1 1 1 1 0 0 1 1 0 1 0 1 0 0 0 1 0 0 1 0 1 1 1 1
A000602_a3 3 33 1 1 1 1 2 0 2 0 0 2 0 0 1 1 1 0 0 0 1 0 1 1 2 2 2 2 0 1 1 1 2 1 2
A000602_a4 4 33 1 1 1 1 2 3 1 1 2 3 3 3 3 2 2 3 3 2 3 0 3 2 2 0 1 0 0 3 2 1 3 3 1
A000602_a5 5 33 1 1 1 1 2 3 0 4 3 0 0 4 0 2 3 2 4 4 3 4 4 1 3 0 0 3 2 3 4 1 3 1 4
A000602_a7 7 33 1 1 1 1 2 3 5 2 4 0 5 5 5 4 3 0 6 2 1 3 2 5 4 1 0 2 2 2 6 0 3 0 3
A000670_a2 2 22 1 1 1 1 1 1 1 1 1 1 1 1 1 1 1 1 1 1 1 1 1 1
A000670_a3 3 22 1 1 0 1 0 1 0 1 0 1 0 1 0 1 0 1 0 1 0 1 0 1
A000670_a4 4 22 1 1 3 1 3 1 3 1 3 1 3 1 3 1 3 1 3 1 3 1 3 1
A000670_a5 5 22 1 1 3 3 0 1 3 3 0 1 3 3 0 1 3 3 0 1 3 3 0 1
A000670_a7 7 22 1 1 3 6 5 2 0 1 3 6 5 2 0 1 3 6 5 2 0 1 3 6
A000688_a2 2 107 1 1 1 0 1 1 1 1 0 1 1 0 1 1 1 1 1 0 1 0 1 1 1 1 0 1 1 0 1 1 1 1 1 1 1 0 1 1 1 1 1 1 1 0 0 1 1 1 0 0 1 0 1 1 1 1 1 1 1 0 1 1 0 1 1 1 1 0 1 1 1 0 1 1 0 0 1 1 1 1 1 1 1 0 1 1 1 1 1 0 1 0 1 1 1 1 1 0 0 0 1 1 1 1 1 1 1
A000688_a3 3 107 1 1 1 2 1 1 1 0 2 1 1 2 1 1 1 2 1 2 1 2 1 1 1 0 2 1 0 2 1 1 1 1 1 1 1 1 1 1 1 0 1 1 1 2 2 1 1 2 2 2 1 2 1 0 1 0 1 1 1 2 1 1 2 2 1 1 1 2 1 1 1 0 1 1 2 2 1 1 1 2 2 1 1 2 1 1 1 0 1 2 1 2 1 1 1 1 1 2 2 1 1 1 1 0 1 1 1
A000688_a4 4 107 1 1 1 2 1 1 1 3 2 1 1 2 1 1 1 1 1 2 1 2 1 1 1 3 2 1 3 2 1 1 1 3 1 1 1 0 1 1 1 3 1 1 1 2 2 1 1 1 2 2 1 2 1 3 1 3 1 1 1 2 1 1 2 3 1 1 1 2 1 1 1 2 1 1 2 2 1 1 1 1 1 1 1 2 1 1 1 3 1 2 1 2 1 1 1 3 1 2 2 0 1 1 1 3 1 1 1
A000688_a5 5 107 1 1 1 2 1 1 1 3 2 1 1 2 1 1 1 0 1 2 1 2 1 1 1 3 2 1 3 2 1 1 1 2 1 1 1 4 1 1 1 3 1 1 1 2 2 1 1 0 2 2 1 2 1 3 1 3 1 1 1 2 1 1 2 1 1 1 1 2 1 1 1 1 1 1 2 2 1 1 1 0 0 1 1 2 1 1 1 3 1 2 1 2 1 1 1 2 1 2 2 4 1 1 1 3 1 1 1
A000688_a7 7 107 1 1 1 2 1 1 1 3 2 1 1 2 1 1 1 5 1 2 1 2 1 1 1 3 2 1 3 2 1 1 1 0 1 1 1 4 1 1 1 3 1 1 1 2 2 1 1 5 2 2 1 2 1 3 1 3 1 1 1 2 1 1 2 4 1 1 1 2 1 1 1 6 1 1 2 2 1 1 1 5 5 1 1 2 1 1 1 3 1 2 1 2 1 1 1 0 1 2 2 4 1 1 1 3 1 1 1
A000720_a2 2 78 0 1 0 0 1 1 0 0 0 0 1 1 0 0 0 0 1 1 0 0 0 0 1 1 1 1 1 1 0 0 1 1 1 1 1 1 0 0 0 0 1 1 0 0 0 0 1 1 1 1 1 1 0 0 0 0 0 0 1 1 0 0 0 0 0 0 1 1 1 1 0 0 1 1 1 1 1 1
A000720_a3 3 78 0 1 2 2 0 0 1 1 1 1 2 2 0 0 0 0 1 1 2 2 2 2 0 0 0 0 0 0 1 1 2 2 2 2 2 2 0 0 0 0 1 1 2 2 2 2 0 0 0 0 0 0 1 1 1 1 1 1 2 2 0 0 0 0 0 0 1 1 1 1 2 2 0 0 0 0 0 0
A000720_a4 4 78 0 1 2 2 3 3 0 0 0 0 1 1 2 2 2 2 3 3 0 0 0 0 1 1 1 1 1 1 2 2 3 3 3 3 3 3 0 0 0 0 1 1 2 2 2 2 3 3 3 3 3 3 0 0 0 0 0 0 1 1 2 2 2 2 2 2 3 3 3 3 0 0 1 1 1 1 1 1
A000720_a5 5 78 0 1 2 2 3 3 4 4 4 4 0 0 1 1 1 1 2 2 3 3 3 3 4 4 4 4 4 4 0 0 1 1 1 1 1 1 2 2 2 2 3 3 4 4 4 4 0 0 0 0 0 0 1 1 1 1 1 1 2 2 3 3 3 3 3 3 4 4 4 4 0 0 1 1 1 1 1 1
A000720_a7 7 78 0 1 2 2 3 3 4 4 4 4 5 5 6 6 6 6 0 0 1 1 1 1 2 2 2 2 2 2 3 3 4 4 4 4 4 4 5 5 5 5 6 6 0 0 0 0 1 1 1 1 1 1 2 2 2 2 2 2 3 3 4 4 4 4 4 4 5 5 5 5 6 6 0 0 0 0 0 0
A000793_a2 2 48 1 1 0 1 0 0 0 0 1 0 0 0 0 0 0 1 0 0 0 0 0 0 0 0 0 0 0 0 0 0 0 0 0 0 0 0 0 0 0 0 0 0 0 0 0 0 0 0
A000793_a3 3 48 1 1 2 0 1 0 0 0 0 2 0 0 0 0 0 0 2 0 0 0 0 0 0 0 0 0 0 1 0 0 0 0 0 0 0 0 0 0 0 0 0 0 0 0 0 0 0 0
A000793_a4 4 48 1 1 2 3 0 2 2 0 3 0 2 2 0 0 0 1 0 2 2 0 0 0 0 0 0 0 0 0 2 0 0 0 0 0 0 0 0 0 0 0 0 2 0 0 0 0 0 0
A000793_a5 5 48 1 1 2 3 4 1 1 2 0 0 0 0 0 0 4 0 0 0 0 0 0 0 0 0 0 0 0 0 0 0 0 0 0 0 0 0 0 0 0 0 0 0 0 0 0 0 0 0
A000793_a7 7 48 1 1 2 3 4 6 6 5 1 6 2 2 4 4 0 0 0 0 0 0 0 0 0 0 0 0 0 0 0 0 0 0 0 0 0 0 0 0 0 0 0 0 0 0 0 0 0 0
A000796_a2 2 105 1 1 0 1 1 1 0 0 1 1 1 0 1 1 1 1 0 1 0 0 0 0 0 0 1 1 0 1 0 1 1 1 0 0 0 0 0 1 1 1 1 0 1 1 1 1 1 1 1 1 0 1 0 0 0 1 1 0 1 0 0 1 1 0 1 0 1 0 1 0 0 0 0 0 0 0 0 0 0 1 1 0 0 0 0 0 1 0 0 0 1 1 0 0 1 1 1 0 0 1 1 0 0 1 0
A000796_a3 3 105 0 1 1 1 2 0 2 0 2 0 2 2 0 1 0 0 2 0 2 1 0 2 0 1 0 0 2 0 2 1 0 2 0 2 2 2 1 1 0 1 1 0 0 0 0 0 0 1 2 1 0 2 2 2 0 0 1 1 0 1 1 2 0 2 0 0 1 2 1 0 1 0 0 2 2 0 2 0 2 0 0 2 0 2 2 0 0 1 2 2 2 0 1 2 1 1 1 0 0 1 0 2 2 1 1
A000796_a4 4 105 3 1 0 1 1 1 2 2 1 3 1 0 1 3 1 3 2 3 0 0 2 2 2 0 3 3 0 3 2 3 1 1 0 2 0 0 0 1 1 3 1 2 1 3 1 1 3 3 1 1 0 1 0 2 0 1 3 0 1 0 0 1 1 2 3 0 3 0 1 2 0 0 2 2 0 2 2 0 0 1 1 0 2 2 0 0 3 0 0 2 1 3 0 2 1 1 3 0 2 3 1 0 2 1 0
A000796_a5 5 105 3 1 4 1 0 4 2 1 0 3 0 3 4 2 4 3 2 3 3 4 1 2 1 4 3 3 3 3 2 2 4 0 0 2 3 3 4 1 4 2 1 1 4 3 4 4 3 2 0 1 0 0 3 2 0 4 2 4 4 4 4 0 4 2 3 0 2 3 1 1 4 0 1 2 3 1 2 0 3 4 4 3 1 2 3 0 3 4 3 2 0 3 4 2 1 1 2 0 1 2 4 3 2 1 4
A000796_a7 7 105 3 1 4 1 5 2 2 6 5 3 5 1 2 0 2 3 2 3 1 4 6 2 6 4 3 3 1 3 2 0 2 5 0 2 1 1 4 1 2 0 1 6 2 3 2 2 3 0 5 1 0 5 1 2 0 2 0 4 2 4 4 5 2 2 3 0 0 1 1 6 4 0 6 2 1 6 2 0 1 2 2 1 6 2 1 0 3 4 1 2 5 3 4 2 1 1 0 0 6 0 2 1 2 1 4
A000959_a2 2 57 1 1 1 1 1 1 1 1 1 1 1 1 1 1 1 1 1 1 1 1 1 1 1 1 1 1 1 1 1 1 1 1 1 1 1 1 1 1 1 1 1 1 1 1 1 1 1 1 1 1 1 1 1 1 1 1 1
A000959_a3 3 57 1 0 1 0 1 0 0 1 1 0 1 1 1 0 0 1 0 1 0 1 0 0 0 0 0 1 1 0 1 0 0 1 0 1 1 0 0 1 0 0 1 1 0 1 0 1 0 1 1 0 0 0 1 0 1 0 0
A000959_a4 4 57 1 3 3 1 1 3 1 1 3 1 1 3 1 3 3 3 1 1 3 3 3 1 3 1 3 3 3 1 1 3 1 3 3 3 1 3 1 1 3 1 1 3 3 3 3 3 1 1 3 1 3 1 3 1 1 1 3
A000959_a5 5 57 1 3 2 4 3 0 1 0 1 3 2 3 4 1 3 2 4 3 0 4 2 3 4 0 1 0 2 4 3 0 1 1 4 3 4 1 4 3 0 1 0 1 4 3 1 0 2 1 4 1 2 3 3 0 4 2 3
A000959_a7 7 57 1 3 0 2 6 1 0 4 3 5 2 1 0 2 0 4 6 3 5 2 3 2 1 0 6 3 1 3 0 2 1 4 5 2 1 3 0 4 6 5 2 1 2 6 0 4 6 3 0 2 1 0 3 5 2 3 2
A000961_a2 2 64 1 0 1 0 1 1 0 1 1 1 0 1 1 1 1 1 1 1 0 1 1 1 1 1 1 1 1 0 1 1 1 1 1 1 1 1 1 1 1 1 1 1 1 1 0 1 1 1 1 1 1 1 1 1 1 1 1 1 1 1 1 1 1 1
A000961_a3 3 64 1 2 0 1 2 1 2 0 2 1 1 2 1 2 1 0 2 1 2 1 2 1 2 1 2 2 1 1 1 2 1 1 0 2 2 1 2 1 2 1 2 1 2 1 2 2 2 1 2 1 1 1 2 1 2 2 1 2 1 2 1 1 1 2
A000961_a4 4 64 1 2 3 0 1 3 0 1 3 1 0 1 3 3 1 3 1 3 0 1 1 3 3 1 1 3 1 0 3 3 1 3 1 3 1 1 1 3 3 1 1 1 1 3 0 3 1 3 1 3 1 3 3 1 1 3 1 3 1 1 3 3 3 3
A000961_a5 5 64 1 2 3 4 0 2 3 4 1 3 1 2 4 3 0 2 4 1 2 2 1 3 2 4 3 4 1 4 2 1 3 4 1 3 4 2 1 3 2 4 3 1 0 2 3 1 2 4 4 1 2 3 2 4 3 4 1 1 3 2 4 1 3 2
A000961_a7 7 64 1 2 3 4 5 0 1 2 4 6 2 3 5 2 4 6 1 3 4 2 6 1 5 0 4 3 5 1 4 1 3 2 4 6 5 6 3 5 2 4 1 2 6 1 2 5 4 6 2 4 3 2 6 1 5 4 6 2 4 1 3 1 6 3
A000984_a2 2 28 1 0 0 0 0 0 0 0 0 0 0 0 0 0 0 0 0 0 0 0 0 0 0 0 0 0 0 0
A000984_a3 3 28 1 2 0 2 1 0 0 0 0 2 1 0 1 2 0 0 0 0 0 0 0 0 0 0 0 0 0 2
A000984_a4 4 28 1 2 2 0 2 0 0 0 2 0 0 0 0 0 0 0 2 0 0 0 0 0 0 0 0 0 0 0
A000984_a5 5 28 1 2 1 0 0 2 4 2 0 0 1 2 1 0 0 0 0 0 0 0 0 0 0 0 0 2 4 2
A000984_a7 7 28 1 2 6 6 0 0 0 2 4 5 5 0 0 0 6 5 1 1 0 0 0 6 5 1 1 0 0 0
A001003_a2 2 26 1 1 1 1 1 1 1 1 1 1 1 1 1 1 1 1 1 1 1 1 1 1 1 1 1 1
A001003_a3 3 26 1 1 0 2 0 2 0 1 0 2 0 0 0 0 0 0 0 2 0 1 0 2 0 2 0 1
A001003_a4 4 26 1 1 3 3 1 1 3 3 1 1 3 3 1 1 3 3 1 1 3 3 1 1 3 3 1 1
A001003_a5 5 26 1 1 3 1 0 2 3 4 3 4 4 3 4 3 4 4 3 4 3 2 0 1 3 1 0 2
A001003_a7 7 26 1 1 3 4 3 1 0 2 3 2 5 2 3 6 2 6 4 3 4 6 1 2 0 0 0 0
A001006_a2 2 31 1 1 0 0 1 1 1 1 1 1 0 0 1 1 0 0 1 1 0 0 1 1 1 1 1 1 0 0 1 1 1
A001006_a3 3 31 1 1 2 1 0 0 0 1 2 1 1 2 1 0 0 0 0 0 0 0 0 0 0 0 0 1 2 1 1 2 1
A001006_a4 4 31 1 1 2 0 1 1 3 3 3 3 0 2 3 3 2 0 3 3 2 0 3 3 3 3 1 1 0 2 1 1 3
A001006_a5 5 31 1 1 2 4 4 1 1 2 3 0 3 3 1 0 4 2 2 4 2 4 4 4 3 0 2 1 1 2 4 4 1
A001006_a7 7 31 1 1 2 4 2 0 2 1 1 2 4 2 6 3 3 3 6 5 6 5 1 0 0 0 0 0 1 6 5 5 3
A001034_a2 2 36 0 0 0 0 0 0 0 0 0 0 0 0 0 0 0 0 0 0 0 0 0 0 0 0 0 0 0 0 0 0 0 0 0 0 0 0
A001034_a3 3 36 0 0 0 0 0 0 0 0 0 0 0 0 0 0 0 0 0 0 0 0 0 2 0 0 0 0 0 0 0 0 0 0 0 0 0 0
A001034_a4 4 36 0 0 0 0 0 0 0 0 0 0 0 0 0 0 0 0 0 0 0 0 0 0 0 0 0 0 0 0 0 0 0 0 0 0 0 0
A001034_a5 5 36 0 3 0 4 0 2 3 0 0 0 1 3 2 0 0 3 0 0 0 3 0 0 1 0 2 3 0 0 2 0 0 0 0 3 0 0
A001034_a7 7 36 4 0 3 0 2 0 5 0 4 6 2 0 3 2 3 0 0 5 0 3 6 0 4 0 0 4 0 2 2 1 5 4 0 2 0 0
A001037_a2 2 41 1 0 1 0 1 0 1 0 0 0 1 0 1 0 1 0 0 0 0 0 1 0 1 0 0 0 1 0 1 0 1 0 0 0 1 0 0 0 1 0 0
A001037_a3 3 41 1 2 1 2 0 0 0 0 0 2 0 0 2 0 0 1 0 0 0 0 0 0 0 0 2 0 0 2 0 0 0 0 0 1 0 0 2 0 0 0 0
A001037_a4 4 41 1 2 1 2 3 2 1 2 2 0 3 2 3 2 1 2 0 2 0 2 1 2 1 2 2 0 3 0 3 2 3 2 0 2 3 2 0 2 1 2 2
A001037_a5 5 41 1 2 1 2 3 1 4 3 0 1 4 1 0 0 1 2 0 0 2 4 2 3 2 2 0 1 0 3 0 0 2 1 0 1 0 1 0 0 3 0 4
A001037_a7 7 41 1 2 1 2 3 6 2 4 2 0 1 4 6 0 6 5 6 3 0 0 3 3 3 1 4 3 0 0 0 2 2 0 4 1 4 3 0 0 0 0 2
A001045_a2 2 36 0 1 1 1 1 1 1 1 1 1 1 1 1 1 1 1 1 1 1 1 1 1 1 1 1 1 1 1 1 1 1 1 1 1 1 1
A001045_a3 3 36 0 1 1 0 2 2 0 1 1 0 2 2 0 1 1 0 2 2 0 1 1 0 2 2 0 1 1 0 2 2 0 1 1 0 2 2
A001045_a4 4 36 0 1 1 3 1 3 1 3 1 3 1 3 1 3 1 3 1 3 1 3 1 3 1 3 1 3 1 3 1 3 1 3 1 3 1 3
A001045_a5 5 36 0 1 1 3 0 1 1 3 0 1 1 3 0 1 1 3 0 1 1 3 0 1 1 3 0 1 1 3 0 1 1 3 0 1 1 3
A001045_a7 7 36 0 1 1 3 5 4 0 1 1 3 5 4 0 1 1 3 5 4 0 1 1 3 5 4 0 1 1 3 5 4 0 1 1 3 5 4
A001055_a2 2 103 1 1 1 0 1 0 1 1 0 0 1 0 1 0 0 1 1 0 1 0 0 0 1 1 0 0 1 0 1 1 1 1 0 0 0 1 1 0 0 1 1 1 1 0 0 0 1 0 0 0 0 0 1 1 0 1 0 0 1 1 1 0 0 1 0 1 1 0 0 1 1 0 1 0 0 0 0 1 1 0 1 0 1 1 0 0 0 1 1 1 0 0 0 0 0 1 1 0 0 1 1 1 1
A001055_a3 3 103 1 1 1 2 1 2 1 0 2 2 1 1 1 2 2 2 1 1 1 1 2 2 1 1 2 2 0 1 1 2 1 1 2 2 2 0 1 2 2 1 1 2 1 1 1 2 1 0 2 1 2 1 1 1 2 1 2 2 1 2 1 2 1 2 2 2 1 1 2 2 1 1 1 2 1 1 2 2 1 0 2 2 1 2 2 2 2 1 1 2 2 1 2 2 2 1 1 1 1 0 1 2 1
A001055_a4 4 103 1 1 1 2 1 2 1 3 2 2 1 0 1 2 2 1 1 0 1 0 2 2 1 3 2 2 3 0 1 1 1 3 2 2 2 1 1 2 2 3 1 1 1 0 0 2 1 0 2 0 2 0 1 3 2 3 2 2 1 3 1 2 0 3 2 1 1 0 2 1 1 0 1 2 0 0 2 1 1 0 1 2 1 3 2 2 2 3 1 3 2 0 2 2 2 3 1 0 0 1 1 1 1
A001055_a5 5 103 1 1 1 2 1 2 1 3 2 2 1 4 1 2 2 0 1 4 1 4 2 2 1 2 2 2 3 4 1 0 1 2 2 2 2 4 1 2 2 2 1 0 1 4 4 2 1 2 2 4 2 4 1 2 2 2 2 2 1 1 1 2 4 1 2 0 1 4 2 0 1 1 1 2 4 4 2 0 1 2 0 2 1 1 2 2 2 2 1 1 2 4 2 2 2 4 1 4 4 4 1 0 1
A001055_a7 7 103 1 1 1 2 1 2 1 3 2 2 1 4 1 2 2 5 1 4 1 4 2 2 1 0 2 2 3 4 1 5 1 0 2 2 2 2 1 2 2 0 1 5 1 4 4 2 1 5 2 4 2 4 1 0 2 0 2 2 1 4 1 2 4 4 2 5 1 4 2 5 1 2 1 2 4 4 2 5 1 5 5 2 1 4 2 2 2 0 1 4 2 4 2 2 2 5 1 4 4 2 1 5 1
A001065_a2 2 80 0 1 1 1 1 0 1 1 0 0 1 0 1 0 1 1 1 1 1 0 1 0 1 0 0 0 1 0 1 0 1 1 1 0 1 1 1 0 1 0 1 0 1 0 1 0 1 0 0 1 1 0 1 0 1 0 1 0 1 0 1 0 1 1 1 0 1 0 1 0 1 1 1 0 1 0 1 0 1 0
A001065_a3 3 80 0 1 1 0 1 0 1 1 1 2 1 1 1 1 0 0 1 0 1 1 2 2 1 0 0 1 1 1 1 0 1 1 0 2 1 1 1 1 2 2 1 0 1 1 0 2 1 1 2 1 0 1 1 0 2 1 2 2 1 0 1 1 2 0 1 0 1 1 0 2 1 0 1 1 1 1 1 0 1 1
A001065_a4 4 80 0 1 1 3 1 2 1 3 0 0 1 0 1 2 1 3 1 1 1 2 3 2 1 0 2 0 1 0 1 2 1 3 3 0 1 3 1 2 1 2 1 2 1 0 1 2 1 0 0 3 1 2 1 2 1 0 3 0 1 0 1 2 1 3 3 2 1 2 3 2 1 3 1 0 1 0 3 2 1 2
A001065_a5 5 80 0 1 1 3 1 1 1 2 4 3 1 1 1 0 4 0 1 1 1 2 1 4 1 1 1 1 3 3 1 2 1 1 0 0 3 0 1 2 2 0 1 4 1 0 3 1 1 1 3 3 1 1 1 1 2 4 3 2 1 3 1 4 1 3 4 3 1 3 2 4 1 3 1 0 4 4 4 0 1 1
A001065_a7 7 80 0 1 1 3 1 6 1 0 4 1 1 2 1 3 2 1 1 0 1 1 4 0 1 1 6 2 6 0 1 0 1 3 1 6 6 6 1 1 3 1 1 5 1 5 5 5 1 6 1 1 0 4 1 3 3 1 2 4 1 3 1 6 6 0 5 1 1 2 6 4 1 4 1 5 0 1 5 6 1 1
A001097_a2 2 57 1 1 1 1 1 1 1 1 1 1 1 1 1 1 1 1 1 1 1 1 1 1 1 1 1 1 1 1 1 1 1 1 1 1 1 1 1 1 1 1 1 1 1 1 1 1 1 1 1 1 1 1 1 1 1 1 1
A001097_a3 3 57 0 2 1 2 1 2 1 2 1 2 1 2 1 2 1 2 1 2 1 2 1 2 1 2 1 2 1 2 1 2 1 2 1 2 1 2 1 2 1 2 1 2 1 2 1 2 1 2 1 2 1 2 1 2 1 2 1
A001097_a4 4 57 3 1 3 3 1 1 3 1 3 1 3 3 1 3 1 1 3 3 1 1 3 1 3 3 1 3 1 1 3 3 1 3 1 1 3 1 3 3 1 3 1 3 1 3 1 1 3 1 3 1 3 3 1 1 3 1 3
A001097_a5 5 57 3 0 2 1 3 2 4 4 1 1 3 4 1 1 3 1 3 2 4 2 4 4 1 4 1 1 3 2 4 2 4 4 1 4 1 1 3 1 3 2 4 4 1 1 3 1 3 1 3 4 1 4 1 2 4 1 3
A001097_a7 7 57 3 5 0 4 6 3 5 1 3 6 1 3 5 1 3 3 5 2 4 4 6 2 4 4 6 2 4 1 3 3 5 1 3 3 5 1 3 3 5 4 6 6 1 4 6 6 1 3 5 2 4 4 6 1 3 4 6
A001113_a2 2 105 0 1 1 0 0 0 1 0 0 0 0 1 1 0 0 1 0 1 1 1 0 0 0 0 1 0 1 1 1 1 0 0 0 0 0 1 1 1 1 1 0 0 1 0 1 1 0 1 1 1 1 1 1 1 0 1 0 0 1 0 1 0 0 1 1 0 0 0 1 0 0 1 0 1 1 1 1 0 1 1 1 0 1 1 1 1 0 0 1 1 0 1 0 1 1 0 0 0 0 1 0 0 1 0 0
A001113_a3 3 105 2 1 1 2 2 2 1 2 2 2 1 2 0 0 1 2 2 0 2 0 0 0 2 2 1 1 1 1 0 2 2 0 0 2 1 0 1 1 2 1 2 1 1 0 0 0 0 0 0 0 2 0 2 1 1 0 0 0 0 0 1 0 2 1 1 2 1 0 1 0 0 0 0 0 2 0 2 1 1 2 0 1 2 1 1 0 2 2 1 1 2 2 2 2 1 0 0 1 2 1 1 2 1 1 0
A001113_a4 4 105 2 3 1 0 2 0 1 0 2 0 0 1 1 0 0 1 2 3 1 3 2 0 2 0 3 0 3 1 3 1 2 2 2 2 0 1 3 3 1 3 2 0 3 0 1 3 2 1 1 1 1 1 1 3 0 1 2 2 1 2 3 2 2 3 3 2 0 0 3 2 2 3 0 3 1 3 1 0 3 1 1 0 1 3 1 3 0 2 1 3 0 1 2 1 1 2 2 0 2 3 0 2 3 0 2
A001113_a5 5 105 2 2 1 3 2 3 1 3 2 3 4 0 4 0 4 0 2 3 0 3 1 0 2 3 2 4 2 1 3 0 2 1 1 2 4 4 2 2 0 2 2 4 2 0 4 3 1 4 4 4 0 4 0 2 4 4 1 1 4 1 2 1 2 2 2 2 4 0 2 1 1 3 0 3 0 3 0 4 2 0 4 4 0 2 1 3 3 2 1 2 3 0 2 0 1 1 1 4 2 2 4 2 2 4 1
A001113_a7 7 105 2 0 1 1 2 1 1 1 2 1 4 5 2 0 4 5 2 3 5 3 6 0 2 1 0 4 0 1 3 5 2 6 6 2 4 2 0 0 5 0 2 4 0 0 2 3 6 2 2 2 5 2 5 0 4 2 6 6 2 6 0 6 2 0 0 2 4 0 0 6 6 3 0 3 5 3 5 4 0 5 2 4 5 0 1 3 1 2 1 0 1 5 2 5 1 6 6 4 2 0 4 2 0 4 6
A001147_a2 2 21 1 1 1 1 1 1 1 1 1 1 1 1 1 1 1 1 1 1 1 1 1
A001147_a3 3 21 1 1 0 0 0 0 0 0 0 0 0 0 0 0 0 0 0 0 0 0 0
A001147_a4 4 21 1 1 3 3 1 1 3 3 1 1 3 3 1 1 3 3 1 1 3 3 1
A001147_a5 5 21 1 1 3 0 0 0 0 0 0 0 0 0 0 0 0 0 0 0 0 0 0
A001147_a7 7 21 1 1 3 1 0 0 0 0 0 0 0 0 0 0 0 0 0 0 0 0 0
A001157_a2 2 50 1 1 0 1 0 0 0 1 1 0 0 0 0 0 0 1 0 1 0 0 0 0 0 0 1 0 0 0 0 0 0 1 0 0 0 1 0 0 0 0 0 0 0 0 0 0 0 0 1 1
A001157_a3 3 50 1 2 1 0 2 2 2 1 1 1 2 0 2 1 2 2 2 2 2 0 2 1 2 1 0 1 1 0 2 1 2 0 2 1 1 0 2 1 2 2 2 1 2 0 2 1 2 2 0 0
A001157_a4 4 50 1 1 2 1 2 2 2 1 3 2 2 2 2 2 0 1 2 3 2 2 0 2 2 2 3 2 0 2 2 0 2 1 0 2 0 3 2 2 0 2 2 0 2 2 2 2 2 2 3 3
A001157_a5 5 50 1 0 0 1 1 0 0 0 1 0 2 0 0 0 0 1 0 0 2 1 0 0 0 0 1 0 0 0 2 0 2 0 0 0 0 1 0 0 0 0 2 0 0 2 1 0 0 0 1 0
A001157_a7 7 50 1 5 3 0 5 1 1 1 0 4 3 0 2 5 1 5 3 0 5 0 3 1 5 3 0 3 1 0 2 5 3 0 2 1 5 0 5 4 6 5 2 1 2 0 0 4 5 1 1 0
A001190_a2 2 36 0 1 1 1 0 1 0 1 1 0 0 1 1 1 1 0 1 1 1 0 1 1 0 1 1 1 0 1 1 1 1 0 1 1 0 1
A001190_a3 3 36 0 1 1 1 2 0 0 2 2 1 2 0 1 2 1 2 0 1 1 1 0 2 0 1 1 1 0 1 1 1 1 2 1 1 0 1
A001190_a4 4 36 0 1 1 1 2 3 2 3 3 2 2 3 3 3 3 2 1 3 3 0 3 1 0 1 3 1 2 1 3 3 3 2 3 3 0 1
A001190_a5 5 36 0 1 1 1 2 3 1 1 3 1 3 2 1 3 4 0 0 1 1 2 2 2 2 4 4 2 3 4 1 2 4 3 1 4 0 4
A001190_a7 7 36 0 1 1 1 2 3 6 4 2 4 0 4 3 3 2 6 6 5 4 1 2 6 6 2 0 1 1 1 3 5 3 0 1 6 2 0
A001221_a2 2 111 0 1 1 1 1 0 1 1 1 0 1 0 1 0 0 1 1 0 1 0 0 0 1 0 1 0 1 0 1 1 1 1 0 0 0 0 1 0 0 0 1 1 1 0 0 0 1 0 1 0 0 0 1 0 0 0 0 0 1 1 1 0 0 1 0 1 1 0 0 1 1 0 1 0 0 0 0 1 1 0 1 0 1 1 0 0 0 0 1 1 0 0 0 0 0 0 1 0 0 0 1 1 1 0 1 0 1 0 1 1 0
A001221_a3 3 111 0 1 1 1 1 2 1 1 1 2 1 2 1 2 2 1 1 2 1 2 2 2 1 2 1 2 1 2 1 0 1 1 2 2 2 2 1 2 2 2 1 0 1 2 2 2 1 2 1 2 2 2 1 2 2 2 2 2 1 0 1 2 2 1 2 0 1 2 2 0 1 2 1 2 2 2 2 0 1 2 1 2 1 0 2 2 2 2 1 0 2 2 2 2 2 2 1 2 2 2 1 0 1 2 0 2 1 2 1 0 2
A001221_a4 4 111 0 1 1 1 1 2 1 1 1 2 1 2 1 2 2 1 1 2 1 2 2 2 1 2 1 2 1 2 1 3 1 1 2 2 2 2 1 2 2 2 1 3 1 2 2 2 1 2 1 2 2 2 1 2 2 2 2 2 1 3 1 2 2 1 2 3 1 2 2 3 1 2 1 2 2 2 2 3 1 2 1 2 1 3 2 2 2 2 1 3 2 2 2 2 2 2 1 2 2 2 1 3 1 2 3 2 1 2 1 3 2
A001221_a5 5 111 0 1 1 1 1 2 1 1 1 2 1 2 1 2 2 1 1 2 1 2 2 2 1 2 1 2 1 2 1 3 1 1 2 2 2 2 1 2 2 2 1 3 1 2 2 2 1 2 1 2 2 2 1 2 2 2 2 2 1 3 1 2 2 1 2 3 1 2 2 3 1 2 1 2 2 2 2 3 1 2 1 2 1 3 2 2 2 2 1 3 2 2 2 2 2 2 1 2 2 2 1 3 1 2 3 2 1 2 1 3 2
A001221_a7 7 111 0 1 1 1 1 2 1 1 1 2 1 2 1 2 2 1 1 2 1 2 2 2 1 2 1 2 1 2 1 3 1 1 2 2 2 2 1 2 2 2 1 3 1 2 2 2 1 2 1 2 2 2 1 2 2 2 2 2 1 3 1 2 2 1 2 3 1 2 2 3 1 2 1 2 2 2 2 3 1 2 1 2 1 3 2 2 2 2 1 3 2 2 2 2 2 2 1 2 2 2 1 3 1 2 3 2 1 2 1 3 2
A001222_a2 2 111 0 1 1 0 1 0 1 1 0 0 1 1 1 0 0 0 1 1 1 1 0 0 1 0 0 0 1 1 1 1 1 1 0 0 0 0 1 0 0 0 1 1 1 1 1 0 1 1 0 1 0 1 1 0 0 0 0 0 1 0 1 0 1 0 0 1 1 1 0 1 1 1 1 0 1 1 0 1 1 1 0 0 1 0 0 0 0 0 1 0 0 1 0 0 0 0 1 1 1 0 1 1 1 0 1 0 1 1 1 1 0
A001222_a3 3 111 0 1 1 2 1 2 1 0 2 2 1 0 1 2 2 1 1 0 1 0 2 2 1 1 2 2 0 0 1 0 1 2 2 2 2 1 1 2 2 1 1 0 1 0 0 2 1 2 2 0 2 0 1 1 2 1 2 2 1 1 1 2 0 0 2 0 1 0 2 0 1 2 1 2 0 0 2 0 1 2 1 2 1 1 2 2 2 1 1 1 2 0 2 2 2 0 1 0 0 1 1 0 1 1 0 2 1 2 1 0 2
A001222_a4 4 111 0 1 1 2 1 2 1 3 2 2 1 3 1 2 2 0 1 3 1 3 2 2 1 0 2 2 3 3 1 3 1 1 2 2 2 0 1 2 2 0 1 3 1 3 3 2 1 1 2 3 2 3 1 0 2 0 2 2 1 0 1 2 3 2 2 3 1 3 2 3 1 1 1 2 3 3 2 3 1 1 0 2 1 0 2 2 2 0 1 0 2 3 2 2 2 2 1 3 3 0 1 3 1 0 3 2 1 1 1 3 2
A001222_a5 5 111 0 1 1 2 1 2 1 3 2 2 1 3 1 2 2 4 1 3 1 3 2 2 1 4 2 2 3 3 1 3 1 0 2 2 2 4 1 2 2 4 1 3 1 3 3 2 1 0 2 3 2 3 1 4 2 4 2 2 1 4 1 2 3 1 2 3 1 3 2 3 1 0 1 2 3 3 2 3 1 0 4 2 1 4 2 2 2 4 1 4 2 3 2 2 2 1 1 3 3 4 1 3 1 4 3 2 1 0 1 3 2
A001222_a7 7 111 0 1 1 2 1 2 1 3 2 2 1 3 1 2 2 4 1 3 1 3 2 2 1 4 2 2 3 3 1 3 1 5 2 2 2 4 1 2 2 4 1 3 1 3 3 2 1 5 2 3 2 3 1 4 2 4 2 2 1 4 1 2 3 6 2 3 1 3 2 3 1 5 1 2 3 3 2 3 1 5 4 2 1 4 2 2 2 4 1 4 2 3 2 2 2 6 1 3 3 4 1 3 1 4 3 2 1 5 1 3 2
A001227_a2 2 105 1 1 0 1 0 0 0 1 1 0 0 0 0 0 0 1 0 1 0 0 0 0 0 0 1 0 0 0 0 0 0 1 0 0 0 1 0 0 0 0 0 0 0 0 0 0 0 0 1 1 0 0 0 0 0 0 0 0 0 0 0 0 0 1 0 0 0 0 0 0 0 1 0 0 0 0 0 0 0 0 1 0 0 0 0 0 0 0 0 0 0 0 0 0 0 0 0 1 0 1 0 0 0 0 0
A001227_a3 3 105 1 1 2 1 2 2 2 1 0 2 2 2 2 2 1 1 2 0 2 2 1 2 2 2 0 2 1 2 2 1 2 1 1 2 1 0 2 2 1 2 2 1 2 2 0 2 2 2 0 0 1 2 2 1 1 2 1 2 2 1 2 2 0 1 1 1 2 2 1 1 2 0 2 2 0 2 1 1 2 2 2 2 2 1 1 2 1 2 2 0 1 2 1 2 1 2 2 0 0 0 2 1 2 2 2
A001227_a4 4 105 1 1 2 1 2 2 2 1 3 2 2 2 2 2 0 1 2 3 2 2 0 2 2 2 3 2 0 2 2 0 2 1 0 2 0 3 2 2 0 2 2 0 2 2 2 2 2 2 3 3 0 2 2 0 0 2 0 2 2 0 2 2 2 1 0 0 2 2 0 0 2 3 2 2 2 2 0 0 2 2 1 2 2 0 0 2 0 2 2 2 0 2 0 2 0 2 2 3 2 3 2 0 2 2 0
A001227_a5 5 105 1 1 2 1 2 2 2 1 3 2 2 2 2 2 4 1 2 3 2 2 4 2 2 2 3 2 4 2 2 4 2 1 4 2 4 3 2 2 4 2 2 4 2 2 1 2 2 2 3 3 4 2 2 4 4 2 4 2 2 4 2 2 1 1 4 4 2 2 4 4 2 3 2 2 1 2 4 4 2 2 0 2 2 4 4 2 4 2 2 1 4 2 4 2 4 2 2 3 1 3 2 4 2 2 3
A001227_a7 7 105 1 1 2 1 2 2 2 1 3 2 2 2 2 2 4 1 2 3 2 2 4 2 2 2 3 2 4 2 2 4 2 1 4 2 4 3 2 2 4 2 2 4 2 2 6 2 2 2 3 3 4 2 2 4 4 2 4 2 2 4 2 2 6 1 4 4 2 2 4 4 2 3 2 2 6 2 4 4 2 2 5 2 2 4 4 2 4 2 2 6 4 2 4 2 4 2 2 3 6 3 2 4 2 2 1
A001285_a2 2 102 1 0 0 1 0 1 1 0 0 1 1 0 1 0 0 1 0 1 1 0 1 0 0 1 1 0 0 1 0 1 1 0 0 1 1 0 1 0 0 1 1 0 0 1 0 1 1 0 1 0 0 1 0 1 1 0 0 1 1 0 1 0 0 1 0 1 1 0 1 0 0 1 1 0 0 1 0 1 1 0 1 0 0 1 0 1 1 0 0 1 1 0 1 0 0 1 1 0 0 1 0 1
A001285_a3 3 102 1 2 2 1 2 1 1 2 2 1 1 2 1 2 2 1 2 1 1 2 1 2 2 1 1 2 2 1 2 1 1 2 2 1 1 2 1 2 2 1 1 2 2 1 2 1 1 2 1 2 2 1 2 1 1 2 2 1 1 2 1 2 2 1 2 1 1 2 1 2 2 1 1 2 2 1 2 1 1 2 1 2 2 1 2 1 1 2 2 1 1 2 1 2 2 1 1 2 2 1 2 1
A001285_a4 4 102 1 2 2 1 2 1 1 2 2 1 1 2 1 2 2 1 2 1 1 2 1 2 2 1 1 2 2 1 2 1 1 2 2 1 1 2 1 2 2 1 1 2 2 1 2 1 1 2 1 2 2 1 2 1 1 2 2 1 1 2 1 2 2 1 2 1 1 2 1 2 2 1 1 2 2 1 2 1 1 2 1 2 2 1 2 1 1 2 2 1 1 2 1 2 2 1 1 2 2 1 2 1
A001285_a5 5 102 1 2 2 1 2 1 1 2 2 1 1 2 1 2 2 1 2 1 1 2 1 2 2 1 1 2 2 1 2 1 1 2 2 1 1 2 1 2 2 1 1 2 2 1 2 1 1 2 1 2 2 1 2 1 1 2 2 1 1 2 1 2 2 1 2 1 1 2 1 2 2 1 1 2 2 1 2 1 1 2 1 2 2 1 2 1 1 2 2 1 1 2 1 2 2 1 1 2 2 1 2 1
A001285_a7 7 102 1 2 2 1 2 1 1 2 2 1 1 2 1 2 2 1 2 1 1 2 1 2 2 1 1 2 2 1 2 1 1 2 2 1 1 2 1 2 2 1 1 2 2 1 2 1 1 2 1 2 2 1 2 1 1 2 2 1 1 2 1 2 2 1 2 1 1 2 1 2 2 1 1 2 2 1 2 1 1 2 1 2 2 1 2 1 1 2 2 1 1 2 1 2 2 1 1 2 2 1 2 1
A001333_a2 2 32 1 1 1 1 1 1 1 1 1 1 1 1 1 1 1 1 1 1 1 1 1 1 1 1 1 1 1 1 1 1 1 1
A001333_a3 3 32 1 1 0 1 2 2 0 2 1 1 0 1 2 2 0 2 1 1 0 1 2 2 0 2 1 1 0 1 2 2 0 2
A001333_a4 4 32 1 1 3 3 1 1 3 3 1 1 3 3 1 1 3 3 1 1 3 3 1 1 3 3 1 1 3 3 1 1 3 3
A001333_a5 5 32 1 1 3 2 2 1 4 4 2 3 3 4 1 1 3 2 2 1 4 4 2 3 3 4 1 1 3 2 2 1 4 4
A001333_a7 7 32 1 1 3 0 3 6 1 1 3 0 3 6 1 1 3 0 3 6 1 1 3 0 3 6 1 1 3 0 3 6 1 1
A001349_a2 2 20 1 1 1 0 0 1 0 1 1 0 1 1 0 1 1 0 1 0 0 0
A001349_a3 3 20 1 1 1 2 0 0 1 1 2 2 2 0 2 1 0 0 0 1 0 0
A001349_a4 4 20 1 1 1 2 2 1 0 1 1 0 3 1 0 3 1 0 1 0 0 0
A001349_a5 5 20 1 1 1 2 1 1 2 3 2 0 1 0 1 4 1 0 2 3 0 4
A001349_a7 7 20 1 1 1 2 6 0 0 6 1 1 6 3 3 0 2 2 0 0 0 2
A001358_a2 2 61 0 0 1 0 0 1 1 0 1 0 1 0 1 0 1 0 1 1 1 1 0 0 1 1 0 1 0 1 0 1 1 1 0 1 0 1 1 0 1 1 0 1 1 1 0 1 0 1 1 0 1 0 1 1 0 1 1 0 1 1 1
A001358_a3 3 61 1 0 0 1 2 0 0 1 1 2 0 1 2 2 0 1 1 0 1 0 1 2 2 0 2 2 1 1 2 0 1 0 1 2 1 0 1 1 2 1 2 0 0 1 2 0 1 2 1 2 2 2 0 2 1 1 0 1 0 2 1
A001358_a4 4 61 0 2 1 2 2 3 1 2 1 2 1 2 3 2 3 2 1 3 3 1 2 2 1 1 2 1 2 1 2 3 3 1 2 3 2 3 3 2 3 1 2 3 1 1 2 1 2 3 1 2 3 2 3 1 2 1 1 2 3 1 3
A001358_a5 5 61 4 1 4 0 4 0 1 2 0 1 3 4 0 3 4 1 4 1 0 2 3 2 0 4 4 2 2 0 1 2 1 3 4 0 1 1 0 3 4 1 2 3 4 3 4 1 2 3 0 1 0 3 4 1 1 4 2 3 3 0 2
A001358_a7 7 61 4 6 2 3 0 1 0 1 4 5 5 6 0 3 4 4 0 2 6 1 2 6 2 6 4 0 5 1 2 3 0 2 3 4 1 6 3 6 0 2 3 4 3 0 1 1 2 3 5 6 1 4 5 0 5 1 2 3 1 3 5
A001405_a2 2 34 1 1 0 1 0 0 0 1 0 0 0 0 0 0 0 1 0 0 0 0 0 0 0 0 0 0 0 0 0 0 0 1 0 0
A001405_a3 3 34 1 1 2 0 0 1 2 2 1 0 0 0 0 0 0 0 0 1 2 2 1 0 0 2 1 1 2 0 0 0 0 0 0 0
A001405_a4 4 34 1 1 2 3 2 2 0 3 2 2 0 2 0 0 0 3 2 2 0 2 0 0 0 2 0 0 0 0 0 0 0 3 2 2
A001405_a5 5 34 1 1 2 3 1 0 0 0 0 1 2 2 4 1 2 0 0 0 0 3 1 1 2 3 1 0 0 0 0 0 0 0 0 0
A001405_a7 7 34 1 1 2 3 6 3 6 0 0 0 0 0 0 1 2 2 4 6 5 6 5 0 0 0 0 0 0 3 6 6 5 4 1 4
A001462_a2 2 84 1 0 0 1 1 0 0 0 1 1 1 0 0 0 0 1 1 1 1 0 0 0 0 1 1 1 1 1 0 0 0 0 0 1 1 1 1 1 0 0 0 0 0 0 1 1 1 1 1 1 0 0 0 0 0 0 1 1 1 1 1 1 0 0 0 0 0 0 0 1 1 1 1 1 1 1 0 0 0 0 0 0 0 1
A001462_a3 3 84 1 2 2 0 0 1 1 1 2 2 2 0 0 0 0 1 1 1 1 2 2 2 2 0 0 0 0 0 1 1 1 1 1 2 2 2 2 2 0 0 0 0 0 0 1 1 1 1 1 1 2 2 2 2 2 2 0 0 0 0 0 0 1 1 1 1 1 1 1 2 2 2 2 2 2 2 0 0 0 0 0 0 0 1
A001462_a4 4 84 1 2 2 3 3 0 0 0 1 1 1 2 2 2 2 3 3 3 3 0 0 0 0 1 1 1 1 1 2 2 2 2 2 3 3 3 3 3 0 0 0 0 0 0 1 1 1 1 1 1 2 2 2 2 2 2 3 3 3 3 3 3 0 0 0 0 0 0 0 1 1 1 1 1 1 1 2 2 2 2 2 2 2 3
A001462_a5 5 84 1 2 2 3 3 4 4 4 0 0 0 1 1 1 1 2 2 2 2 3 3 3 3 4 4 4 4 4 0 0 0 0 0 1 1 1 1 1 2 2 2 2 2 2 3 3 3 3 3 3 4 4 4 4 4 4 0 0 0 0 0 0 1 1 1 1 1 1 1 2 2 2 2 2 2 2 3 3 3 3 3 3 3 4
A001462_a7 7 84 1 2 2 3 3 4 4 4 5 5 5 6 6 6 6 0 0 0 0 1 1 1 1 2 2 2 2 2 3 3 3 3 3 4 4 4 4 4 5 5 5 5 5 5 6 6 6 6 6 6 0 0 0 0 0 0 1 1 1 1 1 1 2 2 2 2 2 2 2 3 3 3 3 3 3 3 4 4 4 4 4 4 4 5
A001477_a2 2 78 0 1 0 1 0 1 0 1 0 1 0 1 0 1 0 1 0 1 0 1 0 1 0 1 0 1 0 1 0 1 0 1 0 1 0 1 0 1 0 1 0 1 0 1 0 1 0 1 0 1 0 1 0 1 0 1 0 1 0 1 0 1 0 1 0 1 0 1 0 1 0 1 0 1 0 1 0 1
A001477_a3 3 78 0 1 2 0 1 2 0 1 2 0 1 2 0 1 2 0 1 2 0 1 2 0 1 2 0 1 2 0 1 2 0 1 2 0 1 2 0 1 2 0 1 2 0 1 2 0 1 2 0 1 2 0 1 2 0 1 2 0 1 2 0 1 2 0 1 2 0 1 2 0 1 2 0 1 2 0 1 2
A001477_a4 4 78 0 1 2 3 0 1 2 3 0 1 2 3 0 1 2 3 0 1 2 3 0 1 2 3 0 1 2 3 0 1 2 3 0 1 2 3 0 1 2 3 0 1 2 3 0 1 2 3 0 1 2 3 0 1 2 3 0 1 2 3 0 1 2 3 0 1 2 3 0 1 2 3 0 1 2 3 0 1
A001477_a5 5 78 0 1 2 3 4 0 1 2 3 4 0 1 2 3 4 0 1 2 3 4 0 1 2 3 4 0 1 2 3 4 0 1 2 3 4 0 1 2 3 4 0 1 2 3 4 0 1 2 3 4 0 1 2 3 4 0 1 2 3 4 0 1 2 3 4 0 1 2 3 4 0 1 2 3 4 0 1 2
A001477_a7 7 78 0 1 2 3 4 5 6 0 1 2 3 4 5 6 0 1 2 3 4 5 6 0 1 2 3 4 5 6 0 1 2 3 4 5 6 0 1 2 3 4 5 6 0 1 2 3 4 5 6 0 1 2 3 4 5 6 0 1 2 3 4 5 6 0 1 2 3 4 5 6 0 1 2 3 4 5 6 0
A001481_a2 2 66 0 1 0 0 1 0 1 0 1 0 1 0 0 1 0 1 0 0 0 1 0 1 1 1 0 0 1 0 1 0 1 0 0 1 0 0 1 0 1 1 0 1 0 0 1 0 0 1 1 0 1 1 0 1 0 0 0 1 0 1 0 0 1 1 1 0
A001481_a3 3 66 0 1 2 1 2 2 0 1 1 1 2 0 2 1 2 2 2 1 0 1 1 2 0 1 2 1 2 1 1 1 2 2 0 1 2 2 0 1 1 2 0 1 2 1 2 2 1 1 2 2 0 1 2 2 2 1 1 2 0 1 2 1 2 0 1 1
A001481_a4 4 66 0 1 2 0 1 0 1 2 1 0 1 2 0 1 2 1 0 2 0 1 0 1 1 1 2 0 1 2 1 0 1 0 0 1 2 0 1 2 1 1 2 1 2 0 1 0 2 1 1 0 1 1 2 1 0 2 0 1 0 1 2 0 1 1 1 0
A001481_a5 5 66 0 1 2 4 0 3 4 0 3 1 2 3 0 0 1 4 2 4 1 2 0 1 0 4 0 2 3 3 1 4 0 3 2 3 4 0 1 2 0 4 0 2 3 0 1 4 1 4 3 1 2 1 2 0 3 0 1 2 4 0 1 3 4 3 2 0
A001481_a7 7 66 0 1 2 4 5 1 2 3 6 2 3 4 6 4 5 1 4 6 1 2 5 6 3 0 1 3 4 2 5 1 2 5 2 3 4 3 4 5 1 5 6 6 0 2 3 6 1 4 1 4 5 2 3 6 2 4 3 4 4 5 6 1 2 6 3 6
A001511_a2 2 105 1 0 1 1 1 0 1 0 1 0 1 1 1 0 1 1 1 0 1 1 1 0 1 0 1 0 1 1 1 0 1 0 1 0 1 1 1 0 1 0 1 0 1 1 1 0 1 1 1 0 1 1 1 0 1 0 1 0 1 1 1 0 1 1 1 0 1 1 1 0 1 0 1 0 1 1 1 0 1 1 1 0 1 1 1 0 1 0 1 0 1 1 1 0 1 0 1 0 1 1 1 0 1 0 1
A001511_a3 3 105 1 2 1 0 1 2 1 1 1 2 1 0 1 2 1 2 1 2 1 0 1 2 1 1 1 2 1 0 1 2 1 0 1 2 1 0 1 2 1 1 1 2 1 0 1 2 1 2 1 2 1 0 1 2 1 1 1 2 1 0 1 2 1 1 1 2 1 0 1 2 1 1 1 2 1 0 1 2 1 2 1 2 1 0 1 2 1 1 1 2 1 0 1 2 1 0 1 2 1 0 1 2 1 1 1
A001511_a4 4 105 1 2 1 3 1 2 1 0 1 2 1 3 1 2 1 1 1 2 1 3 1 2 1 0 1 2 1 3 1 2 1 2 1 2 1 3 1 2 1 0 1 2 1 3 1 2 1 1 1 2 1 3 1 2 1 0 1 2 1 3 1 2 1 3 1 2 1 3 1 2 1 0 1 2 1 3 1 2 1 1 1 2 1 3 1 2 1 0 1 2 1 3 1 2 1 2 1 2 1 3 1 2 1 0 1
A001511_a5 5 105 1 2 1 3 1 2 1 4 1 2 1 3 1 2 1 0 1 2 1 3 1 2 1 4 1 2 1 3 1 2 1 1 1 2 1 3 1 2 1 4 1 2 1 3 1 2 1 0 1 2 1 3 1 2 1 4 1 2 1 3 1 2 1 2 1 2 1 3 1 2 1 4 1 2 1 3 1 2 1 0 1 2 1 3 1 2 1 4 1 2 1 3 1 2 1 1 1 2 1 3 1 2 1 4 1
A001511_a7 7 105 1 2 1 3 1 2 1 4 1 2 1 3 1 2 1 5 1 2 1 3 1 2 1 4 1 2 1 3 1 2 1 6 1 2 1 3 1 2 1 4 1 2 1 3 1 2 1 5 1 2 1 3 1 2 1 4 1 2 1 3 1 2 1 0 1 2 1 3 1 2 1 4 1 2 1 3 1 2 1 5 1 2 1 3 1 2 1 4 1 2 1 3 1 2 1 6 1 2 1 3 1 2 1 4 1
A001519_a2 2 31 1 1 0 1 1 0 1 1 0 1 1 0 1 1 0 1 1 0 1 1 0 1 1 0 1 1 0 1 1 0 1
A001519_a3 3 31 1 1 2 2 1 1 2 2 1 1 2 2 1 1 2 2 1 1 2 2 1 1 2 2 1 1 2 2 1 1 2
A001519_a4 4 31 1 1 2 1 1 2 1 1 2 1 1 2 1 1 2 1 1 2 1 1 2 1 1 2 1 1 2 1 1 2 1
A001519_a5 5 31 1 1 2 0 3 4 4 3 0 2 1 1 2 0 3 4 4 3 0 2 1 1 2 0 3 4 4 3 0 2 1
A001519_a7 7 31 1 1 2 5 6 6 5 2 1 1 2 5 6 6 5 2 1 1 2 5 6 6 5 2 1 1 2 5 6 6 5
A001615_a2 2 69 1 1 0 0 0 0 0 0 0 0 0 0 0 0 0 0 0 0 0 0 0 0 0 0 0 0 0 0 0 0 0 0 0 0 0 0 0 0 0 0 0 0 0 0 0 0 0 0 0 0 0 0 0 0 0 0 0 0 0 0 0 0 0 0 0 0 0 0 0
A001615_a3 3 69 1 0 1 0 0 0 2 0 0 0 0 0 2 0 0 0 0 0 2 0 2 0 0 0 0 0 0 0 0 0 2 0 0 0 0 0 2 0 2 0 0 0 2 0 0 0 0 0 2 0 0 0 0 0 0 0 2 0 0 0 2 0 0 0 0 0 2 0 0
A001615_a4 4 69 1 3 0 2 2 0 0 0 0 2 0 0 2 0 0 0 2 0 0 0 0 0 0 0 2 2 0 0 2 0 0 0 0 2 0 0 2 0 0 0 2 0 0 0 0 0 0 0 0 2 0 0 2 0 0 0 0 2 0 0 2 0 0 0 0 0 0 0 0
A001615_a5 5 69 1 3 4 1 1 2 3 2 2 3 2 4 4 4 4 4 3 1 0 1 2 1 4 3 0 2 1 3 0 2 2 3 3 4 3 2 3 0 1 2 2 1 4 2 2 2 3 1 1 0 2 4 4 3 2 1 0 0 0 4 2 1 1 1 4 4 3 3 1
A001615_a7 7 69 1 3 4 6 6 5 1 5 5 4 5 3 0 3 3 3 4 1 6 1 4 1 3 6 2 0 1 6 2 2 4 6 6 5 6 2 3 4 0 2 0 5 2 2 2 2 6 5 0 6 2 0 5 3 2 5 3 6 4 4 6 5 5 5 0 4 5 3 5
A001622_a2 2 105 1 0 1 0 0 1 1 1 0 0 1 0 1 0 1 0 0 0 0 0 0 0 1 0 0 0 1 0 1 0 1 0 1 0 1 1 1 1 0 0 1 0 1 1 1 1 0 0 1 1 0 0 0 0 0 1 1 1 0 0 0 0 0 0 1 0 1 0 0 0 0 0 0 0 1 0 1 0 0 0 0 1 1 0 1 0 0 1 0 0 0 1 0 1 1 1 1 1 1 1 0 0 0 1 1
A001622_a3 3 105 1 0 1 2 0 0 0 0 2 2 1 1 0 2 0 1 2 1 2 2 0 1 2 2 0 2 0 1 0 0 2 0 0 2 1 1 1 1 2 0 0 0 0 1 1 0 2 0 2 1 0 2 2 0 2 1 0 2 1 1 2 0 2 2 1 0 2 2 0 0 1 0 2 2 1 2 0 0 2 1 1 0 1 0 1 2 0 1 2 0 1 1 2 0 0 0 1 1 0 1 1 2 1 1 2
A001622_a4 4 105 1 2 1 0 0 3 3 1 0 0 3 0 1 0 1 0 0 0 0 2 0 0 1 0 2 0 3 0 3 2 1 2 3 0 1 1 3 3 2 0 3 0 1 1 3 1 0 0 1 3 2 2 0 2 2 1 3 1 0 0 0 2 2 2 3 0 1 2 2 0 0 2 2 0 1 0 1 0 2 0 0 1 3 0 3 2 0 3 2 0 0 1 0 1 3 1 1 1 3 3 0 0 0 3 1
A001622_a5 5 105 1 1 1 3 0 3 3 4 3 3 2 4 4 3 4 4 3 4 3 2 0 4 0 3 1 3 3 4 3 1 0 1 3 3 1 1 2 2 2 0 3 0 4 1 2 4 3 0 0 2 1 2 3 1 2 1 3 0 4 4 3 1 2 2 2 0 0 2 1 0 4 1 2 3 1 3 4 0 2 4 4 4 2 0 2 2 0 2 2 0 4 1 3 4 3 4 1 1 3 2 4 3 4 2 0
A001622_a7 7 105 1 6 1 1 0 3 3 2 1 1 0 4 2 1 2 4 1 4 1 2 0 4 5 1 6 1 3 4 3 6 5 6 3 1 1 1 0 0 2 0 3 0 2 1 0 2 1 0 5 0 6 2 1 6 2 1 3 5 4 4 1 6 2 2 0 0 5 2 6 0 4 6 2 1 1 1 2 0 2 4 4 2 0 0 0 2 0 0 2 0 4 1 1 2 3 2 1 1 3 0 4 1 4 0 5
A001700_a2 2 26 1 1 0 1 0 0 0 1 0 0 0 0 0 0 0 1 0 0 0 0 0 0 0 0 0 0
A001700_a3 3 26 1 0 1 2 0 0 0 0 1 2 0 2 1 0 0 0 0 0 0 0 0 0 0 0 0 0
A001700_a4 4 26 1 3 2 3 2 2 0 3 2 2 0 2 0 0 0 3 2 2 0 2 0 0 0 2 0 0
A001700_a5 5 26 1 3 0 0 1 2 1 0 0 3 1 3 0 0 0 0 0 0 0 0 0 0 0 0 1 2
A001700_a7 7 26 1 3 3 0 0 0 1 2 6 6 0 0 0 3 6 4 4 0 0 0 3 6 4 4 0 0
A001764_a2 2 25 1 1 1 0 1 1 0 0 1 1 1 0 0 0 0 0 1 1 1 0 1 1 0 0 0
A001764_a3 3 25 1 1 0 0 1 0 0 0 0 0 0 0 0 1 0 0 0 0 0 0 0 0 0 0 0
A001764_a4 4 25 1 1 3 0 3 1 0 0 3 3 3 0 0 0 0 0 3 3 1 0 3 1 0 0 0
A001764_a5 5 25 1 1 3 2 0 3 3 2 3 0 0 0 3 2 0 4 4 0 0 0 0 0 0 0 0
A001764_a7 7 25 1 1 3 5 6 0 0 3 3 2 6 3 0 0 1 1 3 0 0 0 0 0 0 0 5
A001906_a2 2 31 0 1 1 0 1 1 0 1 1 0 1 1 0 1 1 0 1 1 0 1 1 0 1 1 0 1 1 0 1 1 0
A001906_a3 3 31 0 1 0 2 0 1 0 2 0 1 0 2 0 1 0 2 0 1 0 2 0 1 0 2 0 1 0 2 0 1 0
A001906_a4 4 31 0 1 3 0 1 3 0 1 3 0 1 3 0 1 3 0 1 3 0 1 3 0 1 3 0 1 3 0 1 3 0
A001906_a5 5 31 0 1 3 3 1 0 4 2 2 4 0 1 3 3 1 0 4 2 2 4 0 1 3 3 1 0 4 2 2 4 0
A001906_a7 7 31 0 1 3 1 0 6 4 6 0 1 3 1 0 6 4 6 0 1 3 1 0 6 4 6 0 1 3 1 0 6 4
A001969_a2 2 65 0 1 1 0 1 0 0 1 1 0 0 1 0 1 1 0 1 0 0 1 0 1 1 0 0 1 1 0 1 0 0 1 1 0 0 1 0 1 1 0 0 1 1 0 1 0 0 1 0 1 1 0 1 0 0 1 1 0 0 1 0 1 1 0 1
A001969_a3 3 65 0 0 2 0 0 1 0 0 2 0 2 2 0 0 2 0 0 1 0 0 1 1 0 1 0 0 2 0 0 1 0 0 2 0 2 2 0 0 2 0 2 2 1 2 2 0 2 2 0 0 2 0 0 1 0 0 2 0 2 2 0 0 2 0 0
A001969_a4 4 65 0 3 1 2 1 2 0 3 1 2 0 3 0 3 1 2 1 2 0 3 0 3 1 2 0 3 1 2 1 2 0 3 1 2 0 3 0 3 1 2 0 3 1 2 1 2 0 3 0 3 1 2 1 2 0 3 1 2 0 3 0 3 1 2 1
A001969_a5 5 65 0 3 0 1 4 0 2 0 2 3 0 3 4 2 4 0 3 4 1 4 0 3 0 1 3 1 3 4 2 3 0 3 0 1 3 1 2 0 2 3 0 3 0 1 4 0 2 0 1 4 1 2 0 1 3 1 3 4 1 4 0 3 0 1 4
A001969_a7 7 65 0 3 5 6 2 3 5 1 3 4 6 2 3 6 1 2 5 6 1 4 5 1 3 4 6 2 4 5 1 2 4 0 2 3 5 1 2 5 0 1 3 6 1 2 5 6 1 4 5 1 3 4 0 1 3 6 1 2 4 0 1 4 6 0 3
A002033_a2 2 96 1 1 1 0 1 1 1 0 0 1 1 0 1 1 1 0 1 0 1 0 1 1 1 0 0 1 0 0 1 1 1 0 1 1 1 0 1 1 1 0 1 1 1 0 0 1 1 0 0 0 1 0 1 0 1 0 1 1 1 0 1 1 0 0 1 1 1 0 1 1 1 0 1 1 0 0 1 1 1 0 0 1 1 0 1 1 1 0 1 0 1 0 1 1 1 0
A002033_a3 3 96 1 1 1 2 1 0 1 1 2 0 1 2 1 0 0 2 1 2 1 2 0 0 1 2 2 0 1 2 1 1 1 1 0 0 0 2 1 0 0 2 1 1 1 2 2 0 1 0 2 2 0 2 1 2 0 2 0 0 1 2 1 0 2 2 0 1 1 2 0 1 1 1 1 0 2 2 0 1 1 0 2 0 1 2 0 0 0 2 1 2 0 2 0 0 0 1
A002033_a4 4 96 1 1 1 2 1 3 1 0 2 3 1 0 1 3 3 0 1 0 1 0 3 3 1 0 2 3 0 0 1 1 1 0 3 3 3 2 1 3 3 0 1 1 1 0 0 3 1 0 2 0 3 0 1 0 3 0 3 3 1 0 1 3 0 0 3 1 1 0 3 1 1 0 1 3 0 0 3 1 1 0 0 3 1 0 3 3 3 0 1 0 3 0 3 3 3 0
A002033_a5 5 96 1 1 1 2 1 3 1 4 2 3 1 3 1 3 3 3 1 3 1 3 3 3 1 0 2 3 4 3 1 3 1 1 3 3 3 1 1 3 3 0 1 3 1 3 3 3 1 3 2 3 3 3 1 0 3 0 3 3 1 4 1 3 3 2 3 3 1 3 3 3 1 1 1 3 3 3 3 3 1 3 3 3 1 4 3 3 3 0 1 4 3 3 3 3 3 2
A002033_a7 7 96 1 1 1 2 1 3 1 4 2 3 1 1 1 3 3 1 1 1 1 1 3 3 1 6 2 3 4 1 1 6 1 2 3 3 3 5 1 3 3 6 1 6 1 1 1 3 1 6 2 1 3 1 1 6 3 6 3 3 1 2 1 3 1 4 3 6 1 1 3 6 1 6 1 3 1 1 3 6 1 6 1 3 1 2 3 3 3 6 1 2 3 1 3 3 3 0
A002083_a2 2 34 1 1 1 0 1 0 1 0 0 0 1 0 0 0 1 0 0 0 0 0 0 0 1 0 0 0 0 0 0 0 1 0 0 0
A002083_a3 3 34 1 1 1 2 0 0 2 1 0 0 0 0 0 0 1 2 0 0 0 0 0 0 0 0 0 0 0 0 0 0 2 1 0 0
A002083_a4 4 34 1 1 1 2 3 2 3 2 2 0 1 2 2 0 1 2 2 0 2 0 0 0 3 2 2 0 2 0 0 0 3 2 2 0
A002083_a5 5 34 1 1 1 2 3 1 1 2 2 4 0 0 4 3 0 0 3 1 0 0 1 2 4 3 1 2 0 0 2 4 3 1 2 4
A002083_a7 7 34 1 1 1 2 3 6 4 1 0 0 4 1 3 6 1 2 3 6 5 3 6 5 6 5 2 4 5 3 0 0 6 5 1 2
A002106_a2 2 47 1 1 0 1 1 0 1 0 0 1 0 1 1 1 0 0 0 1 0 1 0 1 1 0 1 0 0 0 0 0 0 0 0 1 1 1 1 0 0 0 0 1 0 1 1 0 0
A002106_a3 3 47 1 1 2 2 2 1 1 2 1 0 2 1 0 0 2 1 1 2 2 1 2 2 1 1 1 0 1 0 2 0 0 2 0 1 2 1 2 1 0 2 1 2 1 1 0 2 0
A002106_a4 4 47 1 1 2 1 1 0 3 2 2 1 0 1 1 3 0 2 2 3 0 1 0 3 3 0 3 0 0 2 0 0 0 0 2 3 3 3 3 0 2 2 2 3 2 1 3 0 2
A002106_a5 5 47 1 1 2 0 0 1 2 0 4 0 3 1 4 3 4 4 0 3 3 2 4 4 2 0 1 1 2 4 3 2 2 4 2 0 2 4 1 1 1 2 0 1 0 3 3 1 1
A002106_a7 7 47 1 1 2 5 5 2 0 1 6 3 1 0 2 0 6 1 3 3 1 4 3 3 0 3 1 5 5 6 1 0 5 1 1 3 1 4 4 6 5 2 3 6 3 6 3 0 6
A002110_a2 2 20 1 0 0 0 0 0 0 0 0 0 0 0 0 0 0 0 0 0 0 0
A002110_a3 3 20 1 2 0 0 0 0 0 0 0 0 0 0 0 0 0 0 0 0 0 0
A002110_a4 4 20 1 2 2 2 2 2 2 2 2 2 2 2 2 2 2 2 2 2 2 2
A002110_a5 5 20 1 2 1 0 0 0 0 0 0 0 0 0 0 0 0 0 0 0 0 0
A002110_a7 7 20 1 2 6 2 0 0 0 0 0 0 0 0 0 0 0 0 0 0 0 0
A002113_a2 2 61 0 1 0 1 0 1 0 1 0 1 1 0 1 0 1 0 1 0 1 1 1 1 1 1 1 1 1 1 1 0 0 0 0 0 0 0 0 0 0 1 1 1 1 1 1 1 1 1 1 0 0 0 0 0 0 0 0 0 0 1 1
A002113_a3 3 61 0 1 2 0 1 2 0 1 2 0 2 1 0 2 1 0 2 1 0 2 0 1 2 0 1 2 0 1 2 1 2 0 1 2 0 1 2 0 1 0 1 2 0 1 2 0 1 2 0 2 0 1 2 0 1 2 0 1 2 1 2
A002113_a4 4 61 0 1 2 3 0 1 2 3 0 1 3 2 1 0 3 2 1 0 3 1 3 1 3 1 3 1 3 1 3 2 0 2 0 2 0 2 0 2 0 3 1 3 1 3 1 3 1 3 1 0 2 0 2 0 2 0 2 0 2 1 3
A002113_a5 5 61 0 1 2 3 4 0 1 2 3 4 1 2 3 4 0 1 2 3 4 1 1 1 1 1 1 1 1 1 1 2 2 2 2 2 2 2 2 2 2 3 3 3 3 3 3 3 3 3 3 4 4 4 4 4 4 4 4 4 4 0 0
A002113_a7 7 61 0 1 2 3 4 5 6 0 1 2 4 1 5 2 6 3 0 4 1 3 6 2 5 1 4 0 3 6 2 6 2 5 1 4 0 3 6 2 5 2 5 1 4 0 3 6 2 5 1 5 1 4 0 3 6 2 5 1 4 1 4
A002275_a2 2 22 0 1 1 1 1 1 1 1 1 1 1 1 1 1 1 1 1 1 1 1 1 1
A002275_a3 3 22 0 1 2 0 1 2 0 1 2 0 1 2 0 1 2 0 1 2 0 1 2 0
A002275_a4 4 22 0 1 3 3 3 3 3 3 3 3 3 3 3 3 3 3 3 3 3 3 3 3
A002275_a5 5 22 0 1 1 1 1 1 1 1 1 1 1 1 1 1 1 1 1 1 1 1 1 1
A002275_a7 7 22 0 1 4 6 5 2 0 1 4 6 5 2 0 1 4 6 5 2 0 1 4 6
A002322_a2 2 81 1 1 0 0 0 0 0 0 0 0 0 0 0 0 0 0 0 0 0 0 0 0 0 0 0 0 0 0 0 0 0 0 0 0 0 0 0 0 0 0 0 0 0 0 0 0 0 0 0 0 0 0 0 0 0 0 0 0 0 0 0 0 0 0 0 0 0 0 0 0 0 0 0 0 0 0 0 0 0 0 0
A002322_a3 3 81 1 1 2 2 1 2 0 2 0 1 1 2 0 0 1 1 1 0 0 1 0 1 1 2 2 0 0 0 1 1 0 2 1 1 0 0 0 0 0 1 1 0 0 1 0 1 1 1 0 2 1 0 1 0 2 0 0 1 1 1 0 0 0 1 0 1 0 1 1 0 1 0 0 0 2 0 0 0 0 1 0
A002322_a4 4 81 1 1 2 2 0 2 2 2 2 0 2 2 0 2 0 0 0 2 2 0 2 2 2 2 0 0 2 2 0 0 2 0 2 0 0 2 0 2 0 0 0 2 2 2 0 2 2 0 2 0 0 0 0 2 0 2 2 0 2 0 0 2 2 0 0 2 2 0 2 0 2 2 0 0 0 2 2 0 2 0 2
A002322_a5 5 81 1 1 2 2 4 2 1 2 1 4 0 2 2 1 4 4 1 1 3 4 1 0 2 2 0 2 3 1 3 4 0 3 0 1 2 1 1 3 2 4 0 1 2 0 2 2 1 4 2 0 1 2 2 3 0 1 3 3 3 4 0 0 1 1 2 0 1 1 2 2 0 1 2 1 0 3 0 2 3 4 4
A002322_a7 7 81 1 1 2 2 4 2 6 2 6 4 3 2 5 6 4 4 2 6 4 4 6 3 1 2 6 5 4 6 0 4 2 1 3 2 5 6 1 4 5 4 5 6 0 3 5 1 4 4 0 6 2 5 3 4 6 6 4 0 2 4 4 2 6 2 5 3 3 2 1 5 0 6 2 1 6 4 2 5 1 4 5
A002378_a2 2 51 0 0 0 0 0 0 0 0 0 0 0 0 0 0 0 0 0 0 0 0 0 0 0 0 0 0 0 0 0 0 0 0 0 0 0 0 0 0 0 0 0 0 0 0 0 0 0 0 0 0 0
A002378_a3 3 51 0 2 0 0 2 0 0 2 0 0 2 0 0 2 0 0 2 0 0 2 0 0 2 0 0 2 0 0 2 0 0 2 0 0 2 0 0 2 0 0 2 0 0 2 0 0 2 0 0 2 0
A002378_a4 4 51 0 2 2 0 0 2 2 0 0 2 2 0 0 2 2 0 0 2 2 0 0 2 2 0 0 2 2 0 0 2 2 0 0 2 2 0 0 2 2 0 0 2 2 0 0 2 2 0 0 2 2
A002378_a5 5 51 0 2 1 2 0 0 2 1 2 0 0 2 1 2 0 0 2 1 2 0 0 2 1 2 0 0 2 1 2 0 0 2 1 2 0 0 2 1 2 0 0 2 1 2 0 0 2 1 2 0 0
A002378_a7 7 51 0 2 6 5 6 2 0 0 2 6 5 6 2 0 0 2 6 5 6 2 0 0 2 6 5 6 2 0 0 2 6 5 6 2 0 0 2 6 5 6 2 0 0 2 6 5 6 2 0 0 2
A002426_a2 2 30 1 1 1 1 1 1 1 1 1 1 1 1 1 1 1 1 1 1 1 1 1 1 1 1 1 1 1 1 1 1
A002426_a3 3 30 1 1 0 1 1 0 0 0 0 1 1 0 1 1 0 0 0 0 0 0 0 0 0 0 0 0 0 1 1 0
A002426_a4 4 30 1 1 3 3 3 3 1 1 3 3 1 1 1 1 3 3 3 3 1 1 1 1 3 3 1 1 3 3 3 3
A002426_a5 5 30 1 1 3 2 4 1 1 3 2 4 3 3 4 1 2 2 2 1 4 3 4 4 2 3 1 1 1 3 2 4
A002426_a7 7 30 1 1 3 0 5 2 1 1 1 3 0 5 2 1 3 3 2 0 1 6 3 0 0 0 0 0 0 0 5 5
A002487_a2 2 92 0 1 1 0 1 1 0 1 1 0 1 1 0 1 1 0 1 1 0 1 1 0 1 1 0 1 1 0 1 1 0 1 1 0 1 1 0 1 1 0 1 1 0 1 1 0 1 1 0 1 1 0 1 1 0 1 1 0 1 1 0 1 1 0 1 1 0 1 1 0 1 1 0 1 1 0 1 1 0 1 1 0 1 1 0 1 1 0 1 1 0 1
A002487_a3 3 92 0 1 1 2 1 0 2 0 1 1 0 2 2 2 0 1 1 2 1 1 0 2 2 1 2 1 2 2 0 1 1 2 1 0 2 0 1 2 1 1 0 2 2 1 2 0 1 0 2 0 1 0 2 1 2 2 0 1 1 2 1 0 2 0 1 1 0 2 2 2 0 1 1 0 2 0 1 2 1 1 0 2 2 1 2 0 1 0 2 2 0 1
A002487_a4 4 92 0 1 1 2 1 3 2 3 1 0 3 1 2 1 3 0 1 1 0 3 3 0 1 3 2 3 1 0 3 3 0 1 1 2 1 1 0 3 3 2 3 3 0 1 1 0 3 1 2 1 3 0 1 1 0 3 3 2 3 3 0 1 1 2 1 3 2 3 1 2 1 1 0 3 3 2 3 1 2 1 3 2 3 3 0 1 1 2 1 1 0 3
A002487_a5 5 92 0 1 1 2 1 3 2 3 1 4 3 0 2 0 3 4 1 0 4 2 3 3 0 2 2 2 0 3 3 2 4 0 1 1 0 4 4 1 2 0 3 1 3 3 0 2 2 4 2 4 2 2 0 3 3 1 3 0 2 1 4 4 0 1 1 2 1 1 0 4 4 3 4 0 1 3 2 2 0 3 3 4 1 4 3 1 3 3 0 2 2 4
A002487_a7 7 92 0 1 1 2 1 3 2 3 1 4 3 5 2 5 3 4 1 5 4 0 3 1 5 0 2 0 5 1 3 0 4 5 1 6 5 2 4 4 0 3 3 4 1 6 5 5 0 2 2 2 0 5 5 6 1 4 3 3 0 4 4 2 5 6 1 0 6 4 5 0 2 6 4 1 4 4 0 3 3 6 3 0 4 5 1 0 6 4 5 3 5 5
A002530_a2 2 36 0 1 1 1 0 1 1 1 0 1 1 1 0 1 1 1 0 1 1 1 0 1 1 1 0 1 1 1 0 1 1 1 0 1 1 1
A002530_a3 3 36 0 1 1 0 1 2 0 2 2 0 2 1 0 1 1 0 1 2 0 2 2 0 2 1 0 1 1 0 1 2 0 2 2 0 2 1
A002530_a4 4 36 0 1 1 3 0 3 3 1 0 1 1 3 0 3 3 1 0 1 1 3 0 3 3 1 0 1 1 3 0 3 3 1 0 1 1 3
A002530_a5 5 36 0 1 1 3 4 1 0 1 1 3 4 1 0 1 1 3 4 1 0 1 1 3 4 1 0 1 1 3 4 1 0 1 1 3 4 1
A002530_a7 7 36 0 1 1 3 4 4 1 6 0 6 6 4 3 3 6 1 0 1 1 3 4 4 1 6 0 6 6 4 3 3 6 1 0 1 1 3
A002531_a2 2 34 1 1 0 1 1 1 0 1 1 1 0 1 1 1 0 1 1 1 0 1 1 1 0 1 1 1 0 1 1 1 0 1 1 1
A002531_a3 3 34 1 1 2 2 1 1 2 2 1 1 2 2 1 1 2 2 1 1 2 2 1 1 2 2 1 1 2 2 1 1 2 2 1 1
A002531_a4 4 34 1 1 2 1 3 3 2 3 1 1 2 1 3 3 2 3 1 1 2 1 3 3 2 3 1 1 2 1 3 3 2 3 1 1
A002531_a5 5 34 1 1 2 0 2 4 1 1 2 0 2 4 1 1 2 0 2 4 1 1 2 0 2 4 1 1 2 0 2 4 1 1 2 0
A002531_a7 7 34 1 1 2 5 0 5 5 1 6 6 5 2 0 2 2 6 1 1 2 5 0 5 5 1 6 6 5 2 0 2 2 6 1 1
A002572_a2 2 41 1 1 1 0 1 1 1 0 0 0 1 1 1 0 0 1 0 1 1 0 0 1 1 0 0 0 0 0 1 1 1 1 0 0 0 0 0 0 1 1 1
A002572_a3 3 41 1 1 1 2 0 2 0 1 1 2 2 0 0 0 2 1 1 1 1 2 2 0 2 2 1 1 0 1 1 1 1 0 1 0 1 0 1 1 0 2 1
A002572_a4 4 41 1 1 1 2 3 1 1 0 0 2 1 3 1 2 2 3 2 1 3 0 2 3 3 2 0 0 0 2 3 1 3 3 2 2 0 2 2 2 3 3 3
A002572_a5 5 41 1 1 1 2 3 0 4 1 3 0 4 4 0 0 4 4 3 4 1 2 0 0 1 1 1 3 1 3 0 3 0 0 4 1 3 0 4 4 1 2 2
A002572_a7 7 41 1 1 1 2 3 5 2 2 0 1 5 5 5 6 4 1 5 5 1 5 2 4 4 5 2 2 5 3 6 4 1 4 2 3 4 3 0 0 1 1 5
A002620_a2 2 58 0 0 1 0 0 0 1 0 0 0 1 0 0 0 1 0 0 0 1 0 0 0 1 0 0 0 1 0 0 0 1 0 0 0 1 0 0 0 1 0 0 0 1 0 0 0 1 0 0 0 1 0 0 0 1 0 0 0
A002620_a3 3 58 0 0 1 2 1 0 0 0 1 2 1 0 0 0 1 2 1 0 0 0 1 2 1 0 0 0 1 2 1 0 0 0 1 2 1 0 0 0 1 2 1 0 0 0 1 2 1 0 0 0 1 2 1 0 0 0 1 2
A002620_a4 4 58 0 0 1 2 0 2 1 0 0 0 1 2 0 2 1 0 0 0 1 2 0 2 1 0 0 0 1 2 0 2 1 0 0 0 1 2 0 2 1 0 0 0 1 2 0 2 1 0 0 0 1 2 0 2 1 0 0 0
A002620_a5 5 58 0 0 1 2 4 1 4 2 1 0 0 0 1 2 4 1 4 2 1 0 0 0 1 2 4 1 4 2 1 0 0 0 1 2 4 1 4 2 1 0 0 0 1 2 4 1 4 2 1 0 0 0 1 2 4 1 4 2
A002620_a7 7 58 0 0 1 2 4 6 2 5 2 6 4 2 1 0 0 0 1 2 4 6 2 5 2 6 4 2 1 0 0 0 1 2 4 6 2 5 2 6 4 2 1 0 0 0 1 2 4 6 2 5 2 6 4 2 1 0 0 0
A002654_a2 2 105 1 1 0 1 0 0 0 1 1 0 0 0 0 0 0 1 0 1 0 0 0 0 0 0 1 0 0 0 0 0 0 1 0 0 0 1 0 0 0 0 0 0 0 0 0 0 0 0 1 1 0 0 0 0 0 0 0 0 0 0 0 0 0 1 0 0 0 0 0 0 0 1 0 0 0 0 0 0 0 0 1 0 0 0 0 0 0 0 0 0 0 0 0 0 0 0 0 1 0 1 0 0 0 0 0
A002654_a3 3 105 1 1 0 1 2 0 0 1 1 2 0 0 2 0 0 1 2 1 0 2 0 0 0 0 0 2 0 0 2 0 0 1 0 2 0 1 2 0 0 2 2 0 0 0 2 0 0 0 1 0 0 2 2 0 0 0 0 2 0 0 2 0 0 1 1 0 0 2 0 0 0 1 2 2 0 0 0 0 0 2 1 2 0 0 1 0 0 0 2 2 0 0 0 0 0 0 2 1 0 0 2 0 0 2 0
A002654_a4 4 105 1 1 0 1 2 0 0 1 1 2 0 0 2 0 0 1 2 1 0 2 0 0 0 0 3 2 0 0 2 0 0 1 0 2 0 1 2 0 0 2 2 0 0 0 2 0 0 0 1 3 0 2 2 0 0 0 0 2 0 0 2 0 0 1 0 0 0 2 0 0 0 1 2 2 0 0 0 0 0 2 1 2 0 0 0 0 0 0 2 2 0 0 0 0 0 0 2 1 0 3 2 0 0 2 0
A002654_a5 5 105 1 1 0 1 2 0 0 1 1 2 0 0 2 0 0 1 2 1 0 2 0 0 0 0 3 2 0 0 2 0 0 1 0 2 0 1 2 0 0 2 2 0 0 0 2 0 0 0 1 3 0 2 2 0 0 0 0 2 0 0 2 0 0 1 4 0 0 2 0 0 0 1 2 2 0 0 0 0 0 2 1 2 0 0 4 0 0 0 2 2 0 0 0 0 0 0 2 1 0 3 2 0 0 2 0
A002654_a7 7 105 1 1 0 1 2 0 0 1 1 2 0 0 2 0 0 1 2 1 0 2 0 0 0 0 3 2 0 0 2 0 0 1 0 2 0 1 2 0 0 2 2 0 0 0 2 0 0 0 1 3 0 2 2 0 0 0 0 2 0 0 2 0 0 1 4 0 0 2 0 0 0 1 2 2 0 0 0 0 0 2 1 2 0 0 4 0 0 0 2 2 0 0 0 0 0 0 2 1 0 3 2 0 0 2 0
A002808_a2 2 64 0 0 0 1 0 0 0 1 0 0 0 1 0 0 1 0 1 0 0 0 1 0 1 0 0 1 0 0 0 1 0 0 1 0 1 0 0 1 0 1 0 0 0 1 0 1 0 0 1 0 0 0 1 0 1 0 0 1 0 0 1 0 1 0
A002808_a3 3 64 1 0 2 0 1 0 2 0 1 0 2 0 1 0 1 2 0 1 0 2 0 1 2 0 2 0 1 0 2 0 1 0 1 2 0 1 0 1 2 0 1 0 2 0 1 2 0 2 0 1 0 2 0 1 2 0 2 0 1 0 1 2 0 1
A002808_a4 4 64 0 2 0 1 2 0 2 3 0 2 0 1 2 0 1 2 3 0 2 0 1 2 3 0 2 3 0 2 0 1 2 0 1 2 3 0 2 3 0 1 2 0 2 3 0 1 2 0 1 2 0 2 3 0 1 2 0 1 2 0 1 2 3 0
A002808_a5 5 64 4 1 3 4 0 2 4 0 1 3 0 1 2 4 0 1 2 3 0 2 3 4 0 1 3 4 0 2 4 0 1 3 4 0 1 2 4 0 1 2 3 0 2 3 4 0 1 3 4 0 2 4 0 1 2 3 0 1 2 4 0 1 2 3
A002808_a7 7 64 4 6 1 2 3 5 0 1 2 4 6 0 1 3 4 5 6 0 2 4 5 6 0 1 3 4 5 0 2 3 4 6 0 1 2 3 5 6 0 1 2 4 6 0 1 2 3 5 6 0 2 4 5 6 0 1 3 4 5 0 1 2 3 4
A003136_a2 2 64 0 1 1 0 1 1 0 1 0 1 1 1 1 0 1 0 1 1 1 0 1 0 1 1 1 0 1 1 1 0 1 1 0 1 1 1 0 1 0 1 1 0 1 1 0 1 1 1 1 0 1 0 1 0 1 1 1 1 0 1 1 1 1 0
A003136_a3 3 64 0 1 0 1 1 0 0 1 1 1 0 1 0 1 1 0 1 0 1 0 1 1 0 1 0 1 1 1 0 1 1 0 0 1 0 1 1 1 0 1 0 1 0 1 1 1 0 1 1 0 0 1 1 0 1 1 1 0 1 1 1 0 0 0
A003136_a4 4 64 0 1 3 0 3 1 0 1 0 3 1 1 3 0 3 0 1 3 3 0 1 0 1 1 3 0 3 1 3 0 3 1 0 3 1 1 0 3 0 1 3 0 1 1 0 3 1 1 3 0 3 0 3 0 1 3 1 3 0 3 1 3 1 0
A003136_a5 5 64 0 1 3 4 2 4 2 3 1 4 1 0 2 3 1 1 2 4 3 3 4 2 2 1 3 4 2 3 0 1 4 1 4 1 3 2 0 3 3 4 1 2 2 1 4 2 4 3 4 4 2 3 1 1 2 3 4 1 2 0 1 3 4 2
A003136_a7 7 64 0 1 3 4 0 2 5 6 2 5 0 4 6 0 3 1 2 4 1 6 0 3 1 5 0 1 4 3 5 6 2 4 0 0 2 6 2 5 3 4 6 0 5 2 5 1 3 0 6 4 0 1 4 2 3 2 1 3 4 0 6 1 0 3
A003415_a2 2 79 0 0 1 1 0 1 1 1 0 0 1 1 0 1 1 0 0 1 1 1 0 0 1 1 0 0 1 1 0 1 1 1 0 0 1 0 0 1 1 0 0 1 1 1 0 1 1 1 0 0 1 0 0 1 1 0 0 0 1 1 0 1 1 1 0 0 1 1 0 0 1 1 0 1 1 1 0 0 1
A003415_a3 3 79 0 0 1 1 1 1 2 1 0 0 1 1 1 1 0 2 2 1 0 1 0 1 1 1 2 1 0 0 2 1 1 1 2 2 1 0 0 1 0 1 2 1 2 1 0 0 1 1 1 2 0 2 2 1 0 1 2 1 1 1 2 1 0 0 0 0 1 1 0 2 2 1 0 1 0 1 2 0 2
A003415_a4 4 79 0 0 1 1 0 1 1 1 0 2 3 1 0 1 1 0 0 1 1 1 0 2 1 1 0 2 3 3 0 1 3 1 0 2 3 0 0 1 1 0 0 1 1 1 0 3 1 1 0 2 1 0 0 1 1 0 0 2 3 1 0 1 1 3 0 2 1 1 0 2 3 1 0 1 3 3 0 2 3
A003415_a5 5 79 0 0 1 1 4 1 0 1 2 1 2 1 1 1 4 3 2 1 1 1 4 0 3 1 4 0 0 2 2 1 1 1 0 4 4 2 0 1 1 1 3 1 1 1 3 4 0 1 2 4 0 0 1 1 1 1 2 2 1 1 2 1 3 1 2 3 1 1 2 1 4 1 1 1 4 0 0 3 1
A003415_a7 7 79 0 0 1 1 4 1 5 1 5 6 0 1 2 1 2 1 4 1 0 1 3 3 6 1 2 3 1 6 4 1 3 1 3 0 5 5 4 1 0 2 5 1 6 1 6 4 4 1 0 0 3 6 0 1 4 2 1 1 3 1 1 1 5 2 3 4 5 1 2 5 3 1 2 1 4 6 3 4 1
A003418_a2 2 31 1 1 0 0 0 0 0 0 0 0 0 0 0 0 0 0 0 0 0 0 0 0 0 0 0 0 0 0 0 0 0
A003418_a3 3 31 1 1 2 0 0 0 0 0 0 0 0 0 0 0 0 0 0 0 0 0 0 0 0 0 0 0 0 0 0 0 0
A003418_a4 4 31 1 1 2 2 0 0 0 0 0 0 0 0 0 0 0 0 0 0 0 0 0 0 0 0 0 0 0 0 0 0 0
A003418_a5 5 31 1 1 2 1 2 0 0 0 0 0 0 0 0 0 0 0 0 0 0 0 0 0 0 0 0 0 0 0 0 0 0
A003418_a7 7 31 1 1 2 6 5 4 4 0 0 0 0 0 0 0 0 0 0 0 0 0 0 0 0 0 0 0 0 0 0 0 0
A003484_a2 2 102 1 0 1 0 1 0 1 0 1 0 1 0 1 0 1 1 1 0 1 0 1 0 1 0 1 0 1 0 1 0 1 0 1 0 1 0 1 0 1 0 1 0 1 0 1 0 1 1 1 0 1 0 1 0 1 0 1 0 1 0 1 0 1 0 1 0 1 0 1 0 1 0 1 0 1 0 1 0 1 1 1 0 1 0 1 0 1 0 1 0 1 0 1 0 1 0 1 0 1 0 1 0
A003484_a3 3 102 1 2 1 1 1 2 1 2 1 2 1 1 1 2 1 0 1 2 1 1 1 2 1 2 1 2 1 1 1 2 1 1 1 2 1 1 1 2 1 2 1 2 1 1 1 2 1 0 1 2 1 1 1 2 1 2 1 2 1 1 1 2 1 0 1 2 1 1 1 2 1 2 1 2 1 1 1 2 1 0 1 2 1 1 1 2 1 2 1 2 1 1 1 2 1 1 1 2 1 1 1 2
A003484_a4 4 102 1 2 1 0 1 2 1 0 1 2 1 0 1 2 1 1 1 2 1 0 1 2 1 0 1 2 1 0 1 2 1 2 1 2 1 0 1 2 1 0 1 2 1 0 1 2 1 1 1 2 1 0 1 2 1 0 1 2 1 0 1 2 1 0 1 2 1 0 1 2 1 0 1 2 1 0 1 2 1 1 1 2 1 0 1 2 1 0 1 2 1 0 1 2 1 2 1 2 1 0 1 2
A003484_a5 5 102 1 2 1 4 1 2 1 3 1 2 1 4 1 2 1 4 1 2 1 4 1 2 1 3 1 2 1 4 1 2 1 0 1 2 1 4 1 2 1 3 1 2 1 4 1 2 1 4 1 2 1 4 1 2 1 3 1 2 1 4 1 2 1 2 1 2 1 4 1 2 1 3 1 2 1 4 1 2 1 4 1 2 1 4 1 2 1 3 1 2 1 4 1 2 1 0 1 2 1 4 1 2
A003484_a7 7 102 1 2 1 4 1 2 1 1 1 2 1 4 1 2 1 2 1 2 1 4 1 2 1 1 1 2 1 4 1 2 1 3 1 2 1 4 1 2 1 1 1 2 1 4 1 2 1 2 1 2 1 4 1 2 1 1 1 2 1 4 1 2 1 5 1 2 1 4 1 2 1 1 1 2 1 4 1 2 1 2 1 2 1 4 1 2 1 1 1 2 1 4 1 2 1 3 1 2 1 4 1 2
A004011_a2 2 53 1 0 0 0 0 0 0 0 0 0 0 0 0 0 0 0 0 0 0 0 0 0 0 0 0 0 0 0 0 0 0 0 0 0 0 0 0 0 0 0 0 0 0 0 0 0 0 0 0 0 0 0 0
A004011_a3 3 53 1 0 0 0 0 0 0 0 0 0 0 0 0 0 0 0 0 0 0 0 0 0 0 0 0 0 0 0 0 0 0 0 0 0 0 0 0 0 0 0 0 0 0 0 0 0 0 0 0 0 0 0 0
A004011_a4 4 53 1 0 0 0 0 0 0 0 0 0 0 0 0 0 0 0 0 0 0 0 0 0 0 0 0 0 0 0 0 0 0 0 0 0 0 0 0 0 0 0 0 0 0 0 0 0 0 0 0 0 0 0 0
A004011_a5 5 53 1 4 4 1 4 4 1 2 4 2 4 3 1 1 2 1 4 2 2 0 4 3 3 1 1 4 1 0 2 0 1 3 4 2 2 2 2 2 0 4 4 3 3 1 3 2 1 2 1 3 4 3 1
A004011_a7 7 53 1 3 3 5 3 4 5 3 3 4 4 1 5 0 3 2 3 5 4 4 4 5 1 2 5 2 0 1 3 6 2 5 3 4 5 4 4 2 4 0 4 0 5 6 1 3 2 4 5 3 2 6 0
A004018_a2 2 102 1 0 0 0 0 0 0 0 0 0 0 0 0 0 0 0 0 0 0 0 0 0 0 0 0 0 0 0 0 0 0 0 0 0 0 0 0 0 0 0 0 0 0 0 0 0 0 0 0 0 0 0 0 0 0 0 0 0 0 0 0 0 0 0 0 0 0 0 0 0 0 0 0 0 0 0 0 0 0 0 0 0 0 0 0 0 0 0 0 0 0 0 0 0 0 0 0 0 0 0 0 0
A004018_a3 3 102 1 1 1 0 1 2 0 0 1 1 2 0 0 2 0 0 1 2 1 0 2 0 0 0 0 0 2 0 0 2 0 0 1 0 2 0 1 2 0 0 2 2 0 0 0 2 0 0 0 1 0 0 2 2 0 0 0 0 2 0 0 2 0 0 1 1 0 0 2 0 0 0 1 2 2 0 0 0 0 0 2 1 2 0 0 1 0 0 0 2 2 0 0 0 0 0 0 2 1 0 0 2
A004018_a4 4 102 1 0 0 0 0 0 0 0 0 0 0 0 0 0 0 0 0 0 0 0 0 0 0 0 0 0 0 0 0 0 0 0 0 0 0 0 0 0 0 0 0 0 0 0 0 0 0 0 0 0 0 0 0 0 0 0 0 0 0 0 0 0 0 0 0 0 0 0 0 0 0 0 0 0 0 0 0 0 0 0 0 0 0 0 0 0 0 0 0 0 0 0 0 0 0 0 0 0 0 0 0 0
A004018_a5 5 102 1 4 4 0 4 3 0 0 4 4 3 0 0 3 0 0 4 3 4 0 3 0 0 0 0 2 3 0 0 3 0 0 4 0 3 0 4 3 0 0 3 3 0 0 0 3 0 0 0 4 2 0 3 3 0 0 0 0 3 0 0 3 0 0 4 1 0 0 3 0 0 0 4 3 3 0 0 0 0 0 3 4 3 0 0 1 0 0 0 3 3 0 0 0 0 0 0 3 4 0 2 3
A004018_a7 7 102 1 4 4 0 4 1 0 0 4 4 1 0 0 1 0 0 4 1 4 0 1 0 0 0 0 5 1 0 0 1 0 0 4 0 1 0 4 1 0 0 1 1 0 0 0 1 0 0 0 4 5 0 1 1 0 0 0 0 1 0 0 1 0 0 4 2 0 0 1 0 0 0 4 1 1 0 0 0 0 0 1 4 1 0 0 2 0 0 0 1 1 0 0 0 0 0 0 1 4 0 5 1
A004526_a2 2 74 0 0 1 1 0 0 1 1 0 0 1 1 0 0 1 1 0 0 1 1 0 0 1 1 0 0 1 1 0 0 1 1 0 0 1 1 0 0 1 1 0 0 1 1 0 0 1 1 0 0 1 1 0 0 1 1 0 0 1 1 0 0 1 1 0 0 1 1 0 0 1 1 0 0
A004526_a3 3 74 0 0 1 1 2 2 0 0 1 1 2 2 0 0 1 1 2 2 0 0 1 1 2 2 0 0 1 1 2 2 0 0 1 1 2 2 0 0 1 1 2 2 0 0 1 1 2 2 0 0 1 1 2 2 0 0 1 1 2 2 0 0 1 1 2 2 0 0 1 1 2 2 0 0
A004526_a4 4 74 0 0 1 1 2 2 3 3 0 0 1 1 2 2 3 3 0 0 1 1 2 2 3 3 0 0 1 1 2 2 3 3 0 0 1 1 2 2 3 3 0 0 1 1 2 2 3 3 0 0 1 1 2 2 3 3 0 0 1 1 2 2 3 3 0 0 1 1 2 2 3 3 0 0
A004526_a5 5 74 0 0 1 1 2 2 3 3 4 4 0 0 1 1 2 2 3 3 4 4 0 0 1 1 2 2 3 3 4 4 0 0 1 1 2 2 3 3 4 4 0 0 1 1 2 2 3 3 4 4 0 0 1 1 2 2 3 3 4 4 0 0 1 1 2 2 3 3 4 4 0 0 1 1
A004526_a7 7 74 0 0 1 1 2 2 3 3 4 4 5 5 6 6 0 0 1 1 2 2 3 3 4 4 5 5 6 6 0 0 1 1 2 2 3 3 4 4 5 5 6 6 0 0 1 1 2 2 3 3 4 4 5 5 6 6 0 0 1 1 2 2 3 3 4 4 5 5 6 6 0 0 1 1
A005036_a2 2 22 1 1 0 1 0 0 1 1 1 1 0 0 0 0 1 1 1 1 0 1 0 0
A005036_a3 3 22 1 1 2 2 1 0 0 1 2 0 2 0 2 2 0 0 1 0 0 0 0 0
A005036_a4 4 22 1 1 2 1 0 0 1 3 1 1 0 0 0 0 3 3 3 3 2 1 0 0
A005036_a5 5 22 1 1 2 0 1 0 1 3 2 1 0 0 0 1 1 4 0 0 0 0 2 0
A005036_a7 7 22 1 1 2 5 2 4 2 4 6 3 4 0 3 6 2 6 0 5 0 1 5 4
A005100_a2 2 66 1 0 1 0 1 1 0 1 0 1 1 0 1 0 1 1 1 0 1 1 0 1 1 1 0 1 0 1 1 0 1 1 1 0 1 0 1 1 0 1 0 1 1 1 0 1 1 0 1 0 1 1 0 1 1 1 0 1 0 1 1 1 0 1 1 0
A005100_a3 3 66 1 2 0 1 2 1 2 0 1 2 1 2 0 1 2 1 0 1 2 1 2 0 2 1 2 0 1 2 1 2 0 2 1 2 0 1 2 1 2 0 1 2 1 0 1 2 1 2 0 1 2 1 2 0 2 1 2 0 1 2 1 0 1 2 1 2
A005100_a4 4 66 1 2 3 0 1 3 0 1 2 3 1 2 3 0 1 3 1 2 3 1 2 3 1 3 0 1 2 3 1 2 3 1 3 0 1 2 3 1 2 3 0 1 3 1 2 3 1 2 3 0 1 3 0 1 3 1 2 3 0 1 3 1 2 3 1 2
A005100_a5 5 66 1 2 3 4 0 2 3 4 0 1 3 4 0 1 2 4 1 2 3 0 1 2 4 1 2 3 4 0 2 3 4 1 3 4 0 1 2 4 0 1 2 3 0 2 3 4 1 2 3 4 0 2 3 4 1 3 4 0 1 2 4 1 2 3 0 1
A005100_a7 7 66 1 2 3 4 5 0 1 2 3 4 6 0 1 2 3 5 0 1 2 4 5 6 1 3 4 5 6 0 2 3 4 6 1 2 3 4 5 0 1 2 3 4 6 1 2 3 5 6 0 1 2 4 5 6 1 3 4 5 6 0 2 4 5 6 1 2
A005101_a2 2 62 0 0 0 0 0 0 0 0 0 0 0 0 0 0 0 0 0 0 0 0 0 0 0 0 0 0 0 0 0 0 0 0 0 0 0 0 0 0 0 0 0 0 0 0 0 0 0 0 0 0 0 0 0 0 0 0 0 0 0 0 0 0
A005101_a3 3 62 0 0 2 0 0 0 1 0 0 0 2 0 0 1 0 0 2 0 1 0 0 1 0 2 0 1 0 0 0 0 0 2 0 0 0 1 0 0 0 2 0 0 0 1 0 2 0 1 0 0 1 0 2 0 0 0 0 0 0 2 0 0
A005101_a4 4 62 0 2 0 0 2 0 0 2 0 2 0 0 2 2 0 2 0 0 0 2 0 0 2 0 0 0 2 0 2 0 2 0 0 2 0 0 2 0 2 0 0 2 0 0 2 0 0 0 2 0 0 2 0 0 2 0 2 0 2 0 0 2
A005101_a5 5 62 2 3 0 4 0 1 0 2 3 4 1 0 1 0 2 3 0 4 3 0 1 0 2 4 3 2 4 0 1 2 3 0 4 0 1 0 2 3 4 1 0 1 2 1 3 0 4 3 0 1 0 2 4 3 4 0 1 2 3 0 4 0
A005101_a7 7 62 5 4 6 3 2 1 5 0 6 5 0 4 3 0 2 1 3 0 4 6 5 2 4 6 3 0 2 1 0 6 5 0 4 3 2 6 1 0 6 1 5 4 3 0 2 4 1 5 0 6 3 5 0 4 3 2 1 0 6 1 5 4
A005117_a2 2 71 1 0 1 1 0 1 0 1 1 0 1 1 1 1 0 1 0 1 0 1 1 0 1 1 0 1 1 0 1 0 1 1 1 1 1 0 1 1 0 1 0 1 1 0 1 1 0 1 0 1 0 1 1 0 1 1 1 1 0 1 1 1 0 1 1 0 1 1 0 1 1
A005117_a3 3 71 1 2 0 2 0 1 1 2 1 2 0 2 1 0 1 2 2 2 0 1 0 1 2 1 2 0 2 0 1 1 2 0 2 1 0 1 2 1 2 2 0 1 0 1 2 1 2 2 0 1 1 2 1 2 0 2 1 0 1 2 1 2 0 1 0 1 2 1 2 0 2
A005117_a4 4 71 1 2 3 1 2 3 2 3 1 2 3 1 3 1 2 3 2 1 2 3 1 2 3 1 2 3 1 2 3 2 3 3 1 3 1 2 3 1 2 1 2 3 1 2 3 1 2 1 2 3 2 3 1 2 3 1 3 1 2 3 1 1 2 3 1 2 3 1 2 3 1
A005117_a5 5 71 1 2 3 0 1 2 0 1 3 4 0 2 4 1 2 3 1 4 0 1 3 4 0 2 3 4 1 2 3 1 2 1 3 0 2 3 4 1 2 0 1 2 4 0 1 3 4 2 3 4 2 3 0 1 2 4 1 3 4 0 2 1 2 3 0 1 2 4 0 1 3
A005117_a7 7 71 1 2 3 5 6 0 3 4 6 0 1 3 5 0 1 2 5 1 2 3 5 6 0 2 3 4 6 0 1 4 5 2 4 6 1 2 3 5 6 2 3 4 6 0 1 3 4 0 1 2 5 6 1 2 3 5 0 2 3 4 6 3 4 5 0 1 2 4 5 6 1
A005230_a2 2 35 1 1 0 1 0 1 0 0 1 0 1 0 0 0 1 0 0 1 0 0 0 1 0 0 0 1 0 0 0 0 1 0 0 0 1
A005230_a3 3 35 1 1 2 0 0 2 2 1 2 1 0 0 1 1 0 2 1 2 1 1 1 2 1 0 2 2 0 2 0 0 1 1 2 2 2
A005230_a4 4 35 1 1 2 3 2 3 0 0 1 0 1 2 0 0 3 2 0 3 0 0 0 1 2 2 0 1 2 0 0 0 3 0 2 0 3
A005230_a5 5 35 1 1 2 3 1 1 0 0 2 3 0 0 0 0 3 3 1 2 4 3 1 4 3 3 0 3 2 1 1 2 0 2 1 2 1
A005230_a7 7 35 1 1 2 3 6 4 6 5 0 1 5 3 0 2 4 0 0 2 1 2 2 0 0 0 0 5 2 2 2 4 1 2 4 1 4
A005408_a2 2 66 1 1 1 1 1 1 1 1 1 1 1 1 1 1 1 1 1 1 1 1 1 1 1 1 1 1 1 1 1 1 1 1 1 1 1 1 1 1 1 1 1 1 1 1 1 1 1 1 1 1 1 1 1 1 1 1 1 1 1 1 1 1 1 1 1 1
A005408_a3 3 66 1 0 2 1 0 2 1 0 2 1 0 2 1 0 2 1 0 2 1 0 2 1 0 2 1 0 2 1 0 2 1 0 2 1 0 2 1 0 2 1 0 2 1 0 2 1 0 2 1 0 2 1 0 2 1 0 2 1 0 2 1 0 2 1 0 2
A005408_a4 4 66 1 3 1 3 1 3 1 3 1 3 1 3 1 3 1 3 1 3 1 3 1 3 1 3 1 3 1 3 1 3 1 3 1 3 1 3 1 3 1 3 1 3 1 3 1 3 1 3 1 3 1 3 1 3 1 3 1 3 1 3 1 3 1 3 1 3
A005408_a5 5 66 1 3 0 2 4 1 3 0 2 4 1 3 0 2 4 1 3 0 2 4 1 3 0 2 4 1 3 0 2 4 1 3 0 2 4 1 3 0 2 4 1 3 0 2 4 1 3 0 2 4 1 3 0 2 4 1 3 0 2 4 1 3 0 2 4 1
A005408_a7 7 66 1 3 5 0 2 4 6 1 3 5 0 2 4 6 1 3 5 0 2 4 6 1 3 5 0 2 4 6 1 3 5 0 2 4 6 1 3 5 0 2 4 6 1 3 5 0 2 4 6 1 3 5 0 2 4 6 1 3 5 0 2 4 6 1 3 5
A005811_a2 2 94 0 1 0 1 0 1 0 1 0 1 0 1 0 1 0 1 0 1 0 1 0 1 0 1 0 1 0 1 0 1 0 1 0 1 0 1 0 1 0 1 0 1 0 1 0 1 0 1 0 1 0 1 0 1 0 1 0 1 0 1 0 1 0 1 0 1 0 1 0 1 0 1 0 1 0 1 0 1 0 1 0 1 0 1 0 1 0 1 0 1 0 1 0 1
A005811_a3 3 94 0 1 2 1 2 0 2 1 2 0 1 0 2 0 2 1 2 0 1 0 1 2 1 0 2 0 1 0 2 0 2 1 2 0 1 0 1 2 1 0 1 2 0 2 1 2 1 0 2 0 1 0 1 2 1 0 2 0 1 0 2 0 2 1 2 0 1 0 1 2 1 0 1 2 0 2 1 2 1 0 1 2 0 2 0 1 0 2 1 2 0 2 1 2
A005811_a4 4 94 0 1 2 1 2 3 2 1 2 3 0 3 2 3 2 1 2 3 0 3 0 1 0 3 2 3 0 3 2 3 2 1 2 3 0 3 0 1 0 3 0 1 2 1 0 1 0 3 2 3 0 3 0 1 0 3 2 3 0 3 2 3 2 1 2 3 0 3 0 1 0 3 0 1 2 1 0 1 0 3 0 1 2 1 2 3 2 1 0 1 2 1 0 1
A005811_a5 5 94 0 1 2 1 2 3 2 1 2 3 4 3 2 3 2 1 2 3 4 3 4 0 4 3 2 3 4 3 2 3 2 1 2 3 4 3 4 0 4 3 4 0 1 0 4 0 4 3 2 3 4 3 4 0 4 3 2 3 4 3 2 3 2 1 2 3 4 3 4 0 4 3 4 0 1 0 4 0 4 3 4 0 1 0 1 2 1 0 4 0 1 0 4 0
A005811_a7 7 94 0 1 2 1 2 3 2 1 2 3 4 3 2 3 2 1 2 3 4 3 4 5 4 3 2 3 4 3 2 3 2 1 2 3 4 3 4 5 4 3 4 5 6 5 4 5 4 3 2 3 4 3 4 5 4 3 2 3 4 3 2 3 2 1 2 3 4 3 4 5 4 3 4 5 6 5 4 5 4 3 4 5 6 5 6 0 6 5 4 5 6 5 4 5
A005843_a2 2 61 0 0 0 0 0 0 0 0 0 0 0 0 0 0 0 0 0 0 0 0 0 0 0 0 0 0 0 0 0 0 0 0 0 0 0 0 0 0 0 0 0 0 0 0 0 0 0 0 0 0 0 0 0 0 0 0 0 0 0 0 0
A005843_a3 3 61 0 2 1 0 2 1 0 2 1 0 2 1 0 2 1 0 2 1 0 2 1 0 2 1 0 2 1 0 2 1 0 2 1 0 2 1 0 2 1 0 2 1 0 2 1 0 2 1 0 2 1 0 2 1 0 2 1 0 2 1 0
A005843_a4 4 61 0 2 0 2 0 2 0 2 0 2 0 2 0 2 0 2 0 2 0 2 0 2 0 2 0 2 0 2 0 2 0 2 0 2 0 2 0 2 0 2 0 2 0 2 0 2 0 2 0 2 0 2 0 2 0 2 0 2 0 2 0
A005843_a5 5 61 0 2 4 1 3 0 2 4 1 3 0 2 4 1 3 0 2 4 1 3 0 2 4 1 3 0 2 4 1 3 0 2 4 1 3 0 2 4 1 3 0 2 4 1 3 0 2 4 1 3 0 2 4 1 3 0 2 4 1 3 0
A005843_a7 7 61 0 2 4 6 1 3 5 0 2 4 6 1 3 5 0 2 4 6 1 3 5 0 2 4 6 1 3 5 0 2 4 6 1 3 5 0 2 4 6 1 3 5 0 2 4 6 1 3 5 0 2 4 6 1 3 5 0 2 4 6 1
A006318_a2 2 25 1 0 0 0 0 0 0 0 0 0 0 0 0 0 0 0 0 0 0 0 0 0 0 0 0
A006318_a3 3 25 1 2 0 1 0 1 0 2 0 1 0 0 0 0 0 0 0 1 0 2 0 1 0 1 0
A006318_a4 4 25 1 2 2 2 2 2 2 2 2 2 2 2 2 2 2 2 2 2 2 2 2 2 2 2 2
A006318_a5 5 25 1 2 1 2 0 4 1 3 1 3 3 1 3 1 3 3 1 3 1 4 0 2 1 2 0
A006318_a7 7 25 1 2 6 1 6 2 0 4 6 4 3 4 6 5 4 5 1 6 1 5 2 4 0 0 0
A006530_a2 2 86 1 0 1 0 1 1 1 0 1 1 1 1 1 1 1 0 1 1 1 1 1 1 1 1 1 1 1 1 1 1 1 0 1 1 1 1 1 1 1 1 1 1 1 1 1 1 1 1 1 1 1 1 1 1 1 1 1 1 1 1 1 1 1 0 1 1 1 1 1 1 1 1 1 1 1 1 1 1 1 1 1 1 1 1 1 1
A006530_a3 3 86 1 2 0 2 2 0 1 2 0 2 2 0 1 1 2 2 2 0 1 2 1 2 2 0 2 1 0 1 2 2 1 2 2 2 1 0 1 1 1 2 2 1 1 2 2 2 2 0 1 2 2 1 2 0 2 1 1 2 2 2 1 1 1 2 1 2 1 2 2 1 2 0 1 1 2 1 2 1 1 2 0 2 2 1 2 1
A006530_a4 4 86 1 2 3 2 1 3 3 2 3 1 3 3 1 3 1 2 1 3 3 1 3 3 3 3 1 1 3 3 1 1 3 2 3 1 3 3 1 3 1 1 1 3 3 3 1 3 3 3 3 1 1 1 1 3 3 3 3 1 3 1 1 3 3 2 1 3 3 1 3 3 3 3 1 1 1 3 3 1 3 1 3 1 3 3 1 3
A006530_a5 5 86 1 2 3 2 0 3 2 2 3 0 1 3 3 2 0 2 2 3 4 0 2 1 3 3 0 3 3 2 4 0 1 2 1 2 2 3 2 4 3 0 1 2 3 1 0 3 2 3 2 0 2 3 3 3 1 2 4 4 4 0 1 1 2 2 3 1 2 2 3 2 1 3 3 2 0 4 1 3 4 0 3 1 3 2 2 3
A006530_a7 7 86 1 2 3 2 5 3 0 2 3 5 4 3 6 0 5 2 3 3 5 5 0 4 2 3 5 6 3 0 1 5 3 2 4 3 0 3 2 5 6 5 6 0 1 4 5 2 5 3 0 5 3 6 4 3 4 0 5 1 3 5 5 3 0 2 6 4 4 3 2 0 1 3 3 2 5 5 4 6 2 5 3 6 6 0 3 1
A006882_a2 2 29 1 1 0 1 0 1 0 1 0 1 0 1 0 1 0 1 0 1 0 1 0 1 0 1 0 1 0 1 0
A006882_a3 3 29 1 1 2 0 2 0 0 0 0 0 0 0 0 0 0 0 0 0 0 0 0 0 0 0 0 0 0 0 0
A006882_a4 4 29 1 1 2 3 0 3 0 1 0 1 0 3 0 3 0 1 0 1 0 3 0 3 0 1 0 1 0 3 0
A006882_a5 5 29 1 1 2 3 3 0 3 0 4 0 0 0 0 0 0 0 0 0 0 0 0 0 0 0 0 0 0 0 0
A006882_a7 7 29 1 1 2 3 1 1 6 0 6 0 4 0 6 0 0 0 0 0 0 0 0 0 0 0 0 0 0 0 0
A006966_a2 2 21 1 1 1 1 0 1 1 1 0 0 0 0 0 1 0 0 1 0 1 0 0
A006966_a3 3 21 1 1 1 1 2 2 0 2 0 1 0 2 0 1 2 0 2 1 0 0 1
A006966_a4 4 21 1 1 1 1 2 1 3 1 2 2 2 2 0 1 0 2 3 2 1 2 2
A006966_a5 5 21 1 1 1 1 2 0 0 3 2 3 4 2 1 0 4 3 2 1 1 3 1
A006966_a7 7 21 1 1 1 1 2 5 1 4 5 0 2 4 3 2 4 3 6 5 6 5 5
A007318_a2 2 78 1 1 1 1 0 1 1 1 1 1 1 0 0 0 1 1 1 0 0 1 1 1 0 1 0 1 0 1 1 1 1 1 1 1 1 1 1 0 0 0 0 0 0 0 1 1 1 0 0 0 0 0 0 1 1 1 0 1 0 0 0 0 0 1 0 1 1 1 1 1 0 0 0 0 1 1 1 1
A007318_a3 3 78 1 1 1 1 2 1 1 0 0 1 1 1 0 1 1 1 2 1 1 2 1 1 0 0 2 0 0 1 1 1 0 2 2 0 1 1 1 2 1 2 1 2 1 2 1 1 0 0 0 0 0 0 0 0 1 1 1 0 0 0 0 0 0 0 1 1 1 2 1 0 0 0 0 0 0 1 2 1
A007318_a4 4 78 1 1 1 1 2 1 1 3 3 1 1 0 2 0 1 1 1 2 2 1 1 1 2 3 0 3 2 1 1 3 1 3 3 1 3 1 1 0 0 0 2 0 0 0 1 1 1 0 0 2 2 0 0 1 1 1 2 1 0 2 0 2 0 1 2 1 1 3 3 1 2 2 2 2 1 3 3 1
A007318_a5 5 78 1 1 1 1 2 1 1 3 3 1 1 4 1 4 1 1 0 0 0 0 1 1 1 0 0 0 1 1 1 2 1 0 0 1 2 1 1 3 3 1 0 1 3 3 1 1 4 1 4 1 1 4 1 4 1 1 0 0 0 0 2 0 0 0 0 1 1 1 0 0 0 2 2 0 0 0 1 1
A007318_a7 7 78 1 1 1 1 2 1 1 3 3 1 1 4 6 4 1 1 5 3 3 5 1 1 6 1 6 1 6 1 1 0 0 0 0 0 0 1 1 1 0 0 0 0 0 1 1 1 2 1 0 0 0 0 1 2 1 1 3 3 1 0 0 0 1 3 3 1 1 4 6 4 1 0 0 1 4 6 4 1
A008277_a2 2 66 1 1 1 1 1 1 1 1 0 1 1 1 1 0 1 1 1 0 1 1 1 1 1 1 0 0 1 1 1 1 0 1 0 0 0 1 1 1 1 0 1 0 0 0 1 1 1 0 1 1 1 0 0 1 1 1 1 1 0 0 1 1 0 1 1 1
A008277_a3 3 66 1 1 1 1 0 1 1 1 0 1 1 0 1 1 1 1 1 0 2 0 1 1 0 1 2 2 0 1 1 1 0 0 0 2 1 1 1 0 1 0 0 0 0 0 1 1 1 0 1 0 0 0 0 0 1 1 0 1 1 1 0 0 0 0 1 1
A008277_a4 4 66 1 1 1 1 3 1 1 3 2 1 1 3 1 2 1 1 3 2 1 3 1 1 3 1 2 0 1 1 1 3 2 1 2 2 0 1 1 3 1 2 3 2 2 0 1 1 3 2 1 1 3 0 2 1 1 1 3 1 2 2 3 3 0 3 3 1
A008277_a5 5 66 1 1 1 1 3 1 1 2 1 1 1 0 0 0 1 1 1 0 0 0 1 1 3 1 0 0 1 1 1 2 1 1 0 1 3 1 1 0 0 0 1 1 2 1 1 1 1 0 0 0 2 0 0 0 1 1 3 1 0 0 2 2 0 0 0 1
A008277_a7 7 66 1 1 1 1 3 1 1 0 6 1 1 1 4 3 1 1 3 6 2 1 1 1 0 0 0 0 0 1 1 1 0 0 0 0 0 1 1 3 1 0 0 0 0 1 1 1 0 6 1 0 0 0 1 3 1 1 1 4 3 1 0 0 1 0 6 1
A008279_a2 2 55 1 1 1 1 0 0 1 1 0 0 1 0 0 0 0 1 1 0 0 0 0 1 0 0 0 0 0 0 1 1 0 0 0 0 0 0 1 0 0 0 0 0 0 0 0 1 1 0 0 0 0 0 0 0 0
A008279_a3 3 55 1 1 1 1 2 2 1 0 0 0 1 1 0 0 0 1 2 2 0 0 0 1 0 0 0 0 0 0 1 1 0 0 0 0 0 0 1 2 2 0 0 0 0 0 0 1 0 0 0 0 0 0 0 0 0
A008279_a4 4 55 1 1 1 1 2 2 1 3 2 2 1 0 0 0 0 1 1 0 0 0 0 1 2 2 0 0 0 0 1 3 2 2 0 0 0 0 1 0 0 0 0 0 0 0 0 1 1 0 0 0 0 0 0 0 0
A008279_a5 5 55 1 1 1 1 2 2 1 3 1 1 1 4 2 4 4 1 0 0 0 0 0 1 1 0 0 0 0 0 1 2 2 0 0 0 0 0 1 3 1 1 0 0 0 0 0 1 4 2 4 4 0 0 0 0 0
A008279_a7 7 55 1 1 1 1 2 2 1 3 6 6 1 4 5 3 3 1 5 6 4 1 1 1 6 2 1 3 6 6 1 0 0 0 0 0 0 0 1 1 0 0 0 0 0 0 0 1 2 2 0 0 0 0 0 0 0
A008292_a2 2 55 1 1 1 1 0 1 1 1 1 1 1 0 0 0 1 1 1 0 0 1 1 1 0 1 0 1 0 1 1 1 1 1 1 1 1 1 1 0 0 0 0 0 0 0 1 1 1 0 0 0 0 0 0 1 1
A008292_a3 3 55 1 1 1 1 1 1 1 2 2 1 1 2 0 2 1 1 0 2 2 0 1 1 0 0 1 0 0 1 1 1 0 1 1 0 1 1 1 1 1 1 1 1 1 1 1 1 2 2 2 2 2 2 2 2 1
A008292_a4 4 55 1 1 1 1 0 1 1 3 3 1 1 2 2 2 1 1 1 2 2 1 1 1 0 3 0 3 0 1 1 3 1 3 3 1 3 1 1 2 0 2 2 2 0 2 1 1 1 0 0 2 2 0 0 1 1
A008292_a5 5 55 1 1 1 1 4 1 1 1 1 1 1 1 1 1 1 1 2 2 2 2 1 1 0 1 1 1 0 1 1 2 3 4 4 3 2 1 1 2 3 4 0 4 3 2 1 1 3 0 2 4 4 2 0 3 1
A008292_a7 7 55 1 1 1 1 4 1 1 4 4 1 1 5 3 5 1 1 1 1 1 1 1 1 1 1 1 1 1 1 1 2 2 2 2 2 2 1 1 5 6 6 6 6 6 5 1 1 5 2 3 3 3 3 2 5 1
A010060_a2 2 105 0 1 1 0 1 0 0 1 1 0 0 1 0 1 1 0 1 0 0 1 0 1 1 0 0 1 1 0 1 0 0 1 1 0 0 1 0 1 1 0 0 1 1 0 1 0 0 1 0 1 1 0 1 0 0 1 1 0 0 1 0 1 1 0 1 0 0 1 0 1 1 0 0 1 1 0 1 0 0 1 0 1 1 0 1 0 0 1 1 0 0 1 0 1 1 0 0 1 1 0 1 0 0 1 1
A010060_a3 3 105 0 1 1 0 1 0 0 1 1 0 0 1 0 1 1 0 1 0 0 1 0 1 1 0 0 1 1 0 1 0 0 1 1 0 0 1 0 1 1 0 0 1 1 0 1 0 0 1 0 1 1 0 1 0 0 1 1 0 0 1 0 1 1 0 1 0 0 1 0 1 1 0 0 1 1 0 1 0 0 1 0 1 1 0 1 0 0 1 1 0 0 1 0 1 1 0 0 1 1 0 1 0 0 1 1
A010060_a4 4 105 0 1 1 0 1 0 0 1 1 0 0 1 0 1 1 0 1 0 0 1 0 1 1 0 0 1 1 0 1 0 0 1 1 0 0 1 0 1 1 0 0 1 1 0 1 0 0 1 0 1 1 0 1 0 0 1 1 0 0 1 0 1 1 0 1 0 0 1 0 1 1 0 0 1 1 0 1 0 0 1 0 1 1 0 1 0 0 1 1 0 0 1 0 1 1 0 0 1 1 0 1 0 0 1 1
A010060_a5 5 105 0 1 1 0 1 0 0 1 1 0 0 1 0 1 1 0 1 0 0 1 0 1 1 0 0 1 1 0 1 0 0 1 1 0 0 1 0 1 1 0 0 1 1 0 1 0 0 1 0 1 1 0 1 0 0 1 1 0 0 1 0 1 1 0 1 0 0 1 0 1 1 0 0 1 1 0 1 0 0 1 0 1 1 0 1 0 0 1 1 0 0 1 0 1 1 0 0 1 1 0 1 0 0 1 1
A010060_a7 7 105 0 1 1 0 1 0 0 1 1 0 0 1 0 1 1 0 1 0 0 1 0 1 1 0 0 1 1 0 1 0 0 1 1 0 0 1 0 1 1 0 0 1 1 0 1 0 0 1 0 1 1 0 1 0 0 1 1 0 0 1 0 1 1 0 1 0 0 1 0 1 1 0 0 1 1 0 1 0 0 1 0 1 1 0 1 0 0 1 1 0 0 1 0 1 1 0 0 1 1 0 1 0 0 1 1
A018252_a2 2 65 1 0 0 0 1 0 0 0 1 0 0 0 1 0 0 1 0 1 0 0 0 1 0 1 0 0 1 0 0 0 1 0 0 1 0 1 0 0 1 0 1 0 0 0 1 0 1 0 0 1 0 0 0 1 0 1 0 0 1 0 0 1 0 1 0
A018252_a3 3 65 1 1 0 2 0 1 0 2 0 1 0 2 0 1 0 1 2 0 1 0 2 0 1 2 0 2 0 1 0 2 0 1 0 1 2 0 1 0 1 2 0 1 0 2 0 1 2 0 2 0 1 0 2 0 1 2 0 2 0 1 0 1 2 0 1
A018252_a4 4 65 1 0 2 0 1 2 0 2 3 0 2 0 1 2 0 1 2 3 0 2 0 1 2 3 0 2 3 0 2 0 1 2 0 1 2 3 0 2 3 0 1 2 0 2 3 0 1 2 0 1 2 0 2 3 0 1 2 0 1 2 0 1 2 3 0
A018252_a5 5 65 1 4 1 3 4 0 2 4 0 1 3 0 1 2 4 0 1 2 3 0 2 3 4 0 1 3 4 0 2 4 0 1 3 4 0 1 2 4 0 1 2 3 0 2 3 4 0 1 3 4 0 2 4 0 1 2 3 0 1 2 4 0 1 2 3
A018252_a7 7 65 1 4 6 1 2 3 5 0 1 2 4 6 0 1 3 4 5 6 0 2 4 5 6 0 1 3 4 5 0 2 3 4 6 0 1 2 3 5 6 0 1 2 4 6 0 1 2 3 5 6 0 2 4 5 6 0 1 3 4 5 0 1 2 3 4
A020639_a2 2 97 1 0 1 0 1 0 1 0 1 0 1 0 1 0 1 0 1 0 1 0 1 0 1 0 1 0 1 0 1 0 1 0 1 0 1 0 1 0 1 0 1 0 1 0 1 0 1 0 1 0 1 0 1 0 1 0 1 0 1 0 1 0 1 0 1 0 1 0 1 0 1 0 1 0 1 0 1 0 1 0 1 0 1 0 1 0 1 0 1 0 1 0 1 0 1 0 1
A020639_a3 3 97 1 2 0 2 2 2 1 2 0 2 2 2 1 2 0 2 2 2 1 2 0 2 2 2 2 2 0 2 2 2 1 2 0 2 2 2 1 2 0 2 2 2 1 2 0 2 2 2 1 2 0 2 2 2 2 2 0 2 2 2 1 2 0 2 2 2 1 2 0 2 2 2 1 2 0 2 1 2 1 2 0 2 2 2 2 2 0 2 2 2 1 2 0 2 2 2 1
A020639_a4 4 97 1 2 3 2 1 2 3 2 3 2 3 2 1 2 3 2 1 2 3 2 3 2 3 2 1 2 3 2 1 2 3 2 3 2 1 2 1 2 3 2 1 2 3 2 3 2 3 2 3 2 3 2 1 2 1 2 3 2 3 2 1 2 3 2 1 2 3 2 3 2 3 2 1 2 3 2 3 2 3 2 3 2 3 2 1 2 3 2 1 2 3 2 3 2 1 2 1
A020639_a5 5 97 1 2 3 2 0 2 2 2 3 2 1 2 3 2 3 2 2 2 4 2 3 2 3 2 0 2 3 2 4 2 1 2 3 2 0 2 2 2 3 2 1 2 3 2 3 2 2 2 2 2 3 2 3 2 0 2 3 2 4 2 1 2 3 2 0 2 2 2 3 2 1 2 3 2 3 2 2 2 4 2 3 2 3 2 0 2 3 2 4 2 2 2 3 2 0 2 2
A020639_a7 7 97 1 2 3 2 5 2 0 2 3 2 4 2 6 2 3 2 3 2 5 2 3 2 2 2 5 2 3 2 1 2 3 2 3 2 5 2 2 2 3 2 6 2 1 2 3 2 5 2 0 2 3 2 4 2 5 2 3 2 3 2 5 2 3 2 5 2 4 2 3 2 1 2 3 2 3 2 0 2 2 2 3 2 6 2 5 2 3 2 5 2 0 2 3 2 5 2 6
A020652_a2 2 97 1 1 0 1 1 1 0 1 0 1 1 1 0 1 0 1 0 1 1 1 1 1 0 0 1 1 0 1 1 1 1 1 0 1 0 1 0 1 0 1 0 1 1 1 1 1 0 1 0 1 0 1 0 1 0 1 0 1 1 1 1 1 1 1 0 0 1 0 1 1 0 1 1 1 1 1 1 1 1 1 0 1 0 1 0 1 0 1 0 1 0 1 0 1 0 1 1
A020652_a3 3 97 1 1 2 1 0 1 2 0 1 1 2 1 2 0 1 2 0 1 0 2 1 1 2 1 2 1 2 1 0 1 0 1 2 0 1 2 0 1 2 0 1 1 2 1 2 1 2 0 1 2 0 1 2 0 1 2 0 1 0 2 0 2 1 1 2 1 1 2 2 1 2 1 0 2 1 0 2 1 0 1 2 0 1 2 0 1 2 0 1 2 0 1 2 0 1 1 2
A020652_a4 4 97 1 1 2 1 3 1 2 3 0 1 1 1 2 3 0 1 2 1 3 1 3 1 2 0 1 3 0 1 3 3 1 1 2 3 0 1 2 3 0 1 2 1 1 3 3 1 2 3 0 1 2 3 0 1 2 3 0 1 3 1 1 3 1 1 2 0 3 0 3 1 2 1 3 1 3 1 3 1 3 1 2 3 0 1 2 3 0 1 2 3 0 1 2 3 0 1 1
A020652_a5 5 97 1 1 2 1 3 1 2 3 4 1 0 1 2 3 4 0 1 1 3 0 2 1 2 4 0 2 3 1 3 2 4 1 2 3 4 0 1 2 3 4 0 1 0 2 1 1 2 3 4 0 1 2 3 4 0 1 2 1 3 0 4 1 3 1 2 4 2 3 1 3 4 1 3 0 2 4 1 3 0 1 2 3 4 0 1 2 3 4 0 1 2 3 4 0 1 1 0
A020652_a7 7 97 1 1 2 1 3 1 2 3 4 1 5 1 2 3 4 5 6 1 3 5 0 1 2 4 5 0 1 1 3 0 2 1 2 3 4 5 6 0 1 2 3 1 5 0 4 1 2 3 4 5 6 0 1 2 3 4 5 1 3 5 2 4 6 1 2 4 0 1 4 6 0 1 3 5 0 2 4 6 1 1 2 3 4 5 6 0 1 2 3 4 5 6 0 1 2 1 5
A020653_a2 2 96 1 0 1 1 1 0 1 0 1 1 1 0 1 0 1 0 1 1 1 1 1 0 1 1 0 0 1 1 1 1 1 0 1 0 1 0 1 0 1 0 1 1 1 1 1 0 1 0 1 0 1 0 1 0 1 0 1 1 1 1 1 1 1 0 1 1 0 1 0 0 1 1 1 1 1 1 1 1 1 0 1 0 1 0 1 0 1 0 1 0 1 0 1 0 1 1
A020653_a3 3 96 1 2 1 0 1 1 0 2 1 2 1 0 2 1 0 2 1 1 2 0 1 2 1 2 1 2 1 0 1 0 1 1 0 2 1 0 2 1 0 2 1 2 1 2 1 0 2 1 0 2 1 0 2 1 0 2 1 1 2 0 2 0 1 2 1 2 2 1 1 2 1 0 1 2 0 1 2 0 1 1 0 2 1 0 2 1 0 2 1 0 2 1 0 2 1 2
A020653_a4 4 96 1 2 1 3 1 0 3 2 1 1 1 2 1 0 3 2 1 3 1 3 1 0 3 1 0 2 1 1 3 3 1 2 1 0 3 2 1 0 3 2 1 3 3 1 1 0 3 2 1 0 3 2 1 0 3 2 1 1 3 1 1 3 1 2 1 3 0 3 0 2 1 3 1 3 1 3 1 3 1 0 3 2 1 0 3 2 1 0 3 2 1 0 3 2 1 1
A020653_a5 5 96 1 2 1 3 1 4 3 2 1 0 1 1 0 4 3 2 1 2 0 3 1 3 2 0 4 2 1 4 2 3 1 0 4 3 2 1 0 4 3 2 1 1 2 0 1 2 1 0 4 3 2 1 0 4 3 2 1 3 1 4 0 3 1 4 3 1 3 2 4 2 1 0 3 1 4 2 0 3 1 1 0 4 3 2 1 0 4 3 2 1 0 4 3 2 1 2
A020653_a7 7 96 1 2 1 3 1 4 3 2 1 5 1 6 5 4 3 2 1 0 5 3 1 1 0 5 4 2 1 2 0 3 1 3 2 1 0 6 5 4 3 2 1 4 0 5 1 5 4 3 2 1 0 6 5 4 3 2 1 6 4 2 5 3 1 0 6 4 1 0 4 2 1 1 6 4 2 0 5 3 1 2 1 0 6 5 4 3 2 1 0 6 5 4 3 2 1 3
A025487_a2 2 54 1 0 0 0 0 0 0 0 0 0 0 0 0 0 0 0 0 0 0 0 0 0 0 0 0 0 0 0 0 0 0 0 0 0 0 0 0 0 0 0 0 0 0 0 0 0 0 0 0 0 0 0 0 0
A025487_a3 3 54 1 2 1 0 2 0 1 0 0 2 0 0 0 1 0 0 0 2 0 0 0 0 0 0 1 0 0 0 0 0 0 2 0 0 0 0 0 0 0 1 0 0 0 0 0 0 0 0 0 0 2 0 0 0
A025487_a4 4 54 1 2 0 2 0 0 0 0 2 0 0 0 0 0 0 0 0 0 0 0 0 2 0 0 0 0 0 0 0 0 0 0 0 0 0 0 0 0 0 0 0 0 0 0 0 0 0 0 0 0 0 0 0 2
A025487_a5 5 54 1 2 4 1 3 2 1 4 0 2 1 3 0 4 2 1 0 3 4 0 2 0 1 0 1 3 0 4 0 2 0 2 1 0 3 0 4 0 0 4 0 2 0 1 0 1 0 3 0 0 3 0 4 0
A025487_a7 7 54 1 2 4 6 1 5 2 3 2 4 1 6 4 1 2 5 1 2 4 5 3 0 6 2 4 1 3 6 0 5 4 1 2 6 5 0 3 4 1 2 2 4 0 1 5 3 0 6 1 2 4 4 1 0
A027642_a2 2 62 1 0 0 1 0 1 0 1 0 1 0 1 0 1 0 1 0 1 0 1 0 1 0 1 0 1 0 1 0 1 0 1 0 1 0 1 0 1 0 1 0 1 0 1 0 1 0 1 0 1 0 1 0 1 0 1 0 1 0 1 0 1
A027642_a3 3 62 1 2 0 1 0 1 0 1 0 1 0 1 0 1 0 1 0 1 0 1 0 1 0 1 0 1 0 1 0 1 0 1 0 1 0 1 0 1 0 1 0 1 0 1 0 1 0 1 0 1 0 1 0 1 0 1 0 1 0 1 0 1
A027642_a4 4 62 1 2 2 1 2 1 2 1 2 1 2 1 2 1 2 1 2 1 2 1 2 1 2 1 2 1 2 1 2 1 2 1 2 1 2 1 2 1 2 1 2 1 2 1 2 1 2 1 2 1 2 1 2 1 2 1 2 1 2 1 2 1
A027642_a5 5 62 1 2 1 1 0 1 2 1 0 1 1 1 0 1 1 1 0 1 3 1 0 1 3 1 0 1 1 1 0 1 2 1 0 1 1 1 0 1 1 1 0 1 1 1 0 1 2 1 0 1 1 1 0 1 3 1 0 1 4 1 0 1
A027642_a7 7 62 1 2 6 1 2 1 0 1 2 1 3 1 0 1 6 1 6 1 0 1 1 1 5 1 0 1 6 1 2 1 0 1 6 1 6 1 0 1 6 1 6 1 0 1 4 1 2 1 0 1 3 1 1 1 0 1 2 1 4 1 0 1
A038566_a2 2 96 1 1 1 0 1 1 1 0 1 0 1 1 1 0 1 0 1 0 1 1 1 1 1 0 0 1 1 0 1 1 1 1 1 0 1 0 1 0 1 0 1 0 1 1 1 1 1 0 1 0 1 0 1 0 1 0 1 0 1 1 1 1 1 1 1 0 0 1 0 1 1 0 1 1 1 1 1 1 1 1 1 0 1 0 1 0 1 0 1 0 1 0 1 0 1 0
A038566_a3 3 96 1 1 1 2 1 0 1 2 0 1 1 2 1 2 0 1 2 0 1 0 2 1 1 2 1 2 1 2 1 0 1 0 1 2 0 1 2 0 1 2 0 1 1 2 1 2 1 2 0 1 2 0 1 2 0 1 2 0 1 0 2 0 2 1 1 2 1 1 2 2 1 2 1 0 2 1 0 2 1 0 1 2 0 1 2 0 1 2 0 1 2 0 1 2 0 1
A038566_a4 4 96 1 1 1 2 1 3 1 2 3 0 1 1 1 2 3 0 1 2 1 3 1 3 1 2 0 1 3 0 1 3 3 1 1 2 3 0 1 2 3 0 1 2 1 1 3 3 1 2 3 0 1 2 3 0 1 2 3 0 1 3 1 1 3 1 1 2 0 3 0 3 1 2 1 3 1 3 1 3 1 3 1 2 3 0 1 2 3 0 1 2 3 0 1 2 3 0
A038566_a5 5 96 1 1 1 2 1 3 1 2 3 4 1 0 1 2 3 4 0 1 1 3 0 2 1 2 4 0 2 3 1 3 2 4 1 2 3 4 0 1 2 3 4 0 1 0 2 1 1 2 3 4 0 1 2 3 4 0 1 2 1 3 0 4 1 3 1 2 4 2 3 1 3 4 1 3 0 2 4 1 3 0 1 2 3 4 0 1 2 3 4 0 1 2 3 4 0 1
A038566_a7 7 96 1 1 1 2 1 3 1 2 3 4 1 5 1 2 3 4 5 6 1 3 5 0 1 2 4 5 0 1 1 3 0 2 1 2 3 4 5 6 0 1 2 3 1 5 0 4 1 2 3 4 5 6 0 1 2 3 4 5 1 3 5 2 4 6 1 2 4 0 1 4 6 0 1 3 5 0 2 4 6 1 1 2 3 4 5 6 0 1 2 3 4 5 6 0 1 2
A038567_a2 2 78 1 0 1 1 0 0 1 1 1 1 0 0 1 1 1 1 1 1 0 0 0 0 1 1 1 1 1 1 0 0 0 0 1 1 1 1 1 1 1 1 1 1 0 0 0 0 1 1 1 1 1 1 1 1 1 1 1 1 0 0 0 0 0 0 1 1 1 1 1 1 1 1 0 0 0 0 0 0
A038567_a3 3 78 1 2 0 0 1 1 2 2 2 2 0 0 1 1 1 1 1 1 2 2 2 2 0 0 0 0 0 0 1 1 1 1 2 2 2 2 2 2 2 2 2 2 0 0 0 0 1 1 1 1 1 1 1 1 1 1 1 1 2 2 2 2 2 2 0 0 0 0 0 0 0 0 1 1 1 1 1 1
A038567_a4 4 78 1 2 3 3 0 0 1 1 1 1 2 2 3 3 3 3 3 3 0 0 0 0 1 1 1 1 1 1 2 2 2 2 3 3 3 3 3 3 3 3 3 3 0 0 0 0 1 1 1 1 1 1 1 1 1 1 1 1 2 2 2 2 2 2 3 3 3 3 3 3 3 3 0 0 0 0 0 0
A038567_a5 5 78 1 2 3 3 4 4 0 0 0 0 1 1 2 2 2 2 2 2 3 3 3 3 4 4 4 4 4 4 0 0 0 0 1 1 1 1 1 1 1 1 1 1 2 2 2 2 3 3 3 3 3 3 3 3 3 3 3 3 4 4 4 4 4 4 0 0 0 0 0 0 0 0 1 1 1 1 1 1
A038567_a7 7 78 1 2 3 3 4 4 5 5 5 5 6 6 0 0 0 0 0 0 1 1 1 1 2 2 2 2 2 2 3 3 3 3 4 4 4 4 4 4 4 4 4 4 5 5 5 5 6 6 6 6 6 6 6 6 6 6 6 6 0 0 0 0 0 0 1 1 1 1 1 1 1 1 2 2 2 2 2 2
A038568_a2 2 94 1 1 0 1 1 0 1 1 0 1 0 1 1 0 1 1 1 0 1 1 0 1 0 1 1 0 1 1 1 0 1 1 1 0 1 1 0 1 0 1 0 1 0 1 1 0 1 0 1 1 1 1 1 0 1 1 0 1 0 1 0 1 0 1 1 0 1 1 1 0 1 1 1 0 1 1 1 0 1 1 1 0 1 1 0 1 0 1 0 1 0 1 1 0
A038568_a3 3 94 1 1 2 1 0 2 0 1 1 0 1 1 2 2 2 0 2 1 2 1 0 2 0 1 1 2 1 0 1 1 1 2 1 0 1 1 2 0 2 2 2 1 2 1 0 2 0 1 0 2 0 1 0 2 0 1 1 0 1 1 1 0 1 1 2 2 2 0 2 1 2 2 2 0 2 1 2 2 2 0 2 1 2 1 0 2 0 1 0 2 0 1 1 2
A038568_a4 4 94 1 1 2 1 3 2 3 1 0 3 0 1 1 2 1 3 1 0 1 1 2 1 2 1 3 2 3 3 3 0 3 1 3 2 3 1 0 3 0 1 0 3 0 1 1 2 1 0 1 1 1 3 1 0 1 1 2 3 2 3 2 1 2 1 3 2 3 3 3 0 3 1 3 2 3 3 3 0 3 1 3 2 3 1 0 1 0 3 0 3 0 1 1 2
A038568_a5 5 94 1 1 2 1 3 2 3 1 4 3 4 1 0 2 0 3 0 4 0 1 1 0 1 1 2 2 2 3 2 4 2 0 2 1 2 1 3 3 3 0 3 2 3 1 4 2 4 4 4 0 4 2 4 3 4 1 0 3 0 2 0 4 0 1 1 2 1 3 1 4 1 0 1 1 1 2 1 3 1 4 1 0 1 1 2 0 2 2 2 1 2 1 3 2
A038568_a7 7 94 1 1 2 1 3 2 3 1 4 3 4 1 5 2 5 3 5 4 5 1 6 5 6 1 0 2 0 3 0 4 0 5 0 6 0 1 1 3 1 5 1 0 1 1 2 2 2 4 2 5 2 0 2 1 2 1 3 3 3 0 3 2 3 1 4 2 4 3 4 4 4 5 4 6 4 0 4 1 4 2 4 3 4 1 5 5 5 0 5 4 5 1 6 2
A038569_a2 2 94 1 0 1 1 1 1 0 0 1 0 1 1 1 1 0 1 1 1 0 0 1 0 1 1 1 1 0 1 1 1 0 1 1 1 0 0 1 0 1 0 1 0 1 1 1 1 0 1 0 1 1 1 1 1 0 0 1 0 1 0 1 0 1 1 1 1 0 1 1 1 0 1 1 1 0 1 1 1 0 1 1 1 0 0 1 0 1 0 1 0 1 1 1 1
A038569_a3 3 94 1 2 1 0 1 0 2 1 1 1 0 2 1 2 2 2 0 2 1 0 1 0 2 1 1 1 2 1 0 1 1 1 2 1 0 2 1 2 0 2 2 2 1 0 1 0 2 0 1 0 2 0 1 0 2 1 1 1 0 1 1 1 0 2 1 2 2 2 0 2 1 2 2 2 0 2 1 2 2 2 0 2 1 0 1 0 2 0 1 0 2 1 1 1
A038569_a4 4 94 1 2 1 3 1 3 2 0 1 0 3 1 1 1 2 1 3 1 0 2 1 2 1 3 1 3 2 3 3 3 0 3 1 3 2 0 1 0 3 0 1 0 3 1 1 1 2 1 0 1 1 1 3 1 0 2 1 2 3 2 3 2 1 3 1 3 2 3 3 3 0 3 1 3 2 3 3 3 0 3 1 3 2 0 1 0 1 0 3 0 3 1 1 1
A038569_a5 5 94 1 2 1 3 1 3 2 4 1 4 3 0 1 0 2 0 3 0 4 1 1 1 0 2 1 2 2 2 3 2 4 2 0 2 1 3 1 3 3 3 0 3 2 4 1 4 2 4 4 4 0 4 2 4 3 0 1 0 3 0 2 0 4 1 1 1 2 1 3 1 4 1 0 1 1 1 2 1 3 1 4 1 0 2 1 2 0 2 2 2 1 3 1 3
A038569_a7 7 94 1 2 1 3 1 3 2 4 1 4 3 5 1 5 2 5 3 5 4 6 1 6 5 0 1 0 2 0 3 0 4 0 5 0 6 1 1 1 3 1 5 1 0 2 1 2 2 2 4 2 5 2 0 2 1 3 1 3 3 3 0 3 2 4 1 4 2 4 3 4 4 4 5 4 6 4 0 4 1 4 2 4 3 5 1 5 5 5 0 5 4 6 1 6
A056239_a2 2 91 0 1 0 0 1 1 0 1 0 0 1 0 0 1 1 0 1 1 0 1 0 0 1 1 0 1 0 0 0 0 1 1 1 0 1 0 0 1 0 0 1 1 0 1 1 0 1 0 0 1 1 0 0 1 0 1 0 1 1 1 0 0 0 0 1 0 1 1 1 0 0 1 1 1 0 0 1 1 0 1 0 0 1 0 0 1 0 0 0 0 0
A056239_a3 3 91 0 1 2 2 0 0 1 0 1 1 2 1 0 2 2 1 1 2 2 2 0 0 0 2 0 1 0 0 1 0 2 2 1 2 1 0 0 0 2 0 1 1 2 1 1 1 0 0 2 1 0 2 1 1 2 1 1 2 2 1 0 0 2 0 0 2 1 0 2 2 2 1 0 1 2 1 0 0 1 1 2 2 2 2 1 0 0 2 0 2 1
A056239_a4 4 91 0 1 2 2 3 3 0 3 0 0 1 0 2 1 1 0 3 1 0 1 2 2 1 1 2 3 2 2 2 2 3 1 3 0 3 2 0 1 0 2 1 3 2 3 3 2 3 2 0 3 1 0 0 3 0 3 2 3 1 3 2 0 0 2 1 0 3 1 3 0 0 3 1 1 0 2 1 1 2 3 0 2 3 0 2 3 0 0 0 0 2
A056239_a5 5 91 0 1 2 2 3 3 4 3 4 4 0 4 1 0 0 4 2 0 3 0 1 1 4 0 1 2 1 1 0 1 1 0 2 3 2 1 2 4 3 1 3 2 4 2 2 0 0 1 3 2 4 3 1 2 3 2 0 1 2 2 3 2 3 1 4 3 4 4 1 3 0 2 1 3 3 0 4 4 2 2 3 4 3 3 0 0 2 3 4 3 0
A056239_a7 7 91 0 1 2 2 3 3 4 3 4 4 5 4 6 5 5 4 0 5 1 5 6 6 2 5 6 0 6 6 3 6 4 5 0 1 0 6 5 2 1 6 6 0 0 0 0 3 1 6 1 0 2 1 2 0 1 0 3 4 3 0 4 5 1 6 2 1 5 2 4 1 6 0 0 6 1 3 2 2 1 0 1 0 2 1 3 1 5 1 3 1 3
A070939_a2 2 105 1 1 0 0 1 1 1 1 0 0 0 0 0 0 0 0 1 1 1 1 1 1 1 1 1 1 1 1 1 1 1 1 0 0 0 0 0 0 0 0 0 0 0 0 0 0 0 0 0 0 0 0 0 0 0 0 0 0 0 0 0 0 0 0 1 1 1 1 1 1 1 1 1 1 1 1 1 1 1 1 1 1 1 1 1 1 1 1 1 1 1 1 1 1 1 1 1 1 1 1 1 1 1 1 1
A070939_a3 3 105 1 1 2 2 0 0 0 0 1 1 1 1 1 1 1 1 2 2 2 2 2 2 2 2 2 2 2 2 2 2 2 2 0 0 0 0 0 0 0 0 0 0 0 0 0 0 0 0 0 0 0 0 0 0 0 0 0 0 0 0 0 0 0 0 1 1 1 1 1 1 1 1 1 1 1 1 1 1 1 1 1 1 1 1 1 1 1 1 1 1 1 1 1 1 1 1 1 1 1 1 1 1 1 1 1
A070939_a4 4 105 1 1 2 2 3 3 3 3 0 0 0 0 0 0 0 0 1 1 1 1 1 1 1 1 1 1 1 1 1 1 1 1 2 2 2 2 2 2 2 2 2 2 2 2 2 2 2 2 2 2 2 2 2 2 2 2 2 2 2 2 2 2 2 2 3 3 3 3 3 3 3 3 3 3 3 3 3 3 3 3 3 3 3 3 3 3 3 3 3 3 3 3 3 3 3 3 3 3 3 3 3 3 3 3 3
A070939_a5 5 105 1 1 2 2 3 3 3 3 4 4 4 4 4 4 4 4 0 0 0 0 0 0 0 0 0 0 0 0 0 0 0 0 1 1 1 1 1 1 1 1 1 1 1 1 1 1 1 1 1 1 1 1 1 1 1 1 1 1 1 1 1 1 1 1 2 2 2 2 2 2 2 2 2 2 2 2 2 2 2 2 2 2 2 2 2 2 2 2 2 2 2 2 2 2 2 2 2 2 2 2 2 2 2 2 2
A070939_a7 7 105 1 1 2 2 3 3 3 3 4 4 4 4 4 4 4 4 5 5 5 5 5 5 5 5 5 5 5 5 5 5 5 5 6 6 6 6 6 6 6 6 6 6 6 6 6 6 6 6 6 6 6 6 6 6 6 6 6 6 6 6 6 6 6 6 0 0 0 0 0 0 0 0 0 0 0 0 0 0 0 0 0 0 0 0 0 0 0 0 0 0 0 0 0 0 0 0 0 0 0 0 0 0 0 0 0
A074206_a2 2 97 0 1 1 1 0 1 1 1 0 0 1 1 0 1 1 1 0 1 0 1 0 1 1 1 0 0 1 0 0 1 1 1 0 1 1 1 0 1 1 1 0 1 1 1 0 0 1 1 0 0 0 1 0 1 0 1 0 1 1 1 0 1 1 0 0 1 1 1 0 1 1 1 0 1 1 0 0 1 1 1 0 0 1 1 0 1 1 1 0 1 0 1 0 1 1 1 0
A074206_a3 3 97 0 1 1 1 2 1 0 1 1 2 0 1 2 1 0 0 2 1 2 1 2 0 0 1 2 2 0 1 2 1 1 1 1 0 0 0 2 1 0 0 2 1 1 1 2 2 0 1 0 2 2 0 2 1 2 0 2 0 0 1 2 1 0 2 2 0 1 1 2 0 1 1 1 1 0 2 2 0 1 1 0 2 0 1 2 0 0 0 2 1 2 0 2 0 0 0 1
A074206_a4 4 97 0 1 1 1 2 1 3 1 0 2 3 1 0 1 3 3 0 1 0 1 0 3 3 1 0 2 3 0 0 1 1 1 0 3 3 3 2 1 3 3 0 1 1 1 0 0 3 1 0 2 0 3 0 1 0 3 0 3 3 1 0 1 3 0 0 3 1 1 0 3 1 1 0 1 3 0 0 3 1 1 0 0 3 1 0 3 3 3 0 1 0 3 0 3 3 3 0
A074206_a5 5 97 0 1 1 1 2 1 3 1 4 2 3 1 3 1 3 3 3 1 3 1 3 3 3 1 0 2 3 4 3 1 3 1 1 3 3 3 1 1 3 3 0 1 3 1 3 3 3 1 3 2 3 3 3 1 0 3 0 3 3 1 4 1 3 3 2 3 3 1 3 3 3 1 1 1 3 3 3 3 3 1 3 3 3 1 4 3 3 3 0 1 4 3 3 3 3 3 2
A074206_a7 7 97 0 1 1 1 2 1 3 1 4 2 3 1 1 1 3 3 1 1 1 1 1 3 3 1 6 2 3 4 1 1 6 1 2 3 3 3 5 1 3 3 6 1 6 1 1 1 3 1 6 2 1 3 1 1 6 3 6 3 3 1 2 1 3 1 4 3 6 1 1 3 6 1 6 1 3 1 1 3 6 1 6 1 3 1 2 3 3 3 6 1 2 3 1 3 3 3 0
A104725_a2 2 86 0 1 1 1 0 1 1 1 1 0 1 1 1 1 1 1 1 1 1 1 1 1 1 1 1 0 1 1 1 1 1 1 0 1 1 1 0 1 1 1 1 1 1 1 1 1 1 1 0 0 1 1 1 1 1 1 1 1 1 1 1 1 1 1 1 1 1 1 1 1 1 1 1 1 1 1 1 1 1 1 0 1 1 1 1 1
A104725_a3 3 86 0 1 1 1 2 1 0 1 2 2 0 1 2 1 0 0 0 1 2 1 2 0 0 1 0 2 0 2 2 1 1 1 1 0 0 0 2 1 0 0 0 1 1 1 2 2 0 1 2 2 2 0 2 1 0 0 0 0 0 1 2 1 0 2 2 0 1 1 2 0 1 1 1 1 0 2 2 0 1 1 2 0 0 1 2 0
A104725_a4 4 86 0 1 1 1 2 1 3 1 1 2 3 1 3 1 3 3 3 1 3 1 3 3 3 1 1 2 3 1 3 1 3 1 0 3 3 3 2 1 3 3 1 1 3 1 3 3 3 1 0 2 3 3 3 1 1 3 1 3 3 1 1 1 3 3 3 3 3 1 3 3 3 1 3 1 3 3 3 3 3 1 0 3 3 1 1 3
A104725_a5 5 86 0 1 1 1 2 1 3 1 0 2 3 1 1 1 3 3 0 1 1 1 1 3 3 1 0 2 3 0 1 1 4 1 2 3 3 3 2 1 3 3 0 1 4 1 1 1 3 1 0 2 1 3 1 1 0 3 0 3 3 1 3 1 3 1 3 3 4 1 1 3 4 1 0 1 3 1 1 3 4 1 0 0 3 1 3 3
A104725_a7 7 86 0 1 1 1 2 1 3 1 5 2 3 1 4 1 3 3 1 1 4 1 4 3 3 1 3 2 3 5 4 1 5 1 3 3 3 3 6 1 3 3 3 1 5 1 4 4 3 1 4 2 4 3 4 1 3 3 3 3 3 1 1 1 3 4 0 3 5 1 4 3 5 1 5 1 3 4 4 3 5 1 4 1 3 1 1 3
A112798_a2 2 102 1 0 1 1 1 1 0 0 1 1 1 0 0 1 1 1 1 1 0 0 1 0 0 1 1 1 1 1 1 1 0 0 0 1 1 1 0 0 1 1 1 1 1 1 0 1 1 1 0 0 0 0 1 1 0 0 1 0 1 1 1 1 1 1 1 0 1 1 1 1 0 1 1 0 0 0 1 0 0 0 1 1 1 1 1 1 0 0 0 1 1 1 0 0 1 1 1 1 1 1 1 1
A112798_a3 3 102 1 2 1 1 0 1 2 1 1 1 1 2 2 1 0 2 1 1 2 0 1 1 2 0 1 1 1 1 1 1 2 2 2 1 1 0 2 1 1 2 0 1 1 1 2 0 0 1 0 2 2 2 1 1 1 1 1 2 0 2 1 1 1 1 1 2 2 1 1 0 1 1 1 2 2 0 1 2 2 0 1 1 1 0 1 1 2 1 2 1 1 2 2 2 0 1 0 0 1 1 1 1
A112798_a4 4 102 1 2 1 1 3 1 2 0 1 1 1 2 2 1 3 1 1 1 2 2 1 0 2 3 1 1 1 1 3 1 2 2 0 1 1 3 2 0 1 1 1 1 1 1 2 3 3 1 2 2 2 2 1 1 0 2 1 2 3 3 1 1 1 1 1 2 1 1 3 3 0 1 1 2 2 0 1 0 2 2 1 1 1 3 1 1 2 0 2 1 1 1 2 2 3 1 1 3 1 1 1 1
A112798_a5 5 102 1 2 1 1 3 1 2 4 1 1 1 2 2 1 3 0 1 1 2 1 1 4 2 3 1 1 1 1 2 1 2 2 3 1 1 3 2 4 1 0 4 1 1 1 2 3 3 1 1 2 2 2 1 1 4 0 1 2 3 1 1 1 1 1 1 2 0 1 2 3 4 1 1 2 2 2 1 3 2 1 1 1 1 3 3 1 2 4 4 1 1 0 2 2 3 1 4 0 1 1 1 1
A112798_a7 7 102 1 2 1 1 3 1 2 4 1 1 1 2 2 1 3 5 1 1 2 6 1 4 2 3 1 1 1 1 0 1 2 2 1 1 1 3 2 4 1 5 2 1 1 1 2 3 3 1 6 2 2 2 1 1 4 3 1 2 3 4 1 1 1 1 1 2 5 1 0 3 4 1 1 2 2 5 1 1 2 6 1 1 1 3 6 1 2 4 0 1 1 5 2 2 3 1 2 1 1 1 1 1
A217831_a2 2 96 0 1 1 0 1 0 0 1 1 0 0 1 0 1 0 0 1 1 1 1 0 0 1 0 0 0 1 0 0 1 1 1 1 1 1 0 0 1 0 1 0 1 0 1 0 0 1 1 0 1 1 0 1 1 0 0 1 0 1 0 0 0 1 0 1 0 0 1 1 1 1 1 1 1 1 1 1 0 0 1 0 0 0 1 0 1 0 0 0 1 0 0 1 1 1 1
A217831_a3 3 96 0 1 1 0 1 0 0 1 1 0 0 1 0 1 0 0 1 1 1 1 0 0 1 0 0 0 1 0 0 1 1 1 1 1 1 0 0 1 0 1 0 1 0 1 0 0 1 1 0 1 1 0 1 1 0 0 1 0 1 0 0 0 1 0 1 0 0 1 1 1 1 1 1 1 1 1 1 0 0 1 0 0 0 1 0 1 0 0 0 1 0 0 1 1 1 1
A217831_a4 4 96 0 1 1 0 1 0 0 1 1 0 0 1 0 1 0 0 1 1 1 1 0 0 1 0 0 0 1 0 0 1 1 1 1 1 1 0 0 1 0 1 0 1 0 1 0 0 1 1 0 1 1 0 1 1 0 0 1 0 1 0 0 0 1 0 1 0 0 1 1 1 1 1 1 1 1 1 1 0 0 1 0 0 0 1 0 1 0 0 0 1 0 0 1 1 1 1
A217831_a5 5 96 0 1 1 0 1 0 0 1 1 0 0 1 0 1 0 0 1 1 1 1 0 0 1 0 0 0 1 0 0 1 1 1 1 1 1 0 0 1 0 1 0 1 0 1 0 0 1 1 0 1 1 0 1 1 0 0 1 0 1 0 0 0 1 0 1 0 0 1 1 1 1 1 1 1 1 1 1 0 0 1 0 0 0 1 0 1 0 0 0 1 0 0 1 1 1 1
A217831_a7 7 96 0 1 1 0 1 0 0 1 1 0 0 1 0 1 0 0 1 1 1 1 0 0 1 0 0 0 1 0 0 1 1 1 1 1 1 0 0 1 0 1 0 1 0 1 0 0 1 1 0 1 1 0 1 1 0 0 1 0 1 0 0 0 1 0 1 0 0 1 1 1 1 1 1 1 1 1 1 0 0 1 0 0 0 1 0 1 0 0 0 1 0 0 1 1 1 1
A226898_a2 2 92 1 0 1 0 1 0 1 0 1 0 1 1 1 0 0 0 1 0 1 1 0 0 1 0 1 0 1 0 1 1 1 0 1 0 0 1 1 0 1 0 1 1 1 0 0 0 1 0 1 0 1 0 1 0 0 1 1 0 1 0 1 0 0 0 0 0 1 0 1 1 1 0 1 0 0 0 0 0 1 0 1 0 1 0 1 0 1 0 1 0 0 0
A226898_a3 3 92 1 2 1 2 1 2 1 2 1 2 1 0 1 2 2 2 1 2 1 0 2 2 1 1 1 2 1 2 1 0 1 2 1 2 2 0 1 2 1 1 1 0 1 2 2 2 1 1 1 2 1 2 1 2 2 0 1 2 1 1 1 2 2 2 2 2 1 2 1 0 1 1 1 2 2 2 2 2 1 1 1 2 1 1 1 2 1 2 1 1 2 2
A226898_a4 4 92 1 2 1 2 1 2 1 2 1 2 1 3 1 2 2 2 1 2 1 3 2 2 1 0 1 2 1 2 1 3 1 2 1 2 2 3 1 2 1 0 1 3 1 2 2 2 1 0 1 2 1 2 1 2 2 3 1 2 1 0 1 2 2 2 2 2 1 2 1 3 1 0 1 2 2 2 2 2 1 0 1 2 1 0 1 2 1 2 1 0 2 2
A226898_a5 5 92 1 2 1 2 1 2 1 2 1 2 1 3 1 2 2 2 1 2 1 3 2 2 1 4 1 2 1 2 1 3 1 2 1 2 2 3 1 2 1 4 1 3 1 2 2 2 1 4 1 2 1 2 1 2 2 3 1 2 1 4 1 2 2 2 2 2 1 2 1 3 1 4 1 2 2 2 2 2 1 4 1 2 1 4 1 2 1 2 1 4 2 2
A226898_a7 7 92 1 2 1 2 1 2 1 2 1 2 1 3 1 2 2 2 1 2 1 3 2 2 1 4 1 2 1 2 1 3 1 2 1 2 2 3 1 2 1 4 1 3 1 2 2 2 1 4 1 2 1 2 1 2 2 3 1 2 1 4 1 2 2 2 2 2 1 2 1 3 1 4 1 2 2 2 2 2 1 4 1 2 1 4 1 2 1 2 1 4 2 2
A246655_a2 2 61 0 1 0 1 1 0 1 1 1 0 1 1 1 1 1 1 1 0 1 1 1 1 1 1 1 1 0 1 1 1 1 1 1 1 1 1 1 1 1 1 1 1 1 0 1 1 1 1 1 1 1 1 1 1 1 1 1 1 1 1 1
A246655_a3 3 61 2 0 1 2 1 2 0 2 1 1 2 1 2 1 0 2 1 2 1 2 1 2 1 2 2 1 1 1 2 1 1 0 2 2 1 2 1 2 1 2 1 2 1 2 2 2 1 2 1 1 1 2 1 2 2 1 2 1 2 1 1
A246655_a4 4 61 2 3 0 1 3 0 1 3 1 0 1 3 3 1 3 1 3 0 1 1 3 3 1 1 3 1 0 3 3 1 3 1 3 1 1 1 3 3 1 1 1 1 3 0 3 1 3 1 3 1 3 3 1 1 3 1 3 1 1 3 3
A246655_a5 5 61 2 3 4 0 2 3 4 1 3 1 2 4 3 0 2 4 1 2 2 1 3 2 4 3 4 1 4 2 1 3 4 1 3 4 2 1 3 2 4 3 1 0 2 3 1 2 4 4 1 2 3 2 4 3 4 1 1 3 2 4 1
A246655_a7 7 61 2 3 4 5 0 1 2 4 6 2 3 5 2 4 6 1 3 4 2 6 1 5 0 4 3 5 1 4 1 3 2 4 6 5 6 3 5 2 4 1 2 6 1 2 5 4 6 2 4 3 2 6 1 5 4 6 2 4 1 3 1
