candidate_id,population,gate_class,solver_family,mdl_bits,train_bits,raw_bits,holdout_len,alphabet_size,discovery_time_s,alphabet_base,base_seq_id
collatz_k3_c1_b2,S1,neither,ITER,43.34,150.000000,200.00,50,2,600.102,,collatz_k3_c1_b2
collatz_k3_c1_b3,S1,discovered,STEP,43.59,237.744375,316.99,50,3,128.701,,collatz_k3_c1_b3
collatz_k3_c1_b4,S1,neither,FUNC_L,47.53,300.000000,400.00,50,4,600.112,,collatz_k3_c1_b4
collatz_k3_c3_b2,S1,discovered,FUNC_L,47.78,150.000000,200.00,50,2,27.678,,collatz_k3_c3_b2
collatz_k3_c3_b3,S1,neither,NESTED_LOOP,101.72,237.744375,316.99,50,3,601.280,,collatz_k3_c3_b3
collatz_k3_c3_b4,S1,neither,NESTED_LOOP,83.73,300.000000,400.00,50,4,600.102,,collatz_k3_c3_b4
collatz_k3_c5_b2,S1,neither,NESTED_LOOP,97.72,150.000000,200.00,50,2,600.152,,collatz_k3_c5_b2
collatz_k3_c5_b3,S1,neither,STEP,49.99,237.744375,316.99,50,3,600.463,,collatz_k3_c5_b3
collatz_k3_c5_b4,S1,neither,FUNC,44.53,300.000000,400.00,50,4,600.107,,collatz_k3_c5_b4
collatz_k3_c7_b2,S1,neither,FUNC_L,65.34,150.000000,200.00,50,2,600.097,,collatz_k3_c7_b2
collatz_k3_c7_b3,S1,neither,FUNC_L,46.53,237.744375,316.99,50,3,600.107,,collatz_k3_c7_b3
collatz_k3_c7_b4,S1,neither,STEP,51.44,300.000000,400.00,50,4,600.205,,collatz_k3_c7_b4
collatz_k5_c1_b2,S1,neither,NESTED_LOOP,80.56,150.000000,200.00,50,2,600.092,,collatz_k5_c1_b2
collatz_k5_c1_b3,S1,neither,STEP,52.99,237.744375,316.99,50,3,600.110,,collatz_k5_c1_b3
collatz_k5_c1_b4,S1,neither,FUNC_L,55.98,300.000000,400.00,50,4,600.077,,collatz_k5_c1_b4
collatz_k5_c3_b2,S1,neither,NESTED_LOOP,83.73,150.000000,200.00,50,2,600.174,,collatz_k5_c3_b2
collatz_k5_c3_b3,S1,neither,STEP,59.91,237.744375,316.99,50,3,600.527,,collatz_k5_c3_b3
collatz_k5_c3_b4,S1,neither,NESTED_LOOP,83.73,300.000000,400.00,50,4,600.115,,collatz_k5_c3_b4
collatz_k5_c5_b2,S1,discovered,FUNC_L,47.78,150.000000,200.00,50,2,26.312,,collatz_k5_c5_b2
collatz_k5_c5_b3,S1,neither,STEP,58.70,237.744375,316.99,50,3,600.146,,collatz_k5_c5_b3
collatz_k5_c5_b4,S1,neither,NESTED_LOOP,83.73,300.000000,400.00,50,4,600.085,,collatz_k5_c5_b4
collatz_k5_c7_b2,S1,neither,NESTED_LOOP,85.32,150.000000,200.00,50,2,600.093,,collatz_k5_c7_b2
collatz_k5_c7_b3,S1,neither,STEP,51.28,237.744375,316.99,50,3,600.243,,collatz_k5_c7_b3
collatz_k5_c7_b4,S1,neither,STEP,53.61,300.000000,400.00,50,4,600.095,,collatz_k5_c7_b4
collatz_k7_c1_b2,S1,neither,FUNC_L,54.38,150.000000,200.00,50,2,600.061,,collatz_k7_c1_b2
collatz_k7_c1_b3,S1,neither,FUNC_L,49.53,237.744375,316.99,50,3,600.044,,collatz_k7_c1_b3
collatz_k7_c1_b4,S1,neither,STEP,46.84,300.000000,400.00,50,4,600.055,,collatz_k7_c1_b4
collatz_k7_c3_b2,S1,discovered,FUNC_L,47.78,150.000000,200.00,50,2,16.406,,collatz_k7_c3_b2
collatz_k7_c3_b3,S1,neither,FUNC_L,45.53,237.744375,316.99,50,3,600.062,,collatz_k7_c3_b3
collatz_k7_c3_b4,S1,discovered,NESTED_LOOP,116.78,300.000000,400.00,50,4,306.393,,collatz_k7_c3_b4
collatz_k7_c5_b2,S1,discovered,FUNC_L,47.78,150.000000,200.00,50,2,16.092,,collatz_k7_c5_b2
collatz_k7_c5_b3,S1,neither,STEP,51.28,237.744375,316.99,50,3,600.045,,collatz_k7_c5_b3
collatz_k7_c5_b4,S1,discovered,NESTED_LOOP,116.78,300.000000,400.00,50,4,276.256,,collatz_k7_c5_b4
collatz_k7_c7_b2,S1,discovered,FUNC_L,47.78,150.000000,200.00,50,2,16.475,,collatz_k7_c7_b2
collatz_k7_c7_b3,S1,neither,FUNC_L,55.73,237.744375,316.99,50,3,600.165,,collatz_k7_c7_b3
collatz_k7_c7_b4,S1,discovered,NESTED_LOOP,116.78,300.000000,400.00,50,4,377.788,,collatz_k7_c7_b4
collatz_k9_c1_b2,S1,neither,FUNC_L,53.98,150.000000,200.00,50,2,600.120,,collatz_k9_c1_b2
collatz_k9_c1_b3,S1,neither,FUNC_L,48.53,237.744375,316.99,50,3,600.100,,collatz_k9_c1_b3
collatz_k9_c1_b4,S1,neither,STEP,61.14,300.000000,400.00,50,4,600.081,,collatz_k9_c1_b4
collatz_k9_c3_b2,S1,discovered,FUNC_L,47.78,150.000000,200.00,50,2,32.971,,collatz_k9_c3_b2
collatz_k9_c3_b3,S1,neither,NESTED_LOOP,83.73,237.744375,316.99,50,3,600.122,,collatz_k9_c3_b3
collatz_k9_c3_b4,S1,neither,NESTED_LOOP,83.73,300.000000,400.00,50,4,600.126,,collatz_k9_c3_b4
collatz_k9_c5_b2,S1,neither,NESTED_LOOP,83.73,150.000000,200.00,50,2,600.085,,collatz_k9_c5_b2
collatz_k9_c5_b3,S1,neither,STEP,57.02,237.744375,316.99,50,3,600.097,,collatz_k9_c5_b3
collatz_k9_c5_b4,S1,neither,NESTED_LOOP,62.81,300.000000,400.00,50,4,600.080,,collatz_k9_c5_b4
collatz_k9_c7_b2,S1,neither,FUNC_L,47.78,150.000000,200.00,50,2,600.103,,collatz_k9_c7_b2
collatz_k9_c7_b3,S1,neither,NESTED_LOOP,83.73,237.744375,316.99,50,3,600.095,,collatz_k9_c7_b3
collatz_k9_c7_b4,S1,neither,NESTED_LOOP,83.73,300.000000,400.00,50,4,600.115,,collatz_k9_c7_b4
collatz_k11_c1_b2,S1,neither,FUNC_L,47.78,150.000000,200.00,50,2,600.095,,collatz_k11_c1_b2
collatz_k11_c1_b3,S1,neither,NESTED_LOOP,83.73,237.744375,316.99,50,3,600.116,,collatz_k11_c1_b3
collatz_k11_c1_b4,S1,neither,NESTED_LOOP,114.45,300.000000,400.00,50,4,600.100,,collatz_k11_c1_b4
collatz_k11_c3_b2,S1,neither,FUNC_L,48.78,150.000000,200.00,50,2,600.052,,collatz_k11_c3_b2
collatz_k11_c3_b3,S1,neither,NESTED_LOOP,114.45,237.744375,316.99,50,3,600.092,,collatz_k11_c3_b3
collatz_k11_c3_b4,S1,neither,FUNC_L,64.09,300.000000,400.00,50,4,600.056,,collatz_k11_c3_b4
collatz_k11_c5_b2,S1,neither,FUNC_L,47.78,150.000000,200.00,50,2,600.074,,collatz_k11_c5_b2
collatz_k11_c5_b3,S1,neither,NESTED_LOOP,114.45,237.744375,316.99,50,3,600.060,,collatz_k11_c5_b3
collatz_k11_c5_b4,S1,neither,NESTED_LOOP,114.45,300.000000,400.00,50,4,600.051,,collatz_k11_c5_b4
collatz_k11_c7_b2,S1,neither,FUNC_L,47.78,150.000000,200.00,50,2,600.062,,collatz_k11_c7_b2
collatz_k11_c7_b3,S1,neither,STEP,55.10,237.744375,316.99,50,3,600.068,,collatz_k11_c7_b3
collatz_k11_c7_b4,S1,neither,NESTED_LOOP,83.73,300.000000,400.00,50,4,600.056,,collatz_k11_c7_b4
A033819_a2,S1,neither,NESTED_LOOP,80.56,27.000000,47.00,20,2,600.056,2,A033819
A033819_a3,S1,neither,FUNC_L,57.73,42.793988,74.49,20,3,600.056,3,A033819
A056033_a2,S1,neither,FUNC_L,53.98,33.000000,53.00,20,2,600.059,2,A056033
A056033_a3,S1,neither,ITER,52.78,52.303763,84.00,20,3,600.063,3,A056033
A056036_a2,S1,neither,NESTED_LOOP,86.90,27.000000,47.00,20,2,169.238,2,A056036
A056036_a3,S1,neither,ITER,50.78,42.793988,74.49,20,3,600.064,3,A056036
A068407_a2,S1,neither,NESTED_LOOP,86.90,37.000000,57.00,20,2,600.058,2,A068407
A068407_a3,S1,neither,ITER,48.53,58.643613,90.34,20,3,600.038,3,A068407
A068408_a2,S1,neither,NESTED_LOOP,82.15,27.000000,47.00,20,2,600.055,2,A068408
A068408_a3,S1,neither,FUNC_L,56.73,42.793988,74.49,20,3,600.053,3,A068408
A072495_a2,S1,neither,NESTED_LOOP,85.32,50.000000,70.00,20,2,600.211,2,A072495
A072495_a3,S1,neither,STEP,55.82,79.248125,110.95,20,3,600.288,3,A072495
A072496_a2,S1,neither,NESTED_LOOP,85.32,40.000000,60.00,20,2,600.056,2,A072496
A072496_a3,S1,neither,FUNC,43.53,63.398500,95.10,20,3,600.051,3,A072496
A076650_a2,S1,neither,ITER,40.09,37.000000,57.00,20,2,56.068,2,A076650
A076650_a3,S1,neither,ITER,51.78,58.643613,90.34,20,3,600.412,3,A076650
A316344_a2,S1,neither,NESTED_LOOP,83.73,66.000000,87.00,21,2,600.088,2,A316344
A316344_a3,S1,neither,STEP,50.59,104.607525,137.89,21,3,600.066,3,A316344
A316345_a2,S1,neither,FUNC_L,56.71,66.000000,87.00,21,2,600.055,2,A316345
A316345_a3,S1,neither,FUNC,38.09,104.607525,137.89,21,3,600.053,3,A316345
A316824_a2,S1,discovered,FUNC_L,54.38,66.000000,87.00,21,2,47.429,2,A316824
A316824_a3,S1,neither,NESTED_LOOP,82.15,104.607525,137.89,21,3,600.061,3,A316824
A316827_a2,S1,neither,ITER,48.53,69.000000,91.00,22,2,600.047,2,A316827
A316827_a3,S1,neither,FUNC,44.53,109.362413,144.23,22,3,600.054,3,A316827
A317189_a2,S1,neither,FUNC_L,59.75,80.000000,106.00,26,2,600.056,2,A317189
A317189_a3,S1,neither,STEP,52.41,126.797000,168.01,26,3,600.059,3,A317189
A317948_a2,S1,neither,NESTED_LOOP,88.49,66.000000,87.00,21,2,600.056,2,A317948
A317948_a3,S1,neither,STEP,53.34,104.607525,137.89,21,3,600.038,3,A317948
A006447_a2,S1,neither,FUNC_L,54.73,32.000000,52.00,20,2,600.053,2,A006447
A006447_a3,S1,neither,FUNC_L,53.73,50.718800,82.42,20,3,600.045,3,A006447
A051023_a2,S1,discovered,WIDE_BIT,71.17,77.000000,102.00,25,2,107.161,2,A051023
A051023_a3,S1,neither,STEP,54.07,122.042113,161.67,25,3,600.041,3,A051023
A070886_a2,S1,neither,WIDE_BIT,71.08,75.000000,99.00,24,2,600.062,2,A070886
A070886_a3,S1,neither,ITER,42.09,118.872188,156.91,24,3,600.035,3,A070886
A070887_a2,S1,neither,FUNC_L,52.98,75.000000,99.00,24,2,600.013,2,A070887
A070887_a3,S1,neither,NESTED_LOOP,80.56,118.872188,156.91,24,3,600.063,3,A070887
A070909_a2,S1,neither,WIDE_BIT,73.55,75.000000,99.00,24,2,600.037,2,A070909
A070909_a3,S1,neither,FUNC,45.53,118.872188,156.91,24,3,600.034,3,A070909
A070950_a2,S1,neither,WIDE_BIT,73.55,75.000000,100.00,25,2,600.052,2,A070950
A070950_a3,S1,neither,NESTED_LOOP,80.56,118.872188,158.50,25,3,600.048,3,A070950
A071028_a2,S1,neither,WIDE_BIT,64.77,75.000000,99.00,24,2,600.070,2,A071028
A071028_a3,S1,neither,ITER_F,75.30,118.872188,156.91,24,3,600.048,3,A071028
A071029_a2,S1,neither,FUNC_L,54.73,75.000000,99.00,24,2,600.048,2,A071029
A071029_a3,S1,neither,FUNC_F,51.13,118.872188,156.91,24,3,600.040,3,A071029
A071030_a2,S1,neither,FUNC_L,54.73,75.000000,99.00,24,2,600.046,2,A071030
A071030_a3,S1,neither,FUNC_F,51.13,118.872188,156.91,24,3,600.067,3,A071030
A071031_a2,S1,neither,WIDE_BIT,73.55,75.000000,99.00,24,2,600.045,2,A071031
A071031_a3,S1,neither,NESTED_LOOP,82.15,118.872188,156.91,24,3,600.032,3,A071031
A071032_a2,S1,neither,WIDE_BIT,72.66,75.000000,99.00,24,2,600.043,2,A071032
A071032_a3,S1,neither,FUNC,44.53,118.872188,156.91,24,3,600.050,3,A071032
A071035_a2,S1,neither,FUNC_L,54.73,75.000000,100.00,25,2,600.042,2,A071035
A071035_a3,S1,neither,NESTED_LOOP,82.15,118.872188,158.50,25,3,600.029,3,A071035
A071036_a2,S1,neither,FUNC_L,53.98,75.000000,99.00,24,2,600.039,2,A071036
A071036_a3,S1,neither,STEP,49.28,118.872188,156.91,24,3,600.039,3,A071036
A071037_a2,S1,neither,FUNC_L,52.79,75.000000,99.00,24,2,600.051,2,A071037
A071037_a3,S1,neither,NESTED_LOOP,82.15,118.872188,156.91,24,3,600.046,3,A071037
A071038_a2,S1,neither,ITER_L,60.73,75.000000,99.00,24,2,600.052,2,A071038
A071038_a3,S1,neither,STEP,60.31,118.872188,156.91,24,3,600.040,3,A071038
A071047_a2,S1,neither,WIDE_BIT,76.72,48.000000,68.00,20,2,608.240,2,A071047
A071047_a3,S1,discovered,FUNC_L,52.98,76.078200,107.78,20,3,50.884,3,A071047
A072272_a2,S1,discovered,DARY,13.45,44.000000,64.00,20,2,10.086,2,A072272
A072272_a3,S1,neither,STEP,47.00,69.738350,101.44,20,3,600.036,3,A072272
A075437_a2,S1,neither,ITER,49.11,77.000000,102.00,25,2,600.069,2,A075437
A075437_a3,S1,neither,STEP,55.50,122.042113,161.67,25,3,600.034,3,A075437
A079314_a2,S1,discovered,DARY,15.03,61.000000,81.00,20,2,10.010,2,A079314
A079314_a3,S1,predicted_only,NESTED_LOOP,99.72,96.682713,128.38,20,3,233.207,3,A079314
A079315_a2,S1,discovered,CTX_X,17.86,41.000000,61.00,20,2,16.221,2,A079315
A079315_a3,S1,neither,ITER,47.53,64.983463,96.68,20,3,600.030,3,A079315
A079316_a2,S1,discovered,DARY,13.45,40.000000,60.00,20,2,10.088,2,A079316
A079316_a3,S1,neither,FUNC,43.53,63.398500,95.10,20,3,600.031,3,A079316
A079317_a2,S1,discovered,DARY,13.45,33.000000,53.00,20,2,10.086,2,A079317
A079317_a3,S1,neither,STEP,55.72,52.303763,84.00,20,3,600.037,3,A079317
A085587_a2,S1,predicted_only,FUNC_L,55.73,40.000000,60.00,20,2,34.733,2,A085587
A085587_a3,S1,neither,FUNC_L,45.53,63.398500,95.10,20,3,600.033,3,A085587
A093510_a2,S1,neither,NESTED_LOOP,83.73,47.000000,67.00,20,2,600.037,2,A093510
A093510_a3,S1,neither,ITER,41.34,74.493238,106.19,20,3,600.043,3,A093510
A093511_a2,S1,neither,WIDE_BIT,73.55,50.000000,70.00,20,2,600.050,2,A093511
A093511_a3,S1,neither,STEP,54.77,79.248125,110.95,20,3,600.036,3,A093511
A093512_a2,S1,neither,WIDE_BIT,68.05,41.000000,61.00,20,2,600.053,2,A093512
A093512_a3,S1,neither,FUNC_L,64.09,64.983463,96.68,20,3,600.043,3,A093512
A093513_a2,S1,discovered,CTX_X,17.86,46.000000,66.00,20,2,15.075,2,A093513
A093513_a3,S1,neither,STEP,54.82,72.908275,104.61,20,3,600.042,3,A093513
A093514_a2,S1,discovered,CTX_X,19.20,42.000000,62.00,20,2,41.254,2,A093514
A093514_a3,S1,neither,ITER_L,71.75,66.568425,98.27,20,3,600.050,3,A093514
A093516_a2,S1,neither,WIDE_BIT,71.96,41.000000,61.00,20,2,600.051,2,A093516
A093516_a3,S1,neither,FUNC_L,54.73,64.983463,96.68,20,3,600.039,3,A093516
A093517_a2,S1,neither,WIDE_BIT,71.96,44.000000,64.00,20,2,600.027,2,A093517
A093517_a3,S1,neither,FUNC_L,54.73,69.738350,101.44,20,3,600.042,3,A093517
A100053_a2,S1,neither,FUNC,45.53,75.000000,99.00,24,2,600.030,2,A100053
A100053_a3,S1,neither,FUNC,44.53,118.872188,156.91,24,3,600.023,3,A100053
A110267_a2,S1,neither,WIDE_BIT,73.55,33.000000,53.00,20,2,600.058,2,A110267
A110267_a3,S1,neither,STEP,50.56,52.303763,84.00,20,3,600.034,3,A110267
A118102_a2,S1,neither,FUNC_L,51.98,79.000000,105.00,26,2,600.019,2,A118102
A118102_a3,S1,neither,STEP,54.31,125.212038,166.42,26,3,600.040,3,A118102
A118111_a2,S1,neither,WIDE_BIT,68.06,79.000000,105.00,26,2,600.029,2,A118111
A118111_a3,S1,neither,NESTED_LOOP,80.56,125.212038,166.42,26,3,600.043,3,A118111
A118174_a2,S1,neither,WIDE_BIT,66.48,79.000000,105.00,26,2,600.019,2,A118174
A118174_a3,S1,neither,STEP,50.76,125.212038,166.42,26,3,600.034,3,A118174
A122108_a2,S1,discovered,DARY,15.03,35.000000,55.00,20,2,10.015,2,A122108
A122108_a3,S1,neither,ITER,46.53,55.473688,87.17,20,3,600.034,3,A122108
A147562_a2,S1,discovered,DARY,15.03,32.000000,52.00,20,2,10.016,2,A147562
A147562_a3,S1,predicted_only,FUNC_L,62.15,50.718800,82.42,20,3,111.728,3,A147562
A151723_a2,S1,discovered,DARY,15.03,27.000000,47.00,20,2,10.015,2,A151723
A151723_a3,S1,discovered,DARY,15.03,42.793988,74.49,20,3,10.084,3,A151723
A151725_a2,S1,discovered,DARY,15.03,28.000000,48.00,20,2,10.017,2,A151725
A151725_a3,S1,neither,FUNC,44.53,44.378950,76.08,20,3,600.034,3,A151725
A151731_a2,S1,discovered,DARY,13.45,28.000000,48.00,20,2,10.169,2,A151731
A151731_a3,S1,neither,FUNC_L,56.73,44.378950,76.08,20,3,600.028,3,A151731
A151895_a2,S1,discovered,DARY,15.03,29.000000,49.00,20,2,10.015,2,A151895
A151895_a3,S1,neither,FUNC,44.53,45.963913,77.66,20,3,600.033,3,A151895
A151896_a2,S1,discovered,CTX_X,17.86,46.000000,66.00,20,2,16.050,2,A151896
A151896_a3,S1,neither,FUNC_L,55.96,72.908275,104.61,20,3,600.042,3,A151896
A151922_a2,S1,discovered,DARY,13.45,28.000000,48.00,20,2,10.707,2,A151922
A151922_a3,S1,predicted_only,FUNC_L,60.58,44.378950,76.08,20,3,100.979,3,A151922
A160117_a2,S1,discovered,DARY,15.03,28.000000,48.00,20,2,10.017,2,A160117
A160117_a3,S1,discovered,CTX_X,44.26,44.378950,76.08,20,3,47.687,3,A160117
A160118_a2,S1,discovered,DARY,15.03,30.000000,50.00,20,2,10.017,2,A160118
A160118_a3,S1,neither,STEP,53.80,47.548875,79.25,20,3,600.033,3,A160118
A160119_a2,S1,discovered,DARY,15.03,21.000000,41.00,20,2,10.017,2,A160119
A160119_a3,S1,discovered,CTX_X,24.73,33.284213,64.98,20,3,15.372,3,A160119
A160239_a2,S1,discovered,DARY,15.03,44.000000,64.00,20,2,10.009,2,A160239
A160239_a3,S1,neither,STEP,47.41,69.738350,101.44,20,3,600.072,3,A160239
A160410_a2,S1,discovered,DARY,13.45,28.000000,48.00,20,2,10.260,2,A160410
A160410_a3,S1,discovered,DARY,15.03,44.378950,76.08,20,3,10.131,3,A160410
A160412_a2,S1,discovered,CTX_X,15.61,28.000000,48.00,20,2,10.013,2,A160412
A160412_a3,S1,discovered,DARY,13.45,44.378950,76.08,20,3,10.354,3,A160412
A160414_a2,S1,discovered,DARY,15.03,27.000000,47.00,20,2,10.014,2,A160414
A160414_a3,S1,discovered,ITER,30.73,42.793988,74.49,20,3,23.362,3,A160414
A160420_a2,S1,discovered,DARY,15.03,29.000000,49.00,20,2,10.018,2,A160420
A160420_a3,S1,neither,FUNC_L,54.38,45.963913,77.66,20,3,600.052,3,A160420
A160422_a2,S1,discovered,DARY,15.03,29.000000,49.00,20,2,10.016,2,A160422
A160422_a3,S1,neither,FUNC_L,65.34,45.963913,77.66,20,3,600.030,3,A160422
A160428_a2,S1,discovered,DARY,13.45,20.000000,40.00,20,2,13.186,2,A160428
A160428_a3,S1,discovered,DARY,18.19,31.699250,63.40,20,3,12.869,3,A160428
A160720_a2,S1,discovered,DARY,15.03,32.000000,52.00,20,2,10.016,2,A160720
A160720_a3,S1,neither,NESTED_LOOP,88.49,50.718800,82.42,20,3,600.122,3,A160720
A160722_a2,S1,discovered,DARY,15.03,34.000000,54.00,20,2,10.016,2,A160722
A160722_a3,S1,discovered,CTX_X,15.61,53.888725,85.59,20,3,11.661,3,A160722
A160796_a2,S1,discovered,CTX_X,15.61,31.000000,51.00,20,2,10.018,2,A160796
A160796_a3,S1,discovered,CTX_X,22.48,49.133838,80.83,20,3,11.844,3,A160796
A161340_a2,S1,discovered,DARY,15.03,20.000000,40.00,20,2,13.283,2,A161340
A161340_a3,S1,discovered,CTX_X,24.73,31.699250,63.40,20,3,20.746,3,A161340
A161342_a2,S1,discovered,CTX_X,15.61,25.000000,45.00,20,2,10.019,2,A161342
A161342_a3,S1,discovered,CTX_X,15.61,39.624063,71.32,20,3,10.151,3,A161342
A161644_a2,S1,discovered,CTX_X,17.86,31.000000,51.00,20,2,16.209,2,A161644
A161644_a3,S1,discovered,DARY,15.03,49.133838,80.83,20,3,10.110,3,A161644
A161645_a2,S1,discovered,FUNC,28.73,48.000000,68.00,20,2,16.042,2,A161645
A161645_a3,S1,discovered,CTX_X,17.86,76.078200,107.78,20,3,16.257,3,A161645
A161903_a2,S1,discovered,CTX_X,15.61,76.000000,101.00,25,2,10.013,2,A161903
A161903_a3,S1,discovered,NESTED_LOOP,85.32,120.457150,160.08,25,3,105.962,3,A161903
A162340_a2,S1,neither,WIDE_BIT,66.46,40.000000,60.00,20,2,600.058,2,A162340
A162340_a3,S1,neither,STEP,52.47,63.398500,95.10,20,3,600.035,3,A162340
A169648_a2,S1,discovered,CTX_X,17.86,41.000000,61.00,20,2,17.648,2,A169648
A169648_a3,S1,neither,FUNC_L,55.96,64.983463,96.68,20,3,600.040,3,A169648
A169699_a2,S1,predicted_only,FUNC_L,46.78,32.000000,52.00,20,2,19.568,2,A169699
A169699_a3,S1,neither,ITER_L,69.75,50.718800,82.42,20,3,600.040,3,A169699
A169707_a2,S1,discovered,DARY,13.45,31.000000,51.00,20,2,10.106,2,A169707
A169707_a3,S1,neither,STEP,43.59,49.133838,80.83,20,3,601.966,3,A169707
A169709_a2,S1,discovered,DARY,13.45,31.000000,51.00,20,2,10.136,2,A169709
A169709_a3,S1,neither,ITER,50.53,49.133838,80.83,20,3,611.447,3,A169709
A170896_a2,S1,discovered,DARY,15.03,49.000000,69.00,20,2,10.019,2,A170896
A170896_a3,S1,neither,FUNC,44.53,77.663163,109.36,20,3,600.067,3,A170896
A170905_a2,S1,discovered,CTX_X,17.86,60.000000,80.00,20,2,21.902,2,A170905
A170905_a3,S1,neither,FUNC,36.09,95.097750,126.80,20,3,600.061,3,A170905
A173456_a2,S1,discovered,DARY,15.03,29.000000,49.00,20,2,10.270,2,A173456
A173456_a3,S1,neither,FUNC_L,54.73,45.963913,77.66,20,3,600.105,3,A173456
A173457_a2,S1,discovered,CTX_X,17.86,41.000000,61.00,20,2,46.403,2,A173457
A173457_a3,S1,neither,NESTED_LOOP,85.32,64.983463,96.68,20,3,600.055,3,A173457
A173460_a2,S1,discovered,DARY,15.03,28.000000,48.00,20,2,10.014,2,A173460
A173460_a3,S1,neither,NESTED_LOOP,82.15,44.378950,76.08,20,3,600.055,3,A173460
A177990_a2,S1,neither,WIDE_BIT,64.46,35.000000,55.00,20,2,600.023,2,A177990
A177990_a3,S1,neither,FUNC_L,59.75,55.473688,87.17,20,3,600.070,3,A177990
A180001_a2,S1,neither,WIDE_BIT,73.55,41.000000,61.00,20,2,622.964,2,A180001
A180001_a3,S1,neither,FUNC_L,53.73,64.983463,96.68,20,3,600.100,3,A180001
A226463_a2,S1,neither,FUNC_L,48.53,65.000000,86.00,21,2,601.004,2,A226463
A226463_a3,S1,neither,NESTED_LOOP,83.73,103.022563,136.31,21,3,600.052,3,A226463
A226464_a2,S1,neither,NESTED_LOOP,82.15,65.000000,86.00,21,2,600.109,2,A226464
A226464_a3,S1,neither,FUNC,38.09,103.022563,136.31,21,3,600.066,3,A226464
A231348_a2,S1,discovered,DARY,15.03,45.000000,65.00,20,2,18.084,2,A231348
A231348_a3,S1,neither,STEP,46.41,71.323313,103.02,20,3,600.066,3,A231348
A243566_a2,S1,neither,WIDE_BIT,71.96,65.000000,86.00,21,2,600.020,2,A243566
A243566_a3,S1,neither,STEP,56.25,103.022563,136.31,21,3,602.002,3,A243566
A246316_a2,S1,neither,FUNC_L,54.73,42.000000,62.00,20,2,605.949,2,A246316
A246316_a3,S1,neither,STEP,55.70,66.568425,98.27,20,3,600.064,3,A246316
A246318_a2,S1,compressed_only,DARY,13.45,34.000000,54.00,20,2,10.150,2,A246318
A246318_a3,S1,neither,STEP,51.58,53.888725,85.59,20,3,600.078,3,A246318
A246325_a2,S1,discovered,DARY,13.45,45.000000,65.00,20,2,10.144,2,A246325
A246325_a3,S1,neither,STEP,52.15,71.323313,103.02,20,3,600.072,3,A246325
A246326_a2,S1,neither,WIDE_BIT,68.17,43.000000,63.00,20,2,600.008,2,A246326
A246326_a3,S1,neither,ITER_L,61.98,68.153388,99.85,20,3,600.061,3,A246326
A246333_a2,S1,discovered,DARY,13.45,53.000000,73.00,20,2,10.089,2,A246333
A246333_a3,S1,neither,ITER_F,75.30,84.003013,115.70,20,3,600.079,3,A246333
A247640_a2,S1,discovered,DARY,15.03,34.000000,54.00,20,2,10.013,2,A247640
A247640_a3,S1,discovered,DARY,15.03,53.888725,85.59,20,3,10.094,3,A247640
A247666_a2,S1,discovered,DARY,13.45,32.000000,52.00,20,2,10.092,2,A247666
A247666_a3,S1,discovered,DARY,13.45,50.718800,82.42,20,3,10.109,3,A247666
A255366_a2,S1,discovered,DARY,13.45,31.000000,51.00,20,2,10.092,2,A255366
A255366_a3,S1,neither,STEP,41.59,49.133838,80.83,20,3,600.058,3,A255366
A256250_a2,S1,discovered,DARY,13.45,44.000000,64.00,20,2,10.084,2,A256250
A256250_a3,S1,neither,STEP,54.05,69.738350,101.44,20,3,600.070,3,A256250
A256260_a2,S1,discovered,DARY,13.45,44.000000,64.00,20,2,10.087,2,A256260
A256260_a3,S1,neither,STEP,54.05,69.738350,101.44,20,3,600.075,3,A256260
A256530_a2,S1,discovered,DARY,15.03,38.000000,58.00,20,2,10.011,2,A256530
A256530_a3,S1,discovered,ITER,30.73,60.228575,91.93,20,3,28.671,3,A256530
A256534_a2,S1,discovered,DARY,13.45,37.000000,57.00,20,2,10.178,2,A256534
A256534_a3,S1,discovered,DARY,15.03,58.643613,90.34,20,3,10.081,3,A256534
A262448_a2,S1,neither,WIDE_BIT,71.96,65.000000,86.00,21,2,600.041,2,A262448
A262448_a3,S1,neither,STEP,49.34,103.022563,136.31,21,3,600.073,3,A262448
A262808_a2,S1,neither,WIDE_BIT,73.55,65.000000,86.00,21,2,600.040,2,A262808
A262808_a3,S1,neither,NESTED_LOOP,80.56,103.022563,136.31,21,3,600.085,3,A262808
A263428_a2,S1,neither,WIDE_BIT,73.55,65.000000,86.00,21,2,600.031,2,A263428
A263428_a3,S1,neither,STEP,55.00,103.022563,136.31,21,3,600.067,3,A263428
A264442_a2,S1,neither,FUNC_L,55.73,65.000000,86.00,21,2,600.030,2,A264442
A264442_a3,S1,neither,FUNC,35.09,103.022563,136.31,21,3,600.068,3,A264442
A265186_a2,S1,neither,WIDE_BIT,72.36,65.000000,86.00,21,2,600.034,2,A265186
A265186_a3,S1,neither,FUNC,42.53,103.022563,136.31,21,3,600.072,3,A265186
A265225_a2,S1,discovered,FUNC,26.73,33.000000,53.00,20,2,55.405,2,A265225
A265225_a3,S1,discovered,FUNC,34.09,52.303763,84.00,20,3,42.194,3,A265225
A265283_a2,S1,discovered,DARY,15.70,46.000000,66.00,20,2,15.803,2,A265283
A265283_a3,S1,discovered,FUNC,44.53,72.908275,104.61,20,3,55.379,3,A265283
A265695_a2,S1,neither,ITER,49.11,65.000000,86.00,21,2,600.056,2,A265695
A265695_a3,S1,neither,FUNC_L,47.78,103.022563,136.31,21,3,600.073,3,A265695
A265718_a2,S1,neither,WIDE_BIT,76.72,65.000000,86.00,21,2,608.815,2,A265718
A265718_a3,S1,neither,FUNC,45.53,103.022563,136.31,21,3,600.058,3,A265718
A266070_a2,S1,discovered,CTX_X,19.20,65.000000,86.00,21,2,49.258,2,A266070
A266070_a3,S1,discovered,CTX_X,19.20,103.022563,136.31,21,3,50.770,3,A266070
A266178_a2,S1,neither,WIDE_BIT,73.55,65.000000,86.00,21,2,600.040,2,A266178
A266178_a3,S1,neither,FUNC_F,51.13,103.022563,136.31,21,3,600.063,3,A266178
A266216_a2,S1,neither,FUNC_L,51.21,65.000000,86.00,21,2,600.047,2,A266216
A266216_a3,S1,neither,FUNC_L,53.73,103.022563,136.31,21,3,600.071,3,A266216
A266223_a2,S1,discovered,CTX_X,19.20,33.000000,53.00,20,2,40.805,2,A266223
A266223_a3,S1,discovered,FUNC,45.53,52.303763,84.00,20,3,49.521,3,A266223
A266243_a2,S1,neither,WIDE_BIT,64.78,65.000000,86.00,21,2,600.013,2,A266243
A266243_a3,S1,neither,NESTED_LOOP,131.06,103.022563,136.31,21,3,600.071,3,A266243
A266253_a2,S1,neither,FUNC_L,53.73,65.000000,86.00,21,2,600.039,2,A266253
A266253_a3,S1,neither,FUNC_L,53.73,103.022563,136.31,21,3,600.053,3,A266253
A266282_a2,S1,neither,FUNC_L,59.33,65.000000,86.00,21,2,600.053,2,A266282
A266282_a3,S1,neither,STEP,56.31,103.022563,136.31,21,3,600.056,3,A266282
A266300_a2,S1,neither,WIDE_BIT,73.55,65.000000,86.00,21,2,600.037,2,A266300
A266300_a3,S1,neither,NESTED_LOOP,116.78,103.022563,136.31,21,3,600.059,3,A266300
A266377_a2,S1,neither,FUNC_L,61.33,65.000000,86.00,21,2,600.035,2,A266377
A266377_a3,S1,neither,STEP,51.90,103.022563,136.31,21,3,600.063,3,A266377
A266434_a2,S1,neither,WIDE_BIT,71.96,65.000000,86.00,21,2,600.045,2,A266434
A266434_a3,S1,neither,STEP,53.54,103.022563,136.31,21,3,600.066,3,A266434
A266441_a2,S1,neither,WIDE_BIT,75.13,65.000000,86.00,21,2,600.043,2,A266441
A266441_a3,S1,neither,STEP,55.67,103.022563,136.31,21,3,600.051,3,A266441
A266532_a2,S1,discovered,CTX_X,15.61,48.000000,68.00,20,2,10.010,2,A266532
A266532_a3,S1,discovered,DARY,15.03,76.078200,107.78,20,3,10.078,3,A266532
A266588_a2,S1,neither,WIDE_BIT,73.55,65.000000,86.00,21,2,600.040,2,A266588
A266588_a3,S1,neither,STEP,50.21,103.022563,136.31,21,3,600.058,3,A266588
A266608_a2,S1,neither,WIDE_BIT,71.96,65.000000,86.00,21,2,607.844,2,A266608
A266608_a3,S1,neither,STEP,59.30,103.022563,136.31,21,3,600.063,3,A266608
A266619_a2,S1,neither,ITER,49.53,65.000000,86.00,21,2,600.045,2,A266619
A266619_a3,S1,neither,STEP,55.05,103.022563,136.31,21,3,600.055,3,A266619
A266659_a2,S1,neither,WIDE_BIT,59.42,65.000000,86.00,21,2,600.061,2,A266659
A266659_a3,S1,neither,NESTED_LOOP,99.72,103.022563,136.31,21,3,600.051,3,A266659
A266678_a2,S1,discovered,CTX_X,19.20,65.000000,86.00,21,2,48.287,2,A266678
A266678_a3,S1,discovered,CTX_X,19.20,103.022563,136.31,21,3,51.344,3,A266678
A266716_a2,S1,neither,WIDE_BIT,75.13,65.000000,86.00,21,2,600.042,2,A266716
A266716_a3,S1,neither,FUNC_L,55.73,103.022563,136.31,21,3,600.071,3,A266716
A266786_a2,S1,neither,WIDE_BIT,76.72,65.000000,86.00,21,2,600.057,2,A266786
A266786_a3,S1,neither,FUNC_L,53.73,103.022563,136.31,21,3,600.066,3,A266786
A266843_a2,S1,neither,WIDE_BIT,73.55,65.000000,86.00,21,2,600.082,2,A266843
A266843_a3,S1,neither,STEP,54.75,103.022563,136.31,21,3,600.051,3,A266843
A266892_a2,S1,neither,WIDE_BIT,67.61,65.000000,86.00,21,2,600.082,2,A266892
A266892_a3,S1,neither,STEP,53.17,103.022563,136.31,21,3,600.042,3,A266892
A267015_a2,S1,neither,WIDE_BIT,70.77,65.000000,86.00,21,2,600.075,2,A267015
A267015_a3,S1,neither,STEP,60.68,103.022563,136.31,21,3,600.066,3,A267015
A267145_a2,S1,neither,WIDE_BIT,66.02,65.000000,86.00,21,2,600.076,2,A267145
A267145_a3,S1,neither,FUNC_L,53.73,103.022563,136.31,21,3,600.049,3,A267145
A267152_a2,S1,neither,WIDE_BIT,69.19,65.000000,86.00,21,2,600.097,2,A267152
A267152_a3,S1,neither,STEP,53.17,103.022563,136.31,21,3,600.119,3,A267152
A267190_a2,S1,discovered,DARY,15.03,44.000000,64.00,20,2,10.076,2,A267190
A267190_a3,S1,neither,FUNC,44.53,69.738350,101.44,20,3,600.041,3,A267190
A267253_a2,S1,neither,WIDE_BIT,75.13,65.000000,86.00,21,2,600.070,2,A267253
A267253_a3,S1,neither,FUNC_L,54.73,103.022563,136.31,21,3,600.058,3,A267253
A267349_a2,S1,neither,WIDE_BIT,56.42,65.000000,86.00,21,2,600.030,2,A267349
A267349_a3,S1,neither,STEP,55.30,103.022563,136.31,21,3,600.051,3,A267349
A267417_a2,S1,neither,FUNC_L,54.73,65.000000,86.00,21,2,600.294,2,A267417
A267417_a3,S1,neither,NESTED_LOOP,82.15,103.022563,136.31,21,3,600.301,3,A267417
A267418_a2,S1,neither,WIDE_BIT,58.42,65.000000,86.00,21,2,600.037,2,A267418
A267418_a3,S1,neither,STEP,56.19,103.022563,136.31,21,3,600.091,3,A267418
A267423_a2,S1,neither,FUNC_L,53.73,65.000000,86.00,21,2,600.009,2,A267423
A267423_a3,S1,neither,FUNC_L,53.73,103.022563,136.31,21,3,600.044,3,A267423
A267463_a2,S1,neither,FUNC_L,54.73,65.000000,86.00,21,2,600.096,2,A267463
A267463_a3,S1,neither,FUNC,35.09,103.022563,136.31,21,3,600.090,3,A267463
A267525_a2,S1,neither,FUNC,44.53,65.000000,86.00,21,2,600.093,2,A267525
A267525_a3,S1,neither,STEP,60.11,103.022563,136.31,21,3,600.078,3,A267525
A267533_a2,S1,neither,WIDE_BIT,63.94,65.000000,86.00,21,2,600.080,2,A267533
A267533_a3,S1,neither,FUNC_F,36.09,103.022563,136.31,21,3,600.045,3,A267533
A267576_a2,S1,neither,WIDE_BIT,64.78,65.000000,86.00,21,2,600.014,2,A267576
A267576_a3,S1,neither,STEP,50.10,103.022563,136.31,21,3,600.047,3,A267576
A267610_a2,S1,discovered,DARY,13.45,38.000000,58.00,20,2,25.395,2,A267610
A267610_a3,S1,neither,FUNC_L,66.09,60.228575,91.93,20,3,607.846,3,A267610
A267700_a2,S1,discovered,CTX_X,15.61,50.000000,70.00,20,2,12.394,2,A267700
A267700_a3,S1,predicted_only,NESTED_LOOP,119.10,79.248125,110.95,20,3,361.927,3,A267700
A267800_a2,S1,neither,WIDE_BIT,71.96,65.000000,86.00,21,2,600.017,2,A267800
A267800_a3,S1,neither,FUNC_L,44.78,103.022563,136.31,21,3,600.055,3,A267800
A267810_a2,S1,neither,FUNC_L,54.73,65.000000,86.00,21,2,600.023,2,A267810
A267810_a3,S1,neither,ITER,48.53,103.022563,136.31,21,3,600.349,3,A267810
A267868_a2,S1,neither,FUNC_L,53.73,65.000000,86.00,21,2,600.034,2,A267868
A267868_a3,S1,neither,STEP,53.54,103.022563,136.31,21,3,600.045,3,A267868
A267869_a2,S1,discovered,CTX_X,27.68,65.000000,86.00,21,2,44.057,2,A267869
A267869_a3,S1,discovered,CTX_X,27.68,103.022563,136.31,21,3,42.033,3,A267869
A267870_a2,S1,discovered,CTX_X,20.43,65.000000,86.00,21,2,42.258,2,A267870
A267870_a3,S1,discovered,CTX_X,20.43,103.022563,136.31,21,3,40.177,3,A267870
A269160_a2,S1,discovered,CTX_X,15.61,47.000000,67.00,20,2,10.014,2,A269160
A269160_a3,S1,discovered,FUNC,47.53,74.493238,106.19,20,3,27.170,3,A269160
A269161_a2,S1,discovered,CTX_X,15.61,48.000000,68.00,20,2,17.919,2,A269161
A269161_a3,S1,discovered,FUNC_L,57.98,76.078200,107.78,20,3,48.043,3,A269161
A269163_a2,S1,neither,NESTED_LOOP,83.73,48.000000,68.00,20,2,600.087,2,A269163
A269163_a3,S1,neither,STEP,55.30,76.078200,107.78,20,3,600.043,3,A269163
A269174_a2,S1,discovered,CTX_X,15.61,53.000000,73.00,20,2,19.957,2,A269174
A269174_a3,S1,discovered,NESTED_LOOP,66.81,84.003013,115.70,20,3,166.779,3,A269174
A269175_a2,S1,neither,FUNC_L,52.79,91.000000,121.00,30,2,600.017,2,A269175
A269175_a3,S1,neither,NESTED_LOOP,101.72,144.231588,191.78,30,3,600.045,3,A269175
A273299_a2,S1,neither,WIDE_BIT,75.13,27.000000,47.00,20,2,600.013,2,A273299
A273299_a3,S1,neither,ITER_L,58.73,42.793988,74.49,20,3,600.056,3,A273299
A277799_a2,S1,discovered,CTX_X,15.61,23.000000,43.00,20,2,12.253,2,A277799
A277799_a3,S1,discovered,CTX_X,15.61,36.454138,68.15,20,3,20.484,3,A277799
A294020_a2,S1,discovered,DARY,15.03,46.000000,66.00,20,2,11.840,2,A294020
A294020_a3,S1,neither,FUNC_L,54.73,72.908275,104.61,20,3,601.140,3,A294020
A294021_a2,S1,discovered,CTX_X,17.86,67.000000,89.00,22,2,22.595,2,A294021
A294021_a3,S1,neither,STEP,56.46,106.192488,141.06,22,3,600.040,3,A294021
A299477_a2,S1,discovered,DARY,15.03,29.000000,49.00,20,2,21.244,2,A299477
A299477_a3,S1,neither,STEP,51.59,45.963913,77.66,20,3,600.042,3,A299477
A299479_a2,S1,discovered,DARY,15.03,30.000000,50.00,20,2,11.592,2,A299479
A299479_a3,S1,neither,FUNC,42.53,47.548875,79.25,20,3,600.332,3,A299479
A327980_a2,S1,neither,FUNC_L,55.73,78.000000,103.00,25,2,600.042,2,A327980
A327980_a3,S1,neither,ITER,49.53,123.627075,163.25,25,3,600.078,3,A327980
A327981_a2,S1,neither,WIDE_BIT,76.72,84.000000,111.00,27,2,600.017,2,A327981
A327981_a3,S1,neither,STEP,52.21,133.136850,175.93,27,3,600.162,3,A327981
A327983_a2,S1,neither,FUNC_L,54.38,79.000000,105.00,26,2,600.043,2,A327983
A327983_a3,S1,neither,STEP,53.59,125.212038,166.42,26,3,600.051,3,A327983
A327984_a2,S1,neither,FUNC_L,62.17,56.000000,76.00,20,2,600.034,2,A327984
A327984_a3,S1,neither,STEP,53.11,88.757900,120.46,20,3,600.265,3,A327984
A334496_a2,S1,neither,WIDE_BIT,71.96,22.000000,42.00,20,2,600.057,2,A334496
A334496_a3,S1,neither,STEP,45.84,34.869175,66.57,20,3,601.230,3,A334496
A334499_a2,S1,neither,FUNC,37.09,20.000000,40.00,20,2,33.064,2,A334499
A334499_a3,S1,neither,ITER,43.34,31.699250,63.40,20,3,607.137,3,A334499
A334515_a2,S1,neither,FUNC_L,46.53,20.000000,40.00,20,2,106.155,2,A334515
A334515_a3,S1,neither,ITER,52.78,31.699250,63.40,20,3,600.091,3,A334515
A363343_a2,S1,neither,WIDE_BIT,71.96,69.000000,91.00,22,2,600.070,2,A363343
A363343_a3,S1,neither,STEP,56.61,109.362413,144.23,22,3,600.104,3,A363343
A363344_a2,S1,neither,WIDE_BIT,69.33,69.000000,91.00,22,2,604.037,2,A363344
A363344_a3,S1,neither,FUNC,43.53,109.362413,144.23,22,3,600.101,3,A363344
A363345_a2,S1,neither,FUNC_L,52.79,65.000000,86.00,21,2,600.087,2,A363345
A363345_a3,S1,neither,STEP,47.00,103.022563,136.31,21,3,600.099,3,A363345
A363346_a2,S1,neither,FUNC_L,52.79,50.000000,70.00,20,2,600.102,2,A363346
A363346_a3,S1,neither,FUNC_L,53.98,79.248125,110.95,20,3,600.130,3,A363346
A000001_a2,S1,neither,FUNC_L,60.58,71.000000,94.00,23,2,600.078,2,A000001
A000001_a3,S1,neither,STEP,51.09,112.532338,148.99,23,3,600.084,3,A000001
A000001_a4,S1,neither,FUNC_L,62.15,142.000000,188.00,23,4,774.384,4,A000001
A000043_a2,S1,discovered,DARY,15.03,30.000000,50.00,20,2,10.015,2,A000043
A000043_a3,S1,neither,ITER,47.19,47.548875,79.25,20,3,2637.698,3,A000043
A000043_a4,S1,neither,STEP,47.90,60.000000,100.00,20,4,600.054,4,A000043
A000945_a2,S1,discovered,DARY,15.03,23.000000,43.00,20,2,10.018,2,A000945
A000945_a3,S1,neither,ITER_L,69.42,36.454138,68.15,20,3,600.060,3,A000945
A000945_a4,S1,neither,ITER,50.78,46.000000,86.00,20,4,600.060,4,A000945
A000978_a2,S1,discovered,DARY,13.45,21.000000,41.00,20,2,11.585,2,A000978
A000978_a3,S1,neither,FUNC,45.53,33.284213,64.98,20,3,600.063,3,A000978
A000978_a4,S1,neither,STEP,52.07,42.000000,82.00,20,4,600.071,4,A000978
A001605_a2,S1,discovered,CTX_X,17.86,31.000000,51.00,20,2,14.900,2,A001605
A001605_a3,S1,neither,FUNC_L,55.55,49.133838,80.83,20,3,600.060,3,A001605
A001605_a4,S1,neither,FUNC_F,52.71,62.000000,102.00,20,4,600.068,4,A001605
A001606_a2,S1,predicted_only,FUNC_L,48.53,44.000000,64.00,20,2,27.900,2,A001606
A001606_a3,S1,neither,FUNC_L,53.73,69.738350,101.44,20,3,600.125,3,A001606
A001606_a4,S1,neither,FUNC,45.53,88.000000,128.00,20,4,600.099,4,A001606
A002106_a2,S1,neither,ITER,49.53,27.000000,47.00,20,2,600.093,2,A002106
A002106_a3,S1,neither,STEP,51.58,42.793988,74.49,20,3,600.051,3,A002106
A002106_a4,S1,neither,FUNC_L,55.73,54.000000,94.00,20,4,600.098,4,A002106
A002253_a2,S1,neither,WIDE_BIT,65.78,24.000000,44.00,20,2,603.911,2,A002253
A002253_a3,S1,neither,ITER,51.53,38.039100,69.74,20,3,600.041,3,A002253
A002253_a4,S1,neither,STEP,55.01,48.000000,88.00,20,4,600.036,4,A002253
A005265_a2,S1,discovered,CTX_X,17.86,33.000000,53.00,20,2,14.794,2,A005265
A005265_a3,S1,neither,FUNC_L,54.98,52.303763,84.00,20,3,600.042,3,A005265
A005265_a4,S1,neither,FUNC,44.53,66.000000,106.00,20,4,600.068,4,A005265
A023055_a2,S1,neither,FUNC,34.09,53.000000,73.00,20,2,600.051,2,A023055
A023055_a3,S1,neither,FUNC,42.53,84.003013,115.70,20,3,600.044,3,A023055
A023055_a4,S1,neither,ITER,41.09,106.000000,146.00,20,4,600.053,4,A023055
A039951_a2,S1,predicted_only,FUNC,28.73,26.000000,46.00,20,2,50.998,2,A039951
A039951_a3,S1,neither,STEP,47.41,41.209025,72.91,20,3,600.058,3,A039951
A039951_a4,S1,neither,STEP,50.68,52.000000,92.00,20,4,600.051,4,A039951
A051783_a2,S1,neither,NESTED_LOOP,85.32,27.000000,47.00,20,2,600.047,2,A051783
A051783_a3,S1,neither,FUNC_L,56.73,42.793988,74.49,20,3,600.032,3,A051783
A051783_a4,S1,neither,FUNC_L,56.73,54.000000,94.00,20,4,600.029,4,A051783
A068934_a2,S1,neither,WIDE_BIT,80.35,65.000000,86.00,21,2,600.045,2,A068934
A068934_a3,S1,neither,STEP,56.32,103.022563,136.31,21,3,600.067,3,A068934
A068934_a4,S1,neither,ITER,41.09,130.000000,172.00,21,4,600.041,4,A068934
A103300_a2,S1,discovered,FUNC,35.09,41.000000,61.00,20,2,61.580,2,A103300
A103300_a3,S1,neither,FUNC_L,54.73,64.983463,96.68,20,3,600.039,3,A103300
A103300_a4,S1,neither,FUNC_L,54.73,82.000000,122.00,20,4,600.037,4,A103300
A119714_a2,S1,neither,WIDE_BIT,57.38,29.000000,49.00,20,2,85.814,2,A119714
A119714_a3,S1,neither,ITER,49.53,45.963913,77.66,20,3,600.034,3,A119714
A119714_a4,S1,neither,STEP,50.69,58.000000,98.00,20,4,600.044,4,A119714
A127816_a2,S1,neither,FUNC,34.09,27.000000,47.00,20,2,600.050,2,A127816
A127816_a3,S1,neither,STEP,51.34,42.793988,74.49,20,3,600.035,3,A127816
A127816_a4,S1,neither,STEP,44.84,54.000000,94.00,20,4,600.043,4,A127816
A127817_a2,S1,neither,NESTED_LOOP,83.73,31.000000,51.00,20,2,196.354,2,A127817
A127817_a3,S1,neither,FUNC_L,54.38,49.133838,80.83,20,3,600.039,3,A127817
A127817_a4,S1,neither,STEP,53.33,62.000000,102.00,20,4,600.042,4,A127817
A127818_a2,S1,neither,FUNC,41.53,27.000000,47.00,20,2,39.826,2,A127818
A127818_a3,S1,neither,NESTED_LOOP,103.72,42.793988,74.49,20,3,600.040,3,A127818
A127818_a4,S1,neither,STEP,46.59,54.000000,94.00,20,4,600.046,4,A127818
A128154_a2,S1,neither,WIDE_BIT,56.53,30.000000,50.00,20,2,600.058,2,A128154
A128154_a3,S1,neither,ITER,49.11,47.548875,79.25,20,3,600.037,3,A128154
A128154_a4,S1,neither,STEP,51.90,60.000000,100.00,20,4,1146.841,4,A128154
A128155_a2,S1,neither,ITER,49.78,29.000000,49.00,20,2,2291.352,2,A128155
A128155_a3,S1,neither,ITER,50.78,45.963913,77.66,20,3,1073.587,3,A128155
A128155_a4,S1,neither,ITER,48.78,58.000000,98.00,20,4,972.340,4,A128155
A128156_a2,S1,neither,ITER,51.53,30.000000,50.00,20,2,2254.846,2,A128156
A128156_a3,S1,neither,FUNC_L,52.98,47.548875,79.25,20,3,600.080,3,A128156
A128156_a4,S1,neither,STEP,52.84,60.000000,100.00,20,4,600.057,4,A128156
A128157_a2,S1,neither,NESTED_LOOP,97.72,28.000000,48.00,20,2,386.782,2,A128157
A128157_a3,S1,neither,ITER,42.34,44.378950,76.08,20,3,600.065,3,A128157
A128157_a4,S1,neither,FUNC_L,52.73,56.000000,96.00,20,4,600.079,4,A128157
A128159_a2,S1,neither,NESTED_LOOP,101.72,33.000000,53.00,20,2,600.050,2,A128159
A128159_a3,S1,neither,FUNC_L,46.78,52.303763,84.00,20,3,600.072,3,A128159
A128159_a4,S1,neither,STEP,56.47,66.000000,106.00,20,4,600.026,4,A128159
A128160_a2,S1,neither,WIDE_BIT,68.73,28.000000,48.00,20,2,600.277,2,A128160
A128160_a3,S1,neither,NESTED_LOOP,99.72,44.378950,76.08,20,3,600.033,3,A128160
A128160_a4,S1,neither,FUNC_L,54.73,56.000000,96.00,20,4,600.041,4,A128160
A128166_a2,S1,neither,WIDE_BIT,65.78,30.000000,50.00,20,2,600.047,2,A128166
A128166_a3,S1,neither,ITER,49.53,47.548875,79.25,20,3,600.050,3,A128166
A128166_a4,S1,neither,FUNC_L,53.73,60.000000,100.00,20,4,600.049,4,A128166
A226529_a2,S1,discovered,DARY,15.03,26.000000,46.00,20,2,10.016,2,A226529
A226529_a3,S1,neither,ITER_L,68.17,41.209025,72.91,20,3,600.043,3,A226529
A226529_a4,S1,neither,ITER,49.11,52.000000,92.00,20,4,600.193,4,A226529
eca_000,S2,discovered,DARY,15.03,375.000000,500.00,125,2,10.022,,eca_000
eca_001,S2,discovered,CTX_X,15.61,375.000000,500.00,125,2,10.051,,eca_001
eca_002,S2,discovered,DARY,15.03,375.000000,500.00,125,2,10.023,,eca_002
eca_003,S2,discovered,CTX_X,19.20,375.000000,500.00,125,2,42.478,,eca_003
eca_004,S2,discovered,DARY,13.45,375.000000,500.00,125,2,10.259,,eca_004
eca_005,S2,discovered,DARY,13.45,375.000000,500.00,125,2,10.276,,eca_005
eca_006,S2,discovered,DARY,15.70,375.000000,500.00,125,2,24.962,,eca_006
eca_007,S2,discovered,CTX_X,17.86,375.000000,500.00,125,2,20.998,,eca_007
eca_008,S2,discovered,DARY,15.03,375.000000,500.00,125,2,10.031,,eca_008
eca_009,S2,discovered,CTX_X,22.07,375.000000,500.00,125,2,47.289,,eca_009
eca_010,S2,discovered,DARY,15.03,375.000000,500.00,125,2,10.023,,eca_010
eca_011,S2,discovered,CTX_X,19.20,375.000000,500.00,125,2,47.071,,eca_011
eca_012,S2,discovered,DARY,13.45,375.000000,500.00,125,2,10.282,,eca_012
eca_013,S2,discovered,DARY,13.45,375.000000,500.00,125,2,10.298,,eca_013
eca_014,S2,discovered,DARY,15.70,375.000000,500.00,125,2,34.629,,eca_014
eca_015,S2,discovered,CTX_X,17.86,375.000000,500.00,125,2,21.950,,eca_015
eca_016,S2,discovered,DARY,15.03,375.000000,500.00,125,2,10.028,,eca_016
eca_017,S2,discovered,CTX_X,19.20,375.000000,500.00,125,2,45.296,,eca_017
eca_018,S2,discovered,DARY,15.03,375.000000,500.00,125,2,10.027,,eca_018
eca_019,S2,discovered,CTX_X,19.20,375.000000,500.00,125,2,45.190,,eca_019
eca_020,S2,discovered,DARY,15.70,375.000000,500.00,125,2,31.961,,eca_020
eca_021,S2,discovered,CTX_X,17.86,375.000000,500.00,125,2,22.757,,eca_021
eca_022,S2,discovered,DARY,15.70,375.000000,500.00,125,2,29.942,,eca_022
eca_023,S2,discovered,CTX_X,17.86,375.000000,500.00,125,2,20.268,,eca_023
eca_024,S2,discovered,DARY,15.03,375.000000,500.00,125,2,10.021,,eca_024
eca_025,S2,neither,ITER,43.09,375.000000,500.00,125,2,600.049,,eca_025
eca_026,S2,discovered,DARY,15.03,375.000000,500.00,125,2,10.022,,eca_026
eca_027,S2,discovered,CTX_X,19.20,375.000000,500.00,125,2,42.867,,eca_027
eca_028,S2,discovered,DARY,13.45,375.000000,500.00,125,2,10.263,,eca_028
eca_029,S2,discovered,DARY,13.45,375.000000,500.00,125,2,10.251,,eca_029
eca_030,S2,discovered,WIDE_BIT,74.53,375.000000,500.00,125,2,67.298,,eca_030
eca_031,S2,discovered,CTX_X,17.86,375.000000,500.00,125,2,16.708,,eca_031
eca_032,S2,discovered,DARY,15.03,375.000000,500.00,125,2,10.019,,eca_032
eca_033,S2,discovered,CTX_X,15.61,375.000000,500.00,125,2,16.917,,eca_033
eca_034,S2,discovered,DARY,15.03,375.000000,500.00,125,2,10.019,,eca_034
eca_035,S2,discovered,CTX_X,19.20,375.000000,500.00,125,2,43.598,,eca_035
eca_036,S2,discovered,DARY,13.45,375.000000,500.00,125,2,10.267,,eca_036
eca_037,S2,discovered,CTX_X,19.20,375.000000,500.00,125,2,44.989,,eca_037
eca_038,S2,discovered,DARY,15.70,375.000000,500.00,125,2,23.607,,eca_038
eca_039,S2,discovered,CTX_X,17.86,375.000000,500.00,125,2,18.055,,eca_039
eca_040,S2,discovered,DARY,15.03,375.000000,500.00,125,2,10.020,,eca_040
eca_041,S2,discovered,CTX_X,21.35,375.000000,500.00,125,2,42.264,,eca_041
eca_042,S2,discovered,DARY,15.03,375.000000,500.00,125,2,10.019,,eca_042
eca_043,S2,discovered,CTX_X,19.20,375.000000,500.00,125,2,43.489,,eca_043
eca_044,S2,discovered,DARY,13.45,375.000000,500.00,125,2,10.262,,eca_044
eca_045,S2,neither,WIDE_BIT,75.13,375.000000,500.00,125,2,600.040,,eca_045
eca_046,S2,discovered,DARY,15.70,375.000000,500.00,125,2,23.494,,eca_046
eca_047,S2,discovered,CTX_X,17.86,375.000000,500.00,125,2,17.117,,eca_047
eca_048,S2,discovered,DARY,15.03,375.000000,500.00,125,2,10.020,,eca_048
eca_049,S2,discovered,CTX_X,19.20,375.000000,500.00,125,2,43.273,,eca_049
eca_050,S2,discovered,CTX_X,15.61,375.000000,500.00,125,2,17.810,,eca_050
eca_051,S2,discovered,CTX_X,15.61,375.000000,500.00,125,2,17.471,,eca_051
eca_052,S2,discovered,DARY,15.70,375.000000,500.00,125,2,24.034,,eca_052
eca_053,S2,discovered,CTX_X,17.86,375.000000,500.00,125,2,16.719,,eca_053
eca_054,S2,discovered,CTX_X,17.86,375.000000,500.00,125,2,15.987,,eca_054
eca_055,S2,discovered,CTX_X,17.86,375.000000,500.00,125,2,16.725,,eca_055
eca_056,S2,discovered,DARY,15.03,375.000000,500.00,125,2,10.019,,eca_056
eca_057,S2,discovered,FUNC,25.73,375.000000,500.00,125,2,16.032,,eca_057
eca_058,S2,discovered,CTX_X,15.61,375.000000,500.00,125,2,17.539,,eca_058
eca_059,S2,discovered,CTX_X,20.43,375.000000,500.00,125,2,43.667,,eca_059
eca_060,S2,discovered,DARY,13.45,375.000000,500.00,125,2,10.254,,eca_060
eca_061,S2,discovered,CTX_X,39.91,375.000000,500.00,125,2,44.577,,eca_061
eca_062,S2,discovered,CTX_X,24.11,375.000000,500.00,125,2,16.762,,eca_062
eca_063,S2,discovered,CTX_X,17.86,375.000000,500.00,125,2,16.531,,eca_063
eca_064,S2,discovered,DARY,15.03,375.000000,500.00,125,2,10.020,,eca_064
eca_065,S2,discovered,CTX_X,22.07,375.000000,500.00,125,2,41.722,,eca_065
eca_066,S2,discovered,DARY,15.03,375.000000,500.00,125,2,10.020,,eca_066
eca_067,S2,neither,ITER,43.09,375.000000,500.00,125,2,600.037,,eca_067
eca_068,S2,discovered,DARY,13.45,375.000000,500.00,125,2,10.256,,eca_068
eca_069,S2,discovered,DARY,13.45,375.000000,500.00,125,2,10.251,,eca_069
eca_070,S2,discovered,DARY,13.45,375.000000,500.00,125,2,10.254,,eca_070
eca_071,S2,discovered,DARY,13.45,375.000000,500.00,125,2,10.255,,eca_071
eca_072,S2,discovered,DARY,15.03,375.000000,500.00,125,2,10.021,,eca_072
eca_073,S2,discovered,CTX_X,15.61,375.000000,500.00,125,2,17.298,,eca_073
eca_074,S2,discovered,DARY,15.03,375.000000,500.00,125,2,10.023,,eca_074
eca_075,S2,neither,WIDE_BIT,75.13,375.000000,500.00,125,2,600.043,,eca_075
eca_076,S2,discovered,DARY,13.45,375.000000,500.00,125,2,10.278,,eca_076
eca_077,S2,discovered,DARY,13.45,375.000000,500.00,125,2,10.271,,eca_077
eca_078,S2,discovered,DARY,13.45,375.000000,500.00,125,2,10.266,,eca_078
eca_079,S2,discovered,DARY,13.45,375.000000,500.00,125,2,10.257,,eca_079
eca_080,S2,discovered,DARY,15.03,375.000000,500.00,125,2,10.021,,eca_080
eca_081,S2,discovered,CTX_X,19.20,375.000000,500.00,125,2,43.610,,eca_081
eca_082,S2,discovered,DARY,15.03,375.000000,500.00,125,2,10.021,,eca_082
eca_083,S2,discovered,CTX_X,19.20,375.000000,500.00,125,2,41.331,,eca_083
eca_084,S2,discovered,DARY,15.70,375.000000,500.00,125,2,21.865,,eca_084
eca_085,S2,discovered,CTX_X,17.86,375.000000,500.00,125,2,17.076,,eca_085
eca_086,S2,discovered,WIDE_BIT,74.53,375.000000,500.00,125,2,63.869,,eca_086
eca_087,S2,discovered,CTX_X,17.86,375.000000,500.00,125,2,16.809,,eca_087
eca_088,S2,discovered,DARY,15.03,375.000000,500.00,125,2,10.022,,eca_088
eca_089,S2,neither,WIDE_BIT,75.13,375.000000,500.00,125,2,600.039,,eca_089
eca_090,S2,discovered,DARY,15.03,375.000000,500.00,125,2,10.022,,eca_090
eca_091,S2,discovered,CTX_X,33.90,375.000000,500.00,125,2,42.114,,eca_091
eca_092,S2,discovered,DARY,13.45,375.000000,500.00,125,2,10.267,,eca_092
eca_093,S2,discovered,DARY,13.45,375.000000,500.00,125,2,10.272,,eca_093
eca_094,S2,discovered,DARY,15.70,375.000000,500.00,125,2,21.919,,eca_094
eca_095,S2,discovered,CTX_X,17.86,375.000000,500.00,125,2,17.679,,eca_095
eca_096,S2,discovered,DARY,15.03,375.000000,500.00,125,2,10.025,,eca_096
eca_097,S2,discovered,CTX_X,21.35,375.000000,500.00,125,2,43.186,,eca_097
eca_098,S2,discovered,DARY,15.03,375.000000,500.00,125,2,10.019,,eca_098
eca_099,S2,discovered,FUNC,25.73,375.000000,500.00,125,2,16.056,,eca_099
eca_100,S2,discovered,DARY,13.45,375.000000,500.00,125,2,10.253,,eca_100
eca_101,S2,neither,WIDE_BIT,75.13,375.000000,500.00,125,2,600.042,,eca_101
eca_102,S2,discovered,DARY,13.45,375.000000,500.00,125,2,10.258,,eca_102
eca_103,S2,discovered,CTX_X,39.91,375.000000,500.00,125,2,42.972,,eca_103
eca_104,S2,discovered,DARY,15.03,375.000000,500.00,125,2,10.019,,eca_104
eca_105,S2,discovered,CTX_X,15.61,375.000000,500.00,125,2,15.283,,eca_105
eca_106,S2,discovered,DARY,15.03,375.000000,500.00,125,2,10.020,,eca_106
eca_107,S2,discovered,WIDE_BIT,75.13,375.000000,500.00,125,2,586.874,,eca_107
eca_108,S2,discovered,DARY,13.45,375.000000,500.00,125,2,10.255,,eca_108
eca_109,S2,discovered,CTX_X,26.03,375.000000,500.00,125,2,41.729,,eca_109
eca_110,S2,discovered,DARY,13.45,375.000000,500.00,125,2,10.266,,eca_110
eca_111,S2,discovered,CTX_X,23.18,375.000000,500.00,125,2,42.221,,eca_111
eca_112,S2,discovered,DARY,15.03,375.000000,500.00,125,2,10.020,,eca_112
eca_113,S2,discovered,CTX_X,19.20,375.000000,500.00,125,2,42.627,,eca_113
eca_114,S2,discovered,CTX_X,15.61,375.000000,500.00,125,2,19.448,,eca_114
eca_115,S2,discovered,CTX_X,20.43,375.000000,500.00,125,2,41.717,,eca_115
eca_116,S2,discovered,DARY,15.70,375.000000,500.00,125,2,24.310,,eca_116
eca_117,S2,discovered,CTX_X,17.86,375.000000,500.00,125,2,16.649,,eca_117
eca_118,S2,discovered,CTX_X,24.11,375.000000,500.00,125,2,17.159,,eca_118
eca_119,S2,discovered,CTX_X,17.86,375.000000,500.00,125,2,16.859,,eca_119
eca_120,S2,discovered,DARY,15.03,375.000000,500.00,125,2,10.020,,eca_120
eca_121,S2,discovered,WIDE_BIT,75.13,375.000000,500.00,125,2,586.279,,eca_121
eca_122,S2,discovered,CTX_X,15.61,375.000000,500.00,125,2,17.654,,eca_122
eca_123,S2,discovered,CTX_X,15.61,375.000000,500.00,125,2,17.657,,eca_123
eca_124,S2,discovered,DARY,13.45,375.000000,500.00,125,2,10.272,,eca_124
eca_125,S2,discovered,CTX_X,23.18,375.000000,500.00,125,2,43.040,,eca_125
eca_126,S2,discovered,FUNC_L,46.78,375.000000,500.00,125,2,13.051,,eca_126
eca_127,S2,discovered,CTX_X,17.86,375.000000,500.00,125,2,17.061,,eca_127
eca_128,S2,discovered,DARY,15.03,375.000000,500.00,125,2,10.020,,eca_128
eca_129,S2,discovered,FUNC_L,54.73,375.000000,500.00,125,2,15.482,,eca_129
eca_130,S2,discovered,DARY,15.03,375.000000,500.00,125,2,10.019,,eca_130
eca_131,S2,discovered,FUNC,25.73,375.000000,500.00,125,2,16.539,,eca_131
eca_132,S2,discovered,DARY,13.45,375.000000,500.00,125,2,10.257,,eca_132
eca_133,S2,discovered,DARY,13.45,375.000000,500.00,125,2,10.254,,eca_133
eca_134,S2,discovered,DARY,15.70,375.000000,500.00,125,2,23.157,,eca_134
eca_135,S2,neither,WIDE_BIT,73.55,375.000000,500.00,125,2,600.042,,eca_135
eca_136,S2,discovered,DARY,15.03,375.000000,500.00,125,2,10.019,,eca_136
eca_137,S2,neither,FUNC,25.73,375.000000,500.00,125,2,600.037,,eca_137
eca_138,S2,discovered,DARY,15.03,375.000000,500.00,125,2,10.021,,eca_138
eca_139,S2,discovered,CTX_X,31.98,375.000000,500.00,125,2,16.161,,eca_139
eca_140,S2,discovered,DARY,13.45,375.000000,500.00,125,2,10.255,,eca_140
eca_141,S2,discovered,DARY,13.45,375.000000,500.00,125,2,10.259,,eca_141
eca_142,S2,discovered,DARY,15.70,375.000000,500.00,125,2,23.695,,eca_142
eca_143,S2,discovered,CTX_X,33.90,375.000000,500.00,125,2,44.099,,eca_143
eca_144,S2,discovered,DARY,15.03,375.000000,500.00,125,2,10.020,,eca_144
eca_145,S2,discovered,FUNC,25.73,375.000000,500.00,125,2,16.545,,eca_145
eca_146,S2,discovered,DARY,15.03,375.000000,500.00,125,2,10.021,,eca_146
eca_147,S2,discovered,CTX_X,17.86,375.000000,500.00,125,2,17.133,,eca_147
eca_148,S2,discovered,DARY,15.70,375.000000,500.00,125,2,22.526,,eca_148
eca_149,S2,neither,WIDE_BIT,73.55,375.000000,500.00,125,2,600.042,,eca_149
eca_150,S2,discovered,DARY,13.45,375.000000,500.00,125,2,10.260,,eca_150
eca_151,S2,discovered,DARY,13.45,375.000000,500.00,125,2,10.273,,eca_151
eca_152,S2,discovered,DARY,15.03,375.000000,500.00,125,2,10.020,,eca_152
eca_153,S2,discovered,DARY,15.03,375.000000,500.00,125,2,10.020,,eca_153
eca_154,S2,discovered,DARY,15.03,375.000000,500.00,125,2,10.020,,eca_154
eca_155,S2,discovered,CTX_X,31.98,375.000000,500.00,125,2,16.164,,eca_155
eca_156,S2,discovered,DARY,13.45,375.000000,500.00,125,2,10.258,,eca_156
eca_157,S2,discovered,DARY,13.45,375.000000,500.00,125,2,10.255,,eca_157
eca_158,S2,discovered,FUNC,35.09,375.000000,500.00,125,2,43.479,,eca_158
eca_159,S2,discovered,DARY,13.45,375.000000,500.00,125,2,10.265,,eca_159
eca_160,S2,discovered,DARY,15.03,375.000000,500.00,125,2,10.020,,eca_160
eca_161,S2,discovered,FUNC_L,54.73,375.000000,500.00,125,2,14.456,,eca_161
eca_162,S2,discovered,DARY,15.03,375.000000,500.00,125,2,10.019,,eca_162
eca_163,S2,discovered,CTX_X,19.20,375.000000,500.00,125,2,42.649,,eca_163
eca_164,S2,discovered,DARY,13.45,375.000000,500.00,125,2,10.255,,eca_164
eca_165,S2,discovered,DARY,13.45,375.000000,500.00,125,2,10.258,,eca_165
eca_166,S2,discovered,DARY,15.70,375.000000,500.00,125,2,23.729,,eca_166
eca_167,S2,compressed_only,WIDE_BIT,74.53,375.000000,500.00,125,2,64.263,,eca_167
eca_168,S2,discovered,DARY,15.03,375.000000,500.00,125,2,10.019,,eca_168
eca_169,S2,discovered,ITER,41.09,375.000000,500.00,125,2,43.295,,eca_169
eca_170,S2,discovered,DARY,15.03,375.000000,500.00,125,2,10.020,,eca_170
eca_171,S2,discovered,CTX_X,31.98,375.000000,500.00,125,2,16.924,,eca_171
eca_172,S2,discovered,DARY,13.45,375.000000,500.00,125,2,10.263,,eca_172
eca_173,S2,discovered,DARY,13.45,375.000000,500.00,125,2,10.281,,eca_173
eca_174,S2,discovered,DARY,15.70,375.000000,500.00,125,2,22.228,,eca_174
eca_175,S2,discovered,CTX_X,19.20,375.000000,500.00,125,2,43.517,,eca_175
eca_176,S2,discovered,DARY,15.03,375.000000,500.00,125,2,10.019,,eca_176
eca_177,S2,discovered,CTX_X,19.20,375.000000,500.00,125,2,42.695,,eca_177
eca_178,S2,discovered,CTX_X,15.61,375.000000,500.00,125,2,17.451,,eca_178
eca_179,S2,discovered,CTX_X,15.61,375.000000,500.00,125,2,17.518,,eca_179
eca_180,S2,discovered,DARY,15.70,375.000000,500.00,125,2,22.595,,eca_180
eca_181,S2,compressed_only,WIDE_BIT,74.53,375.000000,500.00,125,2,64.896,,eca_181
eca_182,S2,discovered,DARY,13.45,375.000000,500.00,125,2,10.263,,eca_182
eca_183,S2,discovered,DARY,13.45,375.000000,500.00,125,2,10.255,,eca_183
eca_184,S2,discovered,DARY,15.03,375.000000,500.00,125,2,10.019,,eca_184
eca_185,S2,discovered,CTX_X,31.98,375.000000,500.00,125,2,15.969,,eca_185
eca_186,S2,discovered,CTX_X,15.61,375.000000,500.00,125,2,17.162,,eca_186
eca_187,S2,discovered,CTX_X,17.86,375.000000,500.00,125,2,17.112,,eca_187
eca_188,S2,discovered,DARY,13.45,375.000000,500.00,125,2,10.258,,eca_188
eca_189,S2,discovered,DARY,13.45,375.000000,500.00,125,2,10.258,,eca_189
eca_190,S2,discovered,FUNC,35.09,375.000000,500.00,125,2,44.861,,eca_190
eca_191,S2,discovered,DARY,13.45,375.000000,500.00,125,2,10.256,,eca_191
eca_192,S2,discovered,DARY,15.03,375.000000,500.00,125,2,10.019,,eca_192
eca_193,S2,neither,FUNC,25.73,375.000000,500.00,125,2,600.039,,eca_193
eca_194,S2,discovered,DARY,15.03,375.000000,500.00,125,2,10.020,,eca_194
eca_195,S2,discovered,DARY,15.03,375.000000,500.00,125,2,10.019,,eca_195
eca_196,S2,discovered,DARY,13.45,375.000000,500.00,125,2,10.246,,eca_196
eca_197,S2,discovered,DARY,13.45,375.000000,500.00,125,2,10.255,,eca_197
eca_198,S2,discovered,DARY,13.45,375.000000,500.00,125,2,10.259,,eca_198
eca_199,S2,discovered,DARY,13.45,375.000000,500.00,125,2,10.257,,eca_199
eca_200,S2,discovered,DARY,15.03,375.000000,500.00,125,2,10.020,,eca_200
eca_201,S2,discovered,CTX_X,15.61,375.000000,500.00,125,2,17.484,,eca_201
eca_202,S2,discovered,DARY,15.03,375.000000,500.00,125,2,10.019,,eca_202
eca_203,S2,discovered,DARY,15.03,375.000000,500.00,125,2,10.020,,eca_203
eca_204,S2,discovered,DARY,13.45,375.000000,500.00,125,2,10.256,,eca_204
eca_205,S2,discovered,DARY,13.45,375.000000,500.00,125,2,10.264,,eca_205
eca_206,S2,discovered,DARY,13.45,375.000000,500.00,125,2,10.248,,eca_206
eca_207,S2,discovered,DARY,13.45,375.000000,500.00,125,2,10.257,,eca_207
eca_208,S2,discovered,DARY,15.03,375.000000,500.00,125,2,10.019,,eca_208
eca_209,S2,discovered,CTX_X,31.98,375.000000,500.00,125,2,16.391,,eca_209
eca_210,S2,discovered,DARY,15.03,375.000000,500.00,125,2,10.019,,eca_210
eca_211,S2,discovered,CTX_X,31.98,375.000000,500.00,125,2,16.809,,eca_211
eca_212,S2,discovered,DARY,15.70,375.000000,500.00,125,2,21.800,,eca_212
eca_213,S2,discovered,CTX_X,33.90,375.000000,500.00,125,2,42.221,,eca_213
eca_214,S2,discovered,FUNC,35.09,375.000000,500.00,125,2,46.821,,eca_214
eca_215,S2,discovered,DARY,13.45,375.000000,500.00,125,2,10.257,,eca_215
eca_216,S2,discovered,DARY,15.03,375.000000,500.00,125,2,10.019,,eca_216
eca_217,S2,discovered,DARY,15.03,375.000000,500.00,125,2,10.020,,eca_217
eca_218,S2,discovered,DARY,15.03,375.000000,500.00,125,2,10.021,,eca_218
eca_219,S2,discovered,DARY,15.03,375.000000,500.00,125,2,10.020,,eca_219
eca_220,S2,discovered,DARY,13.45,375.000000,500.00,125,2,10.259,,eca_220
eca_221,S2,discovered,DARY,13.45,375.000000,500.00,125,2,10.256,,eca_221
eca_222,S2,discovered,DARY,13.45,375.000000,500.00,125,2,10.257,,eca_222
eca_223,S2,discovered,DARY,13.45,375.000000,500.00,125,2,10.256,,eca_223
eca_224,S2,discovered,DARY,15.03,375.000000,500.00,125,2,10.020,,eca_224
eca_225,S2,discovered,ITER,41.09,375.000000,500.00,125,2,43.434,,eca_225
eca_226,S2,discovered,DARY,15.03,375.000000,500.00,125,2,10.021,,eca_226
eca_227,S2,discovered,CTX_X,31.98,375.000000,500.00,125,2,16.446,,eca_227
eca_228,S2,discovered,DARY,13.45,375.000000,500.00,125,2,10.255,,eca_228
eca_229,S2,discovered,DARY,13.45,375.000000,500.00,125,2,10.258,,eca_229
eca_230,S2,discovered,DARY,13.45,375.000000,500.00,125,2,10.258,,eca_230
eca_231,S2,discovered,DARY,13.45,375.000000,500.00,125,2,10.256,,eca_231
eca_232,S2,discovered,DARY,15.03,375.000000,500.00,125,2,10.021,,eca_232
eca_233,S2,discovered,CTX_X,20.43,375.000000,500.00,125,2,43.186,,eca_233
eca_234,S2,discovered,DARY,15.03,375.000000,500.00,125,2,10.020,,eca_234
eca_235,S2,discovered,CTX_X,31.98,375.000000,500.00,125,2,16.660,,eca_235
eca_236,S2,discovered,DARY,13.45,375.000000,500.00,125,2,10.306,,eca_236
eca_237,S2,discovered,DARY,13.45,375.000000,500.00,125,2,10.270,,eca_237
eca_238,S2,discovered,DARY,13.45,375.000000,500.00,125,2,10.273,,eca_238
eca_239,S2,discovered,DARY,13.45,375.000000,500.00,125,2,10.247,,eca_239
eca_240,S2,discovered,DARY,15.03,375.000000,500.00,125,2,10.019,,eca_240
eca_241,S2,discovered,CTX_X,31.98,375.000000,500.00,125,2,16.128,,eca_241
eca_242,S2,discovered,CTX_X,15.61,375.000000,500.00,125,2,17.353,,eca_242
eca_243,S2,discovered,CTX_X,17.86,375.000000,500.00,125,2,17.511,,eca_243
eca_244,S2,discovered,DARY,15.70,375.000000,500.00,125,2,23.407,,eca_244
eca_245,S2,discovered,CTX_X,19.20,375.000000,500.00,125,2,42.040,,eca_245
eca_246,S2,discovered,FUNC,35.09,375.000000,500.00,125,2,44.573,,eca_246
eca_247,S2,discovered,DARY,13.45,375.000000,500.00,125,2,10.254,,eca_247
eca_248,S2,discovered,DARY,15.03,375.000000,500.00,125,2,10.020,,eca_248
eca_249,S2,discovered,CTX_X,31.98,375.000000,500.00,125,2,16.309,,eca_249
eca_250,S2,discovered,CTX_X,15.61,375.000000,500.00,125,2,17.315,,eca_250
eca_251,S2,discovered,CTX_X,17.86,375.000000,500.00,125,2,17.236,,eca_251
eca_252,S2,discovered,DARY,13.45,375.000000,500.00,125,2,10.254,,eca_252
eca_253,S2,discovered,DARY,13.45,375.000000,500.00,125,2,10.256,,eca_253
eca_254,S2,discovered,DARY,13.45,375.000000,500.00,125,2,10.261,,eca_254
eca_255,S2,discovered,DARY,13.45,375.000000,500.00,125,2,10.261,,eca_255
A000030_a2,S3,discovered,DARY,18.87,100.000000,133.00,33,2,16.491,2,A000030
A000030_a3,S3,discovered,DARY,18.87,158.496250,210.80,33,3,16.628,3,A000030
A000030_a4,S3,discovered,DARY,18.87,200.000000,266.00,33,4,16.612,4,A000030
A000788_a2,S3,neither,NESTED_LOOP,85.32,43.000000,63.00,20,2,600.044,2,A000788
A000788_a3,S3,neither,FUNC,44.53,68.153388,99.85,20,3,600.027,3,A000788
A000788_a4,S3,neither,FUNC_L,52.73,86.000000,126.00,20,4,600.045,4,A000788
A001317_a2,S3,discovered,DARY,13.45,22.000000,42.00,20,2,10.063,2,A001317
A001317_a3,S3,discovered,ITER,33.73,34.869175,66.57,20,3,19.963,3,A001317
A001317_a4,S3,discovered,CTX_X,15.61,44.000000,84.00,20,4,10.084,4,A001317
A002371_a2,S3,neither,FUNC_L,54.71,47.000000,67.00,20,2,600.025,2,A002371
A002371_a3,S3,neither,FUNC_L,54.73,74.493238,106.19,20,3,600.027,3,A002371
A002371_a4,S3,neither,FUNC_L,57.98,94.000000,134.00,20,4,600.035,4,A002371
A002385_a2,S3,discovered,DARY,15.03,26.000000,46.00,20,2,10.017,2,A002385
A002385_a3,S3,neither,STEP,50.58,41.209025,72.91,20,3,600.039,3,A002385
A002385_a4,S3,neither,ITER,43.34,52.000000,92.00,20,4,600.041,4,A002385
A002778_a2,S3,neither,ITER_L,69.75,22.000000,42.00,20,2,600.034,2,A002778
A002778_a3,S3,neither,STEP,51.68,34.869175,66.57,20,3,600.034,3,A002778
A002778_a4,S3,neither,FUNC_L,56.73,44.000000,84.00,20,4,600.027,4,A002778
A003052_a2,S3,neither,WIDE_BIT,64.78,36.000000,56.00,20,2,600.034,2,A003052
A003052_a3,S3,discovered,DARY,19.19,57.058650,88.76,20,3,10.109,3,A003052
A003052_a4,S3,neither,FUNC_L,52.79,72.000000,112.00,20,4,600.054,4,A003052
A003132_a2,S3,discovered,DARY,20.46,51.000000,71.00,20,2,10.239,2,A003132
A003132_a3,S3,neither,FUNC_L,53.98,80.833088,112.53,20,3,600.051,3,A003132
A003132_a4,S3,discovered,NESTED_LOOP,85.32,102.000000,142.00,20,4,81.227,4,A003132
A003159_a2,S3,neither,WIDE_BIT,73.55,50.000000,70.00,20,2,600.033,2,A003159
A003159_a3,S3,neither,FUNC,44.53,79.248125,110.95,20,3,600.047,3,A003159
A003159_a4,S3,neither,ITER_L,59.73,100.000000,140.00,20,4,600.038,4,A003159
A003754_a2,S3,predicted_only,ITER,50.78,40.000000,60.00,20,2,46.732,2,A003754
A003754_a3,S3,neither,FUNC,45.53,63.398500,95.10,20,3,600.043,3,A003754
A003754_a4,S3,neither,FUNC_L,56.98,80.000000,120.00,20,4,600.040,4,A003754
A004086_a2,S3,discovered,DARY,18.87,55.000000,75.00,20,2,10.209,2,A004086
A004086_a3,S3,discovered,CTX_X,15.61,87.172938,118.87,20,3,10.076,3,A004086
A004086_a4,S3,discovered,NESTED_LOOP,65.81,110.000000,150.00,20,4,81.882,4,A004086
A004159_a2,S3,neither,NESTED_LOOP,119.10,60.000000,80.00,20,2,600.054,2,A004159
A004159_a3,S3,discovered,CTX_X,24.11,95.097750,126.80,20,3,14.888,3,A004159
A004159_a4,S3,neither,FUNC_L,55.98,120.000000,160.00,20,4,600.079,4,A004159
A004207_a2,S3,neither,WIDE_BIT,75.13,34.000000,54.00,20,2,600.022,2,A004207
A004207_a3,S3,discovered,CTX_X,17.86,53.888725,85.59,20,3,14.896,3,A004207
A004207_a4,S3,neither,ITER_L,68.92,68.000000,108.00,20,4,600.074,4,A004207
A004488_a2,S3,predicted_only,FUNC_L,53.54,47.000000,67.00,20,2,66.569,2,A004488
A004488_a3,S3,discovered,DARY,18.19,74.493238,106.19,20,3,10.077,3,A004488
A004488_a4,S3,neither,STEP,54.66,94.000000,134.00,20,4,600.096,4,A004488
A004601_a2,S3,neither,WIDE_BIT,75.13,79.000000,105.00,26,2,600.039,2,A004601
A004601_a3,S3,neither,FUNC_L,52.73,125.212038,166.42,26,3,600.078,3,A004601
A004601_a4,S3,neither,FUNC,34.09,158.000000,210.00,26,4,600.084,4,A004601
A005349_a2,S3,neither,FUNC,44.53,41.000000,61.00,20,2,600.025,2,A005349
A005349_a3,S3,neither,FUNC_L,54.73,64.983463,96.68,20,3,600.078,3,A005349
A005349_a4,S3,neither,ITER_L,68.17,82.000000,122.00,20,4,600.129,4,A005349
A005823_a2,S3,discovered,DARY,13.45,36.000000,56.00,20,2,10.298,2,A005823
A005823_a3,S3,discovered,CTX_X,22.48,57.058650,88.76,20,3,10.179,3,A005823
A005823_a4,S3,discovered,FUNC_L,55.13,72.000000,112.00,20,4,52.179,4,A005823
A005836_a2,S3,discovered,DARY,16.62,38.000000,58.00,20,2,22.428,2,A005836
A005836_a3,S3,discovered,CTX_X,15.61,60.228575,91.93,20,3,10.182,3,A005836
A005836_a4,S3,neither,NESTED_LOOP,83.73,76.000000,116.00,20,4,600.104,4,A005836
A006567_a2,S3,discovered,DARY,13.45,31.000000,51.00,20,2,10.133,2,A006567
A006567_a3,S3,neither,STEP,46.84,49.133838,80.83,20,3,600.147,3,A006567
A006567_a4,S3,neither,STEP,46.84,62.000000,102.00,20,4,600.095,4,A006567
A006753_a2,S3,neither,FUNC_L,63.74,33.000000,53.00,20,2,600.129,2,A006753
A006753_a3,S3,neither,STEP,53.49,52.303763,84.00,20,3,600.106,3,A006753
A006753_a4,S3,neither,FUNC_L,56.73,66.000000,106.00,20,4,600.086,4,A006753
A006995_a2,S3,discovered,DARY,15.03,38.000000,58.00,20,2,10.017,2,A006995
A006995_a3,S3,neither,FUNC,47.53,60.228575,91.93,20,3,600.087,3,A006995
A006995_a4,S3,neither,FUNC,44.53,76.000000,116.00,20,4,600.113,4,A006995
A007088_a2,S3,discovered,CTX_X,15.61,20.000000,40.00,20,2,10.021,2,A007088
A007088_a3,S3,discovered,DARY,16.62,31.699250,63.40,20,3,11.092,3,A007088
A007088_a4,S3,discovered,CTX_X,15.61,40.000000,80.00,20,4,11.185,4,A007088
A007089_a2,S3,discovered,FUNC,25.73,30.000000,50.00,20,2,18.292,2,A007089
A007089_a3,S3,discovered,DARY,17.37,47.548875,79.25,20,3,12.515,3,A007089
A007089_a4,S3,discovered,FUNC,46.53,60.000000,100.00,20,4,36.694,4,A007089
A007090_a2,S3,discovered,CTX_X,15.61,44.000000,64.00,20,2,10.014,2,A007090
A007090_a3,S3,discovered,CTX_X,15.61,69.738350,101.44,20,3,10.135,3,A007090
A007090_a4,S3,discovered,FUNC,37.09,88.000000,128.00,20,4,40.570,4,A007090
A007091_a2,S3,discovered,FUNC,25.73,46.000000,66.00,20,2,40.051,2,A007091
A007091_a3,S3,discovered,DARY,18.78,72.908275,104.61,20,3,20.858,3,A007091
A007091_a4,S3,neither,NESTED_LOOP,86.90,92.000000,132.00,20,4,600.096,4,A007091
A007092_a2,S3,discovered,CTX_X,15.61,46.000000,66.00,20,2,10.014,2,A007092
A007092_a3,S3,discovered,DARY,19.24,72.908275,104.61,20,3,17.030,3,A007092
A007092_a4,S3,discovered,CTX_X,15.61,92.000000,132.00,20,4,10.130,4,A007092
A007093_a2,S3,discovered,FUNC,25.73,44.000000,64.00,20,2,40.026,2,A007093
A007093_a3,S3,discovered,CTX_X,15.61,69.738350,101.44,20,3,11.737,3,A007093
A007093_a4,S3,compressed_only,FUNC,35.09,88.000000,128.00,20,4,23.126,4,A007093
A007094_a2,S3,discovered,CTX_X,15.61,54.000000,74.00,20,2,10.015,2,A007094
A007094_a3,S3,discovered,DARY,19.94,85.587975,117.29,20,3,10.915,3,A007094
A007094_a4,S3,discovered,FUNC,37.09,108.000000,148.00,20,4,23.316,4,A007094
A007095_a2,S3,discovered,FUNC,26.73,57.000000,77.00,20,2,30.134,2,A007095
A007095_a3,S3,discovered,DARY,20.22,90.342863,122.04,20,3,28.826,3,A007095
A007095_a4,S3,discovered,FUNC,43.11,114.000000,154.00,20,4,92.655,4,A007095
A007376_a2,S3,neither,NESTED_LOOP,86.90,80.000000,106.00,26,2,600.099,2,A007376
A007376_a3,S3,neither,STEP,52.97,126.797000,168.01,26,3,600.085,3,A007376
A007376_a4,S3,neither,FUNC_L,55.96,160.000000,212.00,26,4,600.121,4,A007376
A007500_a2,S3,discovered,DARY,15.03,38.000000,58.00,20,2,10.016,2,A007500
A007500_a3,S3,neither,STEP,47.16,60.228575,91.93,20,3,600.075,3,A007500
A007500_a4,S3,neither,ITER,50.78,76.000000,116.00,20,4,600.085,4,A007500
A007602_a2,S3,neither,FUNC_L,55.73,33.000000,53.00,20,2,606.378,2,A007602
A007602_a3,S3,neither,FUNC,44.53,52.303763,84.00,20,3,600.093,3,A007602
A007602_a4,S3,neither,FUNC,44.53,66.000000,106.00,20,4,600.084,4,A007602
A007605_a2,S3,neither,NESTED_LOOP,85.32,59.000000,79.00,20,2,600.031,2,A007605
A007605_a3,S3,neither,STEP,53.62,93.512788,125.21,20,3,600.044,3,A007605
A007605_a4,S3,neither,STEP,50.21,118.000000,158.00,20,4,600.042,4,A007605
A007623_a2,S3,discovered,CTX_X,15.61,31.000000,51.00,20,2,10.022,2,A007623
A007623_a3,S3,discovered,FUNC,46.53,49.133838,80.83,20,3,22.557,3,A007623
A007623_a4,S3,discovered,FUNC,25.73,62.000000,102.00,20,4,41.185,4,A007623
A007652_a2,S3,discovered,DARY,15.03,79.000000,105.00,26,2,10.012,2,A007652
A007652_a3,S3,neither,STEP,50.90,125.212038,166.42,26,3,600.038,3,A007652
A007652_a4,S3,neither,ITER_L,73.34,158.000000,210.00,26,4,600.077,4,A007652
A007770_a2,S3,neither,WIDE_BIT,69.33,34.000000,54.00,20,2,600.051,2,A007770
A007770_a3,S3,neither,STEP,49.90,53.888725,85.59,20,3,600.050,3,A007770
A007770_a4,S3,neither,FUNC_L,54.98,68.000000,108.00,20,4,600.037,4,A007770
A007931_a2,S3,discovered,CTX_X,15.61,25.000000,45.00,20,2,12.659,2,A007931
A007931_a3,S3,predicted_only,STEP,41.59,39.624063,71.32,20,3,75.857,3,A007931
A007931_a4,S3,discovered,CTX_X,15.61,50.000000,90.00,20,4,10.088,4,A007931
A007953_a2,S3,discovered,DARY,20.46,66.000000,88.00,22,2,10.253,2,A007953
A007953_a3,S3,discovered,CTX_X,15.61,104.607525,139.48,22,3,10.087,3,A007953
A007953_a4,S3,discovered,DARY,20.46,132.000000,176.00,22,4,21.725,4,A007953
A007954_a2,S3,discovered,DARY,21.46,81.000000,108.00,27,2,19.631,2,A007954
A007954_a3,S3,discovered,DARY,21.46,128.381963,171.18,27,3,22.318,3,A007954
A007954_a4,S3,discovered,DARY,21.46,162.000000,216.00,27,4,13.736,4,A007954
A009994_a2,S3,neither,NESTED_LOOP,83.73,45.000000,65.00,20,2,600.033,2,A009994
A009994_a3,S3,neither,NESTED_LOOP,86.90,71.323313,103.02,20,3,600.035,3,A009994
A009994_a4,S3,neither,FUNC,37.09,90.000000,130.00,20,4,600.044,4,A009994
A010785_a2,S3,predicted_only,ITER,38.09,32.000000,52.00,20,2,33.404,2,A010785
A010785_a3,S3,discovered,FUNC,44.53,50.718800,82.42,20,3,48.295,3,A010785
A010785_a4,S3,neither,FUNC_L,55.98,64.000000,104.00,20,4,600.035,4,A010785
A010879_a2,S3,discovered,CTX_X,15.61,61.000000,81.00,20,2,10.010,2,A010879
A010879_a3,S3,discovered,FUNC,26.73,96.682713,128.38,20,3,24.047,3,A010879
A010879_a4,S3,discovered,FUNC,26.73,122.000000,162.00,20,4,22.646,4,A010879
A010888_a2,S3,discovered,ITER,38.09,79.000000,105.00,26,2,20.748,2,A010888
A010888_a3,S3,discovered,CTX_X,15.61,125.212038,166.42,26,3,10.076,3,A010888
A010888_a4,S3,discovered,ITER,38.09,158.000000,210.00,26,4,19.889,4,A010888
A011531_a2,S3,neither,FUNC_L,54.73,33.000000,53.00,20,2,600.054,2,A011531
A011531_a3,S3,neither,ITER_L,68.17,52.303763,84.00,20,3,600.052,3,A011531
A011531_a4,S3,neither,ITER_L,72.09,66.000000,106.00,20,4,600.037,4,A011531
A011539_a2,S3,neither,FUNC_L,56.73,36.000000,56.00,20,2,609.255,2,A011539
A011539_a3,S3,discovered,CTX_X,15.61,57.058650,88.76,20,3,10.114,3,A011539
A011539_a4,S3,neither,FUNC_L,54.73,72.000000,112.00,20,4,600.051,4,A011539
A011540_a2,S3,neither,NESTED_LOOP,83.73,31.000000,51.00,20,2,182.059,2,A011540
A011540_a3,S3,discovered,CTX_X,15.61,49.133838,80.83,20,3,10.472,3,A011540
A011540_a4,S3,neither,FUNC,45.53,62.000000,102.00,20,4,600.035,4,A011540
A014190_a2,S3,neither,FUNC_L,55.96,35.000000,55.00,20,2,600.028,2,A014190
A014190_a3,S3,neither,FUNC_L,64.09,55.473688,87.17,20,3,600.027,3,A014190
A014190_a4,S3,neither,FUNC_L,55.98,70.000000,110.00,20,4,600.063,4,A014190
A014261_a2,S3,discovered,DARY,13.45,40.000000,60.00,20,2,10.115,2,A014261
A014261_a3,S3,neither,FUNC,36.09,63.398500,95.10,20,3,600.046,3,A014261
A014261_a4,S3,neither,STEP,53.82,80.000000,120.00,20,4,615.522,4,A014261
A014263_a2,S3,discovered,DARY,13.45,38.000000,58.00,20,2,16.222,2,A014263
A014263_a3,S3,discovered,DARY,18.78,60.228575,91.93,20,3,16.433,3,A014263
A014263_a4,S3,discovered,FUNC,26.73,76.000000,116.00,20,4,53.644,4,A014263
A014311_a2,S3,neither,WIDE_BIT,60.48,51.000000,71.00,20,2,600.020,2,A014311
A014311_a3,S3,neither,STEP,46.84,80.833088,112.53,20,3,600.127,3,A014311
A014311_a4,S3,neither,FUNC_L,45.53,102.000000,142.00,20,4,600.097,4,A014311
A014486_a2,S3,discovered,DARY,13.45,34.000000,54.00,20,2,10.297,2,A014486
A014486_a3,S3,neither,FUNC_L,57.55,53.888725,85.59,20,3,600.088,3,A014486
A014486_a4,S3,neither,NESTED_LOOP,85.32,68.000000,108.00,20,4,600.079,4,A014486
A014499_a2,S3,neither,ITER,48.53,75.000000,99.00,24,2,613.406,2,A014499
A014499_a3,S3,neither,STEP,58.89,118.872188,156.91,24,3,600.095,3,A014499
A014499_a4,S3,neither,STEP,53.82,150.000000,198.00,24,4,600.070,4,A014499
A019546_a2,S3,discovered,DARY,15.03,28.000000,48.00,20,2,10.014,2,A019546
A019546_a3,S3,neither,STEP,47.16,44.378950,76.08,20,3,600.121,3,A019546
A019546_a4,S3,neither,ITER,50.78,56.000000,96.00,20,4,600.164,4,A019546
A020338_a2,S3,discovered,CTX_X,15.61,26.000000,46.00,20,2,10.011,2,A020338
A020338_a3,S3,discovered,DARY,20.44,41.209025,72.91,20,3,10.155,3,A020338
A020338_a4,S3,neither,FUNC,42.53,52.000000,92.00,20,4,600.126,4,A020338
A023108_a2,S3,neither,FUNC_L,53.55,25.000000,45.00,20,2,600.106,2,A023108
A023108_a3,S3,neither,STEP,53.85,39.624063,71.32,20,3,600.097,3,A023108
A023108_a4,S3,neither,FUNC_L,55.73,50.000000,90.00,20,4,600.084,4,A023108
A023416_a2,S3,neither,WIDE_BIT,73.55,79.000000,105.00,26,2,614.466,2,A023416
A023416_a3,S3,neither,STEP,52.11,125.212038,166.42,26,3,600.140,3,A023416
A023416_a4,S3,neither,STEP,48.41,158.000000,210.00,26,4,600.043,4,A023416
A027868_a2,S3,discovered,FUNC,43.53,61.000000,81.00,20,2,22.710,2,A027868
A027868_a3,S3,discovered,FUNC,43.53,96.682713,128.38,20,3,23.567,3,A027868
A027868_a4,S3,discovered,FUNC_L,44.77,122.000000,162.00,20,4,39.180,4,A027868
A029447_a2,S3,neither,FUNC,43.53,29.000000,49.00,20,2,48.292,2,A029447
A029447_a3,S3,neither,STEP,54.89,45.963913,77.66,20,3,600.052,3,A029447
A029447_a4,S3,neither,FUNC,43.53,58.000000,98.00,20,4,600.056,4,A029447
A029470_a2,S3,neither,WIDE_BIT,62.78,29.000000,49.00,20,2,600.042,2,A029470
A029470_a3,S3,neither,STEP,50.44,45.963913,77.66,20,3,600.074,3,A029470
A029470_a4,S3,neither,FUNC,34.09,58.000000,98.00,20,4,600.063,4,A029470
A029494_a2,S3,neither,WIDE_BIT,70.38,34.000000,54.00,20,2,600.048,2,A029494
A029494_a3,S3,neither,STEP,53.69,53.888725,85.59,20,3,600.052,3,A029494
A029494_a4,S3,neither,ITER,42.09,68.000000,108.00,20,4,600.061,4,A029494
A029518_a2,S3,neither,WIDE_BIT,65.00,21.000000,41.00,20,2,600.047,2,A029518
A029518_a3,S3,neither,FUNC_L,56.98,33.284213,64.98,20,3,600.061,3,A029518
A029518_a4,S3,neither,ITER,42.09,42.000000,82.00,20,4,600.080,4,A029518
A030101_a2,S3,discovered,DARY,15.03,59.000000,79.00,20,2,10.011,2,A030101
A030101_a3,S3,discovered,DARY,16.62,93.512788,125.21,20,3,21.762,3,A030101
A030101_a4,S3,discovered,FUNC_L,55.13,118.000000,158.00,20,4,40.389,4,A030101
A030190_a2,S3,discovered,CONCAT,7.25,79.000000,105.00,26,2,20.204,2,A030190
A030190_a3,S3,discovered,CONCAT,7.25,125.212038,166.42,26,3,10.653,3,A030190
A030190_a4,S3,discovered,CONCAT,7.25,158.000000,210.00,26,4,20.639,4,A030190
A030302_a2,S3,discovered,CONCAT,8.25,68.000000,90.00,22,2,18.421,2,A030302
A030302_a3,S3,discovered,CONCAT,8.25,107.777450,142.65,22,3,20.474,3,A030302
A030302_a4,S3,discovered,CONCAT,8.25,136.000000,180.00,22,4,19.329,4,A030302
A030308_a2,S3,discovered,CONCAT,7.25,68.000000,90.00,22,2,20.688,2,A030308
A030308_a3,S3,discovered,CONCAT,7.25,107.777450,142.65,22,3,19.705,3,A030308
A030308_a4,S3,discovered,CONCAT,7.25,136.000000,180.00,22,4,19.823,4,A030308
A030432_a2,S3,discovered,DARY,13.45,32.000000,52.00,20,2,10.104,2,A030432
A030432_a3,S3,neither,STEP,49.71,50.718800,82.42,20,3,600.055,3,A030432
A030432_a4,S3,neither,STEP,48.44,64.000000,104.00,20,4,600.063,4,A030432
A031346_a2,S3,neither,FUNC,37.09,75.000000,100.00,25,2,600.065,2,A031346
A031346_a3,S3,neither,NESTED_LOOP,63.81,118.872188,158.50,25,3,600.068,3,A031346
A031346_a4,S3,neither,NESTED_LOOP,63.81,150.000000,200.00,25,4,600.058,4,A031346
A031347_a2,S3,neither,NESTED_LOOP,82.15,66.000000,87.00,21,2,600.034,2,A031347
A031347_a3,S3,neither,NESTED_LOOP,63.81,104.607525,137.89,21,3,600.054,3,A031347
A031347_a4,S3,neither,NESTED_LOOP,63.81,132.000000,174.00,21,4,600.064,4,A031347
A031443_a2,S3,neither,ITER,52.78,35.000000,55.00,20,2,600.045,2,A031443
A031443_a3,S3,neither,ITER,59.96,55.473688,87.17,20,3,600.042,3,A031443
A031443_a4,S3,neither,STEP,52.41,70.000000,110.00,20,4,600.048,4,A031443
A033307_a2,S3,neither,FUNC_L,53.98,78.000000,104.00,26,2,600.070,2,A033307
A033307_a3,S3,neither,STEP,51.44,123.627075,164.84,26,3,600.033,3,A033307
A033307_a4,S3,neither,FUNC,43.53,156.000000,208.00,26,4,600.054,4,A033307
A033308_a2,S3,neither,NESTED_LOOP,83.73,76.000000,101.00,25,2,600.035,2,A033308
A033308_a3,S3,neither,STEP,50.58,120.457150,160.08,25,3,600.046,3,A033308
A033308_a4,S3,neither,ITER,49.78,152.000000,202.00,25,4,600.043,4,A033308
A033819_a2,S3,neither,NESTED_LOOP,80.56,27.000000,47.00,20,2,600.121,2,A033819
A033819_a3,S3,neither,FUNC_L,54.73,42.793988,74.49,20,3,600.037,3,A033819
A033819_a4,S3,neither,FUNC_L,54.73,54.000000,94.00,20,4,600.038,4,A033819
A035232_a2,S3,neither,NESTED_LOOP,85.32,79.000000,105.00,26,2,600.056,2,A035232
A035232_a3,S3,neither,STEP,57.13,125.212038,166.42,26,3,600.038,3,A035232
A035232_a4,S3,neither,ITER_F,54.54,158.000000,210.00,26,4,600.033,4,A035232
A035327_a2,S3,discovered,CTX_X,15.61,62.000000,82.00,20,2,10.011,2,A035327
A035327_a3,S3,discovered,ITER_F,57.13,98.267675,129.97,20,3,169.314,3,A035327
A035327_a4,S3,discovered,CTX_X,32.43,124.000000,164.00,20,4,43.393,4,A035327
A036554_a2,S3,discovered,DARY,13.45,39.000000,59.00,20,2,10.213,2,A036554
A036554_a3,S3,neither,FUNC,44.53,61.813538,93.51,20,3,600.035,3,A036554
A036554_a4,S3,neither,ITER_L,62.98,78.000000,118.00,20,4,600.050,4,A036554
A036952_a2,S3,discovered,DARY,13.45,33.000000,53.00,20,2,10.109,2,A036952
A036952_a3,S3,neither,FUNC_L,56.73,52.303763,84.00,20,3,600.053,3,A036952
A036952_a4,S3,neither,STEP,54.47,66.000000,106.00,20,4,600.052,4,A036952
A037274_a2,S3,discovered,CTX_X,17.86,28.000000,48.00,20,2,16.202,2,A037274
A037274_a3,S3,neither,FUNC_L,54.73,44.378950,76.08,20,3,600.361,3,A037274
A037274_a4,S3,neither,FUNC_L,53.73,56.000000,96.00,20,4,600.049,4,A037274
A038618_a2,S3,discovered,DARY,15.03,38.000000,58.00,20,2,10.011,2,A038618
A038618_a3,S3,neither,STEP,53.62,60.228575,91.93,20,3,600.038,3,A038618
A038618_a4,S3,neither,ITER,50.78,76.000000,116.00,20,4,600.039,4,A038618
A039996_a2,S3,neither,WIDE_BIT,69.65,79.000000,105.00,26,2,600.041,2,A039996
A039996_a3,S3,neither,STEP,54.35,125.212038,166.42,26,3,600.040,3,A039996
A039996_a4,S3,neither,FUNC_L,59.75,158.000000,210.00,26,4,600.046,4,A039996
A043096_a2,S3,compressed_only,NESTED_LOOP,65.81,82.000000,109.00,27,2,139.065,2,A043096
A043096_a3,S3,compressed_only,NESTED_LOOP,65.81,129.966925,172.76,27,3,74.460,3,A043096
A043096_a4,S3,compressed_only,NESTED_LOOP,65.81,164.000000,218.00,27,4,80.709,4,A043096
A043529_a2,S3,discovered,FUNC_L,46.78,69.000000,91.00,22,2,18.590,2,A043529
A043529_a3,S3,discovered,NESTED_LOOP,85.32,109.362413,144.23,22,3,86.267,3,A043529
A043529_a4,S3,discovered,NESTED_LOOP,85.32,138.000000,182.00,22,4,71.447,4,A043529
A043537_a2,S3,neither,WIDE_BIT,76.72,68.000000,90.00,22,2,600.040,2,A043537
A043537_a3,S3,neither,STEP,44.59,107.777450,142.65,22,3,600.037,3,A043537
A043537_a4,S3,neither,STEP,44.59,136.000000,180.00,22,4,600.038,4,A043537
A044813_a2,S3,neither,WIDE_BIT,73.55,39.000000,59.00,20,2,600.065,2,A044813
A044813_a3,S3,neither,ITER,48.53,61.813538,93.51,20,3,600.041,3,A044813
A044813_a4,S3,neither,ITER,49.11,78.000000,118.00,20,4,600.030,4,A044813
A045918_a2,S3,discovered,CTX_X,15.61,28.000000,48.00,20,2,10.014,2,A045918
A045918_a3,S3,neither,NESTED_LOOP,101.72,44.378950,76.08,20,3,600.038,3,A045918
A045918_a4,S3,neither,FUNC_L,54.38,56.000000,96.00,20,4,600.044,4,A045918
A046034_a2,S3,discovered,FUNC,28.73,37.000000,57.00,20,2,57.043,2,A046034
A046034_a3,S3,neither,STEP,48.16,58.643613,90.34,20,3,600.036,3,A046034
A046034_a4,S3,neither,STEP,52.93,74.000000,114.00,20,4,600.036,4,A046034
A046704_a2,S3,discovered,DARY,15.03,38.000000,58.00,20,2,10.016,2,A046704
A046704_a3,S3,neither,ITER,50.78,60.228575,91.93,20,3,600.054,3,A046704
A046704_a4,S3,neither,ITER_L,71.75,76.000000,116.00,20,4,600.039,4,A046704
A048724_a2,S3,discovered,CTX_X,15.61,45.000000,65.00,20,2,10.009,2,A048724
A048724_a3,S3,discovered,FUNC,28.73,71.323313,103.02,20,3,26.098,3,A048724
A048724_a4,S3,discovered,DARY,18.78,90.000000,130.00,20,4,10.082,4,A048724
A049345_a2,S3,discovered,CTX_X,15.61,32.000000,52.00,20,2,10.016,2,A049345
A049345_a3,S3,neither,FUNC,46.53,50.718800,82.42,20,3,600.035,3,A049345
A049345_a4,S3,discovered,FUNC,25.73,64.000000,104.00,20,4,41.589,4,A049345
A049445_a2,S3,neither,FUNC_L,55.73,39.000000,59.00,20,2,600.011,2,A049445
A049445_a3,S3,neither,ITER_L,59.73,61.813538,93.51,20,3,600.036,3,A049445
A049445_a4,S3,neither,FUNC,45.53,78.000000,118.00,20,4,600.033,4,A049445
A051885_a2,S3,predicted_only,FUNC,34.09,30.000000,50.00,20,2,18.264,2,A051885
A051885_a3,S3,discovered,CTX_X,15.61,47.548875,79.25,20,3,10.082,3,A051885
A051885_a4,S3,neither,NESTED_LOOP,88.49,60.000000,100.00,20,4,600.036,4,A051885
A052224_a2,S3,neither,FUNC_L,53.98,34.000000,54.00,20,2,600.036,2,A052224
A052224_a3,S3,discovered,DARY,13.45,53.888725,85.59,20,3,10.111,3,A052224
A052224_a4,S3,neither,FUNC,45.53,68.000000,108.00,20,4,600.037,4,A052224
A052382_a2,S3,discovered,FUNC,34.09,70.000000,93.00,23,2,20.753,2,A052382
A052382_a3,S3,compressed_only,DARY,21.22,110.947375,147.40,23,3,18.231,3,A052382
A052382_a4,S3,compressed_only,ITER_L,67.33,140.000000,186.00,23,4,39.270,4,A052382
A053645_a2,S3,discovered,CTX_X,17.86,63.000000,84.00,21,2,14.916,2,A053645
A053645_a3,S3,discovered,ITER,54.54,99.852638,133.14,21,3,60.718,3,A053645
A053645_a4,S3,discovered,FUNC,36.09,126.000000,168.00,21,4,51.804,4,A053645
A053735_a2,S3,discovered,CTX_X,15.61,79.000000,105.00,26,2,10.010,2,A053735
A053735_a3,S3,discovered,DARY,17.37,125.212038,166.42,26,3,17.856,3,A053735
A053735_a4,S3,discovered,DARY,17.37,158.000000,210.00,26,4,18.063,4,A053735
A054055_a2,S3,neither,NESTED_LOOP,86.90,79.000000,105.00,26,2,144.033,2,A054055
A054055_a3,S3,neither,NESTED_LOOP,85.32,125.212038,166.42,26,3,600.035,3,A054055
A054055_a4,S3,neither,FUNC_L,54.38,158.000000,210.00,26,4,600.028,4,A054055
A055012_a2,S3,discovered,DARY,20.46,40.000000,60.00,20,2,11.684,2,A055012
A055012_a3,S3,discovered,CTX_X,15.61,63.398500,95.10,20,3,10.075,3,A055012
A055012_a4,S3,neither,NESTED_LOOP,86.90,80.000000,120.00,20,4,600.062,4,A055012
A055641_a2,S3,compressed_only,FUNC,35.09,80.000000,106.00,26,2,18.101,2,A055641
A055641_a3,S3,compressed_only,FUNC,35.09,126.797000,168.01,26,3,17.192,3,A055641
A055641_a4,S3,compressed_only,FUNC,35.09,160.000000,212.00,26,4,17.847,4,A055641
A055642_a2,S3,discovered,DARY,17.29,91.000000,121.00,30,2,16.233,2,A055642
A055642_a3,S3,discovered,DARY,17.29,144.231588,191.78,30,3,17.254,3,A055642
A055642_a4,S3,discovered,DARY,17.29,182.000000,242.00,30,4,16.268,4,A055642
A056964_a2,S3,predicted_only,NESTED_LOOP,80.56,45.000000,65.00,20,2,141.534,2,A056964
A056964_a3,S3,discovered,DARY,18.19,71.323313,103.02,20,3,10.080,3,A056964
A056964_a4,S3,neither,STEP,52.76,90.000000,130.00,20,4,600.046,4,A056964
A057889_a2,S3,discovered,CTX_X,15.61,52.000000,72.00,20,2,10.009,2,A057889
A057889_a3,S3,neither,NESTED_LOOP,88.49,82.418050,114.12,20,3,600.030,3,A057889
A057889_a4,S3,discovered,NESTED_LOOP,88.49,104.000000,144.00,20,4,94.716,4,A057889
A059893_a2,S3,predicted_only,FUNC_L,60.58,51.000000,71.00,20,2,60.145,2,A059893
A059893_a3,S3,neither,FUNC,43.53,80.833088,112.53,20,3,600.033,3,A059893
A059893_a4,S3,neither,ITER,49.53,102.000000,142.00,20,4,600.038,4,A059893
A059897_a2,S3,neither,WIDE_BIT,64.78,61.000000,81.00,20,2,600.035,2,A059897
A059897_a3,S3,neither,ITER_L,60.98,96.682713,128.38,20,3,600.057,3,A059897
A059897_a4,S3,neither,ITER,51.53,122.000000,162.00,20,4,600.058,4,A059897
A062028_a2,S3,discovered,FUNC,27.73,51.000000,71.00,20,2,26.051,2,A062028
A062028_a3,S3,discovered,DARY,18.19,80.833088,112.53,20,3,10.075,3,A062028
A062028_a4,S3,discovered,FUNC,46.53,102.000000,142.00,20,4,29.555,4,A062028
A062756_a2,S3,discovered,CTX_X,15.61,79.000000,105.00,26,2,10.010,2,A062756
A062756_a3,S3,discovered,FUNC_L,55.13,125.212038,166.42,26,3,53.652,3,A062756
A062756_a4,S3,discovered,FUNC_L,56.71,158.000000,210.00,26,4,54.581,4,A062756
A064547_a2,S3,neither,NESTED_LOOP,71.40,79.000000,105.00,26,2,600.049,2,A064547
A064547_a3,S3,neither,STEP,51.49,125.212038,166.42,26,3,600.044,3,A064547
A064547_a4,S3,neither,FUNC,45.53,158.000000,210.00,26,4,600.070,4,A064547
A065720_a2,S3,discovered,DARY,13.45,30.000000,50.00,20,2,10.087,2,A065720
A065720_a3,S3,neither,FUNC_L,56.73,47.548875,79.25,20,3,600.061,3,A065720
A065720_a4,S3,neither,STEP,54.47,60.000000,100.00,20,4,600.067,4,A065720
A065727_a2,S3,discovered,DARY,15.03,29.000000,49.00,20,2,10.013,2,A065727
A065727_a3,S3,discovered,CTX_X,24.73,45.963913,77.66,20,3,15.080,3,A065727
A065727_a4,S3,neither,STEP,50.25,58.000000,98.00,20,4,600.054,4,A065727
A068407_a2,S3,neither,NESTED_LOOP,86.90,37.000000,57.00,20,2,600.053,2,A068407
A068407_a3,S3,neither,ITER,48.53,58.643613,90.34,20,3,600.053,3,A068407
A068407_a4,S3,neither,FUNC_L,54.38,74.000000,114.00,20,4,600.046,4,A068407
A069010_a2,S3,neither,NESTED_LOOP,74.57,71.000000,94.00,23,2,600.061,2,A069010
A069010_a3,S3,neither,NESTED_LOOP,101.72,112.532338,148.99,23,3,600.053,3,A069010
A069010_a4,S3,neither,NESTED_LOOP,101.72,142.000000,188.00,23,4,600.053,4,A069010
A072495_a2,S3,neither,NESTED_LOOP,85.32,50.000000,70.00,20,2,600.055,2,A072495
A072495_a3,S3,neither,STEP,55.82,79.248125,110.95,20,3,600.060,3,A072495
A072495_a4,S3,neither,FUNC_L,58.73,100.000000,140.00,20,4,600.056,4,A072495
A075928_a2,S3,predicted_only,FUNC_L,55.96,27.000000,47.00,20,2,66.812,2,A075928
A075928_a3,S3,neither,NESTED_LOOP,88.49,42.793988,74.49,20,3,600.064,3,A075928
A075928_a4,S3,neither,FUNC_L,62.92,54.000000,94.00,20,4,600.038,4,A075928
A078972_a2,S3,discovered,CTX_X,27.68,35.000000,55.00,20,2,42.790,2,A078972
A078972_a3,S3,neither,FUNC,43.53,55.473688,87.17,20,3,600.034,3,A078972
A078972_a4,S3,neither,FUNC_L,44.53,70.000000,110.00,20,4,600.041,4,A078972
A085104_a2,S3,discovered,DARY,13.45,24.000000,44.00,20,2,10.081,2,A085104
A085104_a3,S3,neither,FUNC_L,53.73,38.039100,69.74,20,3,66.991,3,A085104
A085104_a4,S3,neither,STEP,49.34,48.000000,88.00,20,4,600.047,4,A085104
A090707_a2,S3,discovered,DARY,15.03,24.000000,44.00,20,2,10.016,2,A090707
A090707_a3,S3,neither,ITER,53.78,38.039100,69.74,20,3,600.094,3,A090707
A090707_a4,S3,neither,ITER,58.38,48.000000,88.00,20,4,600.064,4,A090707
A091924_a2,S3,discovered,DARY,15.03,29.000000,49.00,20,2,10.017,2,A091924
A091924_a3,S3,neither,STEP,52.01,45.963913,77.66,20,3,600.062,3,A091924
A091924_a4,S3,neither,ITER,39.34,58.000000,98.00,20,4,600.060,4,A091924
A101211_a2,S3,neither,WIDE_BIT,66.48,79.000000,105.00,26,2,600.057,2,A101211
A101211_a3,S3,neither,STEP,53.92,125.212038,166.42,26,3,600.082,3,A101211
A101211_a4,S3,neither,STEP,61.86,158.000000,210.00,26,4,600.069,4,A101211
A102370_a2,S3,discovered,CTX_X,15.61,48.000000,68.00,20,2,10.011,2,A102370
A102370_a3,S3,neither,STEP,53.07,76.078200,107.78,20,3,600.075,3,A102370
A102370_a4,S3,discovered,DARY,18.78,96.000000,136.00,20,4,10.119,4,A102370
A109812_a2,S3,neither,WIDE_BIT,75.13,51.000000,71.00,20,2,600.047,2,A109812
A109812_a3,S3,neither,STEP,43.59,80.833088,112.53,20,3,600.062,3,A109812
A109812_a4,S3,neither,FUNC,44.53,102.000000,142.00,20,4,600.083,4,A109812
A117828_a2,S3,neither,WIDE_BIT,55.83,51.000000,71.00,20,2,600.011,2,A117828
A117828_a3,S3,discovered,CTX_X,15.61,80.833088,112.53,20,3,10.097,3,A117828
A117828_a4,S3,neither,STEP,54.09,102.000000,142.00,20,4,600.062,4,A117828
A122840_a2,S3,compressed_only,FUNC,42.53,79.000000,105.00,26,2,22.739,2,A122840
A122840_a3,S3,compressed_only,FUNC,36.09,125.212038,166.42,26,3,19.095,3,A122840
A122840_a4,S3,compressed_only,FUNC,42.53,158.000000,210.00,26,4,19.496,4,A122840
A125134_a2,S3,neither,WIDE_BIT,73.55,45.000000,65.00,20,2,600.038,2,A125134
A125134_a3,S3,neither,STEP,44.59,71.323313,103.02,20,3,600.055,3,A125134
A125134_a4,S3,neither,STEP,50.93,90.000000,130.00,20,4,600.077,4,A125134
A136522_a2,S3,neither,WIDE_BIT,63.78,75.000000,99.00,24,2,600.043,2,A136522
A136522_a3,S3,discovered,NESTED_LOOP,82.15,118.872188,156.91,24,3,183.382,3,A136522
A136522_a4,S3,neither,NESTED_LOOP,80.56,150.000000,198.00,24,4,600.074,4,A136522
A156552_a2,S3,discovered,CTX_X,15.61,47.000000,67.00,20,2,10.012,2,A156552
A156552_a3,S3,neither,FUNC,45.53,74.493238,106.19,20,3,600.047,3,A156552
A156552_a4,S3,discovered,FUNC,38.09,94.000000,134.00,20,4,26.518,4,A156552
A161903_a2,S3,discovered,CTX_X,15.61,76.000000,101.00,25,2,10.010,2,A161903
A161903_a3,S3,discovered,NESTED_LOOP,85.32,120.457150,160.08,25,3,85.469,3,A161903
A161903_a4,S3,discovered,CTX_X,43.91,152.000000,202.00,25,4,51.878,4,A161903
A163511_a2,S3,discovered,CTX_X,19.20,45.000000,65.00,20,2,54.163,2,A163511
A163511_a3,S3,neither,ITER,51.53,71.323313,103.02,20,3,600.103,3,A163511
A163511_a4,S3,neither,ITER_F,73.30,90.000000,130.00,20,4,600.103,4,A163511
A175298_a2,S3,discovered,DARY,15.03,53.000000,73.00,20,2,10.020,2,A175298
A175298_a3,S3,neither,FUNC_L,47.53,84.003013,115.70,20,3,600.103,3,A175298
A175298_a4,S3,neither,NESTED_LOOP,85.32,106.000000,146.00,20,4,600.074,4,A175298
A179016_a2,S3,neither,FUNC,43.53,41.000000,61.00,20,2,600.078,2,A179016
A179016_a3,S3,neither,ITER,47.53,64.983463,96.68,20,3,600.104,3,A179016
A179016_a4,S3,neither,FUNC_L,57.55,82.000000,122.00,20,4,600.110,4,A179016
A206913_a2,S3,discovered,DARY,15.03,49.000000,69.00,20,2,10.020,2,A206913
A206913_a3,S3,neither,FUNC_L,54.98,77.663163,109.36,20,3,600.084,3,A206913
A206913_a4,S3,neither,NESTED_LOOP,97.72,98.000000,138.00,20,4,600.126,4,A206913
A206914_a2,S3,discovered,DARY,15.03,48.000000,68.00,20,2,10.018,2,A206914
A206914_a3,S3,neither,FUNC_L,47.53,76.078200,107.78,20,3,600.091,3,A206914
A206914_a4,S3,neither,ITER,47.53,96.000000,136.00,20,4,600.067,4,A206914
A225901_a2,S3,discovered,CTX_X,15.61,63.000000,83.00,20,2,10.015,2,A225901
A225901_a3,S3,discovered,CTX_X,17.86,99.852638,131.55,20,3,18.608,3,A225901
A225901_a4,S3,discovered,FUNC_L,56.73,126.000000,166.00,20,4,27.561,4,A225901
A233564_a2,S3,neither,NESTED_LOOP,85.32,42.000000,62.00,20,2,600.085,2,A233564
A233564_a3,S3,neither,FUNC,36.09,66.568425,98.27,20,3,600.281,3,A233564
A233564_a4,S3,neither,FUNC_L,43.52,84.000000,124.00,20,4,600.061,4,A233564
A235265_a2,S3,discovered,DARY,13.45,31.000000,51.00,20,2,10.137,2,A235265
A235265_a3,S3,discovered,DARY,15.03,49.133838,80.83,20,3,10.178,3,A235265
A235265_a4,S3,neither,STEP,50.25,62.000000,102.00,20,4,600.067,4,A235265
A235266_a2,S3,discovered,DARY,15.03,44.000000,64.00,20,2,10.017,2,A235266
A235266_a3,S3,neither,STEP,54.05,69.738350,101.44,20,3,600.197,3,A235266
A235266_a4,S3,neither,ITER,58.38,88.000000,128.00,20,4,600.089,4,A235266
A235394_a2,S3,discovered,DARY,15.03,32.000000,52.00,20,2,10.039,2,A235394
A235394_a3,S3,neither,STEP,51.41,50.718800,82.42,20,3,600.049,3,A235394
A235394_a4,S3,neither,STEP,50.25,64.000000,104.00,20,4,600.061,4,A235394
A235395_a2,S3,discovered,DARY,15.03,29.000000,49.00,20,2,10.015,2,A235395
A235395_a3,S3,neither,STEP,48.68,45.963913,77.66,20,3,600.059,3,A235395
A235395_a4,S3,neither,ITER,48.78,58.000000,98.00,20,4,600.063,4,A235395
A235461_a2,S3,discovered,DARY,13.45,20.000000,40.00,20,2,10.063,2,A235461
A235461_a3,S3,neither,FUNC_L,54.73,31.699250,63.40,20,3,600.065,3,A235461
A235461_a4,S3,discovered,DARY,13.45,40.000000,80.00,20,4,10.140,4,A235461
A235482_a2,S3,discovered,DARY,15.03,41.000000,61.00,20,2,10.016,2,A235482
A235482_a3,S3,neither,STEP,51.90,64.983463,96.68,20,3,600.041,3,A235482
A235482_a4,S3,neither,STEP,49.16,82.000000,122.00,20,4,600.042,4,A235482
A255577_a2,S3,neither,NESTED_LOOP,80.56,29.000000,49.00,20,2,600.038,2,A255577
A255577_a3,S3,neither,STEP,50.80,45.963913,77.66,20,3,600.041,3,A255577
A255577_a4,S3,neither,FUNC_L,55.73,58.000000,98.00,20,4,600.057,4,A255577
A261423_a2,S3,neither,FUNC_L,53.54,59.000000,79.00,20,2,600.029,2,A261423
A261423_a3,S3,neither,NESTED_LOOP,63.81,93.512788,125.21,20,3,600.031,3,A261423
A261423_a4,S3,neither,NESTED_LOOP,85.32,118.000000,158.00,20,4,600.031,4,A261423
A262038_a2,S3,neither,NESTED_LOOP,85.32,57.000000,77.00,20,2,600.026,2,A262038
A262038_a3,S3,neither,NESTED_LOOP,83.73,90.342863,122.04,20,3,600.028,3,A262038
A262038_a4,S3,neither,FUNC,37.09,114.000000,154.00,20,4,600.048,4,A262038
A263273_a2,S3,discovered,CTX_X,15.61,62.000000,82.00,20,2,10.010,2,A263273
A263273_a3,S3,discovered,FUNC_L,54.38,98.267675,129.97,20,3,56.110,3,A263273
A263273_a4,S3,neither,FUNC_L,55.96,124.000000,164.00,20,4,600.096,4,A263273
A265509_a2,S3,discovered,DARY,13.45,57.000000,77.00,20,2,10.109,2,A265509
A265509_a3,S3,neither,STEP,54.70,90.342863,122.04,20,3,600.044,3,A265509
A265509_a4,S3,discovered,NESTED_LOOP,101.72,114.000000,154.00,20,4,204.509,4,A265509
A276086_a2,S3,discovered,CTX_X,15.61,54.000000,74.00,20,2,10.008,2,A276086
A276086_a3,S3,neither,NESTED_LOOP,99.72,85.587975,117.29,20,3,600.041,3,A276086
A276086_a4,S3,neither,FUNC,43.53,108.000000,148.00,20,4,600.033,4,A276086
A276150_a2,S3,discovered,CTX_X,17.86,91.000000,121.00,30,2,22.909,2,A276150
A276150_a3,S3,neither,FUNC_L,52.73,144.231588,191.78,30,3,600.036,3,A276150
A276150_a4,S3,discovered,FUNC_L,52.73,182.000000,242.00,30,4,15.191,4,A276150
A276156_a2,S3,discovered,CTX_X,15.61,46.000000,66.00,20,2,10.009,2,A276156
A276156_a3,S3,discovered,FUNC,25.73,72.908275,104.61,20,3,14.649,3,A276156
A276156_a4,S3,discovered,FUNC_L,56.73,92.000000,132.00,20,4,28.923,4,A276156
A278038_a2,S3,neither,FUNC_L,58.55,25.000000,45.00,20,2,28.323,2,A278038
A278038_a3,S3,neither,FUNC_L,54.38,39.624063,71.32,20,3,600.045,3,A278038
A278038_a4,S3,neither,ITER,57.71,50.000000,90.00,20,4,152.926,4,A278038
A278222_a2,S3,discovered,DARY,15.03,75.000000,99.00,24,2,10.012,2,A278222
A278222_a3,S3,neither,FUNC,36.09,118.872188,156.91,24,3,600.038,3,A278222
A278222_a4,S3,discovered,NESTED_LOOP,82.15,150.000000,198.00,24,4,118.701,4,A278222
A296712_a2,S3,neither,FUNC,34.09,37.000000,57.00,20,2,600.043,2,A296712
A296712_a3,S3,neither,NESTED_LOOP,85.32,58.643613,90.34,20,3,600.040,3,A296712
A296712_a4,S3,neither,ITER_L,70.50,74.000000,114.00,20,4,600.037,4,A296712
A296882_a2,S3,discovered,CTX_X,15.61,47.000000,67.00,20,2,10.009,2,A296882
A296882_a3,S3,discovered,CTX_X,15.61,74.493238,106.19,20,3,10.086,3,A296882
A296882_a4,S3,discovered,CTX_X,15.61,94.000000,134.00,20,4,10.090,4,A296882
A297330_a2,S3,neither,NESTED_LOOP,86.90,65.000000,86.00,21,2,600.173,2,A297330
A297330_a3,S3,neither,NESTED_LOOP,85.32,103.022563,136.31,21,3,600.030,3,A297330
A297330_a4,S3,neither,FUNC_L,54.73,130.000000,172.00,21,4,600.028,4,A297330
A297770_a2,S3,neither,WIDE_BIT,75.13,65.000000,86.00,21,2,600.052,2,A297770
A297770_a3,S3,neither,STEP,52.59,103.022563,136.31,21,3,600.039,3,A297770
A297770_a4,S3,neither,STEP,48.59,130.000000,172.00,21,4,600.052,4,A297770
A317905_a2,S3,neither,NESTED_LOOP,82.15,66.000000,87.00,21,2,600.063,2,A317905
A317905_a3,S3,neither,STEP,51.93,104.607525,137.89,21,3,600.035,3,A317905
A317905_a4,S3,neither,FUNC_L,56.73,132.000000,174.00,21,4,600.027,4,A317905
A318928_a2,S3,neither,WIDE_BIT,67.88,72.000000,95.00,23,2,600.054,2,A318928
A318928_a3,S3,neither,STEP,54.15,114.117300,150.57,23,3,600.037,3,A318928
A318928_a4,S3,neither,STEP,54.15,144.000000,190.00,23,4,600.038,4,A318928
A326031_a2,S3,discovered,FUNC_L,55.96,66.000000,88.00,22,2,57.983,2,A326031
A326031_a3,S3,neither,FUNC,35.09,104.607525,139.48,22,3,600.030,3,A326031
A326031_a4,S3,neither,FUNC_L,52.73,132.000000,176.00,22,4,600.022,4,A326031
A327860_a2,S3,discovered,FUNC,28.73,45.000000,65.00,20,2,55.723,2,A327860
A327860_a3,S3,neither,FUNC,34.09,71.323313,103.02,20,3,600.032,3,A327860
A327860_a4,S3,neither,FUNC_L,53.73,90.000000,130.00,20,4,600.037,4,A327860
A328596_a2,S3,discovered,DARY,15.03,39.000000,59.00,20,2,10.011,2,A328596
A328596_a3,S3,neither,FUNC_L,55.73,61.813538,93.51,20,3,600.087,3,A328596
A328596_a4,S3,neither,STEP,48.00,78.000000,118.00,20,4,600.045,4,A328596
A333219_a2,S3,discovered,FUNC_L,54.73,62.000000,82.00,20,2,22.064,2,A333219
A333219_a3,S3,neither,FUNC,44.53,98.267675,129.97,20,3,600.220,3,A333219
A333219_a4,S3,neither,FUNC,36.09,124.000000,164.00,20,4,600.049,4,A333219
A337287_a2,S3,neither,FUNC_L,55.98,41.000000,61.00,20,2,600.038,2,A337287
A337287_a3,S3,neither,NESTED_LOOP,83.73,64.983463,96.68,20,3,600.024,3,A337287
A337287_a4,S3,neither,STEP,44.59,82.000000,122.00,20,4,600.039,4,A337287
A367905_a2,S3,neither,WIDE_BIT,75.13,66.000000,88.00,22,2,600.070,2,A367905
A367905_a3,S3,neither,FUNC_L,52.98,104.607525,139.48,22,3,600.036,3,A367905
A367905_a4,S3,neither,FUNC_L,52.98,132.000000,176.00,22,4,600.037,4,A367905
A367907_a2,S3,neither,WIDE_BIT,63.78,41.000000,61.00,20,2,600.059,2,A367907
A367907_a3,S3,neither,ITER,47.52,64.983463,96.68,20,3,600.045,3,A367907
A367907_a4,S3,neither,STEP,51.33,82.000000,122.00,20,4,600.044,4,A367907
A385776_a2,S3,discovered,DARY,15.03,21.000000,41.00,20,2,10.301,2,A385776
A385776_a3,S3,neither,STEP,49.21,33.284213,64.98,20,3,600.035,3,A385776
A385776_a4,S3,neither,ITER,50.78,42.000000,82.00,20,4,600.038,4,A385776
A000001_a2,S3,neither,NESTED_LOOP,86.90,71.000000,94.00,23,2,600.029,2,A000001
A000001_a3,S3,neither,STEP,51.09,112.532338,148.99,23,3,600.029,3,A000001
A000001_a4,S3,neither,FUNC_L,62.15,142.000000,188.00,23,4,600.029,4,A000001
A000001_a5,S3,neither,STEP,49.25,164.856895,218.26,23,5,600.040,5,A000001
A000001_a7,S3,neither,FUNC_L,57.55,199.322199,263.89,23,7,600.025,7,A000001
A000002_a2,S3,neither,WIDE_BIT,69.66,81.000000,108.00,27,2,600.036,2,A000002
A000002_a3,S3,neither,STEP,58.03,128.381963,171.18,27,3,600.047,3,A000002
A000002_a4,S3,neither,STEP,57.48,162.000000,216.00,27,4,600.048,4,A000002
A000002_a5,S3,neither,STEP,54.43,188.076176,250.77,27,5,600.053,5,A000002
A000002_a7,S3,neither,FUNC_L,55.73,227.395749,303.19,27,7,600.032,7,A000002
A000004_a2,S3,discovered,DARY,13.45,77.000000,102.00,25,2,10.213,2,A000004
A000004_a3,S3,discovered,DARY,13.45,122.042113,161.67,25,3,10.257,3,A000004
A000004_a4,S3,discovered,DARY,13.45,154.000000,204.00,25,4,10.182,4,A000004
A000004_a5,S3,discovered,DARY,13.45,178.788463,236.84,25,5,10.176,5,A000004
A000004_a7,S3,discovered,DARY,13.45,216.166329,286.35,25,7,10.174,7,A000004
A000005_a2,S3,predicted_only,WIDE_BIT,78.45,78.000000,104.00,26,2,426.928,2,A000005
A000005_a3,S3,discovered,NESTED_LOOP,97.72,123.627075,164.84,26,3,184.888,3,A000005
A000005_a4,S3,discovered,NESTED_LOOP,97.72,156.000000,208.00,26,4,179.643,4,A000005
A000005_a5,S3,discovered,NESTED_LOOP,97.72,181.110391,241.48,26,5,184.654,5,A000005
A000005_a7,S3,discovered,NESTED_LOOP,97.72,218.973684,291.96,26,7,187.406,7,A000005
A000007_a2,S3,discovered,DARY,15.03,79.000000,105.00,26,2,10.010,2,A000007
A000007_a3,S3,discovered,DARY,15.03,125.212038,166.42,26,3,10.079,3,A000007
A000007_a4,S3,discovered,DARY,15.03,158.000000,210.00,26,4,10.147,4,A000007
A000007_a5,S3,discovered,DARY,15.03,183.432319,243.80,26,5,10.079,5,A000007
A000007_a7,S3,discovered,DARY,15.03,221.781039,294.77,26,7,10.081,7,A000007
A000009_a2,S3,neither,WIDE_BIT,75.13,36.000000,56.00,20,2,600.054,2,A000009
A000009_a3,S3,neither,ITER,41.09,57.058650,88.76,20,3,600.035,3,A000009
A000009_a4,S3,neither,STEP,46.84,72.000000,112.00,20,4,600.040,4,A000009
A000009_a5,S3,neither,STEP,53.29,83.589411,130.03,20,5,600.033,5,A000009
A000009_a7,S3,neither,FUNC,42.53,101.064777,157.21,20,7,600.037,7,A000009
A000010_a2,S3,discovered,DARY,15.70,49.000000,69.00,20,2,27.319,2,A000010
A000010_a3,S3,neither,FUNC_L,52.73,77.663163,109.36,20,3,600.039,3,A000010
A000010_a4,S3,neither,ITER_L,68.17,98.000000,138.00,20,4,600.041,4,A000010
A000010_a5,S3,neither,ITER,42.09,113.774477,160.21,20,5,600.038,5,A000010
A000010_a7,S3,neither,STEP,46.59,137.560391,193.71,20,7,600.045,7,A000010
A000012_a2,S3,discovered,DARY,13.45,68.000000,90.00,22,2,10.099,2,A000012
A000012_a3,S3,discovered,DARY,13.45,107.777450,142.65,22,3,10.108,3,A000012
A000012_a4,S3,discovered,DARY,13.45,136.000000,180.00,22,4,10.115,4,A000012
A000012_a5,S3,discovered,DARY,13.45,157.891110,208.97,22,5,10.110,5,A000012
A000012_a7,S3,discovered,DARY,13.45,190.900135,252.66,22,7,10.111,7,A000012
A000014_a2,S3,neither,NESTED_LOOP,88.49,20.000000,40.00,20,2,221.352,2,A000014
A000014_a3,S3,neither,FUNC,47.53,31.699250,63.40,20,3,600.036,3,A000014
A000014_a4,S3,neither,FUNC_L,55.96,40.000000,80.00,20,4,600.034,4,A000014
A000014_a5,S3,neither,FUNC,46.53,46.438562,92.88,20,5,600.042,5,A000014
A000014_a7,S3,neither,FUNC_L,53.98,56.147098,112.29,20,7,600.043,7,A000014
A000019_a2,S3,neither,WIDE_BIT,75.13,69.000000,92.00,23,2,600.046,2,A000019
A000019_a3,S3,neither,STEP,51.71,109.362413,145.82,23,3,600.072,3,A000019
A000019_a4,S3,neither,FUNC_F,52.71,138.000000,184.00,23,4,600.053,4,A000019
A000019_a5,S3,neither,FUNC_F,52.71,160.213039,213.62,23,5,600.055,5,A000019
A000019_a7,S3,neither,FUNC_F,52.71,193.707490,258.28,23,7,600.065,7,A000019
A000027_a2,S3,discovered,CTX_X,15.61,57.000000,77.00,20,2,10.009,2,A000027
A000027_a3,S3,discovered,CTX_X,15.61,90.342863,122.04,20,3,10.188,3,A000027
A000027_a4,S3,discovered,CTX_X,15.61,114.000000,154.00,20,4,10.086,4,A000027
A000027_a5,S3,discovered,CTX_X,15.61,132.349901,178.79,20,5,10.104,5,A000027
A000027_a7,S3,discovered,CTX_X,15.61,160.019231,216.17,20,7,10.088,7,A000027
A000035_a2,S3,discovered,CTX_X,15.61,79.000000,105.00,26,2,10.009,2,A000035
A000035_a3,S3,discovered,CTX_X,15.61,125.212038,166.42,26,3,19.325,3,A000035
A000035_a4,S3,discovered,CTX_X,15.61,158.000000,210.00,26,4,23.516,4,A000035
A000035_a5,S3,discovered,CTX_X,15.61,183.432319,243.80,26,5,18.866,5,A000035
A000035_a7,S3,discovered,CTX_X,15.61,221.781039,294.77,26,7,18.660,7,A000035
A000040_a2,S3,discovered,DARY,15.03,38.000000,58.00,20,2,10.014,2,A000040
A000040_a3,S3,neither,STEP,53.62,60.228575,91.93,20,3,600.059,3,A000040
A000040_a4,S3,neither,ITER,50.78,76.000000,116.00,20,4,600.062,4,A000040
A000040_a5,S3,neither,ITER,49.78,88.233268,134.67,20,5,600.066,5,A000040
A000040_a7,S3,neither,ITER,58.38,106.679487,162.83,20,7,600.063,7,A000040
A000041_a2,S3,neither,WIDE_BIT,75.13,30.000000,50.00,20,2,600.037,2,A000041
A000041_a3,S3,neither,ITER,49.53,47.548875,79.25,20,3,600.054,3,A000041
A000041_a4,S3,neither,FUNC,42.53,60.000000,100.00,20,4,600.047,4,A000041
A000041_a5,S3,neither,FUNC,42.53,69.657843,116.10,20,5,600.058,5,A000041
A000041_a7,S3,neither,FUNC,36.09,84.220648,140.37,20,7,600.073,7,A000041
A000043_a2,S3,discovered,DARY,15.03,30.000000,50.00,20,2,10.016,2,A000043
A000043_a3,S3,neither,ITER,47.19,47.548875,79.25,20,3,600.063,3,A000043
A000043_a4,S3,neither,STEP,47.90,60.000000,100.00,20,4,600.063,4,A000043
A000043_a5,S3,neither,ITER,42.34,69.657843,116.10,20,5,600.071,5,A000043
A000043_a7,S3,neither,ITER,51.78,84.220648,140.37,20,7,600.076,7,A000043
A000045_a2,S3,predicted_only,CTX_X,24.11,21.000000,41.00,20,2,14.787,2,A000045
A000045_a3,S3,discovered,CTX_X,24.11,33.284213,64.98,20,3,27.691,3,A000045
A000045_a4,S3,discovered,CTX_X,24.11,42.000000,82.00,20,4,15.588,4,A000045
A000045_a5,S3,discovered,CTX_X,24.11,48.760490,95.20,20,5,16.917,5,A000045
A000045_a7,S3,discovered,CTX_X,24.11,58.954453,115.10,20,7,15.387,7,A000045
A000069_a2,S3,discovered,DARY,17.62,45.000000,65.00,20,2,13.915,2,A000069
A000069_a3,S3,predicted_only,NESTED_LOOP,116.78,71.323313,103.02,20,3,302.643,3,A000069
A000069_a4,S3,neither,ITER_L,58.73,90.000000,130.00,20,4,600.067,4,A000069
A000069_a5,S3,neither,FUNC,51.13,104.486764,150.93,20,5,600.058,5,A000069
A000069_a7,S3,neither,ITER,42.09,126.330971,182.48,20,7,600.078,7,A000069
A000120_a2,S3,discovered,DARY,16.62,79.000000,105.00,26,2,13.489,2,A000120
A000120_a3,S3,discovered,DARY,16.62,125.212038,166.42,26,3,21.110,3,A000120
A000120_a4,S3,discovered,DARY,16.62,158.000000,210.00,26,4,24.670,4,A000120
A000120_a5,S3,discovered,DARY,16.62,183.432319,243.80,26,5,21.393,5,A000120
A000120_a7,S3,discovered,DARY,16.62,221.781039,294.77,26,7,21.164,7,A000120
A000123_a2,S3,discovered,DARY,15.03,31.000000,51.00,20,2,10.015,2,A000123
A000123_a3,S3,neither,ITER,50.53,49.133838,80.83,20,3,600.044,3,A000123
A000123_a4,S3,neither,ITER,51.53,62.000000,102.00,20,4,600.058,4,A000123
A000123_a5,S3,neither,ITER,50.53,71.979771,118.42,20,5,600.072,5,A000123
A000123_a7,S3,neither,ITER_L,60.98,87.028003,143.18,20,7,600.100,7,A000123
A000124_a2,S3,discovered,CTX_X,17.86,33.000000,53.00,20,2,15.928,2,A000124
A000124_a3,S3,discovered,CTX_X,31.98,52.303763,84.00,20,3,15.785,3,A000124
A000124_a4,S3,discovered,FUNC,36.09,66.000000,106.00,20,4,18.123,4,A000124
A000124_a5,S3,discovered,CTX_X,40.34,76.623627,123.06,20,5,22.477,5,A000124
A000124_a7,S3,discovered,FUNC,36.09,92.642712,148.79,20,7,16.827,7,A000124
A000161_a2,S3,neither,WIDE_BIT,71.96,81.000000,108.00,27,2,600.084,2,A000161
A000161_a3,S3,neither,NESTED_LOOP,80.56,128.381963,171.18,27,3,600.063,3,A000161
A000161_a4,S3,neither,NESTED_LOOP,80.56,162.000000,216.00,27,4,600.065,4,A000161
A000161_a5,S3,neither,NESTED_LOOP,80.56,188.076176,250.77,27,5,600.057,5,A000161
A000161_a7,S3,neither,NESTED_LOOP,80.56,227.395749,303.19,27,7,600.108,7,A000161
A000203_a2,S3,neither,WIDE_BIT,73.55,50.000000,70.00,20,2,600.314,2,A000203
A000203_a3,S3,predicted_only,NESTED_LOOP,116.78,79.248125,110.95,20,3,298.824,3,A000203
A000203_a4,S3,predicted_only,NESTED_LOOP,116.78,100.000000,140.00,20,4,324.186,4,A000203
A000203_a5,S3,predicted_only,NESTED_LOOP,116.78,116.096405,162.53,20,5,328.379,5,A000203
A000203_a7,S3,discovered,NESTED_LOOP,116.78,140.367746,196.51,20,7,313.298,7,A000203
A000217_a2,S3,discovered,CTX_X,17.86,34.000000,54.00,20,2,15.085,2,A000217
A000217_a3,S3,discovered,FUNC,26.73,53.888725,85.59,20,3,14.686,3,A000217
A000217_a4,S3,discovered,FUNC,37.09,68.000000,108.00,20,4,14.998,4,A000217
A000217_a5,S3,discovered,FUNC,35.09,78.945555,125.38,20,5,15.316,5,A000217
A000217_a7,S3,discovered,FUNC,35.09,95.450067,151.60,20,7,14.836,7,A000217
A000219_a2,S3,neither,ITER_L,62.73,21.000000,41.00,20,2,600.038,2,A000219
A000219_a3,S3,neither,ITER,49.53,33.284213,64.98,20,3,600.054,3,A000219
A000219_a4,S3,neither,ITER_L,60.73,42.000000,82.00,20,4,600.063,4,A000219
A000219_a5,S3,neither,ITER,49.53,48.760490,95.20,20,5,600.066,5,A000219
A000219_a7,S3,neither,ITER,51.53,58.954453,115.10,20,7,600.067,7,A000219
A000290_a2,S3,discovered,CTX_X,15.61,31.000000,51.00,20,2,10.015,2,A000290
A000290_a3,S3,discovered,CTX_X,24.11,49.133838,80.83,20,3,14.997,3,A000290
A000290_a4,S3,discovered,CTX_X,15.61,62.000000,102.00,20,4,10.085,4,A000290
A000290_a5,S3,discovered,FUNC,26.73,71.979771,118.42,20,5,14.788,5,A000290
A000290_a7,S3,discovered,FUNC,26.73,87.028003,143.18,20,7,14.985,7,A000290
A000292_a2,S3,predicted_only,FUNC,26.73,25.000000,45.00,20,2,48.551,2,A000292
A000292_a3,S3,discovered,CTX_X,19.20,39.624063,71.32,20,3,40.981,3,A000292
A000292_a4,S3,discovered,FUNC,36.09,50.000000,90.00,20,4,61.221,4,A000292
A000292_a5,S3,discovered,CTX_X,43.26,58.048202,104.49,20,5,46.049,5,A000292
A000292_a7,S3,predicted_only,NESTED_LOOP,82.15,70.183873,126.33,20,7,88.649,7,A000292
A000326_a2,S3,discovered,CTX_X,17.86,27.000000,47.00,20,2,14.739,2,A000326
A000326_a3,S3,discovered,CTX_X,15.61,42.793988,74.49,20,3,10.082,3,A000326
A000326_a4,S3,discovered,FUNC,28.73,54.000000,94.00,20,4,15.022,4,A000326
A000326_a5,S3,discovered,FUNC,36.09,62.692059,109.13,20,5,15.484,5,A000326
A000326_a7,S3,discovered,FUNC,37.09,75.798583,131.95,20,7,22.524,7,A000326
A000330_a2,S3,discovered,CTX_X,17.86,25.000000,45.00,20,2,14.937,2,A000330
A000330_a3,S3,discovered,CTX_X,26.06,39.624063,71.32,20,3,41.607,3,A000330
A000330_a4,S3,discovered,CTX_X,17.86,50.000000,90.00,20,4,15.168,4,A000330
A000330_a5,S3,discovered,CTX_X,41.34,58.048202,104.49,20,5,21.010,5,A000330
A000330_a7,S3,discovered,FUNC_L,53.54,70.183873,126.33,20,7,75.306,7,A000330
A000578_a2,S3,discovered,CTX_X,15.61,24.000000,44.00,20,2,10.015,2,A000578
A000578_a3,S3,discovered,CTX_X,15.61,38.039100,69.74,20,3,10.082,3,A000578
A000578_a4,S3,discovered,CTX_X,17.86,48.000000,88.00,20,4,14.899,4,A000578
A000578_a5,S3,discovered,FUNC,28.73,55.726274,102.16,20,5,19.719,5,A000578
A000578_a7,S3,discovered,FUNC,28.73,67.376518,123.52,20,7,18.441,7,A000578
A000593_a2,S3,neither,WIDE_BIT,73.55,55.000000,75.00,20,2,600.060,2,A000593
A000593_a3,S3,neither,STEP,47.84,87.172938,118.87,20,3,600.066,3,A000593
A000593_a4,S3,neither,NESTED_LOOP,114.45,110.000000,150.00,20,4,299.829,4,A000593
A000593_a5,S3,neither,ITER,47.53,127.706045,174.14,20,5,600.067,5,A000593
A000593_a7,S3,neither,ITER,47.53,154.404521,210.55,20,7,600.079,7,A000593
A000688_a2,S3,neither,FUNC_L,53.73,81.000000,107.00,26,2,600.070,2,A000688
A000688_a3,S3,neither,STEP,52.66,128.381963,169.59,26,3,600.055,3,A000688
A000688_a4,S3,neither,STEP,47.84,162.000000,214.00,26,4,600.056,4,A000688
A000688_a5,S3,neither,STEP,47.84,188.076176,248.45,26,5,600.070,5,A000688
A000688_a7,S3,neither,STEP,47.84,227.395749,300.39,26,7,600.062,7,A000688
A000720_a2,S3,neither,FUNC_L,56.55,58.000000,78.00,20,2,600.049,2,A000720
A000720_a3,S3,neither,NESTED_LOOP,85.32,91.927825,123.63,20,3,600.071,3,A000720
A000720_a4,S3,neither,FUNC_L,54.55,116.000000,156.00,20,4,600.061,4,A000720
A000720_a5,S3,neither,FUNC_L,55.73,134.671830,181.11,20,5,600.055,5,A000720
A000720_a7,S3,neither,FUNC_L,55.73,162.826585,218.97,20,7,600.049,7,A000720
A000793_a2,S3,neither,WIDE_BIT,65.56,28.000000,48.00,20,2,78.899,2,A000793
A000793_a3,S3,neither,ITER_L,61.73,44.378950,76.08,20,3,600.055,3,A000793
A000793_a4,S3,neither,FUNC,44.53,56.000000,96.00,20,4,600.057,4,A000793
A000793_a5,S3,neither,FUNC_L,53.73,65.013987,111.45,20,5,600.058,5,A000793
A000793_a7,S3,neither,FUNC,36.09,78.605938,134.75,20,7,600.037,7,A000793
A000796_a2,S3,neither,WIDE_BIT,76.72,79.000000,105.00,26,2,600.062,2,A000796
A000796_a3,S3,neither,ITER,48.53,125.212038,166.42,26,3,600.042,3,A000796
A000796_a4,S3,neither,STEP,47.59,158.000000,210.00,26,4,600.038,4,A000796
A000796_a5,S3,neither,STEP,53.41,183.432319,243.80,26,5,600.061,5,A000796
A000796_a7,S3,neither,STEP,48.59,221.781039,294.77,26,7,600.059,7,A000796
A000959_a2,S3,discovered,DARY,13.45,37.000000,57.00,20,2,10.088,2,A000959
A000959_a3,S3,neither,ITER,57.13,58.643613,90.34,20,3,600.035,3,A000959
A000959_a4,S3,neither,ITER,48.53,74.000000,114.00,20,4,600.038,4,A000959
A000959_a5,S3,neither,FUNC,43.53,85.911340,132.35,20,5,600.046,5,A000959
A000959_a7,S3,neither,FUNC,35.09,103.872132,160.02,20,7,600.034,7,A000959
A000961_a2,S3,neither,WIDE_BIT,68.29,44.000000,64.00,20,2,600.043,2,A000961
A000961_a3,S3,neither,FUNC,44.53,69.738350,101.44,20,3,600.039,3,A000961
A000961_a4,S3,neither,ITER_L,66.58,88.000000,128.00,20,4,600.035,4,A000961
A000961_a5,S3,neither,ITER_L,66.58,102.164836,148.60,20,5,600.037,5,A000961
A000961_a7,S3,neither,ITER_L,66.58,123.523617,179.67,20,7,600.045,7,A000961
A001037_a2,S3,neither,ITER,51.53,21.000000,41.00,20,2,30.335,2,A001037
A001037_a3,S3,neither,STEP,49.77,33.284213,64.98,20,3,602.926,3,A001037
A001037_a4,S3,neither,ITER,48.53,42.000000,82.00,20,4,600.033,4,A001037
A001037_a5,S3,neither,ITER_L,61.98,48.760490,95.20,20,5,605.555,5,A001037
A001037_a7,S3,neither,FUNC,42.53,58.954453,115.10,20,7,609.084,7,A001037
A001055_a2,S3,neither,WIDE_BIT,71.96,78.000000,103.00,25,2,600.074,2,A001055
A001055_a3,S3,neither,ITER,49.53,123.627075,163.25,25,3,600.040,3,A001055
A001055_a4,S3,neither,STEP,45.59,156.000000,206.00,25,4,600.051,4,A001055
A001055_a5,S3,neither,STEP,45.59,181.110391,239.16,25,5,600.042,5,A001055
A001055_a7,S3,neither,STEP,45.59,218.973684,289.16,25,7,600.055,7,A001055
A001065_a2,S3,neither,NESTED_LOOP,114.45,60.000000,80.00,20,2,345.341,2,A001065
A001065_a3,S3,neither,FUNC_L,56.30,95.097750,126.80,20,3,600.033,3,A001065
A001065_a4,S3,neither,FUNC_L,46.78,120.000000,160.00,20,4,600.047,4,A001065
A001065_a5,S3,discovered,NESTED_LOOP,116.78,139.315686,185.75,20,5,313.722,5,A001065
A001065_a7,S3,neither,FUNC_L,55.55,168.441295,224.59,20,7,600.046,7,A001065
A001097_a2,S3,discovered,DARY,13.45,37.000000,57.00,20,2,10.122,2,A001097
A001097_a3,S3,discovered,CTX_X,28.84,58.643613,90.34,20,3,10.147,3,A001097
A001097_a4,S3,neither,STEP,50.07,74.000000,114.00,20,4,600.038,4,A001097
A001097_a5,S3,neither,FUNC,42.53,85.911340,132.35,20,5,600.063,5,A001097
A001097_a7,S3,neither,STEP,52.99,103.872132,160.02,20,7,600.034,7,A001097
A001113_a2,S3,neither,FUNC_L,52.98,79.000000,105.00,26,2,600.031,2,A001113
A001113_a3,S3,neither,STEP,58.93,125.212038,166.42,26,3,600.048,3,A001113
A001113_a4,S3,neither,STEP,57.16,158.000000,210.00,26,4,600.050,4,A001113
A001113_a5,S3,neither,STEP,48.59,183.432319,243.80,26,5,600.072,5,A001113
A001113_a7,S3,neither,FUNC_L,53.73,221.781039,294.77,26,7,600.049,7,A001113
A001157_a2,S3,neither,WIDE_BIT,73.55,30.000000,50.00,20,2,600.062,2,A001157
A001157_a3,S3,neither,FUNC,43.53,47.548875,79.25,20,3,600.031,3,A001157
A001157_a4,S3,predicted_only,NESTED_LOOP,116.78,60.000000,100.00,20,4,354.199,4,A001157
A001157_a5,S3,neither,FUNC_L,54.73,69.657843,116.10,20,5,600.389,5,A001157
A001157_a7,S3,neither,FUNC,43.53,84.220648,140.37,20,7,600.044,7,A001157
A001221_a2,S3,neither,NESTED_LOOP,95.72,84.000000,111.00,27,2,600.036,2,A001221
A001221_a3,S3,neither,NESTED_LOOP,83.73,133.136850,175.93,27,3,600.041,3,A001221
A001221_a4,S3,neither,NESTED_LOOP,105.72,168.000000,222.00,27,4,600.042,4,A001221
A001221_a5,S3,neither,NESTED_LOOP,105.72,195.041960,257.73,27,5,600.040,5,A001221
A001221_a7,S3,neither,NESTED_LOOP,105.72,235.817813,311.62,27,7,600.041,7,A001221
A001222_a2,S3,neither,FUNC_L,53.98,84.000000,111.00,27,2,600.043,2,A001222
A001222_a3,S3,neither,STEP,51.88,133.136850,175.93,27,3,600.036,3,A001222
A001222_a4,S3,neither,STEP,56.93,168.000000,222.00,27,4,600.045,4,A001222
A001222_a5,S3,neither,STEP,61.88,195.041960,257.73,27,5,600.046,5,A001222
A001222_a7,S3,neither,FUNC_L,53.54,235.817813,311.62,27,7,600.050,7,A001222
A001227_a2,S3,neither,WIDE_BIT,73.55,79.000000,105.00,26,2,600.065,2,A001227
A001227_a3,S3,discovered,NESTED_LOOP,116.78,125.212038,166.42,26,3,273.677,3,A001227
A001227_a4,S3,discovered,NESTED_LOOP,116.78,158.000000,210.00,26,4,270.521,4,A001227
A001227_a5,S3,discovered,NESTED_LOOP,116.78,183.432319,243.80,26,5,228.687,5,A001227
A001227_a7,S3,discovered,NESTED_LOOP,116.78,221.781039,294.77,26,7,262.703,7,A001227
A001285_a2,S3,discovered,DARY,17.62,77.000000,102.00,25,2,15.085,2,A001285
A001285_a3,S3,discovered,NESTED_LOOP,97.72,122.042113,161.67,25,3,185.714,3,A001285
A001285_a4,S3,discovered,NESTED_LOOP,101.72,154.000000,204.00,25,4,226.211,4,A001285
A001285_a5,S3,neither,FUNC_L,62.50,178.788463,236.84,25,5,600.059,5,A001285
A001285_a7,S3,neither,NESTED_LOOP,116.78,216.166329,286.35,25,7,600.036,7,A001285
A001358_a2,S3,neither,NESTED_LOOP,85.32,41.000000,61.00,20,2,600.059,2,A001358
A001358_a3,S3,neither,STEP,50.33,64.983463,96.68,20,3,600.087,3,A001358
A001358_a4,S3,neither,FUNC_L,55.13,82.000000,122.00,20,4,600.063,4,A001358
A001358_a5,S3,neither,STEP,42.59,95.199052,141.64,20,5,600.063,5,A001358
A001358_a7,S3,neither,FUNC_L,43.78,115.101552,171.25,20,7,600.069,7,A001358
A001462_a2,S3,neither,WIDE_BIT,71.96,63.000000,84.00,21,2,600.035,2,A001462
A001462_a3,S3,neither,ITER_L,68.17,99.852638,133.14,21,3,600.067,3,A001462
A001462_a4,S3,neither,FUNC,36.09,126.000000,168.00,21,4,600.066,4,A001462
A001462_a5,S3,neither,NESTED_LOOP,97.72,146.281470,195.04,21,5,600.073,5,A001462
A001462_a7,S3,neither,FUNC,51.13,176.863360,235.82,21,7,600.067,7,A001462
A001477_a2,S3,discovered,CTX_X,15.61,58.000000,78.00,20,2,10.010,2,A001477
A001477_a3,S3,discovered,CTX_X,15.61,91.927825,123.63,20,3,10.079,3,A001477
A001477_a4,S3,discovered,CTX_X,15.61,116.000000,156.00,20,4,10.074,4,A001477
A001477_a5,S3,discovered,CTX_X,15.61,134.671830,181.11,20,5,10.075,5,A001477
A001477_a7,S3,discovered,CTX_X,15.61,162.826585,218.97,20,7,10.074,7,A001477
A001481_a2,S3,neither,NESTED_LOOP,85.32,46.000000,66.00,20,2,600.065,2,A001481
A001481_a3,S3,neither,FUNC,46.53,72.908275,104.61,20,3,600.067,3,A001481
A001481_a4,S3,neither,STEP,43.59,92.000000,132.00,20,4,600.067,4,A001481
A001481_a5,S3,neither,ITER_L,66.33,106.808692,153.25,20,5,600.066,5,A001481
A001481_a7,S3,neither,FUNC,36.09,129.138326,185.29,20,7,600.068,7,A001481
A001511_a2,S3,discovered,FUNC_L,49.62,79.000000,105.00,26,2,37.406,2,A001511
A001511_a3,S3,discovered,FUNC_L,49.62,125.212038,166.42,26,3,48.872,3,A001511
A001511_a4,S3,discovered,FUNC_L,49.62,158.000000,210.00,26,4,45.996,4,A001511
A001511_a5,S3,discovered,FUNC_L,49.62,183.432319,243.80,26,5,51.034,5,A001511
A001511_a7,S3,discovered,FUNC_L,49.62,221.781039,294.77,26,7,44.095,7,A001511
A001615_a2,S3,discovered,DARY,15.70,49.000000,69.00,20,2,15.801,2,A001615
A001615_a3,S3,neither,NESTED_LOOP,99.72,77.663163,109.36,20,3,600.077,3,A001615
A001615_a4,S3,neither,ITER,50.53,98.000000,138.00,20,4,600.090,4,A001615
A001615_a5,S3,neither,FUNC_L,52.98,113.774477,160.21,20,5,600.081,5,A001615
A001615_a7,S3,neither,STEP,47.84,137.560391,193.71,20,7,600.064,7,A001615
A001622_a2,S3,neither,WIDE_BIT,73.55,79.000000,105.00,26,2,600.033,2,A001622
A001622_a3,S3,neither,STEP,54.81,125.212038,166.42,26,3,600.075,3,A001622
A001622_a4,S3,neither,STEP,56.35,158.000000,210.00,26,4,600.084,4,A001622
A001622_a5,S3,neither,STEP,56.58,183.432319,243.80,26,5,600.085,5,A001622
A001622_a7,S3,neither,ITER_F,42.09,221.781039,294.77,26,7,600.069,7,A001622
A001969_a2,S3,discovered,DARY,16.62,45.000000,65.00,20,2,16.067,2,A001969
A001969_a3,S3,predicted_only,NESTED_LOOP,99.72,71.323313,103.02,20,3,175.966,3,A001969
A001969_a4,S3,neither,NESTED_LOOP,64.81,90.000000,130.00,20,4,600.083,4,A001969
A001969_a5,S3,neither,FUNC_L,56.98,104.486764,150.93,20,5,600.064,5,A001969
A001969_a7,S3,neither,ITER_L,57.73,126.330971,182.48,20,7,600.065,7,A001969
A002033_a2,S3,neither,WIDE_BIT,75.13,72.000000,96.00,24,2,600.033,2,A002033
A002033_a3,S3,neither,STEP,43.59,114.117300,152.16,24,3,600.068,3,A002033
A002033_a4,S3,neither,STEP,43.59,144.000000,192.00,24,4,600.077,4,A002033
A002033_a5,S3,neither,STEP,43.59,167.178823,222.91,24,5,600.079,5,A002033
A002033_a7,S3,neither,STEP,43.59,202.129554,269.51,24,7,600.081,7,A002033
A002106_a2,S3,neither,ITER,49.53,27.000000,47.00,20,2,600.034,2,A002106
A002106_a3,S3,neither,STEP,51.58,42.793988,74.49,20,3,600.067,3,A002106
A002106_a4,S3,neither,FUNC_L,62.50,54.000000,94.00,20,4,600.062,4,A002106
A002106_a5,S3,neither,FUNC,42.53,62.692059,109.13,20,5,600.061,5,A002106
A002106_a7,S3,neither,FUNC,44.53,75.798583,131.95,20,7,600.063,7,A002106
A002113_a2,S3,neither,NESTED_LOOP,83.73,41.000000,61.00,20,2,600.104,2,A002113
A002113_a3,S3,neither,NESTED_LOOP,85.32,64.983463,96.68,20,3,600.065,3,A002113
A002113_a4,S3,neither,NESTED_LOOP,83.73,82.000000,122.00,20,4,600.077,4,A002113
A002113_a5,S3,neither,NESTED_LOOP,82.15,95.199052,141.64,20,5,600.068,5,A002113
A002113_a7,S3,neither,ITER,48.53,115.101552,171.25,20,7,600.072,7,A002113
A002322_a2,S3,discovered,DARY,15.70,61.000000,81.00,20,2,27.293,2,A002322
A002322_a3,S3,neither,STEP,44.59,96.682713,128.38,20,3,600.072,3,A002322
A002322_a4,S3,neither,STEP,49.84,122.000000,162.00,20,4,600.065,4,A002322
A002322_a5,S3,neither,ITER,42.09,141.637614,188.08,20,5,600.073,5,A002322
A002322_a7,S3,neither,STEP,46.59,171.248650,227.40,20,7,600.086,7,A002322
A002378_a2,S3,discovered,DARY,13.45,31.000000,51.00,20,2,10.192,2,A002378
A002378_a3,S3,discovered,FUNC,28.73,49.133838,80.83,20,3,15.096,3,A002378
A002378_a4,S3,discovered,CTX_X,24.73,62.000000,102.00,20,4,14.708,4,A002378
A002378_a5,S3,discovered,FUNC,28.73,71.979771,118.42,20,5,15.006,5,A002378
A002378_a7,S3,discovered,FUNC,28.73,87.028003,143.18,20,7,14.975,7,A002378
A002487_a2,S3,discovered,CTX_X,24.11,69.000000,92.00,23,2,24.515,2,A002487
A002487_a3,S3,predicted_only,NESTED_LOOP,116.78,109.362413,145.82,23,3,283.743,3,A002487
A002487_a4,S3,discovered,NESTED_LOOP,116.78,138.000000,184.00,23,4,282.302,4,A002487
A002487_a5,S3,discovered,NESTED_LOOP,116.78,160.213039,213.62,23,5,249.945,5,A002487
A002487_a7,S3,discovered,NESTED_LOOP,116.78,193.707490,258.28,23,7,277.729,7,A002487
A002572_a2,S3,neither,WIDE_BIT,73.55,21.000000,41.00,20,2,600.043,2,A002572
A002572_a3,S3,neither,FUNC,45.53,33.284213,64.98,20,3,600.069,3,A002572
A002572_a4,S3,neither,FUNC,34.09,42.000000,82.00,20,4,600.090,4,A002572
A002572_a5,S3,neither,ITER,50.53,48.760490,95.20,20,5,600.135,5,A002572
A002572_a7,S3,neither,ITER,49.53,58.954453,115.10,20,7,600.097,7,A002572
A002620_a2,S3,discovered,FUNC,25.73,38.000000,58.00,20,2,60.207,2,A002620
A002620_a3,S3,discovered,FUNC,28.73,60.228575,91.93,20,3,41.542,3,A002620
A002620_a4,S3,discovered,FUNC,28.73,76.000000,116.00,20,4,47.472,4,A002620
A002620_a5,S3,discovered,FUNC,28.73,88.233268,134.67,20,5,47.675,5,A002620
A002620_a7,S3,discovered,FUNC,28.73,106.679487,162.83,20,7,18.265,7,A002620
A002654_a2,S3,neither,WIDE_BIT,73.55,79.000000,105.00,26,2,600.080,2,A002654
A002654_a3,S3,neither,ITER_F,75.30,125.212038,166.42,26,3,600.084,3,A002654
A002654_a4,S3,compressed_only,NESTED_LOOP,116.78,158.000000,210.00,26,4,295.898,4,A002654
A002654_a5,S3,neither,FUNC_L,53.73,183.432319,243.80,26,5,600.092,5,A002654
A002654_a7,S3,neither,ITER,41.09,221.781039,294.77,26,7,600.126,7,A002654
A002808_a2,S3,neither,FUNC_L,60.58,44.000000,64.00,20,2,600.103,2,A002808
A002808_a3,S3,neither,STEP,51.99,69.738350,101.44,20,3,600.100,3,A002808
A002808_a4,S3,neither,FUNC_L,53.73,88.000000,128.00,20,4,600.057,4,A002808
A002808_a5,S3,neither,FUNC_L,53.73,102.164836,148.60,20,5,600.135,5,A002808
A002808_a7,S3,neither,STEP,49.21,123.523617,179.67,20,7,600.087,7,A002808
A003136_a2,S3,neither,FUNC_L,54.55,44.000000,64.00,20,2,600.080,2,A003136
A003136_a3,S3,neither,FUNC_L,55.73,69.738350,101.44,20,3,600.086,3,A003136
A003136_a4,S3,neither,STEP,52.33,88.000000,128.00,20,4,600.097,4,A003136
A003136_a5,S3,neither,ITER,47.53,102.164836,148.60,20,5,600.078,5,A003136
A003136_a7,S3,neither,FUNC_L,63.75,123.523617,179.67,20,7,600.070,7,A003136
A003415_a2,S3,neither,FUNC_L,55.98,59.000000,79.00,20,2,600.089,2,A003415
A003415_a3,S3,neither,FUNC_L,45.53,93.512788,125.21,20,3,602.556,3,A003415
A003415_a4,S3,neither,STEP,56.99,118.000000,158.00,20,4,600.098,4,A003415
A003415_a5,S3,neither,FUNC_L,53.73,136.993758,183.43,20,5,600.091,5,A003415
A003415_a7,S3,neither,FUNC_L,45.78,165.633940,221.78,20,7,600.082,7,A003415
A003484_a2,S3,neither,WIDE_BIT,70.38,77.000000,102.00,25,2,614.110,2,A003484
A003484_a3,S3,neither,NESTED_LOOP,63.81,122.042113,161.67,25,3,600.049,3,A003484
A003484_a4,S3,neither,NESTED_LOOP,80.56,154.000000,204.00,25,4,600.088,4,A003484
A003484_a5,S3,neither,STEP,57.25,178.788463,236.84,25,5,600.081,5,A003484
A003484_a7,S3,neither,FUNC_F,54.30,216.166329,286.35,25,7,600.100,7,A003484
A004011_a2,S3,discovered,DARY,15.03,33.000000,53.00,20,2,10.019,2,A004011
A004011_a3,S3,discovered,DARY,15.03,52.303763,84.00,20,3,10.093,3,A004011
A004011_a4,S3,discovered,DARY,15.03,66.000000,106.00,20,4,10.139,4,A004011
A004011_a5,S3,neither,ITER_L,59.73,76.623627,123.06,20,5,600.076,5,A004011
A004011_a7,S3,neither,FUNC_L,53.73,92.642712,148.79,20,7,600.075,7,A004011
A004018_a2,S3,discovered,DARY,15.03,77.000000,102.00,25,2,10.011,2,A004018
A004018_a3,S3,neither,ITER_F,75.30,122.042113,161.67,25,3,600.064,3,A004018
A004018_a4,S3,discovered,DARY,15.03,154.000000,204.00,25,4,10.101,4,A004018
A004018_a5,S3,neither,FUNC_L,54.73,178.788463,236.84,25,5,600.064,5,A004018
A004018_a7,S3,neither,FUNC_L,53.73,216.166329,286.35,25,7,600.072,7,A004018
A004526_a2,S3,discovered,CTX_X,17.86,54.000000,74.00,20,2,15.957,2,A004526
A004526_a3,S3,discovered,CTX_X,17.86,85.587975,117.29,20,3,23.004,3,A004526
A004526_a4,S3,discovered,CTX_X,17.86,108.000000,148.00,20,4,14.899,4,A004526
A004526_a5,S3,discovered,CTX_X,17.86,125.384117,171.82,20,5,15.050,5,A004526
A004526_a7,S3,discovered,CTX_X,17.86,151.597166,207.74,20,7,25.713,7,A004526
A005100_a2,S3,neither,WIDE_BIT,76.72,46.000000,66.00,20,2,600.041,2,A005100
A005100_a3,S3,neither,FUNC,25.73,72.908275,104.61,20,3,600.087,3,A005100
A005100_a4,S3,neither,FUNC,35.09,92.000000,132.00,20,4,600.064,4,A005100
A005100_a5,S3,neither,NESTED_LOOP,83.73,106.808692,153.25,20,5,600.076,5,A005100
A005100_a7,S3,neither,FUNC,35.09,129.138326,185.29,20,7,600.067,7,A005100
A005101_a2,S3,discovered,DARY,13.45,42.000000,62.00,20,2,10.204,2,A005101
A005101_a3,S3,neither,FUNC,46.53,66.568425,98.27,20,3,600.066,3,A005101
A005101_a4,S3,neither,FUNC,35.09,84.000000,124.00,20,4,600.062,4,A005101
A005101_a5,S3,neither,ITER,51.78,97.520980,143.96,20,5,600.076,5,A005101
A005101_a7,S3,neither,STEP,53.08,117.908907,174.06,20,7,600.062,7,A005101
A005117_a2,S3,neither,WIDE_BIT,73.55,51.000000,71.00,20,2,600.083,2,A005117
A005117_a3,S3,neither,STEP,53.50,80.833088,112.53,20,3,600.068,3,A005117
A005117_a4,S3,neither,FUNC_L,52.73,102.000000,142.00,20,4,600.077,4,A005117
A005117_a5,S3,neither,FUNC,34.09,118.418333,164.86,20,5,600.069,5,A005117
A005117_a7,S3,neither,ITER,40.09,143.175101,199.32,20,7,600.068,7,A005117
A005408_a2,S3,discovered,DARY,13.45,46.000000,66.00,20,2,10.144,2,A005408
A005408_a3,S3,discovered,DARY,19.19,72.908275,104.61,20,3,10.135,3,A005408
A005408_a4,S3,discovered,CTX_X,15.61,92.000000,132.00,20,4,10.154,4,A005408
A005408_a5,S3,discovered,CTX_X,22.48,106.808692,153.25,20,5,10.626,5,A005408
A005408_a7,S3,discovered,CTX_X,22.48,129.138326,185.29,20,7,10.399,7,A005408
A005811_a2,S3,discovered,CTX_X,15.61,71.000000,94.00,23,2,10.015,2,A005811
A005811_a3,S3,neither,ITER,48.53,112.532338,148.99,23,3,600.067,3,A005811
A005811_a4,S3,neither,ITER,49.53,142.000000,188.00,23,4,600.088,4,A005811
A005811_a5,S3,neither,ITER,48.53,164.856895,218.26,23,5,600.096,5,A005811
A005811_a7,S3,neither,FUNC_L,54.71,199.322199,263.89,23,7,600.075,7,A005811
A005843_a2,S3,discovered,DARY,13.45,41.000000,61.00,20,2,10.303,2,A005843
A005843_a3,S3,discovered,DARY,18.19,64.983463,96.68,20,3,10.165,3,A005843
A005843_a4,S3,discovered,CTX_X,22.48,82.000000,122.00,20,4,10.146,4,A005843
A005843_a5,S3,discovered,CTX_X,22.48,95.199052,141.64,20,5,10.143,5,A005843
A005843_a7,S3,discovered,CTX_X,22.48,115.101552,171.25,20,7,10.187,7,A005843
A006530_a2,S3,discovered,FUNC_L,54.73,65.000000,86.00,21,2,22.303,2,A006530
A006530_a3,S3,neither,FUNC,43.53,103.022563,136.31,21,3,600.104,3,A006530
A006530_a4,S3,neither,STEP,51.28,130.000000,172.00,21,4,602.435,4,A006530
A006530_a5,S3,neither,FUNC_L,52.73,150.925326,199.69,21,5,600.092,5,A006530
A006530_a7,S3,neither,STEP,55.50,182.478070,241.43,21,7,600.150,7,A006530
A007318_a2,S3,neither,WIDE_BIT,71.96,58.000000,78.00,20,2,612.863,2,A007318
A007318_a3,S3,neither,ITER_L,66.92,91.927825,123.63,20,3,600.081,3,A007318
A007318_a4,S3,neither,STEP,49.69,116.000000,156.00,20,4,600.322,4,A007318
A007318_a5,S3,neither,STEP,49.69,134.671830,181.11,20,5,600.107,5,A007318
A007318_a7,S3,neither,STEP,49.69,162.826585,218.97,20,7,600.068,7,A007318
A008277_a2,S3,neither,WIDE_BIT,75.13,46.000000,66.00,20,2,600.035,2,A008277
A008277_a3,S3,neither,STEP,55.16,72.908275,104.61,20,3,600.076,3,A008277
A008277_a4,S3,neither,STEP,52.94,92.000000,132.00,20,4,600.075,4,A008277
A008277_a5,S3,neither,STEP,46.00,106.808692,153.25,20,5,622.319,5,A008277
A008277_a7,S3,neither,STEP,52.56,129.138326,185.29,20,7,600.088,7,A008277
A008279_a2,S3,neither,WIDE_BIT,71.96,35.000000,55.00,20,2,613.442,2,A008279
A008279_a3,S3,neither,STEP,52.50,55.473688,87.17,20,3,600.079,3,A008279
A008279_a4,S3,neither,FUNC,46.53,70.000000,110.00,20,4,600.076,4,A008279
A008279_a5,S3,neither,FUNC_L,59.33,81.267483,127.71,20,5,600.090,5,A008279
A008279_a7,S3,neither,FUNC,46.53,98.257422,154.40,20,7,600.064,7,A008279
A008292_a2,S3,neither,WIDE_BIT,71.96,35.000000,55.00,20,2,615.995,2,A008292
A008292_a3,S3,neither,FUNC_L,53.98,55.473688,87.17,20,3,600.060,3,A008292
A008292_a4,S3,neither,FUNC_L,51.73,70.000000,110.00,20,4,600.081,4,A008292
A008292_a5,S3,neither,FUNC_L,45.53,81.267483,127.71,20,5,600.087,5,A008292
A008292_a7,S3,neither,FUNC_L,53.98,98.257422,154.40,20,7,600.025,7,A008292
A010060_a2,S3,discovered,DARY,16.62,79.000000,105.00,26,2,10.900,2,A010060
A010060_a3,S3,discovered,DARY,16.62,125.212038,166.42,26,3,17.695,3,A010060
A010060_a4,S3,discovered,DARY,16.62,158.000000,210.00,26,4,22.947,4,A010060
A010060_a5,S3,discovered,DARY,16.62,183.432319,243.80,26,5,20.881,5,A010060
A010060_a7,S3,discovered,DARY,16.62,221.781039,294.77,26,7,21.474,7,A010060
A018252_a2,S3,neither,ITER_L,68.17,45.000000,65.00,20,2,600.013,2,A018252
A018252_a3,S3,neither,ITER,40.09,71.323313,103.02,20,3,600.078,3,A018252
A018252_a4,S3,neither,ITER_L,60.73,90.000000,130.00,20,4,600.064,4,A018252
A018252_a5,S3,neither,ITER_L,60.73,104.486764,150.93,20,5,600.061,5,A018252
A018252_a7,S3,neither,ITER_L,60.73,126.330971,182.48,20,7,600.061,7,A018252
A020639_a2,S3,discovered,CTX_X,15.61,73.000000,97.00,24,2,10.010,2,A020639
A020639_a3,S3,neither,FUNC_L,52.98,115.702263,153.74,24,3,600.067,3,A020639
A020639_a4,S3,neither,NESTED_LOOP,82.15,146.000000,194.00,24,4,600.075,4,A020639
A020639_a5,S3,neither,STEP,50.93,169.500751,225.23,24,5,600.063,5,A020639
A020639_a7,S3,neither,FUNC_L,53.13,204.936909,272.31,24,7,600.064,7,A020639
A020652_a2,S3,neither,WIDE_BIT,73.55,73.000000,97.00,24,2,600.044,2,A020652
A020652_a3,S3,neither,STEP,43.59,115.702263,153.74,24,3,600.053,3,A020652
A020652_a4,S3,neither,STEP,43.59,146.000000,194.00,24,4,600.062,4,A020652
A020652_a5,S3,neither,STEP,43.59,169.500751,225.23,24,5,600.065,5,A020652
A020652_a7,S3,neither,STEP,43.59,204.936909,272.31,24,7,600.060,7,A020652
A020653_a2,S3,neither,FUNC_L,54.73,72.000000,96.00,24,2,600.040,2,A020653
A020653_a3,S3,neither,STEP,52.94,114.117300,152.16,24,3,600.058,3,A020653
A020653_a4,S3,neither,STEP,56.00,144.000000,192.00,24,4,600.058,4,A020653
A020653_a5,S3,neither,STEP,39.59,167.178823,222.91,24,5,600.082,5,A020653
A020653_a7,S3,neither,FUNC_L,53.73,202.129554,269.51,24,7,600.064,7,A020653
A025487_a2,S3,discovered,DARY,15.03,34.000000,54.00,20,2,10.013,2,A025487
A025487_a3,S3,neither,ITER_L,66.58,53.888725,85.59,20,3,600.058,3,A025487
A025487_a4,S3,neither,NESTED_LOOP,101.72,68.000000,108.00,20,4,600.060,4,A025487
A025487_a5,S3,neither,ITER,41.09,78.945555,125.38,20,5,600.050,5,A025487
A025487_a7,S3,neither,ITER,42.09,95.450067,151.60,20,7,600.055,7,A025487
A027642_a2,S3,discovered,CTX_X,19.20,42.000000,62.00,20,2,40.827,2,A027642
A027642_a3,S3,discovered,CTX_X,17.86,66.568425,98.27,20,3,15.832,3,A027642
A027642_a4,S3,discovered,CTX_X,26.06,84.000000,124.00,20,4,41.731,4,A027642
A027642_a5,S3,neither,FUNC_L,55.73,97.520980,143.96,20,5,600.065,5,A027642
A027642_a7,S3,neither,ITER,38.09,117.908907,174.06,20,7,600.049,7,A027642
A038566_a2,S3,neither,WIDE_BIT,69.46,72.000000,96.00,24,2,600.040,2,A038566
A038566_a3,S3,neither,FUNC,51.13,114.117300,152.16,24,3,600.056,3,A038566
A038566_a4,S3,neither,STEP,57.25,144.000000,192.00,24,4,600.051,4,A038566
A038566_a5,S3,neither,STEP,48.66,167.178823,222.91,24,5,600.058,5,A038566
A038566_a7,S3,neither,STEP,48.66,202.129554,269.51,24,7,600.058,7,A038566
A038567_a2,S3,neither,WIDE_BIT,68.96,58.000000,78.00,20,2,600.037,2,A038567
A038567_a3,S3,neither,NESTED_LOOP,71.40,91.927825,123.63,20,3,600.063,3,A038567
A038567_a4,S3,neither,NESTED_LOOP,71.40,116.000000,156.00,20,4,600.062,4,A038567
A038567_a5,S3,neither,NESTED_LOOP,71.40,134.671830,181.11,20,5,600.078,5,A038567
A038567_a7,S3,neither,NESTED_LOOP,71.40,162.826585,218.97,20,7,600.065,7,A038567
A038568_a2,S3,neither,ITER_L,72.09,71.000000,94.00,23,2,600.040,2,A038568
A038568_a3,S3,neither,STEP,52.17,112.532338,148.99,23,3,600.053,3,A038568
A038568_a4,S3,neither,STEP,51.49,142.000000,188.00,23,4,600.067,4,A038568
A038568_a5,S3,neither,STEP,56.04,164.856895,218.26,23,5,600.070,5,A038568
A038568_a7,S3,neither,STEP,43.59,199.322199,263.89,23,7,600.063,7,A038568
A038569_a2,S3,neither,WIDE_BIT,76.72,71.000000,94.00,23,2,600.038,2,A038569
A038569_a3,S3,neither,ITER_L,68.92,112.532338,148.99,23,3,600.067,3,A038569
A038569_a4,S3,neither,STEP,50.44,142.000000,188.00,23,4,600.064,4,A038569
A038569_a5,S3,neither,STEP,50.44,164.856895,218.26,23,5,600.071,5,A038569
A038569_a7,S3,neither,STEP,50.44,199.322199,263.89,23,7,600.062,7,A038569
A056239_a2,S3,neither,FUNC_L,56.71,69.000000,91.00,22,2,600.055,2,A056239
A056239_a3,S3,neither,STEP,47.46,109.362413,144.23,22,3,600.042,3,A056239
A056239_a4,S3,neither,ITER,46.53,138.000000,182.00,22,4,600.047,4,A056239
A056239_a5,S3,neither,STEP,47.68,160.213039,211.30,22,5,600.059,5,A056239
A056239_a7,S3,neither,FUNC_L,62.17,193.707490,255.47,22,7,600.050,7,A056239
A070939_a2,S3,discovered,DARY,13.45,79.000000,105.00,26,2,17.778,2,A070939
A070939_a3,S3,discovered,DARY,13.45,125.212038,166.42,26,3,17.290,3,A070939
A070939_a4,S3,discovered,DARY,13.45,158.000000,210.00,26,4,17.408,4,A070939
A070939_a5,S3,discovered,DARY,13.45,183.432319,243.80,26,5,17.645,5,A070939
A070939_a7,S3,discovered,DARY,13.45,221.781039,294.77,26,7,17.279,7,A070939
A074206_a2,S3,neither,NESTED_LOOP,86.90,73.000000,97.00,24,2,600.056,2,A074206
A074206_a3,S3,neither,FUNC_L,53.98,115.702263,153.74,24,3,600.053,3,A074206
A074206_a4,S3,neither,FUNC_L,47.78,146.000000,194.00,24,4,600.052,4,A074206
A074206_a5,S3,neither,FUNC_L,47.78,169.500751,225.23,24,5,600.055,5,A074206
A074206_a7,S3,neither,FUNC_L,47.78,204.936909,272.31,24,7,600.055,7,A074206
A104725_a2,S3,neither,FUNC_L,53.98,65.000000,86.00,21,2,600.053,2,A104725
A104725_a3,S3,neither,STEP,47.84,103.022563,136.31,21,3,600.064,3,A104725
A104725_a4,S3,neither,STEP,47.84,130.000000,172.00,21,4,600.049,4,A104725
A104725_a5,S3,neither,FUNC_L,47.78,150.925326,199.69,21,5,600.081,5,A104725
A104725_a7,S3,neither,FUNC_L,39.34,182.478070,241.43,21,7,600.058,7,A104725
A112798_a2,S3,neither,WIDE_BIT,69.59,77.000000,102.00,25,2,600.040,2,A112798
A112798_a3,S3,neither,STEP,47.84,122.042113,161.67,25,3,600.067,3,A112798
A112798_a4,S3,neither,STEP,56.20,154.000000,204.00,25,4,600.074,4,A112798
A112798_a5,S3,neither,FUNC_L,54.73,178.788463,236.84,25,5,1123.530,5,A112798
A112798_a7,S3,neither,FUNC_L,54.73,216.166329,286.35,25,7,2745.643,7,A112798
A217831_a2,S3,neither,FUNC_L,57.55,72.000000,96.00,24,2,975.657,2,A217831
A217831_a3,S3,neither,NESTED_LOOP,86.90,114.117300,152.16,24,3,600.051,3,A217831
A217831_a4,S3,neither,NESTED_LOOP,86.90,144.000000,192.00,24,4,600.050,4,A217831
A217831_a5,S3,neither,NESTED_LOOP,86.90,167.178823,222.91,24,5,600.051,5,A217831
A217831_a7,S3,neither,NESTED_LOOP,86.90,202.129554,269.51,24,7,600.046,7,A217831
A226898_a2,S3,neither,WIDE_BIT,66.16,69.000000,92.00,23,2,600.051,2,A226898
A226898_a3,S3,neither,STEP,53.03,109.362413,145.82,23,3,600.055,3,A226898
A226898_a4,S3,neither,STEP,53.03,138.000000,184.00,23,4,600.068,4,A226898
A226898_a5,S3,neither,STEP,53.03,160.213039,213.62,23,5,600.076,5,A226898
A226898_a7,S3,neither,STEP,53.03,193.707490,258.28,23,7,600.052,7,A226898
A246655_a2,S3,neither,ITER_L,62.23,41.000000,61.00,20,2,600.040,2,A246655
A246655_a3,S3,neither,STEP,54.64,64.983463,96.68,20,3,600.063,3,A246655
A246655_a4,S3,neither,ITER_L,67.83,82.000000,122.00,20,4,600.056,4,A246655
A246655_a5,S3,neither,ITER_L,67.83,95.199052,141.64,20,5,600.051,5,A246655
A246655_a7,S3,neither,ITER_L,67.83,115.101552,171.25,20,7,600.094,7,A246655
tot3_0000,S4,discovered,DARY,15.03,594.360938,792.48,125,3,10.090,,tot3_0000
tot3_0001,S4,discovered,CTX_X,15.61,594.360938,792.48,125,3,13.946,,tot3_0001
tot3_0002,S4,discovered,CTX_X,22.48,594.360938,792.48,125,3,13.227,,tot3_0002
tot3_0003,S4,discovered,DARY,15.70,594.360938,792.48,125,3,23.798,,tot3_0003
tot3_0004,S4,discovered,CTX_X,17.86,594.360938,792.48,125,3,18.986,,tot3_0004
tot3_0005,S4,discovered,CTX_X,24.73,594.360938,792.48,125,3,18.027,,tot3_0005
tot3_0006,S4,discovered,CTX_X,22.48,594.360938,792.48,125,3,12.416,,tot3_0006
tot3_0007,S4,discovered,CTX_X,17.86,594.360938,792.48,125,3,19.540,,tot3_0007
tot3_0008,S4,discovered,CTX_X,28.84,594.360938,792.48,125,3,15.188,,tot3_0008
tot3_0009,S4,discovered,DARY,15.03,594.360938,792.48,125,3,10.094,,tot3_0009
tot3_0010,S4,discovered,CTX_X,15.61,594.360938,792.48,125,3,14.205,,tot3_0010
tot3_0011,S4,discovered,CTX_X,22.48,594.360938,792.48,125,3,15.202,,tot3_0011
tot3_0012,S4,discovered,FUNC_L,46.78,594.360938,792.48,125,3,13.144,,tot3_0012
tot3_0013,S4,discovered,CTX_X,17.86,594.360938,792.48,125,3,17.653,,tot3_0013
tot3_0014,S4,discovered,CTX_X,24.73,594.360938,792.48,125,3,18.466,,tot3_0014
tot3_0015,S4,discovered,CTX_X,22.48,594.360938,792.48,125,3,12.587,,tot3_0015
tot3_0016,S4,discovered,CTX_X,17.86,594.360938,792.48,125,3,16.621,,tot3_0016
tot3_0017,S4,discovered,CTX_X,28.84,594.360938,792.48,125,3,12.045,,tot3_0017
tot3_0018,S4,discovered,DARY,15.03,594.360938,792.48,125,3,10.216,,tot3_0018
tot3_0019,S4,discovered,CTX_X,15.61,594.360938,792.48,125,3,14.587,,tot3_0019
tot3_0020,S4,discovered,CTX_X,22.48,594.360938,792.48,125,3,13.170,,tot3_0020
tot3_0021,S4,discovered,NESTED_LOOP,80.56,594.360938,792.48,125,3,422.097,,tot3_0021
tot3_0022,S4,discovered,CTX_X,17.86,594.360938,792.48,125,3,17.788,,tot3_0022
tot3_0023,S4,discovered,CTX_X,24.73,594.360938,792.48,125,3,17.605,,tot3_0023
tot3_0024,S4,discovered,CTX_X,22.48,594.360938,792.48,125,3,12.551,,tot3_0024
tot3_0025,S4,discovered,CTX_X,17.86,594.360938,792.48,125,3,17.634,,tot3_0025
tot3_0026,S4,discovered,CTX_X,28.84,594.360938,792.48,125,3,12.397,,tot3_0026
tot3_0027,S4,discovered,DARY,15.03,594.360938,792.48,125,3,10.087,,tot3_0027
tot3_0028,S4,discovered,NESTED_LOOP,64.81,594.360938,792.48,125,3,214.118,,tot3_0028
tot3_0029,S4,discovered,CTX_X,22.48,594.360938,792.48,125,3,13.452,,tot3_0029
tot3_0030,S4,discovered,DARY,13.45,594.360938,792.48,125,3,10.222,,tot3_0030
tot3_0031,S4,discovered,DARY,13.45,594.360938,792.48,125,3,10.211,,tot3_0031
tot3_0032,S4,discovered,DARY,13.45,594.360938,792.48,125,3,10.209,,tot3_0032
tot3_0033,S4,discovered,CTX_X,22.48,594.360938,792.48,125,3,13.517,,tot3_0033
tot3_0034,S4,neither,STEP,62.09,594.360938,792.48,125,3,600.063,,tot3_0034
tot3_0035,S4,discovered,CTX_X,28.84,594.360938,792.48,125,3,17.096,,tot3_0035
tot3_0036,S4,discovered,DARY,15.03,594.360938,792.48,125,3,10.095,,tot3_0036
tot3_0037,S4,discovered,CTX_X,20.43,594.360938,792.48,125,3,42.474,,tot3_0037
tot3_0038,S4,neither,STEP,59.09,594.360938,792.48,125,3,600.061,,tot3_0038
tot3_0039,S4,discovered,DARY,13.45,594.360938,792.48,125,3,10.234,,tot3_0039
tot3_0040,S4,discovered,DARY,13.45,594.360938,792.48,125,3,10.209,,tot3_0040
tot3_0041,S4,discovered,DARY,13.45,594.360938,792.48,125,3,10.222,,tot3_0041
tot3_0042,S4,discovered,CTX_X,22.48,594.360938,792.48,125,3,14.804,,tot3_0042
tot3_0043,S4,neither,NESTED_LOOP,83.73,594.360938,792.48,125,3,600.462,,tot3_0043
tot3_0044,S4,discovered,CTX_X,28.84,594.360938,792.48,125,3,12.481,,tot3_0044
tot3_0045,S4,discovered,DARY,15.03,594.360938,792.48,125,3,10.116,,tot3_0045
tot3_0046,S4,neither,STEP,60.97,594.360938,792.48,125,3,600.047,,tot3_0046
tot3_0047,S4,discovered,CTX_X,22.48,594.360938,792.48,125,3,12.574,,tot3_0047
tot3_0048,S4,neither,STEP,59.40,594.360938,792.48,125,3,600.061,,tot3_0048
tot3_0049,S4,discovered,DARY,13.45,594.360938,792.48,125,3,10.249,,tot3_0049
tot3_0050,S4,discovered,DARY,13.45,594.360938,792.48,125,3,10.223,,tot3_0050
tot3_0051,S4,discovered,CTX_X,22.48,594.360938,792.48,125,3,13.456,,tot3_0051
tot3_0052,S4,neither,NESTED_LOOP,83.73,594.360938,792.48,125,3,600.085,,tot3_0052
tot3_0053,S4,discovered,CTX_X,28.84,594.360938,792.48,125,3,12.201,,tot3_0053
tot3_0054,S4,discovered,DARY,15.03,594.360938,792.48,125,3,10.089,,tot3_0054
tot3_0055,S4,discovered,CTX_X,20.43,594.360938,792.48,125,3,43.937,,tot3_0055
tot3_0056,S4,discovered,CTX_X,22.48,594.360938,792.48,125,3,13.291,,tot3_0056
tot3_0057,S4,discovered,CTX_X,24.73,594.360938,792.48,125,3,17.483,,tot3_0057
tot3_0058,S4,discovered,CTX_X,17.86,594.360938,792.48,125,3,16.680,,tot3_0058
tot3_0059,S4,discovered,CTX_X,31.09,594.360938,792.48,125,3,16.952,,tot3_0059
tot3_0060,S4,discovered,CTX_X,22.48,594.360938,792.48,125,3,13.035,,tot3_0060
tot3_0061,S4,discovered,CTX_X,15.61,594.360938,792.48,125,3,14.277,,tot3_0061
tot3_0062,S4,discovered,CTX_X,28.84,594.360938,792.48,125,3,12.533,,tot3_0062
tot3_0063,S4,discovered,DARY,15.03,594.360938,792.48,125,3,10.089,,tot3_0063
tot3_0064,S4,discovered,CTX_X,22.07,594.360938,792.48,125,3,43.056,,tot3_0064
tot3_0065,S4,neither,STEP,55.80,594.360938,792.48,125,3,600.061,,tot3_0065
tot3_0066,S4,neither,FUNC,41.53,594.360938,792.48,125,3,600.047,,tot3_0066
tot3_0067,S4,discovered,CTX_X,17.86,594.360938,792.48,125,3,17.512,,tot3_0067
tot3_0068,S4,discovered,CTX_X,17.86,594.360938,792.48,125,3,22.142,,tot3_0068
tot3_0069,S4,discovered,CTX_X,22.48,594.360938,792.48,125,3,12.407,,tot3_0069
tot3_0070,S4,discovered,CTX_X,15.61,594.360938,792.48,125,3,13.615,,tot3_0070
tot3_0071,S4,discovered,CTX_X,28.84,594.360938,792.48,125,3,12.074,,tot3_0071
tot3_0072,S4,discovered,DARY,15.03,594.360938,792.48,125,3,10.084,,tot3_0072
tot3_0073,S4,discovered,FUNC_L,54.73,594.360938,792.48,125,3,43.960,,tot3_0073
tot3_0074,S4,discovered,CTX_X,22.48,594.360938,792.48,125,3,12.060,,tot3_0074
tot3_0075,S4,discovered,CTX_X,24.73,594.360938,792.48,125,3,16.793,,tot3_0075
tot3_0076,S4,discovered,CTX_X,17.86,594.360938,792.48,125,3,16.608,,tot3_0076
tot3_0077,S4,discovered,CTX_X,40.34,594.360938,792.48,125,3,16.401,,tot3_0077
tot3_0078,S4,discovered,CTX_X,22.48,594.360938,792.48,125,3,11.899,,tot3_0078
tot3_0079,S4,discovered,CTX_X,39.77,594.360938,792.48,125,3,43.084,,tot3_0079
tot3_0080,S4,discovered,CTX_X,28.84,594.360938,792.48,125,3,11.823,,tot3_0080
tot3_0081,S4,discovered,DARY,15.03,594.360938,792.48,125,3,10.096,,tot3_0081
tot3_0082,S4,discovered,CTX_X,15.61,594.360938,792.48,125,3,12.324,,tot3_0082
tot3_0083,S4,discovered,CTX_X,22.48,594.360938,792.48,125,3,11.601,,tot3_0083
tot3_0084,S4,discovered,DARY,15.70,594.360938,792.48,125,3,21.388,,tot3_0084
tot3_0085,S4,discovered,CTX_X,17.86,594.360938,792.48,125,3,16.250,,tot3_0085
tot3_0086,S4,neither,STEP,59.17,594.360938,792.48,125,3,600.078,,tot3_0086
tot3_0087,S4,discovered,CTX_X,19.20,594.360938,792.48,125,3,57.168,,tot3_0087
tot3_0088,S4,discovered,CTX_X,17.86,594.360938,792.48,125,3,39.070,,tot3_0088
tot3_0089,S4,discovered,CTX_X,28.84,594.360938,792.48,125,3,26.712,,tot3_0089
tot3_0090,S4,discovered,DARY,15.03,594.360938,792.48,125,3,10.240,,tot3_0090
tot3_0091,S4,discovered,CTX_X,15.61,594.360938,792.48,125,3,22.584,,tot3_0091
tot3_0092,S4,neither,FUNC,34.09,594.360938,792.48,125,3,1211.243,,tot3_0092
tot3_0093,S4,discovered,FUNC_L,46.78,594.360938,792.48,125,3,45.384,,tot3_0093
tot3_0094,S4,discovered,CTX_X,17.86,594.360938,792.48,125,3,70.828,,tot3_0094
tot3_0095,S4,neither,STEP,63.71,594.360938,792.48,125,3,2744.762,,tot3_0095
tot3_0096,S4,neither,STEP,58.99,594.360938,792.48,125,3,1026.054,,tot3_0096
tot3_0097,S4,discovered,CTX_X,17.86,594.360938,792.48,125,3,53.443,,tot3_0097
tot3_0098,S4,discovered,CTX_X,28.84,594.360938,792.48,125,3,44.141,,tot3_0098
tot3_0099,S4,discovered,DARY,15.03,594.360938,792.48,125,3,10.147,,tot3_0099
tot3_0100,S4,neither,ITER,48.53,594.360938,792.48,125,3,931.318,,tot3_0100
tot3_0101,S4,discovered,CTX_X,22.48,594.360938,792.48,125,3,68.190,,tot3_0101
tot3_0102,S4,neither,ITER,39.09,594.360938,792.48,125,3,1016.425,,tot3_0102
tot3_0103,S4,discovered,CTX_X,17.86,594.360938,792.48,125,3,216.676,,tot3_0103
tot3_0104,S4,neither,STEP,53.08,594.360938,792.48,125,3,600.069,,tot3_0104
tot3_0105,S4,neither,FUNC_L,55.73,594.360938,792.48,125,3,600.070,,tot3_0105
tot3_0106,S4,discovered,CTX_X,17.86,594.360938,792.48,125,3,27.174,,tot3_0106
tot3_0107,S4,discovered,CTX_X,28.84,594.360938,792.48,125,3,18.418,,tot3_0107
tot3_0108,S4,discovered,DARY,15.03,594.360938,792.48,125,3,10.147,,tot3_0108
tot3_0109,S4,discovered,NESTED_LOOP,82.15,594.360938,792.48,125,3,221.139,,tot3_0109
tot3_0110,S4,discovered,CTX_X,43.91,594.360938,792.48,125,3,48.943,,tot3_0110
tot3_0111,S4,discovered,DARY,13.45,594.360938,792.48,125,3,10.340,,tot3_0111
tot3_0112,S4,discovered,DARY,13.45,594.360938,792.48,125,3,10.341,,tot3_0112
tot3_0113,S4,discovered,DARY,13.45,594.360938,792.48,125,3,10.344,,tot3_0113
tot3_0114,S4,neither,STEP,56.74,594.360938,792.48,125,3,600.109,,tot3_0114
tot3_0115,S4,neither,FUNC_L,62.92,594.360938,792.48,125,3,600.076,,tot3_0115
tot3_0116,S4,discovered,CTX_X,28.84,594.360938,792.48,125,3,19.550,,tot3_0116
tot3_0117,S4,discovered,DARY,15.03,594.360938,792.48,125,3,10.145,,tot3_0117
tot3_0118,S4,discovered,CTX_X,20.43,594.360938,792.48,125,3,54.572,,tot3_0118
tot3_0119,S4,discovered,CTX_X,24.73,594.360938,792.48,125,3,26.894,,tot3_0119
tot3_0120,S4,discovered,DARY,13.45,594.360938,792.48,125,3,10.359,,tot3_0120
tot3_0121,S4,discovered,DARY,13.45,594.360938,792.48,125,3,10.349,,tot3_0121
tot3_0122,S4,discovered,DARY,13.45,594.360938,792.48,125,3,10.351,,tot3_0122
tot3_0123,S4,discovered,CTX_X,24.73,594.360938,792.48,125,3,27.783,,tot3_0123
tot3_0124,S4,discovered,CTX_X,26.06,594.360938,792.48,125,3,48.591,,tot3_0124
tot3_0125,S4,discovered,CTX_X,28.84,594.360938,792.48,125,3,19.603,,tot3_0125
tot3_0126,S4,discovered,DARY,15.03,594.360938,792.48,125,3,10.148,,tot3_0126
tot3_0127,S4,discovered,CTX_X,19.20,594.360938,792.48,125,3,49.120,,tot3_0127
tot3_0128,S4,neither,STEP,56.14,594.360938,792.48,125,3,600.074,,tot3_0128
tot3_0129,S4,neither,STEP,61.69,594.360938,792.48,125,3,600.078,,tot3_0129
tot3_0130,S4,discovered,DARY,13.45,594.360938,792.48,125,3,10.345,,tot3_0130
tot3_0131,S4,discovered,CTX_X,28.21,594.360938,792.48,125,3,48.735,,tot3_0131
tot3_0132,S4,discovered,CTX_X,40.34,594.360938,792.48,125,3,27.116,,tot3_0132
tot3_0133,S4,neither,STEP,58.48,594.360938,792.48,125,3,600.065,,tot3_0133
tot3_0134,S4,discovered,CTX_X,28.84,594.360938,792.48,125,3,19.159,,tot3_0134
tot3_0135,S4,discovered,DARY,15.03,594.360938,792.48,125,3,10.157,,tot3_0135
tot3_0136,S4,discovered,CTX_X,20.43,594.360938,792.48,125,3,48.950,,tot3_0136
tot3_0137,S4,discovered,NESTED_LOOP,82.15,594.360938,792.48,125,3,224.036,,tot3_0137
tot3_0138,S4,neither,STEP,61.79,594.360938,792.48,125,3,600.222,,tot3_0138
tot3_0139,S4,discovered,CTX_X,17.86,594.360938,792.48,125,3,60.787,,tot3_0139
tot3_0140,S4,neither,STEP,54.43,594.360938,792.48,125,3,600.088,,tot3_0140
tot3_0141,S4,discovered,CTX_X,28.21,594.360938,792.48,125,3,48.692,,tot3_0141
tot3_0142,S4,neither,STEP,52.31,594.360938,792.48,125,3,600.074,,tot3_0142
tot3_0143,S4,discovered,CTX_X,28.84,594.360938,792.48,125,3,19.341,,tot3_0143
tot3_0144,S4,discovered,DARY,15.03,594.360938,792.48,125,3,10.188,,tot3_0144
tot3_0145,S4,neither,STEP,65.81,594.360938,792.48,125,3,600.094,,tot3_0145
tot3_0146,S4,neither,STEP,58.33,594.360938,792.48,125,3,600.215,,tot3_0146
tot3_0147,S4,neither,ITER,40.09,594.360938,792.48,125,3,600.086,,tot3_0147
tot3_0148,S4,discovered,CTX_X,17.86,594.360938,792.48,125,3,27.890,,tot3_0148
tot3_0149,S4,neither,STEP,54.37,594.360938,792.48,125,3,600.082,,tot3_0149
tot3_0150,S4,neither,FUNC,34.09,594.360938,792.48,125,3,600.054,,tot3_0150
tot3_0151,S4,neither,STEP,55.64,594.360938,792.48,125,3,600.060,,tot3_0151
tot3_0152,S4,discovered,CTX_X,28.84,594.360938,792.48,125,3,11.960,,tot3_0152
tot3_0153,S4,discovered,DARY,15.03,594.360938,792.48,125,3,10.091,,tot3_0153
tot3_0154,S4,neither,STEP,50.34,594.360938,792.48,125,3,600.056,,tot3_0154
tot3_0155,S4,discovered,CTX_X,22.48,594.360938,792.48,125,3,11.535,,tot3_0155
tot3_0156,S4,neither,FUNC_L,52.79,594.360938,792.48,125,3,600.055,,tot3_0156
tot3_0157,S4,discovered,CTX_X,17.86,594.360938,792.48,125,3,16.391,,tot3_0157
tot3_0158,S4,discovered,CTX_X,41.26,594.360938,792.48,125,3,43.403,,tot3_0158
tot3_0159,S4,neither,STEP,61.88,594.360938,792.48,125,3,600.066,,tot3_0159
tot3_0160,S4,discovered,CTX_X,46.15,594.360938,792.48,125,3,42.981,,tot3_0160
tot3_0161,S4,discovered,CTX_X,28.84,594.360938,792.48,125,3,11.509,,tot3_0161
tot3_0162,S4,discovered,DARY,15.03,594.360938,792.48,125,3,10.084,,tot3_0162
tot3_0163,S4,discovered,CTX_X,15.61,594.360938,792.48,125,3,11.895,,tot3_0163
tot3_0164,S4,discovered,CTX_X,22.48,594.360938,792.48,125,3,11.598,,tot3_0164
tot3_0165,S4,discovered,DARY,15.70,594.360938,792.48,125,3,20.991,,tot3_0165
tot3_0166,S4,discovered,CTX_X,17.86,594.360938,792.48,125,3,16.858,,tot3_0166
tot3_0167,S4,discovered,CTX_X,24.73,594.360938,792.48,125,3,15.990,,tot3_0167
tot3_0168,S4,discovered,CTX_X,26.03,594.360938,792.48,125,3,42.492,,tot3_0168
tot3_0169,S4,neither,NESTED_LOOP,82.15,594.360938,792.48,125,3,600.047,,tot3_0169
tot3_0170,S4,discovered,CTX_X,28.84,594.360938,792.48,125,3,11.579,,tot3_0170
tot3_0171,S4,discovered,DARY,15.03,594.360938,792.48,125,3,10.084,,tot3_0171
tot3_0172,S4,discovered,CTX_X,15.61,594.360938,792.48,125,3,11.689,,tot3_0172
tot3_0173,S4,neither,STEP,53.03,594.360938,792.48,125,3,600.060,,tot3_0173
tot3_0174,S4,discovered,FUNC_L,46.78,594.360938,792.48,125,3,13.407,,tot3_0174
tot3_0175,S4,discovered,CTX_X,17.86,594.360938,792.48,125,3,16.580,,tot3_0175
tot3_0176,S4,neither,STEP,57.99,594.360938,792.48,125,3,600.056,,tot3_0176
tot3_0177,S4,neither,STEP,64.53,594.360938,792.48,125,3,600.058,,tot3_0177
tot3_0178,S4,discovered,CTX_X,17.86,594.360938,792.48,125,3,16.660,,tot3_0178
tot3_0179,S4,discovered,CTX_X,28.84,594.360938,792.48,125,3,11.843,,tot3_0179
tot3_0180,S4,discovered,DARY,15.03,594.360938,792.48,125,3,10.086,,tot3_0180
tot3_0181,S4,discovered,CTX_X,15.61,594.360938,792.48,125,3,12.053,,tot3_0181
tot3_0182,S4,discovered,CTX_X,22.48,594.360938,792.48,125,3,11.431,,tot3_0182
tot3_0183,S4,neither,STEP,58.57,594.360938,792.48,125,3,600.062,,tot3_0183
tot3_0184,S4,discovered,CTX_X,17.86,594.360938,792.48,125,3,16.893,,tot3_0184
tot3_0185,S4,discovered,CTX_X,24.73,594.360938,792.48,125,3,16.274,,tot3_0185
tot3_0186,S4,discovered,NESTED_LOOP,83.73,594.360938,792.48,125,3,211.894,,tot3_0186
tot3_0187,S4,discovered,CTX_X,17.86,594.360938,792.48,125,3,16.846,,tot3_0187
tot3_0188,S4,discovered,CTX_X,28.84,594.360938,792.48,125,3,11.559,,tot3_0188
tot3_0189,S4,discovered,DARY,15.03,594.360938,792.48,125,3,10.087,,tot3_0189
tot3_0190,S4,discovered,NESTED_LOOP,64.81,594.360938,792.48,125,3,207.268,,tot3_0190
tot3_0191,S4,discovered,CTX_X,22.48,594.360938,792.48,125,3,11.217,,tot3_0191
tot3_0192,S4,discovered,DARY,13.45,594.360938,792.48,125,3,10.206,,tot3_0192
tot3_0193,S4,discovered,DARY,13.45,594.360938,792.48,125,3,10.196,,tot3_0193
tot3_0194,S4,neither,STEP,57.22,594.360938,792.48,125,3,600.055,,tot3_0194
tot3_0195,S4,discovered,CTX_X,26.03,594.360938,792.48,125,3,42.957,,tot3_0195
tot3_0196,S4,neither,STEP,52.94,594.360938,792.48,125,3,600.055,,tot3_0196
tot3_0197,S4,discovered,CTX_X,28.84,594.360938,792.48,125,3,11.809,,tot3_0197
tot3_0198,S4,discovered,DARY,15.03,594.360938,792.48,125,3,10.092,,tot3_0198
tot3_0199,S4,discovered,CTX_X,20.43,594.360938,792.48,125,3,43.025,,tot3_0199
tot3_0200,S4,neither,STEP,46.59,594.360938,792.48,125,3,600.058,,tot3_0200
tot3_0201,S4,discovered,DARY,13.45,594.360938,792.48,125,3,10.230,,tot3_0201
tot3_0202,S4,discovered,DARY,13.45,594.360938,792.48,125,3,10.242,,tot3_0202
tot3_0203,S4,neither,STEP,55.31,594.360938,792.48,125,3,600.056,,tot3_0203
tot3_0204,S4,neither,STEP,64.22,594.360938,792.48,125,3,600.052,,tot3_0204
tot3_0205,S4,neither,NESTED_LOOP,101.72,594.360938,792.48,125,3,600.051,,tot3_0205
tot3_0206,S4,discovered,CTX_X,28.84,594.360938,792.48,125,3,11.884,,tot3_0206
tot3_0207,S4,discovered,DARY,15.03,594.360938,792.48,125,3,10.086,,tot3_0207
tot3_0208,S4,neither,STEP,53.10,594.360938,792.48,125,3,600.060,,tot3_0208
tot3_0209,S4,discovered,CTX_X,22.48,594.360938,792.48,125,3,11.765,,tot3_0209
tot3_0210,S4,neither,STEP,56.55,594.360938,792.48,125,3,600.043,,tot3_0210
tot3_0211,S4,discovered,DARY,13.45,594.360938,792.48,125,3,10.211,,tot3_0211
tot3_0212,S4,discovered,CTX_X,42.26,594.360938,792.48,125,3,42.032,,tot3_0212
tot3_0213,S4,discovered,NESTED_LOOP,83.73,594.360938,792.48,125,3,211.870,,tot3_0213
tot3_0214,S4,neither,ITER_L,70.50,594.360938,792.48,125,3,600.039,,tot3_0214
tot3_0215,S4,discovered,CTX_X,28.84,594.360938,792.48,125,3,12.193,,tot3_0215
tot3_0216,S4,discovered,DARY,15.03,594.360938,792.48,125,3,10.087,,tot3_0216
tot3_0217,S4,discovered,CTX_X,20.43,594.360938,792.48,125,3,43.420,,tot3_0217
tot3_0218,S4,discovered,CTX_X,22.48,594.360938,792.48,125,3,11.559,,tot3_0218
tot3_0219,S4,discovered,CTX_X,33.90,594.360938,792.48,125,3,43.920,,tot3_0219
tot3_0220,S4,discovered,CTX_X,17.86,594.360938,792.48,125,3,16.357,,tot3_0220
tot3_0221,S4,discovered,CTX_X,31.09,594.360938,792.48,125,3,16.663,,tot3_0221
tot3_0222,S4,discovered,CTX_X,26.03,594.360938,792.48,125,3,42.403,,tot3_0222
tot3_0223,S4,neither,NESTED_LOOP,116.78,594.360938,792.48,125,3,600.053,,tot3_0223
tot3_0224,S4,discovered,CTX_X,28.84,594.360938,792.48,125,3,11.704,,tot3_0224
tot3_0225,S4,discovered,DARY,15.03,594.360938,792.48,125,3,10.086,,tot3_0225
tot3_0226,S4,discovered,CTX_X,22.07,594.360938,792.48,125,3,41.488,,tot3_0226
tot3_0227,S4,discovered,CTX_X,33.98,594.360938,792.48,125,3,16.239,,tot3_0227
tot3_0228,S4,neither,STEP,53.41,594.360938,792.48,125,3,600.052,,tot3_0228
tot3_0229,S4,discovered,CTX_X,17.86,594.360938,792.48,125,3,17.632,,tot3_0229
tot3_0230,S4,discovered,CTX_X,31.09,594.360938,792.48,125,3,16.561,,tot3_0230
tot3_0231,S4,discovered,NESTED_LOOP,64.81,594.360938,792.48,125,3,421.820,,tot3_0231
tot3_0232,S4,discovered,CTX_X,15.61,594.360938,792.48,125,3,13.148,,tot3_0232
tot3_0233,S4,discovered,CTX_X,28.84,594.360938,792.48,125,3,11.839,,tot3_0233
tot3_0234,S4,discovered,DARY,15.03,594.360938,792.48,125,3,10.086,,tot3_0234
tot3_0235,S4,neither,FUNC_L,53.73,594.360938,792.48,125,3,600.053,,tot3_0235
tot3_0236,S4,discovered,CTX_X,22.48,594.360938,792.48,125,3,11.732,,tot3_0236
tot3_0237,S4,neither,ITER,49.11,594.360938,792.48,125,3,600.055,,tot3_0237
tot3_0238,S4,discovered,CTX_X,17.86,594.360938,792.48,125,3,16.562,,tot3_0238
tot3_0239,S4,discovered,CTX_X,31.09,594.360938,792.48,125,3,16.614,,tot3_0239
tot3_0240,S4,discovered,NESTED_LOOP,83.73,594.360938,792.48,125,3,212.825,,tot3_0240
tot3_0241,S4,discovered,CTX_X,17.86,594.360938,792.48,125,3,17.256,,tot3_0241
tot3_0242,S4,discovered,CTX_X,28.84,594.360938,792.48,125,3,11.568,,tot3_0242
tot3_0243,S4,discovered,DARY,15.03,594.360938,792.48,125,3,10.089,,tot3_0243
tot3_0244,S4,discovered,CTX_X,15.61,594.360938,792.48,125,3,11.702,,tot3_0244
tot3_0245,S4,discovered,CTX_X,22.48,594.360938,792.48,125,3,11.627,,tot3_0245
tot3_0246,S4,discovered,DARY,15.70,594.360938,792.48,125,3,21.340,,tot3_0246
tot3_0247,S4,discovered,CTX_X,17.86,594.360938,792.48,125,3,16.309,,tot3_0247
tot3_0248,S4,discovered,CTX_X,24.73,594.360938,792.48,125,3,16.453,,tot3_0248
tot3_0249,S4,discovered,CTX_X,22.48,594.360938,792.48,125,3,12.024,,tot3_0249
tot3_0250,S4,neither,STEP,64.18,594.360938,792.48,125,3,600.056,,tot3_0250
tot3_0251,S4,discovered,CTX_X,28.84,594.360938,792.48,125,3,11.779,,tot3_0251
tot3_0252,S4,discovered,DARY,15.03,594.360938,792.48,125,3,10.086,,tot3_0252
tot3_0253,S4,discovered,CTX_X,15.61,594.360938,792.48,125,3,11.785,,tot3_0253
tot3_0254,S4,neither,STEP,54.54,594.360938,792.48,125,3,600.061,,tot3_0254
tot3_0255,S4,discovered,FUNC_L,46.78,594.360938,792.48,125,3,13.051,,tot3_0255
tot3_0256,S4,discovered,CTX_X,17.86,594.360938,792.48,125,3,16.598,,tot3_0256
tot3_0257,S4,discovered,CTX_X,24.73,594.360938,792.48,125,3,16.500,,tot3_0257
tot3_0258,S4,discovered,CTX_X,22.48,594.360938,792.48,125,3,11.578,,tot3_0258
tot3_0259,S4,discovered,CTX_X,37.77,594.360938,792.48,125,3,42.872,,tot3_0259
tot3_0260,S4,discovered,CTX_X,28.84,594.360938,792.48,125,3,11.595,,tot3_0260
tot3_0261,S4,discovered,DARY,15.03,594.360938,792.48,125,3,10.087,,tot3_0261
tot3_0262,S4,neither,STEP,61.10,594.360938,792.48,125,3,600.049,,tot3_0262
tot3_0263,S4,discovered,CTX_X,22.48,594.360938,792.48,125,3,11.681,,tot3_0263
tot3_0264,S4,discovered,NESTED_LOOP,80.56,594.360938,792.48,125,3,428.368,,tot3_0264
tot3_0265,S4,discovered,CTX_X,17.86,594.360938,792.48,125,3,16.514,,tot3_0265
tot3_0266,S4,discovered,CTX_X,24.73,594.360938,792.48,125,3,16.186,,tot3_0266
tot3_0267,S4,discovered,CTX_X,22.48,594.360938,792.48,125,3,11.658,,tot3_0267
tot3_0268,S4,neither,STEP,64.11,594.360938,792.48,125,3,600.050,,tot3_0268
tot3_0269,S4,discovered,CTX_X,28.84,594.360938,792.48,125,3,11.850,,tot3_0269
tot3_0270,S4,discovered,DARY,15.03,594.360938,792.48,125,3,10.086,,tot3_0270
tot3_0271,S4,discovered,NESTED_LOOP,64.81,594.360938,792.48,125,3,208.664,,tot3_0271
tot3_0272,S4,discovered,CTX_X,22.48,594.360938,792.48,125,3,11.534,,tot3_0272
tot3_0273,S4,discovered,DARY,13.45,594.360938,792.48,125,3,10.197,,tot3_0273
tot3_0274,S4,discovered,DARY,13.45,594.360938,792.48,125,3,10.203,,tot3_0274
tot3_0275,S4,discovered,DARY,13.45,594.360938,792.48,125,3,10.200,,tot3_0275
tot3_0276,S4,discovered,CTX_X,22.48,594.360938,792.48,125,3,12.088,,tot3_0276
tot3_0277,S4,neither,ITER,49.11,594.360938,792.48,125,3,600.055,,tot3_0277
tot3_0278,S4,discovered,CTX_X,28.84,594.360938,792.48,125,3,11.637,,tot3_0278
tot3_0279,S4,discovered,DARY,15.03,594.360938,792.48,125,3,10.086,,tot3_0279
tot3_0280,S4,discovered,CTX_X,20.43,594.360938,792.48,125,3,41.469,,tot3_0280
tot3_0281,S4,neither,STEP,57.17,594.360938,792.48,125,3,600.045,,tot3_0281
tot3_0282,S4,discovered,DARY,13.45,594.360938,792.48,125,3,10.201,,tot3_0282
tot3_0283,S4,discovered,DARY,13.45,594.360938,792.48,125,3,10.209,,tot3_0283
tot3_0284,S4,discovered,DARY,13.45,594.360938,792.48,125,3,10.256,,tot3_0284
tot3_0285,S4,discovered,CTX_X,22.48,594.360938,792.48,125,3,11.880,,tot3_0285
tot3_0286,S4,discovered,CTX_X,28.93,594.360938,792.48,125,3,43.286,,tot3_0286
tot3_0287,S4,discovered,CTX_X,28.84,594.360938,792.48,125,3,11.209,,tot3_0287
tot3_0288,S4,discovered,DARY,15.03,594.360938,792.48,125,3,10.087,,tot3_0288
tot3_0289,S4,neither,STEP,54.94,594.360938,792.48,125,3,600.058,,tot3_0289
tot3_0290,S4,discovered,CTX_X,22.48,594.360938,792.48,125,3,11.591,,tot3_0290
tot3_0291,S4,discovered,DARY,13.45,594.360938,792.48,125,3,10.206,,tot3_0291
tot3_0292,S4,discovered,DARY,13.45,594.360938,792.48,125,3,10.219,,tot3_0292
tot3_0293,S4,discovered,DARY,13.45,594.360938,792.48,125,3,10.206,,tot3_0293
tot3_0294,S4,discovered,CTX_X,22.48,594.360938,792.48,125,3,11.360,,tot3_0294
tot3_0295,S4,neither,STEP,54.64,594.360938,792.48,125,3,600.066,,tot3_0295
tot3_0296,S4,discovered,CTX_X,28.84,594.360938,792.48,125,3,11.694,,tot3_0296
tot3_0297,S4,discovered,DARY,15.03,594.360938,792.48,125,3,10.088,,tot3_0297
tot3_0298,S4,discovered,CTX_X,20.43,594.360938,792.48,125,3,42.536,,tot3_0298
tot3_0299,S4,discovered,CTX_X,22.48,594.360938,792.48,125,3,11.526,,tot3_0299
tot3_0300,S4,discovered,CTX_X,24.73,594.360938,792.48,125,3,16.292,,tot3_0300
tot3_0301,S4,discovered,CTX_X,17.86,594.360938,792.48,125,3,16.684,,tot3_0301
tot3_0302,S4,neither,STEP,64.41,594.360938,792.48,125,3,600.053,,tot3_0302
tot3_0303,S4,discovered,CTX_X,22.48,594.360938,792.48,125,3,12.943,,tot3_0303
tot3_0304,S4,discovered,CTX_X,35.55,594.360938,792.48,125,3,43.000,,tot3_0304
tot3_0305,S4,discovered,CTX_X,28.84,594.360938,792.48,125,3,11.422,,tot3_0305
tot3_0306,S4,discovered,DARY,15.03,594.360938,792.48,125,3,10.085,,tot3_0306
tot3_0307,S4,neither,STEP,53.80,594.360938,792.48,125,3,600.060,,tot3_0307
tot3_0308,S4,neither,STEP,55.80,594.360938,792.48,125,3,600.050,,tot3_0308
tot3_0309,S4,neither,STEP,52.36,594.360938,792.48,125,3,600.063,,tot3_0309
tot3_0310,S4,discovered,CTX_X,17.86,594.360938,792.48,125,3,16.700,,tot3_0310
tot3_0311,S4,discovered,NESTED_LOOP,63.81,594.360938,792.48,125,3,211.706,,tot3_0311
tot3_0312,S4,discovered,CTX_X,22.48,594.360938,792.48,125,3,12.102,,tot3_0312
tot3_0313,S4,discovered,CTX_X,21.35,594.360938,792.48,125,3,43.302,,tot3_0313
tot3_0314,S4,discovered,CTX_X,28.84,594.360938,792.48,125,3,12.773,,tot3_0314
tot3_0315,S4,discovered,DARY,15.03,594.360938,792.48,125,3,10.090,,tot3_0315
tot3_0316,S4,neither,STEP,53.90,594.360938,792.48,125,3,600.045,,tot3_0316
tot3_0317,S4,discovered,CTX_X,22.48,594.360938,792.48,125,3,12.809,,tot3_0317
tot3_0318,S4,discovered,CTX_X,33.90,594.360938,792.48,125,3,43.456,,tot3_0318
tot3_0319,S4,discovered,CTX_X,17.86,594.360938,792.48,125,3,17.237,,tot3_0319
tot3_0320,S4,discovered,CTX_X,40.34,594.360938,792.48,125,3,17.192,,tot3_0320
tot3_0321,S4,discovered,CTX_X,22.48,594.360938,792.48,125,3,12.118,,tot3_0321
tot3_0322,S4,neither,NESTED_LOOP,101.72,594.360938,792.48,125,3,600.055,,tot3_0322
tot3_0323,S4,discovered,CTX_X,28.84,594.360938,792.48,125,3,12.211,,tot3_0323
tot3_0324,S4,discovered,DARY,15.03,594.360938,792.48,125,3,10.099,,tot3_0324
tot3_0325,S4,discovered,CTX_X,15.61,594.360938,792.48,125,3,12.591,,tot3_0325
tot3_0326,S4,discovered,CTX_X,22.48,594.360938,792.48,125,3,12.428,,tot3_0326
tot3_0327,S4,discovered,DARY,15.70,594.360938,792.48,125,3,22.528,,tot3_0327
tot3_0328,S4,discovered,CTX_X,17.86,594.360938,792.48,125,3,16.827,,tot3_0328
tot3_0329,S4,neither,STEP,55.00,594.360938,792.48,125,3,600.057,,tot3_0329
tot3_0330,S4,discovered,CTX_X,19.20,594.360938,792.48,125,3,41.945,,tot3_0330
tot3_0331,S4,compressed_only,STEP,58.48,594.360938,792.48,125,3,194.405,,tot3_0331
tot3_0332,S4,discovered,CTX_X,28.84,594.360938,792.48,125,3,12.680,,tot3_0332
tot3_0333,S4,discovered,DARY,15.03,594.360938,792.48,125,3,10.086,,tot3_0333
tot3_0334,S4,discovered,CTX_X,15.61,594.360938,792.48,125,3,11.564,,tot3_0334
tot3_0335,S4,neither,FUNC,34.09,594.360938,792.48,125,3,600.057,,tot3_0335
tot3_0336,S4,discovered,FUNC_L,46.78,594.360938,792.48,125,3,12.644,,tot3_0336
tot3_0337,S4,discovered,CTX_X,17.86,594.360938,792.48,125,3,16.541,,tot3_0337
tot3_0338,S4,neither,NESTED_LOOP,114.45,594.360938,792.48,125,3,600.057,,tot3_0338
tot3_0339,S4,neither,STEP,55.77,594.360938,792.48,125,3,600.057,,tot3_0339
tot3_0340,S4,neither,STEP,64.09,594.360938,792.48,125,3,600.076,,tot3_0340
tot3_0341,S4,discovered,CTX_X,28.84,594.360938,792.48,125,3,11.685,,tot3_0341
tot3_0342,S4,discovered,DARY,15.03,594.360938,792.48,125,3,10.084,,tot3_0342
tot3_0343,S4,neither,STEP,57.05,594.360938,792.48,125,3,600.061,,tot3_0343
tot3_0344,S4,neither,ITER,50.53,594.360938,792.48,125,3,600.048,,tot3_0344
tot3_0345,S4,neither,STEP,61.98,594.360938,792.48,125,3,600.051,,tot3_0345
tot3_0346,S4,discovered,CTX_X,17.86,594.360938,792.48,125,3,16.605,,tot3_0346
tot3_0347,S4,neither,ITER,40.09,594.360938,792.48,125,3,600.056,,tot3_0347
tot3_0348,S4,neither,FUNC_L,55.73,594.360938,792.48,125,3,600.052,,tot3_0348
tot3_0349,S4,discovered,NESTED_LOOP,101.72,594.360938,792.48,125,3,285.979,,tot3_0349
tot3_0350,S4,discovered,CTX_X,28.84,594.360938,792.48,125,3,13.562,,tot3_0350
tot3_0351,S4,discovered,DARY,15.03,594.360938,792.48,125,3,10.086,,tot3_0351
tot3_0352,S4,discovered,NESTED_LOOP,64.81,594.360938,792.48,125,3,211.987,,tot3_0352
tot3_0353,S4,discovered,CTX_X,43.91,594.360938,792.48,125,3,42.806,,tot3_0353
tot3_0354,S4,discovered,DARY,13.45,594.360938,792.48,125,3,10.199,,tot3_0354
tot3_0355,S4,discovered,DARY,13.45,594.360938,792.48,125,3,10.216,,tot3_0355
tot3_0356,S4,discovered,DARY,13.45,594.360938,792.48,125,3,10.199,,tot3_0356
tot3_0357,S4,neither,STEP,56.74,594.360938,792.48,125,3,600.053,,tot3_0357
tot3_0358,S4,neither,STEP,57.60,594.360938,792.48,125,3,600.058,,tot3_0358
tot3_0359,S4,discovered,CTX_X,28.84,594.360938,792.48,125,3,13.244,,tot3_0359
tot3_0360,S4,discovered,DARY,15.03,594.360938,792.48,125,3,10.085,,tot3_0360
tot3_0361,S4,discovered,CTX_X,20.43,594.360938,792.48,125,3,42.585,,tot3_0361
tot3_0362,S4,discovered,CTX_X,24.73,594.360938,792.48,125,3,16.417,,tot3_0362
tot3_0363,S4,discovered,DARY,13.45,594.360938,792.48,125,3,10.206,,tot3_0363
tot3_0364,S4,discovered,DARY,13.45,594.360938,792.48,125,3,10.211,,tot3_0364
tot3_0365,S4,discovered,DARY,13.45,594.360938,792.48,125,3,10.205,,tot3_0365
tot3_0366,S4,discovered,CTX_X,24.73,594.360938,792.48,125,3,16.801,,tot3_0366
tot3_0367,S4,discovered,CTX_X,24.73,594.360938,792.48,125,3,16.969,,tot3_0367
tot3_0368,S4,discovered,CTX_X,28.84,594.360938,792.48,125,3,11.445,,tot3_0368
tot3_0369,S4,discovered,DARY,15.03,594.360938,792.48,125,3,10.089,,tot3_0369
tot3_0370,S4,discovered,CTX_X,26.06,594.360938,792.48,125,3,41.951,,tot3_0370
tot3_0371,S4,neither,STEP,51.47,594.360938,792.48,125,3,600.047,,tot3_0371
tot3_0372,S4,discovered,DARY,13.45,594.360938,792.48,125,3,10.221,,tot3_0372
tot3_0373,S4,discovered,DARY,13.45,594.360938,792.48,125,3,10.209,,tot3_0373
tot3_0374,S4,discovered,DARY,13.45,594.360938,792.48,125,3,10.212,,tot3_0374
tot3_0375,S4,discovered,CTX_X,40.34,594.360938,792.48,125,3,16.887,,tot3_0375
tot3_0376,S4,discovered,CTX_X,28.84,594.360938,792.48,125,3,12.108,,tot3_0376
tot3_0377,S4,discovered,CTX_X,28.84,594.360938,792.48,125,3,11.558,,tot3_0377
tot3_0378,S4,discovered,DARY,15.03,594.360938,792.48,125,3,10.095,,tot3_0378
tot3_0379,S4,discovered,CTX_X,20.43,594.360938,792.48,125,3,42.803,,tot3_0379
tot3_0380,S4,discovered,NESTED_LOOP,101.72,594.360938,792.48,125,3,273.669,,tot3_0380
tot3_0381,S4,neither,STEP,38.59,594.360938,792.48,125,3,600.064,,tot3_0381
tot3_0382,S4,discovered,CTX_X,17.86,594.360938,792.48,125,3,18.141,,tot3_0382
tot3_0383,S4,neither,STEP,51.41,594.360938,792.48,125,3,600.031,,tot3_0383
tot3_0384,S4,discovered,CTX_X,28.21,594.360938,792.48,125,3,42.560,,tot3_0384
tot3_0385,S4,neither,STEP,53.88,594.360938,792.48,125,3,600.046,,tot3_0385
tot3_0386,S4,discovered,CTX_X,28.84,594.360938,792.48,125,3,16.735,,tot3_0386
tot3_0387,S4,discovered,DARY,15.03,594.360938,792.48,125,3,10.091,,tot3_0387
tot3_0388,S4,neither,STEP,55.60,594.360938,792.48,125,3,600.056,,tot3_0388
tot3_0389,S4,neither,STEP,58.34,594.360938,792.48,125,3,600.050,,tot3_0389
tot3_0390,S4,neither,ITER,48.53,594.360938,792.48,125,3,600.053,,tot3_0390
tot3_0391,S4,discovered,CTX_X,17.86,594.360938,792.48,125,3,17.336,,tot3_0391
tot3_0392,S4,neither,NESTED_LOOP,116.78,594.360938,792.48,125,3,600.065,,tot3_0392
tot3_0393,S4,neither,STEP,57.66,594.360938,792.48,125,3,600.050,,tot3_0393
tot3_0394,S4,neither,NESTED_LOOP,78.98,594.360938,792.48,125,3,600.036,,tot3_0394
tot3_0395,S4,discovered,CTX_X,28.84,594.360938,792.48,125,3,12.725,,tot3_0395
tot3_0396,S4,discovered,DARY,15.03,594.360938,792.48,125,3,10.089,,tot3_0396
tot3_0397,S4,neither,STEP,66.78,594.360938,792.48,125,3,600.047,,tot3_0397
tot3_0398,S4,neither,STEP,55.58,594.360938,792.48,125,3,600.052,,tot3_0398
tot3_0399,S4,neither,STEP,63.77,594.360938,792.48,125,3,600.050,,tot3_0399
tot3_0400,S4,discovered,CTX_X,17.86,594.360938,792.48,125,3,17.455,,tot3_0400
tot3_0401,S4,discovered,CTX_X,17.86,594.360938,792.48,125,3,16.641,,tot3_0401
tot3_0402,S4,neither,STEP,51.49,594.360938,792.48,125,3,600.044,,tot3_0402
tot3_0403,S4,discovered,CTX_X,28.84,594.360938,792.48,125,3,14.105,,tot3_0403
tot3_0404,S4,discovered,CTX_X,28.84,594.360938,792.48,125,3,12.087,,tot3_0404
tot3_0405,S4,discovered,DARY,15.03,594.360938,792.48,125,3,10.087,,tot3_0405
tot3_0406,S4,discovered,CTX_X,15.61,594.360938,792.48,125,3,12.067,,tot3_0406
tot3_0407,S4,discovered,CTX_X,22.48,594.360938,792.48,125,3,11.965,,tot3_0407
tot3_0408,S4,discovered,DARY,15.70,594.360938,792.48,125,3,22.569,,tot3_0408
tot3_0409,S4,discovered,CTX_X,17.86,594.360938,792.48,125,3,16.442,,tot3_0409
tot3_0410,S4,neither,STEP,50.93,594.360938,792.48,125,3,600.038,,tot3_0410
tot3_0411,S4,discovered,CTX_X,26.03,594.360938,792.48,125,3,43.129,,tot3_0411
tot3_0412,S4,neither,STEP,51.56,594.360938,792.48,125,3,600.042,,tot3_0412
tot3_0413,S4,discovered,CTX_X,28.84,594.360938,792.48,125,3,12.460,,tot3_0413
tot3_0414,S4,discovered,DARY,15.03,594.360938,792.48,125,3,10.085,,tot3_0414
tot3_0415,S4,discovered,CTX_X,15.61,594.360938,792.48,125,3,11.580,,tot3_0415
tot3_0416,S4,neither,STEP,57.57,594.360938,792.48,125,3,600.038,,tot3_0416
tot3_0417,S4,discovered,FUNC_L,46.78,594.360938,792.48,125,3,13.014,,tot3_0417
tot3_0418,S4,discovered,CTX_X,17.86,594.360938,792.48,125,3,16.534,,tot3_0418
tot3_0419,S4,neither,FUNC_L,55.73,594.360938,792.48,125,3,600.056,,tot3_0419
tot3_0420,S4,neither,STEP,53.36,594.360938,792.48,125,3,600.059,,tot3_0420
tot3_0421,S4,neither,STEP,49.58,594.360938,792.48,125,3,600.055,,tot3_0421
tot3_0422,S4,discovered,CTX_X,28.84,594.360938,792.48,125,3,11.002,,tot3_0422
tot3_0423,S4,discovered,DARY,15.03,594.360938,792.48,125,3,10.084,,tot3_0423
tot3_0424,S4,neither,ITER,47.53,594.360938,792.48,125,3,600.060,,tot3_0424
tot3_0425,S4,discovered,CTX_X,22.48,594.360938,792.48,125,3,11.994,,tot3_0425
tot3_0426,S4,neither,NESTED_LOOP,83.73,594.360938,792.48,125,3,600.061,,tot3_0426
tot3_0427,S4,discovered,CTX_X,17.86,594.360938,792.48,125,3,17.291,,tot3_0427
tot3_0428,S4,neither,STEP,59.20,594.360938,792.48,125,3,600.046,,tot3_0428
tot3_0429,S4,discovered,NESTED_LOOP,83.73,594.360938,792.48,125,3,212.681,,tot3_0429
tot3_0430,S4,neither,STEP,56.38,594.360938,792.48,125,3,600.060,,tot3_0430
tot3_0431,S4,discovered,CTX_X,28.84,594.360938,792.48,125,3,20.637,,tot3_0431
tot3_0432,S4,discovered,DARY,15.03,594.360938,792.48,125,3,10.161,,tot3_0432
tot3_0433,S4,discovered,NESTED_LOOP,82.15,594.360938,792.48,125,3,221.201,,tot3_0433
tot3_0434,S4,discovered,CTX_X,22.48,594.360938,792.48,125,3,12.721,,tot3_0434
tot3_0435,S4,discovered,DARY,13.45,594.360938,792.48,125,3,10.240,,tot3_0435
tot3_0436,S4,discovered,DARY,13.45,594.360938,792.48,125,3,10.227,,tot3_0436
tot3_0437,S4,discovered,DARY,13.45,594.360938,792.48,125,3,10.244,,tot3_0437
tot3_0438,S4,discovered,CTX_X,26.03,594.360938,792.48,125,3,44.985,,tot3_0438
tot3_0439,S4,neither,FUNC,43.53,594.360938,792.48,125,3,600.040,,tot3_0439
tot3_0440,S4,discovered,CTX_X,28.84,594.360938,792.48,125,3,13.951,,tot3_0440
tot3_0441,S4,discovered,DARY,15.03,594.360938,792.48,125,3,10.102,,tot3_0441
tot3_0442,S4,discovered,CTX_X,20.43,594.360938,792.48,125,3,42.633,,tot3_0442
tot3_0443,S4,discovered,CTX_X,33.90,594.360938,792.48,125,3,44.513,,tot3_0443
tot3_0444,S4,discovered,DARY,13.45,594.360938,792.48,125,3,10.214,,tot3_0444
tot3_0445,S4,discovered,DARY,13.45,594.360938,792.48,125,3,10.208,,tot3_0445
tot3_0446,S4,discovered,DARY,13.45,594.360938,792.48,125,3,10.221,,tot3_0446
tot3_0447,S4,neither,STEP,59.74,594.360938,792.48,125,3,600.050,,tot3_0447
tot3_0448,S4,discovered,CTX_X,24.73,594.360938,792.48,125,3,18.110,,tot3_0448
tot3_0449,S4,discovered,CTX_X,28.84,594.360938,792.48,125,3,13.305,,tot3_0449
tot3_0450,S4,discovered,DARY,15.03,594.360938,792.48,125,3,10.087,,tot3_0450
tot3_0451,S4,neither,STEP,58.52,594.360938,792.48,125,3,600.044,,tot3_0451
tot3_0452,S4,discovered,CTX_X,22.48,594.360938,792.48,125,3,14.006,,tot3_0452
tot3_0453,S4,discovered,DARY,13.45,594.360938,792.48,125,3,10.216,,tot3_0453
tot3_0454,S4,discovered,DARY,13.45,594.360938,792.48,125,3,10.370,,tot3_0454
tot3_0455,S4,discovered,DARY,13.45,594.360938,792.48,125,3,10.221,,tot3_0455
tot3_0456,S4,discovered,NESTED_LOOP,83.73,594.360938,792.48,125,3,213.207,,tot3_0456
tot3_0457,S4,discovered,ITER_F,75.30,594.360938,792.48,125,3,284.945,,tot3_0457
tot3_0458,S4,discovered,CTX_X,28.84,594.360938,792.48,125,3,14.259,,tot3_0458
tot3_0459,S4,discovered,DARY,15.03,594.360938,792.48,125,3,10.113,,tot3_0459
tot3_0460,S4,discovered,CTX_X,20.43,594.360938,792.48,125,3,43.625,,tot3_0460
tot3_0461,S4,discovered,CTX_X,22.48,594.360938,792.48,125,3,17.351,,tot3_0461
tot3_0462,S4,neither,STEP,63.79,594.360938,792.48,125,3,600.076,,tot3_0462
tot3_0463,S4,discovered,CTX_X,17.86,594.360938,792.48,125,3,21.013,,tot3_0463
tot3_0464,S4,discovered,CTX_X,48.13,594.360938,792.48,125,3,44.377,,tot3_0464
tot3_0465,S4,discovered,CTX_X,26.03,594.360938,792.48,125,3,45.153,,tot3_0465
tot3_0466,S4,discovered,CTX_X,33.90,594.360938,792.48,125,3,47.294,,tot3_0466
tot3_0467,S4,discovered,CTX_X,28.84,594.360938,792.48,125,3,13.537,,tot3_0467
tot3_0468,S4,discovered,DARY,15.03,594.360938,792.48,125,3,10.096,,tot3_0468
tot3_0469,S4,neither,STEP,44.84,594.360938,792.48,125,3,600.063,,tot3_0469
tot3_0470,S4,neither,ITER_F,55.54,594.360938,792.48,125,3,600.049,,tot3_0470
tot3_0471,S4,neither,ITER_F,58.71,594.360938,792.48,125,3,600.067,,tot3_0471
tot3_0472,S4,discovered,CTX_X,17.86,594.360938,792.48,125,3,21.079,,tot3_0472
tot3_0473,S4,neither,STEP,53.82,594.360938,792.48,125,3,600.066,,tot3_0473
tot3_0474,S4,neither,FUNC_L,52.73,594.360938,792.48,125,3,600.073,,tot3_0474
tot3_0475,S4,neither,STEP,65.17,594.360938,792.48,125,3,600.075,,tot3_0475
tot3_0476,S4,discovered,CTX_X,28.84,594.360938,792.48,125,3,13.857,,tot3_0476
tot3_0477,S4,discovered,DARY,15.03,594.360938,792.48,125,3,10.098,,tot3_0477
tot3_0478,S4,neither,FUNC_L,53.73,594.360938,792.48,125,3,600.062,,tot3_0478
tot3_0479,S4,discovered,CTX_X,22.48,594.360938,792.48,125,3,13.209,,tot3_0479
tot3_0480,S4,discovered,NESTED_LOOP,101.72,594.360938,792.48,125,3,288.732,,tot3_0480
tot3_0481,S4,discovered,CTX_X,17.86,594.360938,792.48,125,3,16.823,,tot3_0481
tot3_0482,S4,neither,STEP,63.85,594.360938,792.48,125,3,600.059,,tot3_0482
tot3_0483,S4,discovered,NESTED_LOOP,83.73,594.360938,792.48,125,3,215.253,,tot3_0483
tot3_0484,S4,discovered,CTX_X,28.84,594.360938,792.48,125,3,13.209,,tot3_0484
tot3_0485,S4,discovered,CTX_X,28.84,594.360938,792.48,125,3,12.084,,tot3_0485
tot3_0486,S4,discovered,DARY,15.03,594.360938,792.48,125,3,10.085,,tot3_0486
tot3_0487,S4,discovered,CTX_X,15.61,594.360938,792.48,125,3,12.440,,tot3_0487
tot3_0488,S4,discovered,CTX_X,22.48,594.360938,792.48,125,3,12.095,,tot3_0488
tot3_0489,S4,discovered,DARY,15.70,594.360938,792.48,125,3,21.418,,tot3_0489
tot3_0490,S4,discovered,CTX_X,17.86,594.360938,792.48,125,3,16.659,,tot3_0490
tot3_0491,S4,discovered,CTX_X,24.73,594.360938,792.48,125,3,18.123,,tot3_0491
tot3_0492,S4,discovered,CTX_X,22.48,594.360938,792.48,125,3,13.850,,tot3_0492
tot3_0493,S4,discovered,CTX_X,40.34,594.360938,792.48,125,3,17.649,,tot3_0493
tot3_0494,S4,discovered,CTX_X,28.84,594.360938,792.48,125,3,11.520,,tot3_0494
tot3_0495,S4,discovered,DARY,15.03,594.360938,792.48,125,3,10.087,,tot3_0495
tot3_0496,S4,discovered,CTX_X,15.61,594.360938,792.48,125,3,13.059,,tot3_0496
tot3_0497,S4,neither,STEP,55.72,594.360938,792.48,125,3,600.061,,tot3_0497
tot3_0498,S4,discovered,FUNC_L,46.78,594.360938,792.48,125,3,14.479,,tot3_0498
tot3_0499,S4,discovered,CTX_X,17.86,594.360938,792.48,125,3,17.169,,tot3_0499
tot3_0500,S4,discovered,CTX_X,24.73,594.360938,792.48,125,3,17.311,,tot3_0500
tot3_0501,S4,discovered,CTX_X,22.48,594.360938,792.48,125,3,11.780,,tot3_0501
tot3_0502,S4,discovered,FUNC,34.09,594.360938,792.48,125,3,44.778,,tot3_0502
tot3_0503,S4,discovered,CTX_X,28.84,594.360938,792.48,125,3,12.983,,tot3_0503
tot3_0504,S4,discovered,DARY,15.03,594.360938,792.48,125,3,10.092,,tot3_0504
tot3_0505,S4,discovered,CTX_X,39.77,594.360938,792.48,125,3,43.724,,tot3_0505
tot3_0506,S4,discovered,CTX_X,22.48,594.360938,792.48,125,3,12.564,,tot3_0506
tot3_0507,S4,discovered,NESTED_LOOP,80.56,594.360938,792.48,125,3,423.362,,tot3_0507
tot3_0508,S4,discovered,CTX_X,17.86,594.360938,792.48,125,3,17.547,,tot3_0508
tot3_0509,S4,discovered,CTX_X,24.73,594.360938,792.48,125,3,16.533,,tot3_0509
tot3_0510,S4,discovered,CTX_X,22.48,594.360938,792.48,125,3,12.534,,tot3_0510
tot3_0511,S4,discovered,CTX_X,44.91,594.360938,792.48,125,3,43.403,,tot3_0511
tot3_0512,S4,discovered,CTX_X,28.84,594.360938,792.48,125,3,12.777,,tot3_0512
tot3_0513,S4,discovered,DARY,15.03,594.360938,792.48,125,3,10.084,,tot3_0513
tot3_0514,S4,discovered,NESTED_LOOP,82.15,594.360938,792.48,125,3,209.791,,tot3_0514
tot3_0515,S4,discovered,CTX_X,22.48,594.360938,792.48,125,3,13.549,,tot3_0515
tot3_0516,S4,discovered,DARY,13.45,594.360938,792.48,125,3,10.210,,tot3_0516
tot3_0517,S4,discovered,DARY,13.45,594.360938,792.48,125,3,10.213,,tot3_0517
tot3_0518,S4,discovered,DARY,13.45,594.360938,792.48,125,3,10.209,,tot3_0518
tot3_0519,S4,discovered,CTX_X,22.48,594.360938,792.48,125,3,19.284,,tot3_0519
tot3_0520,S4,neither,FUNC_L,44.78,594.360938,792.48,125,3,600.081,,tot3_0520
tot3_0521,S4,discovered,CTX_X,28.84,594.360938,792.48,125,3,21.782,,tot3_0521
tot3_0522,S4,discovered,DARY,15.03,594.360938,792.48,125,3,10.152,,tot3_0522
tot3_0523,S4,discovered,CTX_X,20.43,594.360938,792.48,125,3,50.435,,tot3_0523
tot3_0524,S4,neither,STEP,55.00,594.360938,792.48,125,3,600.071,,tot3_0524
tot3_0525,S4,discovered,DARY,13.45,594.360938,792.48,125,3,10.342,,tot3_0525
tot3_0526,S4,discovered,DARY,13.45,594.360938,792.48,125,3,10.351,,tot3_0526
tot3_0527,S4,discovered,DARY,13.45,594.360938,792.48,125,3,10.340,,tot3_0527
tot3_0528,S4,discovered,CTX_X,22.48,594.360938,792.48,125,3,18.794,,tot3_0528
tot3_0529,S4,discovered,CTX_X,39.34,594.360938,792.48,125,3,26.680,,tot3_0529
tot3_0530,S4,discovered,CTX_X,28.84,594.360938,792.48,125,3,18.323,,tot3_0530
tot3_0531,S4,discovered,DARY,15.03,594.360938,792.48,125,3,10.151,,tot3_0531
tot3_0532,S4,neither,STEP,53.95,594.360938,792.48,125,3,600.079,,tot3_0532
tot3_0533,S4,discovered,CTX_X,22.48,594.360938,792.48,125,3,18.989,,tot3_0533
tot3_0534,S4,neither,FUNC,37.09,594.360938,792.48,125,3,600.071,,tot3_0534
tot3_0535,S4,discovered,DARY,13.45,594.360938,792.48,125,3,10.346,,tot3_0535
tot3_0536,S4,discovered,DARY,13.45,594.360938,792.48,125,3,10.343,,tot3_0536
tot3_0537,S4,discovered,CTX_X,22.48,594.360938,792.48,125,3,19.023,,tot3_0537
tot3_0538,S4,neither,STEP,61.23,594.360938,792.48,125,3,600.062,,tot3_0538
tot3_0539,S4,discovered,CTX_X,28.84,594.360938,792.48,125,3,18.847,,tot3_0539
tot3_0540,S4,discovered,DARY,15.03,594.360938,792.48,125,3,10.146,,tot3_0540
tot3_0541,S4,discovered,CTX_X,20.43,594.360938,792.48,125,3,49.901,,tot3_0541
tot3_0542,S4,discovered,CTX_X,22.48,594.360938,792.48,125,3,19.503,,tot3_0542
tot3_0543,S4,discovered,CTX_X,24.73,594.360938,792.48,125,3,27.768,,tot3_0543
tot3_0544,S4,discovered,CTX_X,17.86,594.360938,792.48,125,3,29.982,,tot3_0544
tot3_0545,S4,discovered,CTX_X,31.09,594.360938,792.48,125,3,29.554,,tot3_0545
tot3_0546,S4,discovered,CTX_X,22.48,594.360938,792.48,125,3,19.977,,tot3_0546
tot3_0547,S4,discovered,CTX_X,20.43,594.360938,792.48,125,3,48.246,,tot3_0547
tot3_0548,S4,discovered,CTX_X,28.84,594.360938,792.48,125,3,19.253,,tot3_0548
tot3_0549,S4,discovered,DARY,15.03,594.360938,792.48,125,3,10.145,,tot3_0549
tot3_0550,S4,neither,STEP,56.81,594.360938,792.48,125,3,600.103,,tot3_0550
tot3_0551,S4,neither,STEP,55.80,594.360938,792.48,125,3,600.083,,tot3_0551
tot3_0552,S4,neither,STEP,53.41,594.360938,792.48,125,3,600.078,,tot3_0552
tot3_0553,S4,discovered,CTX_X,17.86,594.360938,792.48,125,3,26.337,,tot3_0553
tot3_0554,S4,neither,STEP,55.78,594.360938,792.48,125,3,600.071,,tot3_0554
tot3_0555,S4,discovered,CTX_X,22.48,594.360938,792.48,125,3,18.240,,tot3_0555
tot3_0556,S4,discovered,CTX_X,20.43,594.360938,792.48,125,3,48.805,,tot3_0556
tot3_0557,S4,discovered,CTX_X,28.84,594.360938,792.48,125,3,18.424,,tot3_0557
tot3_0558,S4,discovered,DARY,15.03,594.360938,792.48,125,3,10.146,,tot3_0558
tot3_0559,S4,neither,FUNC_L,54.73,594.360938,792.48,125,3,600.079,,tot3_0559
tot3_0560,S4,discovered,CTX_X,22.48,594.360938,792.48,125,3,18.446,,tot3_0560
tot3_0561,S4,discovered,CTX_X,24.73,594.360938,792.48,125,3,28.168,,tot3_0561
tot3_0562,S4,discovered,CTX_X,17.86,594.360938,792.48,125,3,27.036,,tot3_0562
tot3_0563,S4,discovered,CTX_X,43.91,594.360938,792.48,125,3,49.187,,tot3_0563
tot3_0564,S4,discovered,CTX_X,22.48,594.360938,792.48,125,3,18.290,,tot3_0564
tot3_0565,S4,neither,FUNC_L,52.73,594.360938,792.48,125,3,600.058,,tot3_0565
tot3_0566,S4,discovered,CTX_X,28.84,594.360938,792.48,125,3,18.631,,tot3_0566
tot3_0567,S4,discovered,DARY,15.03,594.360938,792.48,125,3,10.149,,tot3_0567
tot3_0568,S4,discovered,CTX_X,15.61,594.360938,792.48,125,3,18.521,,tot3_0568
tot3_0569,S4,discovered,CTX_X,22.48,594.360938,792.48,125,3,18.666,,tot3_0569
tot3_0570,S4,discovered,DARY,15.70,594.360938,792.48,125,3,36.297,,tot3_0570
tot3_0571,S4,discovered,CTX_X,17.86,594.360938,792.48,125,3,27.907,,tot3_0571
tot3_0572,S4,neither,ITER,49.11,594.360938,792.48,125,3,600.780,,tot3_0572
tot3_0573,S4,discovered,CTX_X,19.20,594.360938,792.48,125,3,52.171,,tot3_0573
tot3_0574,S4,neither,STEP,56.54,594.360938,792.48,125,3,600.070,,tot3_0574
tot3_0575,S4,discovered,CTX_X,28.84,594.360938,792.48,125,3,33.018,,tot3_0575
tot3_0576,S4,discovered,DARY,15.03,594.360938,792.48,125,3,10.191,,tot3_0576
tot3_0577,S4,discovered,CTX_X,15.61,594.360938,792.48,125,3,24.674,,tot3_0577
tot3_0578,S4,neither,FUNC,34.09,594.360938,792.48,125,3,602.911,,tot3_0578
tot3_0579,S4,discovered,FUNC_L,46.78,594.360938,792.48,125,3,40.759,,tot3_0579
tot3_0580,S4,discovered,CTX_X,17.86,594.360938,792.48,125,3,54.336,,tot3_0580
tot3_0581,S4,neither,STEP,57.97,594.360938,792.48,125,3,600.080,,tot3_0581
tot3_0582,S4,neither,STEP,58.86,594.360938,792.48,125,3,600.064,,tot3_0582
tot3_0583,S4,neither,STEP,58.45,594.360938,792.48,125,3,600.061,,tot3_0583
tot3_0584,S4,discovered,CTX_X,28.84,594.360938,792.48,125,3,19.045,,tot3_0584
tot3_0585,S4,discovered,DARY,15.03,594.360938,792.48,125,3,10.147,,tot3_0585
tot3_0586,S4,neither,STEP,60.11,594.360938,792.48,125,3,600.071,,tot3_0586
tot3_0587,S4,neither,STEP,55.26,594.360938,792.48,125,3,600.049,,tot3_0587
tot3_0588,S4,discovered,DARY,18.37,594.360938,792.48,125,3,13.267,,tot3_0588
tot3_0589,S4,discovered,CTX_X,17.86,594.360938,792.48,125,3,19.386,,tot3_0589
tot3_0590,S4,neither,ITER,49.53,594.360938,792.48,125,3,600.049,,tot3_0590
tot3_0591,S4,neither,FUNC_L,55.73,594.360938,792.48,125,3,600.059,,tot3_0591
tot3_0592,S4,neither,NESTED_LOOP,80.56,594.360938,792.48,125,3,600.496,,tot3_0592
tot3_0593,S4,discovered,CTX_X,28.84,594.360938,792.48,125,3,23.446,,tot3_0593
tot3_0594,S4,discovered,DARY,15.03,594.360938,792.48,125,3,10.165,,tot3_0594
tot3_0595,S4,discovered,NESTED_LOOP,82.15,594.360938,792.48,125,3,226.572,,tot3_0595
tot3_0596,S4,discovered,CTX_X,43.91,594.360938,792.48,125,3,53.718,,tot3_0596
tot3_0597,S4,discovered,DARY,13.45,594.360938,792.48,125,3,10.335,,tot3_0597
tot3_0598,S4,discovered,DARY,13.45,594.360938,792.48,125,3,10.332,,tot3_0598
tot3_0599,S4,discovered,DARY,13.45,594.360938,792.48,125,3,10.295,,tot3_0599
tot3_0600,S4,neither,STEP,56.74,594.360938,792.48,125,3,600.052,,tot3_0600
tot3_0601,S4,discovered,CTX_X,24.73,594.360938,792.48,125,3,18.934,,tot3_0601
tot3_0602,S4,discovered,CTX_X,28.84,594.360938,792.48,125,3,14.302,,tot3_0602
tot3_0603,S4,discovered,DARY,15.03,594.360938,792.48,125,3,10.096,,tot3_0603
tot3_0604,S4,discovered,CTX_X,20.43,594.360938,792.48,125,3,43.352,,tot3_0604
tot3_0605,S4,discovered,CTX_X,24.73,594.360938,792.48,125,3,17.021,,tot3_0605
tot3_0606,S4,discovered,DARY,13.45,594.360938,792.48,125,3,10.197,,tot3_0606
tot3_0607,S4,discovered,DARY,13.45,594.360938,792.48,125,3,10.200,,tot3_0607
tot3_0608,S4,discovered,DARY,13.45,594.360938,792.48,125,3,10.206,,tot3_0608
tot3_0609,S4,discovered,CTX_X,24.73,594.360938,792.48,125,3,18.241,,tot3_0609
tot3_0610,S4,discovered,CTX_X,24.73,594.360938,792.48,125,3,20.510,,tot3_0610
tot3_0611,S4,discovered,CTX_X,28.84,594.360938,792.48,125,3,13.617,,tot3_0611
tot3_0612,S4,discovered,DARY,15.03,594.360938,792.48,125,3,10.134,,tot3_0612
tot3_0613,S4,neither,STEP,58.52,594.360938,792.48,125,3,600.044,,tot3_0613
tot3_0614,S4,discovered,CTX_X,41.34,594.360938,792.48,125,3,18.332,,tot3_0614
tot3_0615,S4,discovered,CTX_X,20.43,594.360938,792.48,125,3,42.407,,tot3_0615
tot3_0616,S4,discovered,DARY,13.45,594.360938,792.48,125,3,10.215,,tot3_0616
tot3_0617,S4,discovered,DARY,13.45,594.360938,792.48,125,3,10.227,,tot3_0617
tot3_0618,S4,discovered,CTX_X,40.34,594.360938,792.48,125,3,17.036,,tot3_0618
tot3_0619,S4,discovered,CTX_X,24.73,594.360938,792.48,125,3,17.032,,tot3_0619
tot3_0620,S4,discovered,CTX_X,28.84,594.360938,792.48,125,3,12.820,,tot3_0620
tot3_0621,S4,discovered,DARY,15.03,594.360938,792.48,125,3,10.098,,tot3_0621
tot3_0622,S4,discovered,CTX_X,20.43,594.360938,792.48,125,3,43.797,,tot3_0622
tot3_0623,S4,discovered,NESTED_LOOP,82.15,594.360938,792.48,125,3,214.909,,tot3_0623
tot3_0624,S4,neither,STEP,55.06,594.360938,792.48,125,3,600.052,,tot3_0624
tot3_0625,S4,discovered,CTX_X,17.86,594.360938,792.48,125,3,17.247,,tot3_0625
tot3_0626,S4,neither,STEP,46.09,594.360938,792.48,125,3,600.056,,tot3_0626
tot3_0627,S4,discovered,CTX_X,28.21,594.360938,792.48,125,3,57.760,,tot3_0627
tot3_0628,S4,neither,ITER_L,60.73,594.360938,792.48,125,3,600.061,,tot3_0628
tot3_0629,S4,discovered,CTX_X,28.84,594.360938,792.48,125,3,16.345,,tot3_0629
tot3_0630,S4,discovered,DARY,15.03,594.360938,792.48,125,3,10.110,,tot3_0630
tot3_0631,S4,discovered,CTX_X,20.43,594.360938,792.48,125,3,43.770,,tot3_0631
tot3_0632,S4,neither,STEP,59.89,594.360938,792.48,125,3,600.061,,tot3_0632
tot3_0633,S4,neither,STEP,59.40,594.360938,792.48,125,3,600.073,,tot3_0633
tot3_0634,S4,discovered,CTX_X,17.86,594.360938,792.48,125,3,16.615,,tot3_0634
tot3_0635,S4,neither,STEP,52.98,594.360938,792.48,125,3,600.042,,tot3_0635
tot3_0636,S4,neither,FUNC_L,51.54,594.360938,792.48,125,3,600.036,,tot3_0636
tot3_0637,S4,neither,ITER_L,59.13,594.360938,792.48,125,3,600.062,,tot3_0637
tot3_0638,S4,discovered,CTX_X,28.84,594.360938,792.48,125,3,12.250,,tot3_0638
tot3_0639,S4,discovered,DARY,15.03,594.360938,792.48,125,3,10.087,,tot3_0639
tot3_0640,S4,neither,ITER,40.09,594.360938,792.48,125,3,600.053,,tot3_0640
tot3_0641,S4,neither,STEP,60.96,594.360938,792.48,125,3,600.057,,tot3_0641
tot3_0642,S4,neither,FUNC_L,53.73,594.360938,792.48,125,3,600.057,,tot3_0642
tot3_0643,S4,discovered,CTX_X,17.86,594.360938,792.48,125,3,42.545,,tot3_0643
tot3_0644,S4,neither,STEP,59.18,594.360938,792.48,125,3,600.062,,tot3_0644
tot3_0645,S4,neither,NESTED_LOOP,80.56,594.360938,792.48,125,3,600.046,,tot3_0645
tot3_0646,S4,neither,STEP,40.59,594.360938,792.48,125,3,600.063,,tot3_0646
tot3_0647,S4,discovered,CTX_X,28.84,594.360938,792.48,125,3,12.666,,tot3_0647
tot3_0648,S4,discovered,DARY,15.03,594.360938,792.48,125,3,10.101,,tot3_0648
tot3_0649,S4,discovered,CTX_X,15.61,594.360938,792.48,125,3,15.490,,tot3_0649
tot3_0650,S4,discovered,CTX_X,22.48,594.360938,792.48,125,3,13.039,,tot3_0650
tot3_0651,S4,discovered,DARY,15.70,594.360938,792.48,125,3,24.422,,tot3_0651
tot3_0652,S4,discovered,CTX_X,17.86,594.360938,792.48,125,3,20.937,,tot3_0652
tot3_0653,S4,discovered,CTX_X,24.73,594.360938,792.48,125,3,19.537,,tot3_0653
tot3_0654,S4,discovered,CTX_X,26.03,594.360938,792.48,125,3,45.309,,tot3_0654
tot3_0655,S4,neither,ITER,41.09,594.360938,792.48,125,3,600.061,,tot3_0655
tot3_0656,S4,discovered,CTX_X,28.84,594.360938,792.48,125,3,46.006,,tot3_0656
tot3_0657,S4,discovered,DARY,15.03,594.360938,792.48,125,3,10.176,,tot3_0657
tot3_0658,S4,discovered,CTX_X,15.61,594.360938,792.48,125,3,18.464,,tot3_0658
tot3_0659,S4,neither,STEP,63.88,594.360938,792.48,125,3,600.127,,tot3_0659
tot3_0660,S4,discovered,FUNC_L,46.78,594.360938,792.48,125,3,19.975,,tot3_0660
tot3_0661,S4,discovered,CTX_X,17.86,594.360938,792.48,125,3,23.914,,tot3_0661
tot3_0662,S4,neither,STEP,63.11,594.360938,792.48,125,3,600.060,,tot3_0662
tot3_0663,S4,neither,STEP,54.26,594.360938,792.48,125,3,600.052,,tot3_0663
tot3_0664,S4,neither,STEP,61.85,594.360938,792.48,125,3,600.051,,tot3_0664
tot3_0665,S4,discovered,CTX_X,28.84,594.360938,792.48,125,3,15.410,,tot3_0665
tot3_0666,S4,discovered,DARY,15.03,594.360938,792.48,125,3,10.116,,tot3_0666
tot3_0667,S4,neither,FUNC,43.53,594.360938,792.48,125,3,600.044,,tot3_0667
tot3_0668,S4,discovered,CTX_X,22.48,594.360938,792.48,125,3,43.533,,tot3_0668
tot3_0669,S4,neither,FUNC,43.53,594.360938,792.48,125,3,600.045,,tot3_0669
tot3_0670,S4,discovered,CTX_X,17.86,594.360938,792.48,125,3,55.633,,tot3_0670
tot3_0671,S4,discovered,CTX_X,24.73,594.360938,792.48,125,3,36.551,,tot3_0671
tot3_0672,S4,discovered,NESTED_LOOP,83.73,594.360938,792.48,125,3,228.999,,tot3_0672
tot3_0673,S4,neither,STEP,57.52,594.360938,792.48,125,3,600.069,,tot3_0673
tot3_0674,S4,discovered,CTX_X,28.84,594.360938,792.48,125,3,16.156,,tot3_0674
tot3_0675,S4,discovered,DARY,15.03,594.360938,792.48,125,3,10.149,,tot3_0675
tot3_0676,S4,discovered,NESTED_LOOP,82.15,594.360938,792.48,125,3,218.444,,tot3_0676
tot3_0677,S4,discovered,CTX_X,22.48,594.360938,792.48,125,3,16.440,,tot3_0677
tot3_0678,S4,discovered,DARY,13.45,594.360938,792.48,125,3,11.241,,tot3_0678
tot3_0679,S4,discovered,DARY,13.45,594.360938,792.48,125,3,10.415,,tot3_0679
tot3_0680,S4,discovered,CTX_X,32.43,594.360938,792.48,125,3,45.974,,tot3_0680
tot3_0681,S4,discovered,CTX_X,26.03,594.360938,792.48,125,3,52.765,,tot3_0681
tot3_0682,S4,neither,STEP,50.77,594.360938,792.48,125,3,600.029,,tot3_0682
tot3_0683,S4,discovered,CTX_X,28.84,594.360938,792.48,125,3,17.010,,tot3_0683
tot3_0684,S4,discovered,DARY,15.03,594.360938,792.48,125,3,10.134,,tot3_0684
tot3_0685,S4,discovered,CTX_X,20.43,594.360938,792.48,125,3,44.421,,tot3_0685
tot3_0686,S4,neither,STEP,66.43,594.360938,792.48,125,3,600.044,,tot3_0686
tot3_0687,S4,discovered,DARY,13.45,594.360938,792.48,125,3,10.450,,tot3_0687
tot3_0688,S4,discovered,DARY,13.45,594.360938,792.48,125,3,10.227,,tot3_0688
tot3_0689,S4,neither,STEP,41.59,594.360938,792.48,125,3,600.056,,tot3_0689
tot3_0690,S4,neither,STEP,55.02,594.360938,792.48,125,3,600.053,,tot3_0690
tot3_0691,S4,neither,STEP,56.45,594.360938,792.48,125,3,600.041,,tot3_0691
tot3_0692,S4,discovered,CTX_X,28.84,594.360938,792.48,125,3,11.944,,tot3_0692
tot3_0693,S4,discovered,DARY,15.03,594.360938,792.48,125,3,10.087,,tot3_0693
tot3_0694,S4,neither,STEP,59.52,594.360938,792.48,125,3,600.046,,tot3_0694
tot3_0695,S4,discovered,CTX_X,22.48,594.360938,792.48,125,3,11.781,,tot3_0695
tot3_0696,S4,neither,STEP,63.20,594.360938,792.48,125,3,600.054,,tot3_0696
tot3_0697,S4,discovered,DARY,13.45,594.360938,792.48,125,3,10.213,,tot3_0697
tot3_0698,S4,discovered,CTX_X,32.43,594.360938,792.48,125,3,41.516,,tot3_0698
tot3_0699,S4,discovered,NESTED_LOOP,83.73,594.360938,792.48,125,3,213.760,,tot3_0699
tot3_0700,S4,discovered,NESTED_LOOP,99.72,594.360938,792.48,125,3,291.580,,tot3_0700
tot3_0701,S4,discovered,CTX_X,28.84,594.360938,792.48,125,3,11.367,,tot3_0701
tot3_0702,S4,discovered,DARY,15.03,594.360938,792.48,125,3,10.090,,tot3_0702
tot3_0703,S4,discovered,CTX_X,20.43,594.360938,792.48,125,3,42.707,,tot3_0703
tot3_0704,S4,discovered,CTX_X,22.48,594.360938,792.48,125,3,11.650,,tot3_0704
tot3_0705,S4,discovered,CTX_X,33.90,594.360938,792.48,125,3,42.481,,tot3_0705
tot3_0706,S4,discovered,CTX_X,17.86,594.360938,792.48,125,3,16.788,,tot3_0706
tot3_0707,S4,discovered,CTX_X,31.09,594.360938,792.48,125,3,16.230,,tot3_0707
tot3_0708,S4,discovered,CTX_X,26.03,594.360938,792.48,125,3,43.450,,tot3_0708
tot3_0709,S4,neither,ITER_L,72.09,594.360938,792.48,125,3,600.062,,tot3_0709
tot3_0710,S4,discovered,CTX_X,28.84,594.360938,792.48,125,3,12.111,,tot3_0710
tot3_0711,S4,discovered,DARY,15.03,594.360938,792.48,125,3,10.087,,tot3_0711
tot3_0712,S4,neither,STEP,58.55,594.360938,792.48,125,3,600.054,,tot3_0712
tot3_0713,S4,neither,STEP,59.93,594.360938,792.48,125,3,600.097,,tot3_0713
tot3_0714,S4,neither,STEP,64.86,594.360938,792.48,125,3,600.063,,tot3_0714
tot3_0715,S4,discovered,CTX_X,17.86,594.360938,792.48,125,3,16.708,,tot3_0715
tot3_0716,S4,discovered,CTX_X,32.98,594.360938,792.48,125,3,16.332,,tot3_0716
tot3_0717,S4,neither,STEP,55.84,594.360938,792.48,125,3,600.042,,tot3_0717
tot3_0718,S4,discovered,NESTED_LOOP,82.15,594.360938,792.48,125,3,437.163,,tot3_0718
tot3_0719,S4,discovered,CTX_X,28.84,594.360938,792.48,125,3,11.865,,tot3_0719
tot3_0720,S4,discovered,DARY,15.03,594.360938,792.48,125,3,10.091,,tot3_0720
tot3_0721,S4,discovered,NESTED_LOOP,82.15,594.360938,792.48,125,3,437.130,,tot3_0721
tot3_0722,S4,discovered,CTX_X,22.48,594.360938,792.48,125,3,11.730,,tot3_0722
tot3_0723,S4,discovered,NESTED_LOOP,101.72,594.360938,792.48,125,3,293.242,,tot3_0723
tot3_0724,S4,discovered,CTX_X,17.86,594.360938,792.48,125,3,17.003,,tot3_0724
tot3_0725,S4,discovered,CTX_X,31.09,594.360938,792.48,125,3,17.103,,tot3_0725
tot3_0726,S4,discovered,NESTED_LOOP,83.73,594.360938,792.48,125,3,212.292,,tot3_0726
tot3_0727,S4,discovered,NESTED_LOOP,82.15,594.360938,792.48,125,3,436.902,,tot3_0727
tot3_0728,S4,discovered,CTX_X,28.84,594.360938,792.48,125,3,11.618,,tot3_0728
tot3_0729,S4,discovered,DARY,15.03,594.360938,792.48,125,3,10.085,,tot3_0729
tot3_0730,S4,discovered,CTX_X,15.61,594.360938,792.48,125,3,12.256,,tot3_0730
tot3_0731,S4,discovered,CTX_X,27.30,594.360938,792.48,125,3,41.733,,tot3_0731
tot3_0732,S4,discovered,DARY,15.70,594.360938,792.48,125,3,22.089,,tot3_0732
tot3_0733,S4,discovered,CTX_X,17.86,594.360938,792.48,125,3,16.360,,tot3_0733
tot3_0734,S4,discovered,FUNC,34.09,594.360938,792.48,125,3,16.093,,tot3_0734
tot3_0735,S4,discovered,CTX_X,15.61,594.360938,792.48,125,3,12.295,,tot3_0735
tot3_0736,S4,discovered,CTX_X,15.61,594.360938,792.48,125,3,12.242,,tot3_0736
tot3_0737,S4,discovered,CTX_X,24.73,594.360938,792.48,125,3,16.834,,tot3_0737
tot3_0738,S4,discovered,DARY,15.03,594.360938,792.48,125,3,10.085,,tot3_0738
tot3_0739,S4,discovered,CTX_X,15.61,594.360938,792.48,125,3,11.941,,tot3_0739
tot3_0740,S4,neither,STEP,55.76,594.360938,792.48,125,3,600.052,,tot3_0740
tot3_0741,S4,discovered,FUNC_L,46.78,594.360938,792.48,125,3,12.658,,tot3_0741
tot3_0742,S4,discovered,CTX_X,17.86,594.360938,792.48,125,3,17.551,,tot3_0742
tot3_0743,S4,discovered,FUNC,34.09,594.360938,792.48,125,3,16.149,,tot3_0743
tot3_0744,S4,discovered,CTX_X,26.06,594.360938,792.48,125,3,43.958,,tot3_0744
tot3_0745,S4,discovered,CTX_X,15.61,594.360938,792.48,125,3,12.112,,tot3_0745
tot3_0746,S4,discovered,CTX_X,24.73,594.360938,792.48,125,3,16.130,,tot3_0746
tot3_0747,S4,discovered,DARY,15.03,594.360938,792.48,125,3,10.086,,tot3_0747
tot3_0748,S4,discovered,CTX_X,15.61,594.360938,792.48,125,3,11.602,,tot3_0748
tot3_0749,S4,discovered,DARY,19.19,594.360938,792.48,125,3,11.679,,tot3_0749
tot3_0750,S4,neither,STEP,53.94,594.360938,792.48,125,3,600.052,,tot3_0750
tot3_0751,S4,discovered,CTX_X,17.86,594.360938,792.48,125,3,17.372,,tot3_0751
tot3_0752,S4,discovered,CTX_X,28.93,594.360938,792.48,125,3,42.444,,tot3_0752
tot3_0753,S4,discovered,NESTED_LOOP,101.72,594.360938,792.48,125,3,271.897,,tot3_0753
tot3_0754,S4,discovered,CTX_X,15.61,594.360938,792.48,125,3,11.793,,tot3_0754
tot3_0755,S4,discovered,CTX_X,24.73,594.360938,792.48,125,3,15.970,,tot3_0755
tot3_0756,S4,discovered,DARY,15.03,594.360938,792.48,125,3,10.090,,tot3_0756
tot3_0757,S4,discovered,NESTED_LOOP,64.81,594.360938,792.48,125,3,207.022,,tot3_0757
tot3_0758,S4,neither,STEP,56.17,594.360938,792.48,125,3,600.062,,tot3_0758
tot3_0759,S4,discovered,DARY,13.45,594.360938,792.48,125,3,10.228,,tot3_0759
tot3_0760,S4,discovered,DARY,13.45,594.360938,792.48,125,3,10.218,,tot3_0760
tot3_0761,S4,discovered,DARY,13.45,594.360938,792.48,125,3,10.205,,tot3_0761
tot3_0762,S4,discovered,CTX_X,15.61,594.360938,792.48,125,3,12.833,,tot3_0762
tot3_0763,S4,neither,STEP,55.33,594.360938,792.48,125,3,600.084,,tot3_0763
tot3_0764,S4,discovered,CTX_X,17.86,594.360938,792.48,125,3,17.390,,tot3_0764
tot3_0765,S4,discovered,DARY,15.03,594.360938,792.48,125,3,10.090,,tot3_0765
tot3_0766,S4,discovered,CTX_X,20.43,594.360938,792.48,125,3,42.339,,tot3_0766
tot3_0767,S4,discovered,CTX_X,41.34,594.360938,792.48,125,3,16.564,,tot3_0767
tot3_0768,S4,discovered,DARY,13.45,594.360938,792.48,125,3,10.206,,tot3_0768
tot3_0769,S4,discovered,DARY,13.45,594.360938,792.48,125,3,10.200,,tot3_0769
tot3_0770,S4,discovered,DARY,13.45,594.360938,792.48,125,3,10.205,,tot3_0770
tot3_0771,S4,discovered,CTX_X,26.06,594.360938,792.48,125,3,43.430,,tot3_0771
tot3_0772,S4,neither,STEP,55.94,594.360938,792.48,125,3,600.046,,tot3_0772
tot3_0773,S4,discovered,CTX_X,17.86,594.360938,792.48,125,3,17.533,,tot3_0773
tot3_0774,S4,discovered,DARY,15.03,594.360938,792.48,125,3,10.093,,tot3_0774
tot3_0775,S4,neither,STEP,55.21,594.360938,792.48,125,3,600.061,,tot3_0775
tot3_0776,S4,neither,FUNC,43.53,594.360938,792.48,125,3,600.052,,tot3_0776
tot3_0777,S4,neither,STEP,59.60,594.360938,792.48,125,3,600.053,,tot3_0777
tot3_0778,S4,discovered,DARY,13.45,594.360938,792.48,125,3,10.244,,tot3_0778
tot3_0779,S4,neither,NESTED_LOOP,82.15,594.360938,792.48,125,3,600.056,,tot3_0779
tot3_0780,S4,discovered,CTX_X,26.06,594.360938,792.48,125,3,41.673,,tot3_0780
tot3_0781,S4,discovered,NESTED_LOOP,83.73,594.360938,792.48,125,3,224.500,,tot3_0781
tot3_0782,S4,discovered,CTX_X,17.86,594.360938,792.48,125,3,18.150,,tot3_0782
tot3_0783,S4,discovered,DARY,15.03,594.360938,792.48,125,3,10.086,,tot3_0783
tot3_0784,S4,neither,NESTED_LOOP,101.72,594.360938,792.48,125,3,600.048,,tot3_0784
tot3_0785,S4,discovered,NESTED_LOOP,101.72,594.360938,792.48,125,3,274.779,,tot3_0785
tot3_0786,S4,discovered,CTX_X,24.73,594.360938,792.48,125,3,16.534,,tot3_0786
tot3_0787,S4,discovered,CTX_X,17.86,594.360938,792.48,125,3,17.449,,tot3_0787
tot3_0788,S4,neither,STEP,65.14,594.360938,792.48,125,3,600.053,,tot3_0788
tot3_0789,S4,discovered,CTX_X,15.61,594.360938,792.48,125,3,13.049,,tot3_0789
tot3_0790,S4,neither,ITER_L,58.73,594.360938,792.48,125,3,600.063,,tot3_0790
tot3_0791,S4,discovered,CTX_X,15.61,594.360938,792.48,125,3,13.093,,tot3_0791
tot3_0792,S4,discovered,DARY,15.03,594.360938,792.48,125,3,10.098,,tot3_0792
tot3_0793,S4,neither,STEP,58.13,594.360938,792.48,125,3,600.055,,tot3_0793
tot3_0794,S4,neither,STEP,59.56,594.360938,792.48,125,3,600.053,,tot3_0794
tot3_0795,S4,neither,FUNC,41.53,594.360938,792.48,125,3,600.045,,tot3_0795
tot3_0796,S4,discovered,CTX_X,17.86,594.360938,792.48,125,3,16.742,,tot3_0796
tot3_0797,S4,neither,STEP,63.16,594.360938,792.48,125,3,600.044,,tot3_0797
tot3_0798,S4,discovered,CTX_X,26.06,594.360938,792.48,125,3,43.058,,tot3_0798
tot3_0799,S4,neither,NESTED_LOOP,82.15,594.360938,792.48,125,3,600.041,,tot3_0799
tot3_0800,S4,discovered,CTX_X,15.61,594.360938,792.48,125,3,12.181,,tot3_0800
tot3_0801,S4,discovered,DARY,15.03,594.360938,792.48,125,3,10.085,,tot3_0801
tot3_0802,S4,discovered,ITER,41.09,594.360938,792.48,125,3,43.231,,tot3_0802
tot3_0803,S4,neither,FUNC_L,53.73,594.360938,792.48,125,3,600.043,,tot3_0803
tot3_0804,S4,neither,STEP,59.39,594.360938,792.48,125,3,600.053,,tot3_0804
tot3_0805,S4,discovered,CTX_X,17.86,594.360938,792.48,125,3,17.369,,tot3_0805
tot3_0806,S4,neither,NESTED_LOOP,116.78,594.360938,792.48,125,3,600.044,,tot3_0806
tot3_0807,S4,discovered,CTX_X,15.61,594.360938,792.48,125,3,11.396,,tot3_0807
tot3_0808,S4,discovered,CTX_X,15.61,594.360938,792.48,125,3,11.625,,tot3_0808
tot3_0809,S4,discovered,CTX_X,15.61,594.360938,792.48,125,3,12.109,,tot3_0809
tot3_0810,S4,discovered,DARY,15.03,594.360938,792.48,125,3,10.088,,tot3_0810
tot3_0811,S4,discovered,CTX_X,15.61,594.360938,792.48,125,3,12.047,,tot3_0811
tot3_0812,S4,discovered,CTX_X,27.30,594.360938,792.48,125,3,42.726,,tot3_0812
tot3_0813,S4,discovered,DARY,15.70,594.360938,792.48,125,3,21.580,,tot3_0813
tot3_0814,S4,discovered,CTX_X,17.86,594.360938,792.48,125,3,17.105,,tot3_0814
tot3_0815,S4,neither,STEP,50.77,594.360938,792.48,125,3,600.047,,tot3_0815
tot3_0816,S4,discovered,CTX_X,17.86,594.360938,792.48,125,3,20.280,,tot3_0816
tot3_0817,S4,discovered,CTX_X,42.26,594.360938,792.48,125,3,42.433,,tot3_0817
tot3_0818,S4,discovered,CTX_X,24.73,594.360938,792.48,125,3,16.128,,tot3_0818
tot3_0819,S4,discovered,DARY,15.03,594.360938,792.48,125,3,10.089,,tot3_0819
tot3_0820,S4,discovered,CTX_X,15.61,594.360938,792.48,125,3,11.805,,tot3_0820
tot3_0821,S4,discovered,CTX_X,28.93,594.360938,792.48,125,3,43.721,,tot3_0821
tot3_0822,S4,discovered,FUNC_L,46.78,594.360938,792.48,125,3,12.551,,tot3_0822
tot3_0823,S4,discovered,CTX_X,17.86,594.360938,792.48,125,3,16.931,,tot3_0823
tot3_0824,S4,neither,STEP,65.53,594.360938,792.48,125,3,600.041,,tot3_0824
tot3_0825,S4,neither,STEP,60.28,594.360938,792.48,125,3,600.062,,tot3_0825
tot3_0826,S4,discovered,CTX_X,15.61,594.360938,792.48,125,3,12.129,,tot3_0826
tot3_0827,S4,discovered,CTX_X,24.73,594.360938,792.48,125,3,16.010,,tot3_0827
tot3_0828,S4,discovered,DARY,15.03,594.360938,792.48,125,3,10.086,,tot3_0828
tot3_0829,S4,neither,STEP,60.35,594.360938,792.48,125,3,600.051,,tot3_0829
tot3_0830,S4,neither,ITER,47.53,594.360938,792.48,125,3,600.039,,tot3_0830
tot3_0831,S4,neither,STEP,63.38,594.360938,792.48,125,3,600.041,,tot3_0831
tot3_0832,S4,discovered,CTX_X,17.86,594.360938,792.48,125,3,17.740,,tot3_0832
tot3_0833,S4,neither,STEP,61.09,594.360938,792.48,125,3,600.055,,tot3_0833
tot3_0834,S4,neither,STEP,64.88,594.360938,792.48,125,3,600.046,,tot3_0834
tot3_0835,S4,neither,STEP,51.82,594.360938,792.48,125,3,600.063,,tot3_0835
tot3_0836,S4,discovered,CTX_X,24.73,594.360938,792.48,125,3,17.330,,tot3_0836
tot3_0837,S4,discovered,DARY,15.03,594.360938,792.48,125,3,10.086,,tot3_0837
tot3_0838,S4,discovered,NESTED_LOOP,64.81,594.360938,792.48,125,3,210.038,,tot3_0838
tot3_0839,S4,discovered,NESTED_LOOP,63.81,594.360938,792.48,125,3,428.932,,tot3_0839
tot3_0840,S4,discovered,DARY,13.45,594.360938,792.48,125,3,10.379,,tot3_0840
tot3_0841,S4,discovered,DARY,13.45,594.360938,792.48,125,3,10.369,,tot3_0841
tot3_0842,S4,discovered,DARY,13.45,594.360938,792.48,125,3,11.046,,tot3_0842
tot3_0843,S4,neither,FUNC_L,53.73,594.360938,792.48,125,3,600.063,,tot3_0843
tot3_0844,S4,neither,FUNC_L,52.73,594.360938,792.48,125,3,600.055,,tot3_0844
tot3_0845,S4,discovered,CTX_X,17.86,594.360938,792.48,125,3,44.930,,tot3_0845
tot3_0846,S4,discovered,DARY,15.03,594.360938,792.48,125,3,10.717,,tot3_0846
tot3_0847,S4,discovered,CTX_X,20.43,594.360938,792.48,125,3,52.771,,tot3_0847
tot3_0848,S4,discovered,CTX_X,24.73,594.360938,792.48,125,3,47.125,,tot3_0848
tot3_0849,S4,discovered,DARY,13.45,594.360938,792.48,125,3,10.603,,tot3_0849
tot3_0850,S4,discovered,DARY,13.45,594.360938,792.48,125,3,10.552,,tot3_0850
tot3_0851,S4,discovered,DARY,13.45,594.360938,792.48,125,3,10.520,,tot3_0851
tot3_0852,S4,discovered,CTX_X,17.86,594.360938,792.48,125,3,64.369,,tot3_0852
tot3_0853,S4,discovered,CTX_X,20.43,594.360938,792.48,125,3,58.876,,tot3_0853
tot3_0854,S4,discovered,CTX_X,17.86,594.360938,792.48,125,3,41.422,,tot3_0854
tot3_0855,S4,discovered,DARY,15.03,594.360938,792.48,125,3,10.129,,tot3_0855
tot3_0856,S4,neither,STEP,56.29,594.360938,792.48,125,3,600.043,,tot3_0856
tot3_0857,S4,neither,FUNC,45.53,594.360938,792.48,125,3,600.043,,tot3_0857
tot3_0858,S4,neither,FUNC_L,53.73,594.360938,792.48,125,3,600.037,,tot3_0858
tot3_0859,S4,discovered,DARY,13.45,594.360938,792.48,125,3,10.209,,tot3_0859
tot3_0860,S4,discovered,CTX_X,28.21,594.360938,792.48,125,3,42.654,,tot3_0860
tot3_0861,S4,discovered,CTX_X,17.86,594.360938,792.48,125,3,18.192,,tot3_0861
tot3_0862,S4,neither,STEP,57.93,594.360938,792.48,125,3,600.040,,tot3_0862
tot3_0863,S4,discovered,CTX_X,17.86,594.360938,792.48,125,3,17.205,,tot3_0863
tot3_0864,S4,discovered,DARY,15.03,594.360938,792.48,125,3,10.085,,tot3_0864
tot3_0865,S4,neither,FUNC_L,53.73,594.360938,792.48,125,3,600.044,,tot3_0865
tot3_0866,S4,neither,STEP,53.10,594.360938,792.48,125,3,600.068,,tot3_0866
tot3_0867,S4,neither,STEP,57.49,594.360938,792.48,125,3,600.049,,tot3_0867
tot3_0868,S4,discovered,CTX_X,17.86,594.360938,792.48,125,3,28.124,,tot3_0868
tot3_0869,S4,neither,STEP,60.44,594.360938,792.48,125,3,600.071,,tot3_0869
tot3_0870,S4,discovered,CTX_X,45.15,594.360938,792.48,125,3,44.815,,tot3_0870
tot3_0871,S4,neither,STEP,64.32,594.360938,792.48,125,3,600.086,,tot3_0871
tot3_0872,S4,discovered,CTX_X,15.61,594.360938,792.48,125,3,21.779,,tot3_0872
tot3_0873,S4,discovered,DARY,15.03,594.360938,792.48,125,3,10.804,,tot3_0873
tot3_0874,S4,discovered,CTX_X,15.61,594.360938,792.48,125,3,22.302,,tot3_0874
tot3_0875,S4,neither,STEP,53.44,594.360938,792.48,125,3,600.106,,tot3_0875
tot3_0876,S4,neither,STEP,64.74,594.360938,792.48,125,3,600.064,,tot3_0876
tot3_0877,S4,discovered,CTX_X,17.86,594.360938,792.48,125,3,45.197,,tot3_0877
tot3_0878,S4,discovered,NESTED_LOOP,82.15,594.360938,792.48,125,3,230.082,,tot3_0878
tot3_0879,S4,discovered,CTX_X,15.61,594.360938,792.48,125,3,20.751,,tot3_0879
tot3_0880,S4,discovered,CTX_X,15.61,594.360938,792.48,125,3,21.428,,tot3_0880
tot3_0881,S4,discovered,CTX_X,15.61,594.360938,792.48,125,3,19.197,,tot3_0881
tot3_0882,S4,discovered,DARY,15.03,594.360938,792.48,125,3,10.152,,tot3_0882
tot3_0883,S4,neither,STEP,53.51,594.360938,792.48,125,3,600.080,,tot3_0883
tot3_0884,S4,neither,STEP,57.20,594.360938,792.48,125,3,600.074,,tot3_0884
tot3_0885,S4,neither,STEP,52.66,594.360938,792.48,125,3,600.048,,tot3_0885
tot3_0886,S4,discovered,CTX_X,17.86,594.360938,792.48,125,3,27.380,,tot3_0886
tot3_0887,S4,neither,STEP,54.26,594.360938,792.48,125,3,600.144,,tot3_0887
tot3_0888,S4,discovered,CTX_X,15.61,594.360938,792.48,125,3,20.279,,tot3_0888
tot3_0889,S4,discovered,CTX_X,15.61,594.360938,792.48,125,3,19.453,,tot3_0889
tot3_0890,S4,discovered,CTX_X,15.61,594.360938,792.48,125,3,19.257,,tot3_0890
tot3_0891,S4,discovered,DARY,15.03,594.360938,792.48,125,3,10.163,,tot3_0891
tot3_0892,S4,discovered,CTX_X,15.61,594.360938,792.48,125,3,20.457,,tot3_0892
tot3_0893,S4,neither,STEP,44.84,594.360938,792.48,125,3,600.118,,tot3_0893
tot3_0894,S4,discovered,DARY,15.70,594.360938,792.48,125,3,44.484,,tot3_0894
tot3_0895,S4,discovered,CTX_X,17.86,594.360938,792.48,125,3,28.506,,tot3_0895
tot3_0896,S4,neither,ITER,39.09,594.360938,792.48,125,3,600.098,,tot3_0896
tot3_0897,S4,discovered,CTX_X,17.86,594.360938,792.48,125,3,28.819,,tot3_0897
tot3_0898,S4,neither,STEP,55.13,594.360938,792.48,125,3,600.081,,tot3_0898
tot3_0899,S4,discovered,CTX_X,24.73,594.360938,792.48,125,3,27.842,,tot3_0899
tot3_0900,S4,discovered,DARY,15.03,594.360938,792.48,125,3,10.147,,tot3_0900
tot3_0901,S4,discovered,CTX_X,15.61,594.360938,792.48,125,3,18.773,,tot3_0901
tot3_0902,S4,neither,FUNC_L,52.79,594.360938,792.48,125,3,600.091,,tot3_0902
tot3_0903,S4,discovered,FUNC_L,46.78,594.360938,792.48,125,3,21.438,,tot3_0903
tot3_0904,S4,discovered,CTX_X,17.86,594.360938,792.48,125,3,28.316,,tot3_0904
tot3_0905,S4,neither,ITER,47.52,594.360938,792.48,125,3,600.069,,tot3_0905
tot3_0906,S4,neither,STEP,42.59,594.360938,792.48,125,3,600.085,,tot3_0906
tot3_0907,S4,neither,STEP,56.36,594.360938,792.48,125,3,600.081,,tot3_0907
tot3_0908,S4,discovered,CTX_X,24.73,594.360938,792.48,125,3,26.385,,tot3_0908
tot3_0909,S4,discovered,DARY,15.03,594.360938,792.48,125,3,10.145,,tot3_0909
tot3_0910,S4,neither,STEP,57.76,594.360938,792.48,125,3,600.072,,tot3_0910
tot3_0911,S4,discovered,DARY,19.19,594.360938,792.48,125,3,18.922,,tot3_0911
tot3_0912,S4,neither,STEP,58.98,594.360938,792.48,125,3,600.067,,tot3_0912
tot3_0913,S4,discovered,CTX_X,17.86,594.360938,792.48,125,3,27.469,,tot3_0913
tot3_0914,S4,neither,FUNC,45.53,594.360938,792.48,125,3,600.110,,tot3_0914
tot3_0915,S4,neither,STEP,67.26,594.360938,792.48,125,3,600.085,,tot3_0915
tot3_0916,S4,neither,STEP,58.46,594.360938,792.48,125,3,600.170,,tot3_0916
tot3_0917,S4,discovered,CTX_X,24.73,594.360938,792.48,125,3,34.425,,tot3_0917
tot3_0918,S4,discovered,DARY,15.03,594.360938,792.48,125,3,10.175,,tot3_0918
tot3_0919,S4,discovered,NESTED_LOOP,82.15,594.360938,792.48,125,3,228.245,,tot3_0919
tot3_0920,S4,neither,STEP,60.04,594.360938,792.48,125,3,600.091,,tot3_0920
tot3_0921,S4,discovered,DARY,13.45,594.360938,792.48,125,3,10.492,,tot3_0921
tot3_0922,S4,discovered,DARY,13.45,594.360938,792.48,125,3,10.505,,tot3_0922
tot3_0923,S4,neither,STEP,60.08,594.360938,792.48,125,3,600.096,,tot3_0923
tot3_0924,S4,neither,STEP,66.13,594.360938,792.48,125,3,600.073,,tot3_0924
tot3_0925,S4,neither,STEP,55.13,594.360938,792.48,125,3,600.090,,tot3_0925
tot3_0926,S4,discovered,CTX_X,17.86,594.360938,792.48,125,3,46.268,,tot3_0926
tot3_0927,S4,discovered,DARY,15.03,594.360938,792.48,125,3,10.233,,tot3_0927
tot3_0928,S4,discovered,CTX_X,20.43,594.360938,792.48,125,3,50.996,,tot3_0928
tot3_0929,S4,neither,STEP,59.68,594.360938,792.48,125,3,600.081,,tot3_0929
tot3_0930,S4,discovered,DARY,13.45,594.360938,792.48,125,3,10.473,,tot3_0930
tot3_0931,S4,discovered,DARY,13.45,594.360938,792.48,125,3,10.588,,tot3_0931
tot3_0932,S4,discovered,CTX_X,20.43,594.360938,792.48,125,3,56.393,,tot3_0932
tot3_0933,S4,neither,STEP,48.46,594.360938,792.48,125,3,600.094,,tot3_0933
tot3_0934,S4,neither,STEP,55.22,594.360938,792.48,125,3,600.036,,tot3_0934
tot3_0935,S4,discovered,CTX_X,17.86,594.360938,792.48,125,3,21.442,,tot3_0935
tot3_0936,S4,discovered,DARY,15.03,594.360938,792.48,125,3,10.088,,tot3_0936
tot3_0937,S4,neither,STEP,51.90,594.360938,792.48,125,3,600.063,,tot3_0937
tot3_0938,S4,neither,FUNC,43.53,594.360938,792.48,125,3,600.056,,tot3_0938
tot3_0939,S4,neither,ITER_F,89.48,594.360938,792.48,125,3,600.059,,tot3_0939
tot3_0940,S4,discovered,DARY,13.45,594.360938,792.48,125,3,10.231,,tot3_0940
tot3_0941,S4,neither,ITER,49.53,594.360938,792.48,125,3,600.068,,tot3_0941
tot3_0942,S4,neither,STEP,62.00,594.360938,792.48,125,3,600.057,,tot3_0942
tot3_0943,S4,neither,STEP,55.24,594.360938,792.48,125,3,600.079,,tot3_0943
tot3_0944,S4,discovered,CTX_X,17.86,594.360938,792.48,125,3,20.867,,tot3_0944
tot3_0945,S4,discovered,DARY,15.03,594.360938,792.48,125,3,10.108,,tot3_0945
tot3_0946,S4,neither,STEP,61.87,594.360938,792.48,125,3,600.545,,tot3_0946
tot3_0947,S4,neither,ITER,40.09,594.360938,792.48,125,3,600.052,,tot3_0947
tot3_0948,S4,neither,STEP,53.17,594.360938,792.48,125,3,600.056,,tot3_0948
tot3_0949,S4,discovered,CTX_X,17.86,594.360938,792.48,125,3,19.472,,tot3_0949
tot3_0950,S4,neither,STEP,58.79,594.360938,792.48,125,3,600.085,,tot3_0950
tot3_0951,S4,discovered,CTX_X,42.34,594.360938,792.48,125,3,18.009,,tot3_0951
tot3_0952,S4,neither,STEP,67.19,594.360938,792.48,125,3,600.062,,tot3_0952
tot3_0953,S4,discovered,CTX_X,15.61,594.360938,792.48,125,3,12.914,,tot3_0953
tot3_0954,S4,discovered,DARY,15.03,594.360938,792.48,125,3,10.116,,tot3_0954
tot3_0955,S4,neither,STEP,59.67,594.360938,792.48,125,3,600.047,,tot3_0955
tot3_0956,S4,discovered,CTX_X,27.30,594.360938,792.48,125,3,42.110,,tot3_0956
tot3_0957,S4,neither,FUNC,45.53,594.360938,792.48,125,3,600.039,,tot3_0957
tot3_0958,S4,discovered,CTX_X,17.86,594.360938,792.48,125,3,16.767,,tot3_0958
tot3_0959,S4,discovered,CTX_X,37.78,594.360938,792.48,125,3,43.960,,tot3_0959
tot3_0960,S4,neither,ITER_L,60.38,594.360938,792.48,125,3,600.057,,tot3_0960
tot3_0961,S4,discovered,FUNC_L,61.33,594.360938,792.48,125,3,198.128,,tot3_0961
tot3_0962,S4,discovered,CTX_X,15.61,594.360938,792.48,125,3,14.572,,tot3_0962
tot3_0963,S4,discovered,DARY,15.03,594.360938,792.48,125,3,10.092,,tot3_0963
tot3_0964,S4,neither,STEP,63.72,594.360938,792.48,125,3,600.067,,tot3_0964
tot3_0965,S4,discovered,CTX_X,31.09,594.360938,792.48,125,3,17.596,,tot3_0965
tot3_0966,S4,neither,STEP,58.45,594.360938,792.48,125,3,600.049,,tot3_0966
tot3_0967,S4,discovered,CTX_X,17.86,594.360938,792.48,125,3,18.385,,tot3_0967
tot3_0968,S4,neither,STEP,63.46,594.360938,792.48,125,3,600.057,,tot3_0968
tot3_0969,S4,neither,STEP,57.56,594.360938,792.48,125,3,600.055,,tot3_0969
tot3_0970,S4,discovered,CTX_X,15.61,594.360938,792.48,125,3,12.499,,tot3_0970
tot3_0971,S4,discovered,CTX_X,15.61,594.360938,792.48,125,3,12.347,,tot3_0971
tot3_0972,S4,discovered,DARY,15.03,594.360938,792.48,125,3,10.088,,tot3_0972
tot3_0973,S4,discovered,CTX_X,15.61,594.360938,792.48,125,3,12.188,,tot3_0973
tot3_0974,S4,discovered,CTX_X,27.30,594.360938,792.48,125,3,43.324,,tot3_0974
tot3_0975,S4,discovered,DARY,15.70,594.360938,792.48,125,3,21.821,,tot3_0975
tot3_0976,S4,discovered,CTX_X,17.86,594.360938,792.48,125,3,16.879,,tot3_0976
tot3_0977,S4,discovered,CTX_X,46.15,594.360938,792.48,125,3,43.631,,tot3_0977
tot3_0978,S4,discovered,CTX_X,15.61,594.360938,792.48,125,3,12.439,,tot3_0978
tot3_0979,S4,discovered,CTX_X,24.73,594.360938,792.48,125,3,16.822,,tot3_0979
tot3_0980,S4,discovered,CTX_X,24.73,594.360938,792.48,125,3,16.500,,tot3_0980
tot3_0981,S4,discovered,DARY,15.03,594.360938,792.48,125,3,10.086,,tot3_0981
tot3_0982,S4,discovered,CTX_X,15.61,594.360938,792.48,125,3,12.077,,tot3_0982
tot3_0983,S4,neither,STEP,55.76,594.360938,792.48,125,3,600.055,,tot3_0983
tot3_0984,S4,discovered,FUNC_L,46.78,594.360938,792.48,125,3,13.249,,tot3_0984
tot3_0985,S4,discovered,CTX_X,17.86,594.360938,792.48,125,3,16.806,,tot3_0985
tot3_0986,S4,discovered,CTX_X,24.73,594.360938,792.48,125,3,16.655,,tot3_0986
tot3_0987,S4,neither,FUNC_L,46.53,594.360938,792.48,125,3,600.061,,tot3_0987
tot3_0988,S4,discovered,CTX_X,24.73,594.360938,792.48,125,3,17.017,,tot3_0988
tot3_0989,S4,discovered,CTX_X,24.73,594.360938,792.48,125,3,16.956,,tot3_0989
tot3_0990,S4,discovered,DARY,15.03,594.360938,792.48,125,3,10.097,,tot3_0990
tot3_0991,S4,neither,STEP,60.10,594.360938,792.48,125,3,600.049,,tot3_0991
tot3_0992,S4,discovered,DARY,19.19,594.360938,792.48,125,3,12.864,,tot3_0992
tot3_0993,S4,neither,STEP,53.94,594.360938,792.48,125,3,600.067,,tot3_0993
tot3_0994,S4,discovered,CTX_X,17.86,594.360938,792.48,125,3,18.729,,tot3_0994
tot3_0995,S4,neither,STEP,59.50,594.360938,792.48,125,3,600.062,,tot3_0995
tot3_0996,S4,discovered,NESTED_LOOP,101.72,594.360938,792.48,125,3,273.447,,tot3_0996
tot3_0997,S4,neither,STEP,58.86,594.360938,792.48,125,3,600.040,,tot3_0997
tot3_0998,S4,discovered,CTX_X,24.73,594.360938,792.48,125,3,18.350,,tot3_0998
tot3_0999,S4,discovered,DARY,15.03,594.360938,792.48,125,3,10.087,,tot3_0999
tot3_1000,S4,discovered,NESTED_LOOP,64.81,594.360938,792.48,125,3,211.214,,tot3_1000
tot3_1001,S4,neither,STEP,56.17,594.360938,792.48,125,3,600.058,,tot3_1001
tot3_1002,S4,discovered,DARY,13.45,594.360938,792.48,125,3,10.256,,tot3_1002
tot3_1003,S4,discovered,DARY,13.45,594.360938,792.48,125,3,10.251,,tot3_1003
tot3_1004,S4,discovered,DARY,13.45,594.360938,792.48,125,3,10.221,,tot3_1004
tot3_1005,S4,discovered,CTX_X,15.61,594.360938,792.48,125,3,18.586,,tot3_1005
tot3_1006,S4,discovered,NESTED_LOOP,97.72,594.360938,792.48,125,3,465.649,,tot3_1006
tot3_1007,S4,discovered,CTX_X,17.86,594.360938,792.48,125,3,29.861,,tot3_1007
tot3_1008,S4,discovered,DARY,15.03,594.360938,792.48,125,3,10.147,,tot3_1008
tot3_1009,S4,discovered,CTX_X,20.43,594.360938,792.48,125,3,48.306,,tot3_1009
tot3_1010,S4,discovered,CTX_X,41.34,594.360938,792.48,125,3,39.990,,tot3_1010
tot3_1011,S4,discovered,DARY,13.45,594.360938,792.48,125,3,10.347,,tot3_1011
tot3_1012,S4,discovered,DARY,13.45,594.360938,792.48,125,3,10.460,,tot3_1012
tot3_1013,S4,discovered,DARY,13.45,594.360938,792.48,125,3,10.817,,tot3_1013
tot3_1014,S4,discovered,CTX_X,35.90,594.360938,792.48,125,3,50.085,,tot3_1014
tot3_1015,S4,discovered,CTX_X,17.86,594.360938,792.48,125,3,29.538,,tot3_1015
tot3_1016,S4,discovered,CTX_X,17.86,594.360938,792.48,125,3,28.720,,tot3_1016
tot3_1017,S4,discovered,DARY,15.03,594.360938,792.48,125,3,10.157,,tot3_1017
tot3_1018,S4,neither,STEP,57.04,594.360938,792.48,125,3,600.085,,tot3_1018
tot3_1019,S4,neither,STEP,62.96,594.360938,792.48,125,3,600.058,,tot3_1019
tot3_1020,S4,discovered,DARY,13.45,594.360938,792.48,125,3,10.490,,tot3_1020
tot3_1021,S4,discovered,DARY,13.45,594.360938,792.48,125,3,10.330,,tot3_1021
tot3_1022,S4,discovered,DARY,13.45,594.360938,792.48,125,3,10.254,,tot3_1022
tot3_1023,S4,neither,STEP,59.39,594.360938,792.48,125,3,600.071,,tot3_1023
tot3_1024,S4,discovered,CTX_X,17.86,594.360938,792.48,125,3,20.225,,tot3_1024
tot3_1025,S4,discovered,CTX_X,17.86,594.360938,792.48,125,3,19.592,,tot3_1025
tot3_1026,S4,discovered,DARY,15.03,594.360938,792.48,125,3,10.095,,tot3_1026
tot3_1027,S4,neither,NESTED_LOOP,82.15,594.360938,792.48,125,3,600.076,,tot3_1027
tot3_1028,S4,neither,STEP,66.89,594.360938,792.48,125,3,600.064,,tot3_1028
tot3_1029,S4,discovered,CTX_X,24.73,594.360938,792.48,125,3,18.413,,tot3_1029
tot3_1030,S4,discovered,CTX_X,17.86,594.360938,792.48,125,3,17.551,,tot3_1030
tot3_1031,S4,neither,STEP,55.62,594.360938,792.48,125,3,600.040,,tot3_1031
tot3_1032,S4,discovered,CTX_X,15.61,594.360938,792.48,125,3,12.118,,tot3_1032
tot3_1033,S4,neither,STEP,44.84,594.360938,792.48,125,3,600.074,,tot3_1033
tot3_1034,S4,discovered,CTX_X,15.61,594.360938,792.48,125,3,18.040,,tot3_1034
tot3_1035,S4,discovered,DARY,15.03,594.360938,792.48,125,3,10.137,,tot3_1035
tot3_1036,S4,neither,STEP,57.52,594.360938,792.48,125,3,600.071,,tot3_1036
tot3_1037,S4,neither,STEP,51.69,594.360938,792.48,125,3,600.067,,tot3_1037
tot3_1038,S4,neither,STEP,52.36,594.360938,792.48,125,3,600.052,,tot3_1038
tot3_1039,S4,discovered,CTX_X,17.86,594.360938,792.48,125,3,18.046,,tot3_1039
tot3_1040,S4,neither,STEP,57.95,594.360938,792.48,125,3,600.057,,tot3_1040
tot3_1041,S4,neither,ITER,42.09,594.360938,792.48,125,3,600.100,,tot3_1041
tot3_1042,S4,neither,STEP,50.59,594.360938,792.48,125,3,600.063,,tot3_1042
tot3_1043,S4,discovered,CTX_X,15.61,594.360938,792.48,125,3,16.138,,tot3_1043
tot3_1044,S4,discovered,DARY,15.03,594.360938,792.48,125,3,10.155,,tot3_1044
tot3_1045,S4,discovered,ITER,41.09,594.360938,792.48,125,3,45.325,,tot3_1045
tot3_1046,S4,neither,FUNC_L,53.73,594.360938,792.48,125,3,600.046,,tot3_1046
tot3_1047,S4,neither,STEP,55.71,594.360938,792.48,125,3,600.051,,tot3_1047
tot3_1048,S4,discovered,CTX_X,17.86,594.360938,792.48,125,3,21.399,,tot3_1048
tot3_1049,S4,discovered,NESTED_LOOP,82.15,594.360938,792.48,125,3,428.947,,tot3_1049
tot3_1050,S4,discovered,CTX_X,15.61,594.360938,792.48,125,3,14.917,,tot3_1050
tot3_1051,S4,discovered,CTX_X,15.61,594.360938,792.48,125,3,17.119,,tot3_1051
tot3_1052,S4,discovered,CTX_X,15.61,594.360938,792.48,125,3,15.275,,tot3_1052
tot3_1053,S4,discovered,DARY,15.03,594.360938,792.48,125,3,10.104,,tot3_1053
tot3_1054,S4,discovered,CTX_X,15.61,594.360938,792.48,125,3,15.973,,tot3_1054
tot3_1055,S4,discovered,CTX_X,27.30,594.360938,792.48,125,3,46.243,,tot3_1055
tot3_1056,S4,discovered,DARY,15.70,594.360938,792.48,125,3,24.228,,tot3_1056
tot3_1057,S4,discovered,CTX_X,17.86,594.360938,792.48,125,3,17.271,,tot3_1057
tot3_1058,S4,discovered,NESTED_LOOP,64.81,594.360938,792.48,125,3,424.717,,tot3_1058
tot3_1059,S4,discovered,CTX_X,17.86,594.360938,792.48,125,3,19.804,,tot3_1059
tot3_1060,S4,neither,STEP,59.56,594.360938,792.48,125,3,600.063,,tot3_1060
tot3_1061,S4,discovered,CTX_X,24.73,594.360938,792.48,125,3,21.971,,tot3_1061
tot3_1062,S4,discovered,DARY,15.03,594.360938,792.48,125,3,10.097,,tot3_1062
tot3_1063,S4,discovered,CTX_X,15.61,594.360938,792.48,125,3,13.568,,tot3_1063
tot3_1064,S4,discovered,CTX_X,28.93,594.360938,792.48,125,3,44.291,,tot3_1064
tot3_1065,S4,discovered,FUNC_L,46.78,594.360938,792.48,125,3,13.239,,tot3_1065
tot3_1066,S4,discovered,CTX_X,17.86,594.360938,792.48,125,3,17.194,,tot3_1066
tot3_1067,S4,discovered,NESTED_LOOP,116.78,594.360938,792.48,125,3,480.802,,tot3_1067
tot3_1068,S4,discovered,NESTED_LOOP,114.45,594.360938,792.48,125,3,496.741,,tot3_1068
tot3_1069,S4,neither,STEP,48.68,594.360938,792.48,125,3,600.049,,tot3_1069
tot3_1070,S4,discovered,CTX_X,24.73,594.360938,792.48,125,3,20.444,,tot3_1070
tot3_1071,S4,discovered,DARY,15.03,594.360938,792.48,125,3,10.132,,tot3_1071
tot3_1072,S4,neither,STEP,57.05,594.360938,792.48,125,3,600.081,,tot3_1072
tot3_1073,S4,discovered,DARY,19.19,594.360938,792.48,125,3,13.480,,tot3_1073
tot3_1074,S4,neither,NESTED_LOOP,82.15,594.360938,792.48,125,3,600.058,,tot3_1074
tot3_1075,S4,discovered,CTX_X,17.86,594.360938,792.48,125,3,15.904,,tot3_1075
tot3_1076,S4,discovered,CTX_X,24.73,594.360938,792.48,125,3,16.116,,tot3_1076
tot3_1077,S4,neither,STEP,57.41,594.360938,792.48,125,3,600.057,,tot3_1077
tot3_1078,S4,neither,ITER,40.09,594.360938,792.48,125,3,600.060,,tot3_1078
tot3_1079,S4,discovered,CTX_X,24.73,594.360938,792.48,125,3,16.206,,tot3_1079
tot3_1080,S4,discovered,DARY,15.03,594.360938,792.48,125,3,10.088,,tot3_1080
tot3_1081,S4,discovered,NESTED_LOOP,64.81,594.360938,792.48,125,3,208.175,,tot3_1081
tot3_1082,S4,discovered,NESTED_LOOP,63.81,594.360938,792.48,125,3,421.789,,tot3_1082
tot3_1083,S4,discovered,DARY,13.45,594.360938,792.48,125,3,10.208,,tot3_1083
tot3_1084,S4,discovered,DARY,13.45,594.360938,792.48,125,3,10.212,,tot3_1084
tot3_1085,S4,discovered,DARY,13.45,594.360938,792.48,125,3,10.204,,tot3_1085
tot3_1086,S4,neither,FUNC_L,53.73,594.360938,792.48,125,3,600.058,,tot3_1086
tot3_1087,S4,discovered,CTX_X,17.86,594.360938,792.48,125,3,17.554,,tot3_1087
tot3_1088,S4,discovered,CTX_X,17.86,594.360938,792.48,125,3,17.287,,tot3_1088
tot3_1089,S4,discovered,DARY,15.03,594.360938,792.48,125,3,10.085,,tot3_1089
tot3_1090,S4,discovered,CTX_X,20.43,594.360938,792.48,125,3,42.186,,tot3_1090
tot3_1091,S4,discovered,CTX_X,24.73,594.360938,792.48,125,3,16.091,,tot3_1091
tot3_1092,S4,discovered,DARY,13.45,594.360938,792.48,125,3,10.208,,tot3_1092
tot3_1093,S4,discovered,DARY,13.45,594.360938,792.48,125,3,10.196,,tot3_1093
tot3_1094,S4,discovered,DARY,13.45,594.360938,792.48,125,3,10.212,,tot3_1094
tot3_1095,S4,discovered,CTX_X,17.86,594.360938,792.48,125,3,17.407,,tot3_1095
tot3_1096,S4,discovered,CTX_X,17.86,594.360938,792.48,125,3,17.183,,tot3_1096
tot3_1097,S4,discovered,CTX_X,17.86,594.360938,792.48,125,3,17.438,,tot3_1097
tot3_1098,S4,discovered,DARY,15.03,594.360938,792.48,125,3,10.086,,tot3_1098
tot3_1099,S4,discovered,CTX_X,44.26,594.360938,792.48,125,3,41.360,,tot3_1099
tot3_1100,S4,discovered,CTX_X,24.73,594.360938,792.48,125,3,16.333,,tot3_1100
tot3_1101,S4,discovered,DARY,13.45,594.360938,792.48,125,3,10.220,,tot3_1101
tot3_1102,S4,discovered,DARY,13.45,594.360938,792.48,125,3,10.203,,tot3_1102
tot3_1103,S4,discovered,DARY,13.45,594.360938,792.48,125,3,10.211,,tot3_1103
tot3_1104,S4,discovered,CTX_X,17.86,594.360938,792.48,125,3,17.157,,tot3_1104
tot3_1105,S4,discovered,CTX_X,17.86,594.360938,792.48,125,3,17.122,,tot3_1105
tot3_1106,S4,discovered,CTX_X,17.86,594.360938,792.48,125,3,17.102,,tot3_1106
tot3_1107,S4,discovered,DARY,15.03,594.360938,792.48,125,3,10.088,,tot3_1107
tot3_1108,S4,neither,FUNC_L,53.73,594.360938,792.48,125,3,600.052,,tot3_1108
tot3_1109,S4,discovered,CTX_X,42.91,594.360938,792.48,125,3,42.893,,tot3_1109
tot3_1110,S4,discovered,CTX_X,36.55,594.360938,792.48,125,3,42.168,,tot3_1110
tot3_1111,S4,discovered,CTX_X,17.86,594.360938,792.48,125,3,16.824,,tot3_1111
tot3_1112,S4,discovered,CTX_X,17.86,594.360938,792.48,125,3,17.041,,tot3_1112
tot3_1113,S4,discovered,CTX_X,45.15,594.360938,792.48,125,3,43.170,,tot3_1113
tot3_1114,S4,discovered,CTX_X,15.61,594.360938,792.48,125,3,11.997,,tot3_1114
tot3_1115,S4,discovered,CTX_X,15.61,594.360938,792.48,125,3,12.098,,tot3_1115
tot3_1116,S4,discovered,DARY,15.03,594.360938,792.48,125,3,10.090,,tot3_1116
tot3_1117,S4,discovered,CTX_X,42.91,594.360938,792.48,125,3,42.452,,tot3_1117
tot3_1118,S4,discovered,CTX_X,31.09,594.360938,792.48,125,3,16.554,,tot3_1118
tot3_1119,S4,discovered,CTX_X,17.86,594.360938,792.48,125,3,16.751,,tot3_1119
tot3_1120,S4,discovered,CTX_X,17.86,594.360938,792.48,125,3,16.881,,tot3_1120
tot3_1121,S4,discovered,CTX_X,17.86,594.360938,792.48,125,3,16.682,,tot3_1121
tot3_1122,S4,discovered,CTX_X,15.61,594.360938,792.48,125,3,11.732,,tot3_1122
tot3_1123,S4,discovered,CTX_X,15.61,594.360938,792.48,125,3,11.681,,tot3_1123
tot3_1124,S4,discovered,CTX_X,15.61,594.360938,792.48,125,3,11.969,,tot3_1124
tot3_1125,S4,discovered,DARY,15.03,594.360938,792.48,125,3,10.085,,tot3_1125
tot3_1126,S4,discovered,CTX_X,42.91,594.360938,792.48,125,3,42.231,,tot3_1126
tot3_1127,S4,discovered,CTX_X,31.09,594.360938,792.48,125,3,16.104,,tot3_1127
tot3_1128,S4,discovered,CTX_X,17.86,594.360938,792.48,125,3,16.944,,tot3_1128
tot3_1129,S4,discovered,CTX_X,17.86,594.360938,792.48,125,3,16.552,,tot3_1129
tot3_1130,S4,discovered,CTX_X,17.86,594.360938,792.48,125,3,17.037,,tot3_1130
tot3_1131,S4,discovered,CTX_X,15.61,594.360938,792.48,125,3,12.171,,tot3_1131
tot3_1132,S4,discovered,CTX_X,15.61,594.360938,792.48,125,3,11.907,,tot3_1132
tot3_1133,S4,discovered,CTX_X,15.61,594.360938,792.48,125,3,11.952,,tot3_1133
tot3_1134,S4,discovered,DARY,15.03,594.360938,792.48,125,3,10.092,,tot3_1134
tot3_1135,S4,discovered,CTX_X,15.61,594.360938,792.48,125,3,11.730,,tot3_1135
tot3_1136,S4,neither,STEP,44.84,594.360938,792.48,125,3,600.059,,tot3_1136
tot3_1137,S4,discovered,DARY,15.70,594.360938,792.48,125,3,22.221,,tot3_1137
tot3_1138,S4,discovered,CTX_X,17.86,594.360938,792.48,125,3,16.727,,tot3_1138
tot3_1139,S4,neither,STEP,63.60,594.360938,792.48,125,3,600.059,,tot3_1139
tot3_1140,S4,discovered,CTX_X,31.98,594.360938,792.48,125,3,16.803,,tot3_1140
tot3_1141,S4,neither,STEP,58.46,594.360938,792.48,125,3,600.043,,tot3_1141
tot3_1142,S4,discovered,CTX_X,24.73,594.360938,792.48,125,3,16.932,,tot3_1142
tot3_1143,S4,discovered,DARY,15.03,594.360938,792.48,125,3,10.086,,tot3_1143
tot3_1144,S4,discovered,CTX_X,15.61,594.360938,792.48,125,3,11.964,,tot3_1144
tot3_1145,S4,neither,NESTED_LOOP,80.56,594.360938,792.48,125,3,600.092,,tot3_1145
tot3_1146,S4,discovered,FUNC_L,46.78,594.360938,792.48,125,3,12.865,,tot3_1146
tot3_1147,S4,discovered,CTX_X,17.86,594.360938,792.48,125,3,16.875,,tot3_1147
tot3_1148,S4,neither,STEP,60.56,594.360938,792.48,125,3,600.059,,tot3_1148
tot3_1149,S4,neither,STEP,49.00,594.360938,792.48,125,3,600.045,,tot3_1149
tot3_1150,S4,neither,STEP,52.56,594.360938,792.48,125,3,600.054,,tot3_1150
tot3_1151,S4,discovered,CTX_X,24.73,594.360938,792.48,125,3,16.535,,tot3_1151
tot3_1152,S4,discovered,DARY,15.03,594.360938,792.48,125,3,10.086,,tot3_1152
tot3_1153,S4,neither,ITER,47.53,594.360938,792.48,125,3,600.060,,tot3_1153
tot3_1154,S4,discovered,DARY,19.19,594.360938,792.48,125,3,11.755,,tot3_1154
tot3_1155,S4,neither,STEP,63.82,594.360938,792.48,125,3,600.057,,tot3_1155
tot3_1156,S4,discovered,CTX_X,17.86,594.360938,792.48,125,3,16.991,,tot3_1156
tot3_1157,S4,discovered,NESTED_LOOP,83.73,594.360938,792.48,125,3,440.937,,tot3_1157
tot3_1158,S4,neither,STEP,58.58,594.360938,792.48,125,3,600.079,,tot3_1158
tot3_1159,S4,neither,ITER_L,59.98,594.360938,792.48,125,3,600.055,,tot3_1159
tot3_1160,S4,discovered,CTX_X,24.73,594.360938,792.48,125,3,16.091,,tot3_1160
tot3_1161,S4,discovered,DARY,15.03,594.360938,792.48,125,3,10.087,,tot3_1161
tot3_1162,S4,discovered,NESTED_LOOP,64.81,594.360938,792.48,125,3,207.040,,tot3_1162
tot3_1163,S4,discovered,CTX_X,41.26,594.360938,792.48,125,3,41.779,,tot3_1163
tot3_1164,S4,discovered,DARY,13.45,594.360938,792.48,125,3,10.200,,tot3_1164
tot3_1165,S4,discovered,DARY,13.45,594.360938,792.48,125,3,10.196,,tot3_1165
tot3_1166,S4,discovered,DARY,13.45,594.360938,792.48,125,3,10.200,,tot3_1166
tot3_1167,S4,neither,STEP,60.25,594.360938,792.48,125,3,600.047,,tot3_1167
tot3_1168,S4,discovered,CTX_X,17.86,594.360938,792.48,125,3,17.151,,tot3_1168
tot3_1169,S4,discovered,CTX_X,17.86,594.360938,792.48,125,3,17.962,,tot3_1169
tot3_1170,S4,discovered,DARY,15.03,594.360938,792.48,125,3,10.086,,tot3_1170
tot3_1171,S4,discovered,CTX_X,20.43,594.360938,792.48,125,3,42.199,,tot3_1171
tot3_1172,S4,discovered,CTX_X,43.91,594.360938,792.48,125,3,42.485,,tot3_1172
tot3_1173,S4,discovered,DARY,13.45,594.360938,792.48,125,3,10.204,,tot3_1173
tot3_1174,S4,discovered,DARY,13.45,594.360938,792.48,125,3,10.199,,tot3_1174
tot3_1175,S4,discovered,DARY,13.45,594.360938,792.48,125,3,10.211,,tot3_1175
tot3_1176,S4,discovered,CTX_X,17.86,594.360938,792.48,125,3,17.448,,tot3_1176
tot3_1177,S4,discovered,CTX_X,17.86,594.360938,792.48,125,3,17.268,,tot3_1177
tot3_1178,S4,discovered,CTX_X,17.86,594.360938,792.48,125,3,17.995,,tot3_1178
tot3_1179,S4,discovered,DARY,15.03,594.360938,792.48,125,3,10.084,,tot3_1179
tot3_1180,S4,discovered,CTX_X,44.26,594.360938,792.48,125,3,48.593,,tot3_1180
tot3_1181,S4,discovered,CTX_X,24.73,594.360938,792.48,125,3,16.202,,tot3_1181
tot3_1182,S4,discovered,DARY,13.45,594.360938,792.48,125,3,10.199,,tot3_1182
tot3_1183,S4,discovered,DARY,13.45,594.360938,792.48,125,3,10.201,,tot3_1183
tot3_1184,S4,discovered,DARY,13.45,594.360938,792.48,125,3,10.198,,tot3_1184
tot3_1185,S4,discovered,CTX_X,17.86,594.360938,792.48,125,3,17.207,,tot3_1185
tot3_1186,S4,discovered,CTX_X,17.86,594.360938,792.48,125,3,17.172,,tot3_1186
tot3_1187,S4,discovered,CTX_X,17.86,594.360938,792.48,125,3,17.159,,tot3_1187
tot3_1188,S4,discovered,DARY,15.03,594.360938,792.48,125,3,10.086,,tot3_1188
tot3_1189,S4,discovered,CTX_X,44.91,594.360938,792.48,125,3,41.647,,tot3_1189
tot3_1190,S4,discovered,CTX_X,33.90,594.360938,792.48,125,3,43.487,,tot3_1190
tot3_1191,S4,discovered,CTX_X,34.90,594.360938,792.48,125,3,42.288,,tot3_1191
tot3_1192,S4,discovered,CTX_X,17.86,594.360938,792.48,125,3,16.720,,tot3_1192
tot3_1193,S4,discovered,CTX_X,17.86,594.360938,792.48,125,3,16.568,,tot3_1193
tot3_1194,S4,discovered,CTX_X,17.86,594.360938,792.48,125,3,16.915,,tot3_1194
tot3_1195,S4,discovered,CTX_X,15.61,594.360938,792.48,125,3,11.739,,tot3_1195
tot3_1196,S4,discovered,CTX_X,15.61,594.360938,792.48,125,3,11.863,,tot3_1196
tot3_1197,S4,discovered,DARY,15.03,594.360938,792.48,125,3,10.085,,tot3_1197
tot3_1198,S4,discovered,CTX_X,42.91,594.360938,792.48,125,3,41.745,,tot3_1198
tot3_1199,S4,discovered,NESTED_LOOP,116.78,594.360938,792.48,125,3,495.435,,tot3_1199
tot3_1200,S4,discovered,NESTED_LOOP,82.15,594.360938,792.48,125,3,424.838,,tot3_1200
tot3_1201,S4,discovered,CTX_X,17.86,594.360938,792.48,125,3,16.388,,tot3_1201
tot3_1202,S4,discovered,CTX_X,17.86,594.360938,792.48,125,3,17.078,,tot3_1202
tot3_1203,S4,discovered,CTX_X,36.55,594.360938,792.48,125,3,43.092,,tot3_1203
tot3_1204,S4,discovered,CTX_X,15.61,594.360938,792.48,125,3,11.961,,tot3_1204
tot3_1205,S4,discovered,CTX_X,15.61,594.360938,792.48,125,3,12.095,,tot3_1205
tot3_1206,S4,discovered,DARY,15.03,594.360938,792.48,125,3,10.091,,tot3_1206
tot3_1207,S4,discovered,CTX_X,41.26,594.360938,792.48,125,3,43.322,,tot3_1207
tot3_1208,S4,discovered,CTX_X,31.09,594.360938,792.48,125,3,16.551,,tot3_1208
tot3_1209,S4,discovered,CTX_X,17.86,594.360938,792.48,125,3,16.565,,tot3_1209
tot3_1210,S4,discovered,CTX_X,17.86,594.360938,792.48,125,3,16.777,,tot3_1210
tot3_1211,S4,discovered,CTX_X,17.86,594.360938,792.48,125,3,16.794,,tot3_1211
tot3_1212,S4,discovered,CTX_X,20.43,594.360938,792.48,125,3,43.043,,tot3_1212
tot3_1213,S4,discovered,CTX_X,15.61,594.360938,792.48,125,3,11.756,,tot3_1213
tot3_1214,S4,discovered,CTX_X,15.61,594.360938,792.48,125,3,11.855,,tot3_1214
tot3_1215,S4,discovered,DARY,15.03,594.360938,792.48,125,3,10.087,,tot3_1215
tot3_1216,S4,discovered,CTX_X,15.61,594.360938,792.48,125,3,12.020,,tot3_1216
tot3_1217,S4,discovered,CTX_X,27.30,594.360938,792.48,125,3,41.555,,tot3_1217
tot3_1218,S4,discovered,DARY,15.70,594.360938,792.48,125,3,22.475,,tot3_1218
tot3_1219,S4,discovered,CTX_X,17.86,594.360938,792.48,125,3,16.716,,tot3_1219
tot3_1220,S4,neither,STEP,58.05,594.360938,792.48,125,3,600.076,,tot3_1220
tot3_1221,S4,discovered,CTX_X,15.61,594.360938,792.48,125,3,11.940,,tot3_1221
tot3_1222,S4,neither,ITER_L,58.73,594.360938,792.48,125,3,600.075,,tot3_1222
tot3_1223,S4,discovered,CTX_X,24.73,594.360938,792.48,125,3,16.367,,tot3_1223
tot3_1224,S4,discovered,DARY,15.03,594.360938,792.48,125,3,10.084,,tot3_1224
tot3_1225,S4,discovered,CTX_X,15.61,594.360938,792.48,125,3,11.932,,tot3_1225
tot3_1226,S4,neither,STEP,55.76,594.360938,792.48,125,3,600.072,,tot3_1226
tot3_1227,S4,discovered,FUNC_L,46.78,594.360938,792.48,125,3,12.581,,tot3_1227
tot3_1228,S4,discovered,CTX_X,17.86,594.360938,792.48,125,3,16.540,,tot3_1228
tot3_1229,S4,discovered,CTX_X,46.15,594.360938,792.48,125,3,42.586,,tot3_1229
tot3_1230,S4,neither,STEP,55.80,594.360938,792.48,125,3,600.070,,tot3_1230
tot3_1231,S4,neither,STEP,56.88,594.360938,792.48,125,3,600.068,,tot3_1231
tot3_1232,S4,discovered,CTX_X,24.73,594.360938,792.48,125,3,16.185,,tot3_1232
tot3_1233,S4,discovered,DARY,15.03,594.360938,792.48,125,3,10.084,,tot3_1233
tot3_1234,S4,neither,STEP,61.80,594.360938,792.48,125,3,600.060,,tot3_1234
tot3_1235,S4,discovered,DARY,19.19,594.360938,792.48,125,3,11.772,,tot3_1235
tot3_1236,S4,neither,STEP,53.94,594.360938,792.48,125,3,600.060,,tot3_1236
tot3_1237,S4,discovered,CTX_X,17.86,594.360938,792.48,125,3,16.294,,tot3_1237
tot3_1238,S4,neither,STEP,61.86,594.360938,792.48,125,3,600.058,,tot3_1238
tot3_1239,S4,discovered,NESTED_LOOP,101.72,594.360938,792.48,125,3,270.945,,tot3_1239
tot3_1240,S4,discovered,ITER_L,60.38,594.360938,792.48,125,3,55.931,,tot3_1240
tot3_1241,S4,discovered,CTX_X,24.73,594.360938,792.48,125,3,16.577,,tot3_1241
tot3_1242,S4,discovered,DARY,15.03,594.360938,792.48,125,3,10.089,,tot3_1242
tot3_1243,S4,discovered,NESTED_LOOP,64.81,594.360938,792.48,125,3,206.926,,tot3_1243
tot3_1244,S4,neither,STEP,56.17,594.360938,792.48,125,3,600.056,,tot3_1244
tot3_1245,S4,discovered,DARY,13.45,594.360938,792.48,125,3,10.216,,tot3_1245
tot3_1246,S4,discovered,DARY,13.45,594.360938,792.48,125,3,10.196,,tot3_1246
tot3_1247,S4,discovered,DARY,13.45,594.360938,792.48,125,3,10.197,,tot3_1247
tot3_1248,S4,discovered,CTX_X,15.61,594.360938,792.48,125,3,11.829,,tot3_1248
tot3_1249,S4,neither,STEP,57.45,594.360938,792.48,125,3,600.059,,tot3_1249
tot3_1250,S4,discovered,CTX_X,17.86,594.360938,792.48,125,3,17.103,,tot3_1250
tot3_1251,S4,discovered,DARY,15.03,594.360938,792.48,125,3,10.085,,tot3_1251
tot3_1252,S4,discovered,CTX_X,20.43,594.360938,792.48,125,3,41.762,,tot3_1252
tot3_1253,S4,discovered,CTX_X,41.34,594.360938,792.48,125,3,16.203,,tot3_1253
tot3_1254,S4,discovered,DARY,13.45,594.360938,792.48,125,3,10.196,,tot3_1254
tot3_1255,S4,discovered,DARY,13.45,594.360938,792.48,125,3,10.201,,tot3_1255
tot3_1256,S4,discovered,DARY,13.45,594.360938,792.48,125,3,10.203,,tot3_1256
tot3_1257,S4,neither,STEP,55.58,594.360938,792.48,125,3,600.062,,tot3_1257
tot3_1258,S4,neither,STEP,54.87,594.360938,792.48,125,3,600.064,,tot3_1258
tot3_1259,S4,discovered,CTX_X,17.86,594.360938,792.48,125,3,17.605,,tot3_1259
tot3_1260,S4,discovered,DARY,15.03,594.360938,792.48,125,3,10.085,,tot3_1260
tot3_1261,S4,neither,STEP,55.67,594.360938,792.48,125,3,600.060,,tot3_1261
tot3_1262,S4,neither,STEP,54.75,594.360938,792.48,125,3,600.056,,tot3_1262
tot3_1263,S4,neither,STEP,46.84,594.360938,792.48,125,3,600.060,,tot3_1263
tot3_1264,S4,discovered,DARY,13.45,594.360938,792.48,125,3,10.216,,tot3_1264
tot3_1265,S4,neither,NESTED_LOOP,63.81,594.360938,792.48,125,3,600.058,,tot3_1265
tot3_1266,S4,neither,STEP,56.57,594.360938,792.48,125,3,600.059,,tot3_1266
tot3_1267,S4,neither,STEP,54.04,594.360938,792.48,125,3,600.061,,tot3_1267
tot3_1268,S4,discovered,CTX_X,17.86,594.360938,792.48,125,3,17.506,,tot3_1268
tot3_1269,S4,discovered,DARY,15.03,594.360938,792.48,125,3,10.088,,tot3_1269
tot3_1270,S4,neither,NESTED_LOOP,101.72,594.360938,792.48,125,3,600.060,,tot3_1270
tot3_1271,S4,discovered,NESTED_LOOP,101.72,594.360938,792.48,125,3,287.498,,tot3_1271
tot3_1272,S4,discovered,CTX_X,24.73,594.360938,792.48,125,3,16.147,,tot3_1272
tot3_1273,S4,discovered,CTX_X,17.86,594.360938,792.48,125,3,17.616,,tot3_1273
tot3_1274,S4,neither,STEP,54.66,594.360938,792.48,125,3,600.063,,tot3_1274
tot3_1275,S4,discovered,CTX_X,15.61,594.360938,792.48,125,3,12.152,,tot3_1275
tot3_1276,S4,neither,ITER_L,58.73,594.360938,792.48,125,3,600.065,,tot3_1276
tot3_1277,S4,discovered,CTX_X,15.61,594.360938,792.48,125,3,12.035,,tot3_1277
tot3_1278,S4,discovered,DARY,15.03,594.360938,792.48,125,3,10.085,,tot3_1278
tot3_1279,S4,neither,STEP,51.41,594.360938,792.48,125,3,600.059,,tot3_1279
tot3_1280,S4,neither,STEP,59.80,594.360938,792.48,125,3,600.063,,tot3_1280
tot3_1281,S4,neither,STEP,53.41,594.360938,792.48,125,3,600.057,,tot3_1281
tot3_1282,S4,discovered,CTX_X,17.86,594.360938,792.48,125,3,16.655,,tot3_1282
tot3_1283,S4,neither,ITER_F,75.30,594.360938,792.48,125,3,600.096,,tot3_1283
tot3_1284,S4,discovered,CTX_X,48.13,594.360938,792.48,125,3,41.671,,tot3_1284
tot3_1285,S4,neither,NESTED_LOOP,82.15,594.360938,792.48,125,3,600.063,,tot3_1285
tot3_1286,S4,discovered,CTX_X,15.61,594.360938,792.48,125,3,12.296,,tot3_1286
tot3_1287,S4,discovered,DARY,15.03,594.360938,792.48,125,3,10.088,,tot3_1287
tot3_1288,S4,discovered,ITER,41.09,594.360938,792.48,125,3,43.908,,tot3_1288
tot3_1289,S4,neither,FUNC_L,53.73,594.360938,792.48,125,3,600.059,,tot3_1289
tot3_1290,S4,neither,STEP,60.07,594.360938,792.48,125,3,600.063,,tot3_1290
tot3_1291,S4,discovered,CTX_X,17.86,594.360938,792.48,125,3,17.312,,tot3_1291
tot3_1292,S4,neither,STEP,63.16,594.360938,792.48,125,3,600.063,,tot3_1292
tot3_1293,S4,discovered,CTX_X,15.61,594.360938,792.48,125,3,12.415,,tot3_1293
tot3_1294,S4,discovered,CTX_X,15.61,594.360938,792.48,125,3,12.105,,tot3_1294
tot3_1295,S4,discovered,CTX_X,15.61,594.360938,792.48,125,3,11.820,,tot3_1295
tot3_1296,S4,discovered,DARY,15.03,594.360938,792.48,125,3,10.094,,tot3_1296
tot3_1297,S4,discovered,CTX_X,15.61,594.360938,792.48,125,3,12.109,,tot3_1297
tot3_1298,S4,discovered,CTX_X,27.30,594.360938,792.48,125,3,42.974,,tot3_1298
tot3_1299,S4,discovered,DARY,15.70,594.360938,792.48,125,3,22.585,,tot3_1299
tot3_1300,S4,discovered,CTX_X,17.86,594.360938,792.48,125,3,16.358,,tot3_1300
tot3_1301,S4,neither,FUNC_L,53.73,594.360938,792.48,125,3,600.062,,tot3_1301
tot3_1302,S4,discovered,CTX_X,17.86,594.360938,792.48,125,3,17.406,,tot3_1302
tot3_1303,S4,neither,STEP,51.28,594.360938,792.48,125,3,600.054,,tot3_1303
tot3_1304,S4,discovered,CTX_X,24.73,594.360938,792.48,125,3,16.087,,tot3_1304
tot3_1305,S4,discovered,DARY,15.03,594.360938,792.48,125,3,10.085,,tot3_1305
tot3_1306,S4,discovered,CTX_X,15.61,594.360938,792.48,125,3,11.842,,tot3_1306
tot3_1307,S4,discovered,CTX_X,28.93,594.360938,792.48,125,3,43.128,,tot3_1307
tot3_1308,S4,discovered,FUNC_L,46.78,594.360938,792.48,125,3,12.822,,tot3_1308
tot3_1309,S4,discovered,CTX_X,17.86,594.360938,792.48,125,3,16.685,,tot3_1309
tot3_1310,S4,neither,STEP,57.97,594.360938,792.48,125,3,600.057,,tot3_1310
tot3_1311,S4,neither,STEP,60.28,594.360938,792.48,125,3,600.063,,tot3_1311
tot3_1312,S4,discovered,CTX_X,15.61,594.360938,792.48,125,3,12.468,,tot3_1312
tot3_1313,S4,discovered,CTX_X,24.73,594.360938,792.48,125,3,16.624,,tot3_1313
tot3_1314,S4,discovered,DARY,15.03,594.360938,792.48,125,3,10.084,,tot3_1314
tot3_1315,S4,neither,STEP,50.87,594.360938,792.48,125,3,600.063,,tot3_1315
tot3_1316,S4,neither,FUNC,43.11,594.360938,792.48,125,3,600.058,,tot3_1316
tot3_1317,S4,neither,ITER,39.09,594.360938,792.48,125,3,600.053,,tot3_1317
tot3_1318,S4,discovered,CTX_X,17.86,594.360938,792.48,125,3,16.675,,tot3_1318
tot3_1319,S4,neither,STEP,57.29,594.360938,792.48,125,3,600.057,,tot3_1319
tot3_1320,S4,neither,STEP,57.41,594.360938,792.48,125,3,600.052,,tot3_1320
tot3_1321,S4,neither,STEP,53.55,594.360938,792.48,125,3,600.054,,tot3_1321
tot3_1322,S4,discovered,CTX_X,24.73,594.360938,792.48,125,3,16.398,,tot3_1322
tot3_1323,S4,discovered,DARY,15.03,594.360938,792.48,125,3,10.084,,tot3_1323
tot3_1324,S4,discovered,NESTED_LOOP,64.81,594.360938,792.48,125,3,207.182,,tot3_1324
tot3_1325,S4,discovered,NESTED_LOOP,63.81,594.360938,792.48,125,3,422.572,,tot3_1325
tot3_1326,S4,discovered,DARY,13.45,594.360938,792.48,125,3,10.205,,tot3_1326
tot3_1327,S4,discovered,DARY,13.45,594.360938,792.48,125,3,10.203,,tot3_1327
tot3_1328,S4,discovered,DARY,13.45,594.360938,792.48,125,3,10.197,,tot3_1328
tot3_1329,S4,neither,FUNC_L,53.73,594.360938,792.48,125,3,600.061,,tot3_1329
tot3_1330,S4,discovered,CTX_X,20.43,594.360938,792.48,125,3,41.970,,tot3_1330
tot3_1331,S4,discovered,CTX_X,17.86,594.360938,792.48,125,3,17.599,,tot3_1331
tot3_1332,S4,discovered,DARY,15.03,594.360938,792.48,125,3,10.089,,tot3_1332
tot3_1333,S4,discovered,CTX_X,20.43,594.360938,792.48,125,3,43.790,,tot3_1333
tot3_1334,S4,discovered,CTX_X,24.73,594.360938,792.48,125,3,17.234,,tot3_1334
tot3_1335,S4,discovered,DARY,13.45,594.360938,792.48,125,3,10.211,,tot3_1335
tot3_1336,S4,discovered,DARY,13.45,594.360938,792.48,125,3,10.221,,tot3_1336
tot3_1337,S4,discovered,DARY,13.45,594.360938,792.48,125,3,10.259,,tot3_1337
tot3_1338,S4,discovered,CTX_X,17.86,594.360938,792.48,125,3,17.841,,tot3_1338
tot3_1339,S4,discovered,CTX_X,20.43,594.360938,792.48,125,3,43.774,,tot3_1339
tot3_1340,S4,discovered,CTX_X,17.86,594.360938,792.48,125,3,17.887,,tot3_1340
tot3_1341,S4,discovered,DARY,15.03,594.360938,792.48,125,3,10.088,,tot3_1341
tot3_1342,S4,neither,STEP,54.17,594.360938,792.48,125,3,600.032,,tot3_1342
tot3_1343,S4,discovered,CTX_X,26.06,594.360938,792.48,125,3,45.833,,tot3_1343
tot3_1344,S4,discovered,CTX_X,20.43,594.360938,792.48,125,3,43.716,,tot3_1344
tot3_1345,S4,discovered,DARY,13.45,594.360938,792.48,125,3,10.209,,tot3_1345
tot3_1346,S4,discovered,DARY,13.45,594.360938,792.48,125,3,10.207,,tot3_1346
tot3_1347,S4,discovered,CTX_X,17.86,594.360938,792.48,125,3,17.588,,tot3_1347
tot3_1348,S4,discovered,CTX_X,20.43,594.360938,792.48,125,3,42.282,,tot3_1348
tot3_1349,S4,discovered,CTX_X,17.86,594.360938,792.48,125,3,17.273,,tot3_1349
tot3_1350,S4,discovered,DARY,15.03,594.360938,792.48,125,3,10.087,,tot3_1350
tot3_1351,S4,neither,FUNC_L,53.73,594.360938,792.48,125,3,600.046,,tot3_1351
tot3_1352,S4,discovered,CTX_X,42.91,594.360938,792.48,125,3,41.787,,tot3_1352
tot3_1353,S4,discovered,CTX_X,43.26,594.360938,792.48,125,3,41.560,,tot3_1353
tot3_1354,S4,discovered,CTX_X,17.86,594.360938,792.48,125,3,17.796,,tot3_1354
tot3_1355,S4,discovered,CTX_X,17.86,594.360938,792.48,125,3,17.195,,tot3_1355
tot3_1356,S4,discovered,CTX_X,45.15,594.360938,792.48,125,3,44.025,,tot3_1356
tot3_1357,S4,discovered,CTX_X,15.61,594.360938,792.48,125,3,12.017,,tot3_1357
tot3_1358,S4,discovered,CTX_X,15.61,594.360938,792.48,125,3,11.725,,tot3_1358
tot3_1359,S4,discovered,DARY,15.03,594.360938,792.48,125,3,10.087,,tot3_1359
tot3_1360,S4,discovered,CTX_X,27.30,594.360938,792.48,125,3,42.242,,tot3_1360
tot3_1361,S4,discovered,CTX_X,31.09,594.360938,792.48,125,3,16.288,,tot3_1361
tot3_1362,S4,discovered,CTX_X,17.86,594.360938,792.48,125,3,17.409,,tot3_1362
tot3_1363,S4,discovered,CTX_X,17.86,594.360938,792.48,125,3,16.667,,tot3_1363
tot3_1364,S4,discovered,CTX_X,17.86,594.360938,792.48,125,3,16.477,,tot3_1364
tot3_1365,S4,discovered,CTX_X,15.61,594.360938,792.48,125,3,11.864,,tot3_1365
tot3_1366,S4,discovered,CTX_X,15.61,594.360938,792.48,125,3,12.390,,tot3_1366
tot3_1367,S4,discovered,CTX_X,15.61,594.360938,792.48,125,3,11.887,,tot3_1367
tot3_1368,S4,discovered,DARY,15.03,594.360938,792.48,125,3,10.094,,tot3_1368
tot3_1369,S4,discovered,CTX_X,27.30,594.360938,792.48,125,3,42.582,,tot3_1369
tot3_1370,S4,discovered,CTX_X,31.09,594.360938,792.48,125,3,16.267,,tot3_1370
tot3_1371,S4,discovered,CTX_X,17.86,594.360938,792.48,125,3,16.785,,tot3_1371
tot3_1372,S4,discovered,CTX_X,17.86,594.360938,792.48,125,3,16.965,,tot3_1372
tot3_1373,S4,discovered,CTX_X,17.86,594.360938,792.48,125,3,17.440,,tot3_1373
tot3_1374,S4,discovered,CTX_X,15.61,594.360938,792.48,125,3,11.773,,tot3_1374
tot3_1375,S4,discovered,CTX_X,15.61,594.360938,792.48,125,3,12.217,,tot3_1375
tot3_1376,S4,discovered,CTX_X,15.61,594.360938,792.48,125,3,12.156,,tot3_1376
tot3_1377,S4,discovered,DARY,15.03,594.360938,792.48,125,3,10.085,,tot3_1377
tot3_1378,S4,discovered,CTX_X,15.61,594.360938,792.48,125,3,12.155,,tot3_1378
tot3_1379,S4,neither,STEP,44.84,594.360938,792.48,125,3,600.091,,tot3_1379
tot3_1380,S4,discovered,DARY,15.70,594.360938,792.48,125,3,21.456,,tot3_1380
tot3_1381,S4,discovered,CTX_X,17.86,594.360938,792.48,125,3,16.595,,tot3_1381
tot3_1382,S4,neither,ITER,48.53,594.360938,792.48,125,3,600.136,,tot3_1382
tot3_1383,S4,discovered,CTX_X,26.06,594.360938,792.48,125,3,42.856,,tot3_1383
tot3_1384,S4,neither,STEP,58.10,594.360938,792.48,125,3,600.049,,tot3_1384
tot3_1385,S4,discovered,CTX_X,24.73,594.360938,792.48,125,3,16.614,,tot3_1385
tot3_1386,S4,discovered,DARY,15.03,594.360938,792.48,125,3,10.086,,tot3_1386
tot3_1387,S4,discovered,CTX_X,15.61,594.360938,792.48,125,3,12.337,,tot3_1387
tot3_1388,S4,neither,ITER,39.09,594.360938,792.48,125,3,600.058,,tot3_1388
tot3_1389,S4,discovered,FUNC_L,46.78,594.360938,792.48,125,3,13.295,,tot3_1389
tot3_1390,S4,discovered,CTX_X,17.86,594.360938,792.48,125,3,16.607,,tot3_1390
tot3_1391,S4,neither,ITER,39.09,594.360938,792.48,125,3,600.083,,tot3_1391
tot3_1392,S4,neither,STEP,56.26,594.360938,792.48,125,3,600.053,,tot3_1392
tot3_1393,S4,neither,STEP,59.27,594.360938,792.48,125,3,600.057,,tot3_1393
tot3_1394,S4,discovered,CTX_X,24.73,594.360938,792.48,125,3,17.477,,tot3_1394
tot3_1395,S4,discovered,DARY,15.03,594.360938,792.48,125,3,10.085,,tot3_1395
tot3_1396,S4,neither,STEP,67.21,594.360938,792.48,125,3,600.084,,tot3_1396
tot3_1397,S4,discovered,FUNC,43.11,594.360938,792.48,125,3,40.402,,tot3_1397
tot3_1398,S4,neither,STEP,58.41,594.360938,792.48,125,3,600.057,,tot3_1398
tot3_1399,S4,discovered,CTX_X,17.86,594.360938,792.48,125,3,17.510,,tot3_1399
tot3_1400,S4,discovered,CTX_X,24.73,594.360938,792.48,125,3,16.340,,tot3_1400
tot3_1401,S4,discovered,NESTED_LOOP,99.72,594.360938,792.48,125,3,288.524,,tot3_1401
tot3_1402,S4,discovered,NESTED_LOOP,101.72,594.360938,792.48,125,3,281.049,,tot3_1402
tot3_1403,S4,discovered,CTX_X,24.73,594.360938,792.48,125,3,17.051,,tot3_1403
tot3_1404,S4,discovered,DARY,15.03,594.360938,792.48,125,3,10.087,,tot3_1404
tot3_1405,S4,discovered,NESTED_LOOP,64.81,594.360938,792.48,125,3,206.291,,tot3_1405
tot3_1406,S4,neither,STEP,57.51,594.360938,792.48,125,3,600.082,,tot3_1406
tot3_1407,S4,discovered,DARY,13.45,594.360938,792.48,125,3,10.220,,tot3_1407
tot3_1408,S4,discovered,DARY,13.45,594.360938,792.48,125,3,10.200,,tot3_1408
tot3_1409,S4,discovered,NESTED_LOOP,101.72,594.360938,792.48,125,3,274.341,,tot3_1409
tot3_1410,S4,neither,STEP,56.72,594.360938,792.48,125,3,600.061,,tot3_1410
tot3_1411,S4,discovered,NESTED_LOOP,83.73,594.360938,792.48,125,3,225.536,,tot3_1411
tot3_1412,S4,discovered,CTX_X,17.86,594.360938,792.48,125,3,17.881,,tot3_1412
tot3_1413,S4,discovered,DARY,15.03,594.360938,792.48,125,3,10.086,,tot3_1413
tot3_1414,S4,discovered,CTX_X,20.43,594.360938,792.48,125,3,42.742,,tot3_1414
tot3_1415,S4,neither,STEP,56.17,594.360938,792.48,125,3,600.093,,tot3_1415
tot3_1416,S4,discovered,DARY,13.45,594.360938,792.48,125,3,10.463,,tot3_1416
tot3_1417,S4,discovered,DARY,13.45,594.360938,792.48,125,3,10.206,,tot3_1417
tot3_1418,S4,discovered,NESTED_LOOP,101.72,594.360938,792.48,125,3,272.403,,tot3_1418
tot3_1419,S4,neither,STEP,57.08,594.360938,792.48,125,3,600.068,,tot3_1419
tot3_1420,S4,discovered,NESTED_LOOP,83.73,594.360938,792.48,125,3,222.662,,tot3_1420
tot3_1421,S4,discovered,CTX_X,17.86,594.360938,792.48,125,3,17.190,,tot3_1421
tot3_1422,S4,discovered,DARY,15.03,594.360938,792.48,125,3,10.088,,tot3_1422
tot3_1423,S4,neither,STEP,55.78,594.360938,792.48,125,3,600.065,,tot3_1423
tot3_1424,S4,neither,STEP,59.07,594.360938,792.48,125,3,600.060,,tot3_1424
tot3_1425,S4,neither,STEP,57.45,594.360938,792.48,125,3,600.058,,tot3_1425
tot3_1426,S4,discovered,DARY,13.45,594.360938,792.48,125,3,10.216,,tot3_1426
tot3_1427,S4,discovered,NESTED_LOOP,101.72,594.360938,792.48,125,3,273.620,,tot3_1427
tot3_1428,S4,discovered,NESTED_LOOP,83.73,594.360938,792.48,125,3,225.306,,tot3_1428
tot3_1429,S4,discovered,NESTED_LOOP,83.73,594.360938,792.48,125,3,222.729,,tot3_1429
tot3_1430,S4,discovered,CTX_X,17.86,594.360938,792.48,125,3,17.110,,tot3_1430
tot3_1431,S4,discovered,DARY,15.03,594.360938,792.48,125,3,10.089,,tot3_1431
tot3_1432,S4,discovered,CTX_X,44.91,594.360938,792.48,125,3,41.791,,tot3_1432
tot3_1433,S4,discovered,CTX_X,33.90,594.360938,792.48,125,3,41.641,,tot3_1433
tot3_1434,S4,discovered,CTX_X,34.90,594.360938,792.48,125,3,43.109,,tot3_1434
tot3_1435,S4,discovered,CTX_X,17.86,594.360938,792.48,125,3,16.712,,tot3_1435
tot3_1436,S4,discovered,CTX_X,17.86,594.360938,792.48,125,3,16.625,,tot3_1436
tot3_1437,S4,discovered,CTX_X,15.61,594.360938,792.48,125,3,12.334,,tot3_1437
tot3_1438,S4,discovered,CTX_X,15.61,594.360938,792.48,125,3,11.966,,tot3_1438
tot3_1439,S4,discovered,CTX_X,15.61,594.360938,792.48,125,3,12.099,,tot3_1439
tot3_1440,S4,discovered,DARY,15.03,594.360938,792.48,125,3,10.092,,tot3_1440
tot3_1441,S4,discovered,CTX_X,27.30,594.360938,792.48,125,3,41.927,,tot3_1441
tot3_1442,S4,discovered,CTX_X,32.98,594.360938,792.48,125,3,16.277,,tot3_1442
tot3_1443,S4,discovered,NESTED_LOOP,82.15,594.360938,792.48,125,3,424.845,,tot3_1443
tot3_1444,S4,discovered,CTX_X,17.86,594.360938,792.48,125,3,17.178,,tot3_1444
tot3_1445,S4,discovered,CTX_X,17.86,594.360938,792.48,125,3,16.355,,tot3_1445
tot3_1446,S4,discovered,CTX_X,15.61,594.360938,792.48,125,3,12.483,,tot3_1446
tot3_1447,S4,discovered,CTX_X,15.61,594.360938,792.48,125,3,11.674,,tot3_1447
tot3_1448,S4,discovered,CTX_X,15.61,594.360938,792.48,125,3,11.891,,tot3_1448
tot3_1449,S4,discovered,DARY,15.03,594.360938,792.48,125,3,10.091,,tot3_1449
tot3_1450,S4,discovered,CTX_X,41.26,594.360938,792.48,125,3,43.897,,tot3_1450
tot3_1451,S4,discovered,CTX_X,31.09,594.360938,792.48,125,3,16.607,,tot3_1451
tot3_1452,S4,discovered,CTX_X,17.86,594.360938,792.48,125,3,16.633,,tot3_1452
tot3_1453,S4,discovered,CTX_X,17.86,594.360938,792.48,125,3,17.036,,tot3_1453
tot3_1454,S4,discovered,CTX_X,17.86,594.360938,792.48,125,3,16.559,,tot3_1454
tot3_1455,S4,discovered,CTX_X,15.61,594.360938,792.48,125,3,12.063,,tot3_1455
tot3_1456,S4,discovered,CTX_X,15.61,594.360938,792.48,125,3,12.200,,tot3_1456
tot3_1457,S4,discovered,CTX_X,15.61,594.360938,792.48,125,3,11.825,,tot3_1457
tot3_1458,S4,discovered,DARY,15.03,594.360938,792.48,125,3,10.087,,tot3_1458
tot3_1459,S4,discovered,CTX_X,15.61,594.360938,792.48,125,3,11.602,,tot3_1459
tot3_1460,S4,discovered,NESTED_LOOP,101.72,594.360938,792.48,125,3,270.971,,tot3_1460
tot3_1461,S4,discovered,DARY,15.70,594.360938,792.48,125,3,21.703,,tot3_1461
tot3_1462,S4,discovered,CTX_X,17.86,594.360938,792.48,125,3,16.815,,tot3_1462
tot3_1463,S4,neither,STEP,56.26,594.360938,792.48,125,3,600.063,,tot3_1463
tot3_1464,S4,discovered,CTX_X,24.73,594.360938,792.48,125,3,17.269,,tot3_1464
tot3_1465,S4,discovered,CTX_X,33.98,594.360938,792.48,125,3,16.783,,tot3_1465
tot3_1466,S4,discovered,CTX_X,15.61,594.360938,792.48,125,3,11.926,,tot3_1466
tot3_1467,S4,discovered,DARY,15.03,594.360938,792.48,125,3,10.085,,tot3_1467
tot3_1468,S4,discovered,CTX_X,15.61,594.360938,792.48,125,3,11.726,,tot3_1468
tot3_1469,S4,neither,FUNC_L,52.98,594.360938,792.48,125,3,600.061,,tot3_1469
tot3_1470,S4,discovered,FUNC_L,46.78,594.360938,792.48,125,3,12.864,,tot3_1470
tot3_1471,S4,discovered,CTX_X,17.86,594.360938,792.48,125,3,16.518,,tot3_1471
tot3_1472,S4,neither,STEP,64.08,594.360938,792.48,125,3,600.063,,tot3_1472
tot3_1473,S4,neither,STEP,49.99,594.360938,792.48,125,3,600.058,,tot3_1473
tot3_1474,S4,discovered,CTX_X,33.98,594.360938,792.48,125,3,16.095,,tot3_1474
tot3_1475,S4,discovered,CTX_X,15.61,594.360938,792.48,125,3,12.274,,tot3_1475
tot3_1476,S4,discovered,DARY,15.03,594.360938,792.48,125,3,10.086,,tot3_1476
tot3_1477,S4,discovered,CTX_X,15.61,594.360938,792.48,125,3,11.925,,tot3_1477
tot3_1478,S4,discovered,CTX_X,28.84,594.360938,792.48,125,3,11.824,,tot3_1478
tot3_1479,S4,discovered,CTX_X,33.66,594.360938,792.48,125,3,41.918,,tot3_1479
tot3_1480,S4,discovered,CTX_X,17.86,594.360938,792.48,125,3,16.998,,tot3_1480
tot3_1481,S4,discovered,CTX_X,31.09,594.360938,792.48,125,3,16.421,,tot3_1481
tot3_1482,S4,discovered,CTX_X,15.61,594.360938,792.48,125,3,11.834,,tot3_1482
tot3_1483,S4,discovered,CTX_X,15.61,594.360938,792.48,125,3,12.223,,tot3_1483
tot3_1484,S4,discovered,CTX_X,15.61,594.360938,792.48,125,3,11.795,,tot3_1484
tot3_1485,S4,discovered,DARY,15.03,594.360938,792.48,125,3,10.086,,tot3_1485
tot3_1486,S4,discovered,NESTED_LOOP,64.81,594.360938,792.48,125,3,205.858,,tot3_1486
tot3_1487,S4,discovered,NESTED_LOOP,101.72,594.360938,792.48,125,3,273.414,,tot3_1487
tot3_1488,S4,discovered,DARY,13.45,594.360938,792.48,125,3,10.203,,tot3_1488
tot3_1489,S4,discovered,DARY,13.45,594.360938,792.48,125,3,10.203,,tot3_1489
tot3_1490,S4,discovered,DARY,13.45,594.360938,792.48,125,3,10.214,,tot3_1490
tot3_1491,S4,discovered,CTX_X,24.73,594.360938,792.48,125,3,16.450,,tot3_1491
tot3_1492,S4,neither,STEP,56.23,594.360938,792.48,125,3,600.063,,tot3_1492
tot3_1493,S4,discovered,CTX_X,15.61,594.360938,792.48,125,3,12.539,,tot3_1493
tot3_1494,S4,discovered,DARY,15.03,594.360938,792.48,125,3,10.085,,tot3_1494
tot3_1495,S4,discovered,CTX_X,20.43,594.360938,792.48,125,3,42.872,,tot3_1495
tot3_1496,S4,discovered,CTX_X,41.34,594.360938,792.48,125,3,16.356,,tot3_1496
tot3_1497,S4,discovered,DARY,13.45,594.360938,792.48,125,3,10.207,,tot3_1497
tot3_1498,S4,discovered,DARY,13.45,594.360938,792.48,125,3,10.214,,tot3_1498
tot3_1499,S4,discovered,DARY,13.45,594.360938,792.48,125,3,10.211,,tot3_1499
tot3_1500,S4,discovered,CTX_X,37.77,594.360938,792.48,125,3,42.775,,tot3_1500
tot3_1501,S4,neither,NESTED_LOOP,116.78,594.360938,792.48,125,3,600.052,,tot3_1501
tot3_1502,S4,discovered,CTX_X,15.61,594.360938,792.48,125,3,12.229,,tot3_1502
tot3_1503,S4,discovered,DARY,15.03,594.360938,792.48,125,3,10.085,,tot3_1503
tot3_1504,S4,neither,STEP,55.60,594.360938,792.48,125,3,600.052,,tot3_1504
tot3_1505,S4,discovered,CTX_X,28.84,594.360938,792.48,125,3,12.129,,tot3_1505
tot3_1506,S4,neither,STEP,61.16,594.360938,792.48,125,3,600.052,,tot3_1506
tot3_1507,S4,discovered,DARY,13.45,594.360938,792.48,125,3,10.214,,tot3_1507
tot3_1508,S4,neither,STEP,55.26,594.360938,792.48,125,3,600.056,,tot3_1508
tot3_1509,S4,discovered,CTX_X,15.61,594.360938,792.48,125,3,12.986,,tot3_1509
tot3_1510,S4,discovered,CTX_X,15.61,594.360938,792.48,125,3,12.516,,tot3_1510
tot3_1511,S4,discovered,CTX_X,15.61,594.360938,792.48,125,3,12.042,,tot3_1511
tot3_1512,S4,discovered,DARY,15.03,594.360938,792.48,125,3,10.086,,tot3_1512
tot3_1513,S4,neither,STEP,59.76,594.360938,792.48,125,3,600.060,,tot3_1513
tot3_1514,S4,discovered,NESTED_LOOP,101.72,594.360938,792.48,125,3,270.490,,tot3_1514
tot3_1515,S4,discovered,CTX_X,24.73,594.360938,792.48,125,3,16.498,,tot3_1515
tot3_1516,S4,discovered,CTX_X,17.86,594.360938,792.48,125,3,16.598,,tot3_1516
tot3_1517,S4,discovered,NESTED_LOOP,101.72,594.360938,792.48,125,3,274.165,,tot3_1517
tot3_1518,S4,discovered,CTX_X,24.73,594.360938,792.48,125,3,16.615,,tot3_1518
tot3_1519,S4,neither,STEP,49.00,594.360938,792.48,125,3,600.061,,tot3_1519
tot3_1520,S4,discovered,CTX_X,15.61,594.360938,792.48,125,3,13.378,,tot3_1520
tot3_1521,S4,discovered,DARY,15.03,594.360938,792.48,125,3,10.090,,tot3_1521
tot3_1522,S4,neither,STEP,47.09,594.360938,792.48,125,3,600.053,,tot3_1522
tot3_1523,S4,neither,STEP,65.79,594.360938,792.48,125,3,600.057,,tot3_1523
tot3_1524,S4,neither,FUNC,41.53,594.360938,792.48,125,3,600.048,,tot3_1524
tot3_1525,S4,discovered,CTX_X,17.86,594.360938,792.48,125,3,17.140,,tot3_1525
tot3_1526,S4,neither,STEP,64.69,594.360938,792.48,125,3,600.057,,tot3_1526
tot3_1527,S4,neither,STEP,63.88,594.360938,792.48,125,3,600.048,,tot3_1527
tot3_1528,S4,neither,STEP,58.04,594.360938,792.48,125,3,600.051,,tot3_1528
tot3_1529,S4,discovered,CTX_X,15.61,594.360938,792.48,125,3,12.182,,tot3_1529
tot3_1530,S4,discovered,DARY,15.03,594.360938,792.48,125,3,10.085,,tot3_1530
tot3_1531,S4,neither,STEP,62.69,594.360938,792.48,125,3,600.046,,tot3_1531
tot3_1532,S4,discovered,CTX_X,28.84,594.360938,792.48,125,3,12.266,,tot3_1532
tot3_1533,S4,discovered,CTX_X,17.86,594.360938,792.48,125,3,16.891,,tot3_1533
tot3_1534,S4,discovered,CTX_X,17.86,594.360938,792.48,125,3,16.610,,tot3_1534
tot3_1535,S4,discovered,CTX_X,17.86,594.360938,792.48,125,3,16.611,,tot3_1535
tot3_1536,S4,discovered,CTX_X,15.61,594.360938,792.48,125,3,12.386,,tot3_1536
tot3_1537,S4,discovered,CTX_X,15.61,594.360938,792.48,125,3,12.069,,tot3_1537
tot3_1538,S4,discovered,CTX_X,15.61,594.360938,792.48,125,3,12.070,,tot3_1538
tot3_1539,S4,discovered,DARY,15.03,594.360938,792.48,125,3,10.084,,tot3_1539
tot3_1540,S4,discovered,CTX_X,15.61,594.360938,792.48,125,3,11.891,,tot3_1540
tot3_1541,S4,neither,STEP,51.41,594.360938,792.48,125,3,600.088,,tot3_1541
tot3_1542,S4,discovered,DARY,15.70,594.360938,792.48,125,3,22.908,,tot3_1542
tot3_1543,S4,discovered,CTX_X,17.86,594.360938,792.48,125,3,16.682,,tot3_1543
tot3_1544,S4,neither,ITER_F,57.13,594.360938,792.48,125,3,600.051,,tot3_1544
tot3_1545,S4,discovered,CTX_X,27.03,594.360938,792.48,125,3,43.205,,tot3_1545
tot3_1546,S4,neither,ITER_F,55.54,594.360938,792.48,125,3,600.073,,tot3_1546
tot3_1547,S4,discovered,CTX_X,15.61,594.360938,792.48,125,3,12.053,,tot3_1547
tot3_1548,S4,discovered,DARY,15.03,594.360938,792.48,125,3,10.090,,tot3_1548
tot3_1549,S4,discovered,CTX_X,15.61,594.360938,792.48,125,3,12.410,,tot3_1549
tot3_1550,S4,neither,FUNC,34.09,594.360938,792.48,125,3,600.060,,tot3_1550
tot3_1551,S4,discovered,FUNC_L,46.78,594.360938,792.48,125,3,13.562,,tot3_1551
tot3_1552,S4,discovered,CTX_X,17.86,594.360938,792.48,125,3,17.993,,tot3_1552
tot3_1553,S4,neither,STEP,56.56,594.360938,792.48,125,3,600.069,,tot3_1553
tot3_1554,S4,neither,STEP,57.59,594.360938,792.48,125,3,600.062,,tot3_1554
tot3_1555,S4,discovered,CTX_X,37.78,594.360938,792.48,125,3,43.323,,tot3_1555
tot3_1556,S4,discovered,CTX_X,15.61,594.360938,792.48,125,3,12.223,,tot3_1556
tot3_1557,S4,discovered,DARY,15.03,594.360938,792.48,125,3,10.088,,tot3_1557
tot3_1558,S4,neither,STEP,58.31,594.360938,792.48,125,3,600.054,,tot3_1558
tot3_1559,S4,discovered,CTX_X,28.84,594.360938,792.48,125,3,11.897,,tot3_1559
tot3_1560,S4,neither,FUNC_L,52.79,594.360938,792.48,125,3,600.049,,tot3_1560
tot3_1561,S4,discovered,CTX_X,17.86,594.360938,792.48,125,3,17.038,,tot3_1561
tot3_1562,S4,neither,FUNC_L,47.78,594.360938,792.48,125,3,600.053,,tot3_1562
tot3_1563,S4,neither,STEP,58.38,594.360938,792.48,125,3,600.054,,tot3_1563
tot3_1564,S4,neither,STEP,49.46,594.360938,792.48,125,3,600.069,,tot3_1564
tot3_1565,S4,discovered,CTX_X,15.61,594.360938,792.48,125,3,13.693,,tot3_1565
tot3_1566,S4,discovered,DARY,15.03,594.360938,792.48,125,3,10.181,,tot3_1566
tot3_1567,S4,discovered,NESTED_LOOP,64.81,594.360938,792.48,125,3,210.282,,tot3_1567
tot3_1568,S4,neither,STEP,51.08,594.360938,792.48,125,3,600.052,,tot3_1568
tot3_1569,S4,discovered,DARY,13.45,594.360938,792.48,125,3,10.208,,tot3_1569
tot3_1570,S4,discovered,DARY,13.45,594.360938,792.48,125,3,10.208,,tot3_1570
tot3_1571,S4,discovered,DARY,13.45,594.360938,792.48,125,3,10.209,,tot3_1571
tot3_1572,S4,neither,STEP,53.23,594.360938,792.48,125,3,600.042,,tot3_1572
tot3_1573,S4,neither,STEP,53.77,594.360938,792.48,125,3,600.054,,tot3_1573
tot3_1574,S4,discovered,CTX_X,15.61,594.360938,792.48,125,3,12.420,,tot3_1574
tot3_1575,S4,discovered,DARY,15.03,594.360938,792.48,125,3,10.084,,tot3_1575
tot3_1576,S4,discovered,CTX_X,20.43,594.360938,792.48,125,3,42.912,,tot3_1576
tot3_1577,S4,discovered,CTX_X,24.73,594.360938,792.48,125,3,17.292,,tot3_1577
tot3_1578,S4,discovered,DARY,13.45,594.360938,792.48,125,3,10.205,,tot3_1578
tot3_1579,S4,discovered,DARY,13.45,594.360938,792.48,125,3,10.206,,tot3_1579
tot3_1580,S4,discovered,DARY,13.45,594.360938,792.48,125,3,10.211,,tot3_1580
tot3_1581,S4,discovered,CTX_X,31.98,594.360938,792.48,125,3,16.836,,tot3_1581
tot3_1582,S4,discovered,CTX_X,31.98,594.360938,792.48,125,3,16.861,,tot3_1582
tot3_1583,S4,discovered,CTX_X,15.61,594.360938,792.48,125,3,12.213,,tot3_1583
tot3_1584,S4,discovered,DARY,15.03,594.360938,792.48,125,3,10.092,,tot3_1584
tot3_1585,S4,neither,STEP,56.35,594.360938,792.48,125,3,600.049,,tot3_1585
tot3_1586,S4,discovered,CTX_X,28.84,594.360938,792.48,125,3,12.480,,tot3_1586
tot3_1587,S4,neither,STEP,55.75,594.360938,792.48,125,3,600.054,,tot3_1587
tot3_1588,S4,discovered,DARY,13.45,594.360938,792.48,125,3,10.198,,tot3_1588
tot3_1589,S4,neither,STEP,64.18,594.360938,792.48,125,3,600.056,,tot3_1589
tot3_1590,S4,neither,STEP,55.09,594.360938,792.48,125,3,600.064,,tot3_1590
tot3_1591,S4,discovered,CTX_X,38.77,594.360938,792.48,125,3,41.902,,tot3_1591
tot3_1592,S4,discovered,CTX_X,15.61,594.360938,792.48,125,3,12.270,,tot3_1592
tot3_1593,S4,discovered,DARY,15.03,594.360938,792.48,125,3,10.095,,tot3_1593
tot3_1594,S4,neither,STEP,49.93,594.360938,792.48,125,3,600.047,,tot3_1594
tot3_1595,S4,neither,STEP,53.19,594.360938,792.48,125,3,600.054,,tot3_1595
tot3_1596,S4,neither,STEP,57.49,594.360938,792.48,125,3,600.077,,tot3_1596
tot3_1597,S4,discovered,CTX_X,17.86,594.360938,792.48,125,3,22.242,,tot3_1597
tot3_1598,S4,neither,STEP,49.46,594.360938,792.48,125,3,600.064,,tot3_1598
tot3_1599,S4,neither,ITER_F,73.30,594.360938,792.48,125,3,600.058,,tot3_1599
tot3_1600,S4,neither,STEP,62.76,594.360938,792.48,125,3,600.059,,tot3_1600
tot3_1601,S4,discovered,CTX_X,15.61,594.360938,792.48,125,3,15.771,,tot3_1601
tot3_1602,S4,discovered,DARY,15.03,594.360938,792.48,125,3,10.095,,tot3_1602
tot3_1603,S4,neither,STEP,58.15,594.360938,792.48,125,3,600.063,,tot3_1603
tot3_1604,S4,neither,STEP,59.35,594.360938,792.48,125,3,600.064,,tot3_1604
tot3_1605,S4,neither,STEP,58.62,594.360938,792.48,125,3,600.056,,tot3_1605
tot3_1606,S4,discovered,CTX_X,17.86,594.360938,792.48,125,3,19.659,,tot3_1606
tot3_1607,S4,neither,STEP,58.48,594.360938,792.48,125,3,600.065,,tot3_1607
tot3_1608,S4,neither,STEP,59.12,594.360938,792.48,125,3,600.054,,tot3_1608
tot3_1609,S4,neither,STEP,64.23,594.360938,792.48,125,3,600.063,,tot3_1609
tot3_1610,S4,discovered,CTX_X,15.61,594.360938,792.48,125,3,12.490,,tot3_1610
tot3_1611,S4,discovered,DARY,15.03,594.360938,792.48,125,3,10.087,,tot3_1611
tot3_1612,S4,neither,STEP,47.09,594.360938,792.48,125,3,600.060,,tot3_1612
tot3_1613,S4,discovered,CTX_X,28.84,594.360938,792.48,125,3,11.770,,tot3_1613
tot3_1614,S4,neither,FUNC_L,53.98,594.360938,792.48,125,3,600.055,,tot3_1614
tot3_1615,S4,discovered,CTX_X,17.86,594.360938,792.48,125,3,16.578,,tot3_1615
tot3_1616,S4,neither,STEP,64.05,594.360938,792.48,125,3,600.061,,tot3_1616
tot3_1617,S4,neither,STEP,55.86,594.360938,792.48,125,3,600.056,,tot3_1617
tot3_1618,S4,neither,STEP,58.72,594.360938,792.48,125,3,600.055,,tot3_1618
tot3_1619,S4,discovered,CTX_X,15.61,594.360938,792.48,125,3,12.255,,tot3_1619
tot3_1620,S4,discovered,DARY,15.03,594.360938,792.48,125,3,10.087,,tot3_1620
tot3_1621,S4,discovered,CTX_X,15.61,594.360938,792.48,125,3,12.473,,tot3_1621
tot3_1622,S4,discovered,CTX_X,32.43,594.360938,792.48,125,3,42.184,,tot3_1622
tot3_1623,S4,discovered,DARY,15.70,594.360938,792.48,125,3,21.216,,tot3_1623
tot3_1624,S4,discovered,CTX_X,17.86,594.360938,792.48,125,3,17.210,,tot3_1624
tot3_1625,S4,discovered,CTX_X,41.26,594.360938,792.48,125,3,41.565,,tot3_1625
tot3_1626,S4,discovered,CTX_X,15.61,594.360938,792.48,125,3,12.114,,tot3_1626
tot3_1627,S4,neither,STEP,58.12,594.360938,792.48,125,3,600.061,,tot3_1627
tot3_1628,S4,discovered,CTX_X,15.61,594.360938,792.48,125,3,12.406,,tot3_1628
tot3_1629,S4,discovered,DARY,15.03,594.360938,792.48,125,3,10.090,,tot3_1629
tot3_1630,S4,discovered,CTX_X,15.61,594.360938,792.48,125,3,12.551,,tot3_1630
tot3_1631,S4,discovered,CTX_X,34.58,594.360938,792.48,125,3,42.300,,tot3_1631
tot3_1632,S4,discovered,FUNC_L,46.78,594.360938,792.48,125,3,12.911,,tot3_1632
tot3_1633,S4,discovered,CTX_X,17.86,594.360938,792.48,125,3,16.420,,tot3_1633
tot3_1634,S4,neither,STEP,64.08,594.360938,792.48,125,3,600.062,,tot3_1634
tot3_1635,S4,neither,STEP,56.98,594.360938,792.48,125,3,600.054,,tot3_1635
tot3_1636,S4,discovered,NESTED_LOOP,80.56,594.360938,792.48,125,3,434.706,,tot3_1636
tot3_1637,S4,discovered,CTX_X,15.61,594.360938,792.48,125,3,12.003,,tot3_1637
tot3_1638,S4,discovered,DARY,15.03,594.360938,792.48,125,3,10.087,,tot3_1638
tot3_1639,S4,discovered,CTX_X,15.61,594.360938,792.48,125,3,11.827,,tot3_1639
tot3_1640,S4,discovered,CTX_X,28.84,594.360938,792.48,125,3,11.968,,tot3_1640
tot3_1641,S4,discovered,CTX_X,31.09,594.360938,792.48,125,3,16.488,,tot3_1641
tot3_1642,S4,discovered,CTX_X,17.86,594.360938,792.48,125,3,16.605,,tot3_1642
tot3_1643,S4,discovered,CTX_X,31.09,594.360938,792.48,125,3,16.099,,tot3_1643
tot3_1644,S4,discovered,CTX_X,15.61,594.360938,792.48,125,3,11.687,,tot3_1644
tot3_1645,S4,discovered,CTX_X,15.61,594.360938,792.48,125,3,11.736,,tot3_1645
tot3_1646,S4,discovered,CTX_X,15.61,594.360938,792.48,125,3,11.625,,tot3_1646
tot3_1647,S4,discovered,DARY,15.03,594.360938,792.48,125,3,10.084,,tot3_1647
tot3_1648,S4,discovered,NESTED_LOOP,64.81,594.360938,792.48,125,3,206.993,,tot3_1648
tot3_1649,S4,discovered,CTX_X,32.43,594.360938,792.48,125,3,43.511,,tot3_1649
tot3_1650,S4,discovered,DARY,13.45,594.360938,792.48,125,3,10.203,,tot3_1650
tot3_1651,S4,discovered,DARY,13.45,594.360938,792.48,125,3,10.200,,tot3_1651
tot3_1652,S4,neither,STEP,61.95,594.360938,792.48,125,3,600.046,,tot3_1652
tot3_1653,S4,discovered,CTX_X,15.61,594.360938,792.48,125,3,12.236,,tot3_1653
tot3_1654,S4,neither,STEP,55.38,594.360938,792.48,125,3,600.080,,tot3_1654
tot3_1655,S4,discovered,CTX_X,15.61,594.360938,792.48,125,3,11.914,,tot3_1655
tot3_1656,S4,discovered,DARY,15.03,594.360938,792.48,125,3,10.085,,tot3_1656
tot3_1657,S4,discovered,CTX_X,20.43,594.360938,792.48,125,3,41.497,,tot3_1657
tot3_1658,S4,neither,STEP,57.73,594.360938,792.48,125,3,600.052,,tot3_1658
tot3_1659,S4,discovered,DARY,13.45,594.360938,792.48,125,3,10.216,,tot3_1659
tot3_1660,S4,discovered,DARY,13.45,594.360938,792.48,125,3,10.197,,tot3_1660
tot3_1661,S4,neither,STEP,57.45,594.360938,792.48,125,3,600.056,,tot3_1661
tot3_1662,S4,neither,STEP,56.28,594.360938,792.48,125,3,600.057,,tot3_1662
tot3_1663,S4,neither,ITER,49.11,594.360938,792.48,125,3,600.054,,tot3_1663
tot3_1664,S4,discovered,CTX_X,15.61,594.360938,792.48,125,3,12.062,,tot3_1664
tot3_1665,S4,discovered,DARY,15.03,594.360938,792.48,125,3,10.086,,tot3_1665
tot3_1666,S4,discovered,CTX_X,32.43,594.360938,792.48,125,3,44.119,,tot3_1666
tot3_1667,S4,discovered,CTX_X,28.84,594.360938,792.48,125,3,11.717,,tot3_1667
tot3_1668,S4,discovered,CTX_X,32.43,594.360938,792.48,125,3,43.361,,tot3_1668
tot3_1669,S4,discovered,DARY,13.45,594.360938,792.48,125,3,10.224,,tot3_1669
tot3_1670,S4,discovered,CTX_X,32.43,594.360938,792.48,125,3,43.559,,tot3_1670
tot3_1671,S4,discovered,CTX_X,15.61,594.360938,792.48,125,3,11.979,,tot3_1671
tot3_1672,S4,discovered,CTX_X,15.61,594.360938,792.48,125,3,12.115,,tot3_1672
tot3_1673,S4,discovered,CTX_X,15.61,594.360938,792.48,125,3,11.785,,tot3_1673
tot3_1674,S4,discovered,DARY,15.03,594.360938,792.48,125,3,10.085,,tot3_1674
tot3_1675,S4,discovered,CTX_X,44.91,594.360938,792.48,125,3,43.060,,tot3_1675
tot3_1676,S4,discovered,CTX_X,32.43,594.360938,792.48,125,3,41.274,,tot3_1676
tot3_1677,S4,discovered,CTX_X,39.34,594.360938,792.48,125,3,16.184,,tot3_1677
tot3_1678,S4,discovered,CTX_X,17.86,594.360938,792.48,125,3,16.449,,tot3_1678
tot3_1679,S4,discovered,CTX_X,17.86,594.360938,792.48,125,3,16.716,,tot3_1679
tot3_1680,S4,discovered,CTX_X,15.61,594.360938,792.48,125,3,12.591,,tot3_1680
tot3_1681,S4,discovered,CTX_X,26.03,594.360938,792.48,125,3,42.173,,tot3_1681
tot3_1682,S4,discovered,CTX_X,15.61,594.360938,792.48,125,3,11.981,,tot3_1682
tot3_1683,S4,discovered,DARY,15.03,594.360938,792.48,125,3,10.092,,tot3_1683
tot3_1684,S4,discovered,CTX_X,28.93,594.360938,792.48,125,3,43.084,,tot3_1684
tot3_1685,S4,discovered,CTX_X,26.06,594.360938,792.48,125,3,41.698,,tot3_1685
tot3_1686,S4,neither,STEP,63.99,594.360938,792.48,125,3,600.048,,tot3_1686
tot3_1687,S4,discovered,CTX_X,17.86,594.360938,792.48,125,3,17.199,,tot3_1687
tot3_1688,S4,discovered,CTX_X,17.86,594.360938,792.48,125,3,16.885,,tot3_1688
tot3_1689,S4,discovered,CTX_X,45.15,594.360938,792.48,125,3,42.173,,tot3_1689
tot3_1690,S4,discovered,CTX_X,37.55,594.360938,792.48,125,3,42.484,,tot3_1690
tot3_1691,S4,discovered,CTX_X,15.61,594.360938,792.48,125,3,11.899,,tot3_1691
tot3_1692,S4,discovered,DARY,15.03,594.360938,792.48,125,3,10.092,,tot3_1692
tot3_1693,S4,discovered,CTX_X,32.43,594.360938,792.48,125,3,41.945,,tot3_1693
tot3_1694,S4,discovered,CTX_X,28.84,594.360938,792.48,125,3,11.635,,tot3_1694
tot3_1695,S4,discovered,CTX_X,17.86,594.360938,792.48,125,3,17.184,,tot3_1695
tot3_1696,S4,discovered,CTX_X,17.86,594.360938,792.48,125,3,16.804,,tot3_1696
tot3_1697,S4,discovered,CTX_X,17.86,594.360938,792.48,125,3,16.437,,tot3_1697
tot3_1698,S4,discovered,CTX_X,15.61,594.360938,792.48,125,3,11.916,,tot3_1698
tot3_1699,S4,discovered,CTX_X,15.61,594.360938,792.48,125,3,11.947,,tot3_1699
tot3_1700,S4,discovered,CTX_X,15.61,594.360938,792.48,125,3,11.509,,tot3_1700
tot3_1701,S4,discovered,DARY,15.03,594.360938,792.48,125,3,10.088,,tot3_1701
tot3_1702,S4,discovered,CTX_X,15.61,594.360938,792.48,125,3,11.920,,tot3_1702
tot3_1703,S4,discovered,NESTED_LOOP,101.72,594.360938,792.48,125,3,272.585,,tot3_1703
tot3_1704,S4,discovered,DARY,15.70,594.360938,792.48,125,3,21.312,,tot3_1704
tot3_1705,S4,discovered,CTX_X,17.86,594.360938,792.48,125,3,16.667,,tot3_1705
tot3_1706,S4,neither,STEP,67.21,594.360938,792.48,125,3,600.059,,tot3_1706
tot3_1707,S4,discovered,CTX_X,24.73,594.360938,792.48,125,3,16.371,,tot3_1707
tot3_1708,S4,discovered,CTX_X,31.98,594.360938,792.48,125,3,16.912,,tot3_1708
tot3_1709,S4,discovered,CTX_X,15.61,594.360938,792.48,125,3,12.311,,tot3_1709
tot3_1710,S4,discovered,DARY,15.03,594.360938,792.48,125,3,10.086,,tot3_1710
tot3_1711,S4,discovered,CTX_X,15.61,594.360938,792.48,125,3,11.859,,tot3_1711
tot3_1712,S4,neither,STEP,57.07,594.360938,792.48,125,3,600.053,,tot3_1712
tot3_1713,S4,discovered,FUNC_L,46.78,594.360938,792.48,125,3,12.937,,tot3_1713
tot3_1714,S4,discovered,CTX_X,17.86,594.360938,792.48,125,3,17.194,,tot3_1714
tot3_1715,S4,neither,STEP,57.33,594.360938,792.48,125,3,600.059,,tot3_1715
tot3_1716,S4,neither,ITER,49.53,594.360938,792.48,125,3,600.062,,tot3_1716
tot3_1717,S4,discovered,CTX_X,44.26,594.360938,792.48,125,3,43.404,,tot3_1717
tot3_1718,S4,discovered,CTX_X,15.61,594.360938,792.48,125,3,11.930,,tot3_1718
tot3_1719,S4,discovered,DARY,15.03,594.360938,792.48,125,3,10.086,,tot3_1719
tot3_1720,S4,neither,STEP,60.10,594.360938,792.48,125,3,600.052,,tot3_1720
tot3_1721,S4,discovered,CTX_X,28.84,594.360938,792.48,125,3,11.776,,tot3_1721
tot3_1722,S4,discovered,CTX_X,33.66,594.360938,792.48,125,3,43.254,,tot3_1722
tot3_1723,S4,discovered,CTX_X,17.86,594.360938,792.48,125,3,16.461,,tot3_1723
tot3_1724,S4,discovered,CTX_X,41.26,594.360938,792.48,125,3,42.635,,tot3_1724
tot3_1725,S4,discovered,CTX_X,15.61,594.360938,792.48,125,3,11.699,,tot3_1725
tot3_1726,S4,discovered,CTX_X,42.91,594.360938,792.48,125,3,41.942,,tot3_1726
tot3_1727,S4,discovered,CTX_X,15.61,594.360938,792.48,125,3,11.775,,tot3_1727
tot3_1728,S4,discovered,DARY,15.03,594.360938,792.48,125,3,10.089,,tot3_1728
tot3_1729,S4,discovered,NESTED_LOOP,64.81,594.360938,792.48,125,3,207.257,,tot3_1729
tot3_1730,S4,discovered,NESTED_LOOP,101.72,594.360938,792.48,125,3,271.218,,tot3_1730
tot3_1731,S4,discovered,DARY,13.45,594.360938,792.48,125,3,10.200,,tot3_1731
tot3_1732,S4,discovered,DARY,13.45,594.360938,792.48,125,3,10.216,,tot3_1732
tot3_1733,S4,discovered,DARY,13.45,594.360938,792.48,125,3,10.198,,tot3_1733
tot3_1734,S4,discovered,CTX_X,24.73,594.360938,792.48,125,3,16.104,,tot3_1734
tot3_1735,S4,neither,STEP,57.89,594.360938,792.48,125,3,600.068,,tot3_1735
tot3_1736,S4,discovered,CTX_X,15.61,594.360938,792.48,125,3,12.232,,tot3_1736
tot3_1737,S4,discovered,DARY,15.03,594.360938,792.48,125,3,10.088,,tot3_1737
tot3_1738,S4,discovered,CTX_X,20.43,594.360938,792.48,125,3,42.355,,tot3_1738
tot3_1739,S4,discovered,CTX_X,41.34,594.360938,792.48,125,3,16.273,,tot3_1739
tot3_1740,S4,discovered,DARY,13.45,594.360938,792.48,125,3,10.211,,tot3_1740
tot3_1741,S4,discovered,DARY,13.45,594.360938,792.48,125,3,10.214,,tot3_1741
tot3_1742,S4,discovered,DARY,13.45,594.360938,792.48,125,3,10.207,,tot3_1742
tot3_1743,S4,neither,STEP,51.44,594.360938,792.48,125,3,600.053,,tot3_1743
tot3_1744,S4,discovered,CTX_X,31.98,594.360938,792.48,125,3,16.432,,tot3_1744
tot3_1745,S4,discovered,CTX_X,15.61,594.360938,792.48,125,3,12.413,,tot3_1745
tot3_1746,S4,discovered,DARY,15.03,594.360938,792.48,125,3,10.085,,tot3_1746
tot3_1747,S4,neither,STEP,60.75,594.360938,792.48,125,3,600.052,,tot3_1747
tot3_1748,S4,discovered,CTX_X,28.84,594.360938,792.48,125,3,12.159,,tot3_1748
tot3_1749,S4,discovered,DARY,13.45,594.360938,792.48,125,3,10.207,,tot3_1749
tot3_1750,S4,discovered,DARY,13.45,594.360938,792.48,125,3,10.230,,tot3_1750
tot3_1751,S4,discovered,DARY,13.45,594.360938,792.48,125,3,10.200,,tot3_1751
tot3_1752,S4,discovered,CTX_X,15.61,594.360938,792.48,125,3,11.998,,tot3_1752
tot3_1753,S4,neither,STEP,55.95,594.360938,792.48,125,3,600.051,,tot3_1753
tot3_1754,S4,discovered,CTX_X,15.61,594.360938,792.48,125,3,11.894,,tot3_1754
tot3_1755,S4,discovered,DARY,15.03,594.360938,792.48,125,3,10.083,,tot3_1755
tot3_1756,S4,neither,STEP,59.76,594.360938,792.48,125,3,600.051,,tot3_1756
tot3_1757,S4,discovered,NESTED_LOOP,101.72,594.360938,792.48,125,3,268.730,,tot3_1757
tot3_1758,S4,discovered,CTX_X,24.73,594.360938,792.48,125,3,16.312,,tot3_1758
tot3_1759,S4,discovered,CTX_X,17.86,594.360938,792.48,125,3,16.743,,tot3_1759
tot3_1760,S4,neither,STEP,64.57,594.360938,792.48,125,3,600.057,,tot3_1760
tot3_1761,S4,discovered,CTX_X,24.73,594.360938,792.48,125,3,16.488,,tot3_1761
tot3_1762,S4,neither,NESTED_LOOP,114.45,594.360938,792.48,125,3,600.059,,tot3_1762
tot3_1763,S4,discovered,CTX_X,15.61,594.360938,792.48,125,3,11.974,,tot3_1763
tot3_1764,S4,discovered,DARY,15.03,594.360938,792.48,125,3,10.090,,tot3_1764
tot3_1765,S4,neither,STEP,54.86,594.360938,792.48,125,3,600.054,,tot3_1765
tot3_1766,S4,neither,STEP,58.11,594.360938,792.48,125,3,600.054,,tot3_1766
tot3_1767,S4,neither,STEP,52.36,594.360938,792.48,125,3,600.051,,tot3_1767
tot3_1768,S4,discovered,CTX_X,17.86,594.360938,792.48,125,3,16.089,,tot3_1768
tot3_1769,S4,neither,STEP,66.19,594.360938,792.48,125,3,600.053,,tot3_1769
tot3_1770,S4,neither,STEP,66.15,594.360938,792.48,125,3,600.058,,tot3_1770
tot3_1771,S4,neither,STEP,57.14,594.360938,792.48,125,3,600.048,,tot3_1771
tot3_1772,S4,discovered,CTX_X,15.61,594.360938,792.48,125,3,12.153,,tot3_1772
tot3_1773,S4,discovered,DARY,15.03,594.360938,792.48,125,3,10.087,,tot3_1773
tot3_1774,S4,neither,STEP,56.50,594.360938,792.48,125,3,600.051,,tot3_1774
tot3_1775,S4,discovered,CTX_X,28.84,594.360938,792.48,125,3,11.919,,tot3_1775
tot3_1776,S4,neither,STEP,57.57,594.360938,792.48,125,3,600.054,,tot3_1776
tot3_1777,S4,discovered,CTX_X,17.86,594.360938,792.48,125,3,17.418,,tot3_1777
tot3_1778,S4,discovered,NESTED_LOOP,83.73,594.360938,792.48,125,3,426.079,,tot3_1778
tot3_1779,S4,discovered,CTX_X,15.61,594.360938,792.48,125,3,11.791,,tot3_1779
tot3_1780,S4,neither,FUNC_L,52.98,594.360938,792.48,125,3,600.054,,tot3_1780
tot3_1781,S4,discovered,CTX_X,15.61,594.360938,792.48,125,3,11.978,,tot3_1781
tot3_1782,S4,discovered,DARY,15.03,594.360938,792.48,125,3,10.086,,tot3_1782
tot3_1783,S4,discovered,CTX_X,15.61,594.360938,792.48,125,3,11.629,,tot3_1783
tot3_1784,S4,neither,STEP,56.87,594.360938,792.48,125,3,600.058,,tot3_1784
tot3_1785,S4,discovered,DARY,15.70,594.360938,792.48,125,3,21.404,,tot3_1785
tot3_1786,S4,discovered,CTX_X,17.86,594.360938,792.48,125,3,17.522,,tot3_1786
tot3_1787,S4,neither,FUNC_L,54.73,594.360938,792.48,125,3,600.048,,tot3_1787
tot3_1788,S4,discovered,CTX_X,27.03,594.360938,792.48,125,3,43.870,,tot3_1788
tot3_1789,S4,discovered,NESTED_LOOP,80.56,594.360938,792.48,125,3,425.623,,tot3_1789
tot3_1790,S4,discovered,CTX_X,15.61,594.360938,792.48,125,3,12.112,,tot3_1790
tot3_1791,S4,discovered,DARY,15.03,594.360938,792.48,125,3,10.084,,tot3_1791
tot3_1792,S4,discovered,CTX_X,15.61,594.360938,792.48,125,3,11.592,,tot3_1792
tot3_1793,S4,neither,ITER_L,69.75,594.360938,792.48,125,3,600.058,,tot3_1793
tot3_1794,S4,discovered,FUNC_L,46.78,594.360938,792.48,125,3,13.050,,tot3_1794
tot3_1795,S4,discovered,CTX_X,17.86,594.360938,792.48,125,3,16.592,,tot3_1795
tot3_1796,S4,neither,STEP,54.40,594.360938,792.48,125,3,600.045,,tot3_1796
tot3_1797,S4,neither,FUNC_L,55.73,594.360938,792.48,125,3,600.054,,tot3_1797
tot3_1798,S4,neither,STEP,56.09,594.360938,792.48,125,3,600.055,,tot3_1798
tot3_1799,S4,discovered,CTX_X,15.61,594.360938,792.48,125,3,12.232,,tot3_1799
tot3_1800,S4,discovered,DARY,15.03,594.360938,792.48,125,3,10.088,,tot3_1800
tot3_1801,S4,neither,STEP,57.05,594.360938,792.48,125,3,600.061,,tot3_1801
tot3_1802,S4,neither,STEP,58.48,594.360938,792.48,125,3,600.058,,tot3_1802
tot3_1803,S4,neither,STEP,55.54,594.360938,792.48,125,3,600.061,,tot3_1803
tot3_1804,S4,discovered,CTX_X,17.86,594.360938,792.48,125,3,16.433,,tot3_1804
tot3_1805,S4,neither,STEP,59.11,594.360938,792.48,125,3,600.041,,tot3_1805
tot3_1806,S4,neither,STEP,59.08,594.360938,792.48,125,3,600.057,,tot3_1806
tot3_1807,S4,neither,STEP,68.63,594.360938,792.48,125,3,600.048,,tot3_1807
tot3_1808,S4,discovered,CTX_X,15.61,594.360938,792.48,125,3,11.995,,tot3_1808
tot3_1809,S4,discovered,DARY,15.03,594.360938,792.48,125,3,10.086,,tot3_1809
tot3_1810,S4,discovered,NESTED_LOOP,64.81,594.360938,792.48,125,3,211.826,,tot3_1810
tot3_1811,S4,neither,STEP,59.74,594.360938,792.48,125,3,600.059,,tot3_1811
tot3_1812,S4,discovered,DARY,13.45,594.360938,792.48,125,3,10.210,,tot3_1812
tot3_1813,S4,discovered,DARY,13.45,594.360938,792.48,125,3,10.203,,tot3_1813
tot3_1814,S4,discovered,DARY,13.45,594.360938,792.48,125,3,10.204,,tot3_1814
tot3_1815,S4,neither,STEP,53.23,594.360938,792.48,125,3,600.044,,tot3_1815
tot3_1816,S4,discovered,CTX_X,31.98,594.360938,792.48,125,3,18.879,,tot3_1816
tot3_1817,S4,discovered,CTX_X,15.61,594.360938,792.48,125,3,13.049,,tot3_1817
tot3_1818,S4,discovered,DARY,15.03,594.360938,792.48,125,3,10.091,,tot3_1818
tot3_1819,S4,discovered,CTX_X,20.43,594.360938,792.48,125,3,42.798,,tot3_1819
tot3_1820,S4,discovered,CTX_X,24.73,594.360938,792.48,125,3,18.701,,tot3_1820
tot3_1821,S4,discovered,DARY,13.45,594.360938,792.48,125,3,10.213,,tot3_1821
tot3_1822,S4,discovered,DARY,13.45,594.360938,792.48,125,3,10.232,,tot3_1822
tot3_1823,S4,discovered,DARY,13.45,594.360938,792.48,125,3,10.613,,tot3_1823
tot3_1824,S4,discovered,CTX_X,31.98,594.360938,792.48,125,3,18.219,,tot3_1824
tot3_1825,S4,discovered,CTX_X,31.98,594.360938,792.48,125,3,17.579,,tot3_1825
tot3_1826,S4,discovered,CTX_X,15.61,594.360938,792.48,125,3,13.490,,tot3_1826
tot3_1827,S4,discovered,DARY,15.03,594.360938,792.48,125,3,10.090,,tot3_1827
tot3_1828,S4,discovered,ITER,42.09,594.360938,792.48,125,3,43.405,,tot3_1828
tot3_1829,S4,discovered,CTX_X,40.34,594.360938,792.48,125,3,22.437,,tot3_1829
tot3_1830,S4,discovered,DARY,13.45,594.360938,792.48,125,3,10.237,,tot3_1830
tot3_1831,S4,discovered,DARY,13.45,594.360938,792.48,125,3,10.215,,tot3_1831
tot3_1832,S4,discovered,DARY,13.45,594.360938,792.48,125,3,10.206,,tot3_1832
tot3_1833,S4,discovered,CTX_X,31.98,594.360938,792.48,125,3,17.592,,tot3_1833
tot3_1834,S4,discovered,CTX_X,31.98,594.360938,792.48,125,3,17.187,,tot3_1834
tot3_1835,S4,discovered,CTX_X,15.61,594.360938,792.48,125,3,14.452,,tot3_1835
tot3_1836,S4,discovered,DARY,15.03,594.360938,792.48,125,3,10.087,,tot3_1836
tot3_1837,S4,neither,STEP,49.68,594.360938,792.48,125,3,600.051,,tot3_1837
tot3_1838,S4,neither,STEP,59.41,594.360938,792.48,125,3,600.050,,tot3_1838
tot3_1839,S4,neither,STEP,59.17,594.360938,792.48,125,3,600.091,,tot3_1839
tot3_1840,S4,discovered,CTX_X,17.86,594.360938,792.48,125,3,21.440,,tot3_1840
tot3_1841,S4,discovered,NESTED_LOOP,83.73,594.360938,792.48,125,3,215.401,,tot3_1841
tot3_1842,S4,neither,STEP,49.16,594.360938,792.48,125,3,600.041,,tot3_1842
tot3_1843,S4,discovered,NESTED_LOOP,99.72,594.360938,792.48,125,3,280.156,,tot3_1843
tot3_1844,S4,discovered,CTX_X,15.61,594.360938,792.48,125,3,12.796,,tot3_1844
tot3_1845,S4,discovered,DARY,15.03,594.360938,792.48,125,3,10.087,,tot3_1845
tot3_1846,S4,neither,STEP,56.86,594.360938,792.48,125,3,600.056,,tot3_1846
tot3_1847,S4,discovered,NESTED_LOOP,101.72,594.360938,792.48,125,3,275.724,,tot3_1847
tot3_1848,S4,discovered,NESTED_LOOP,83.73,594.360938,792.48,125,3,214.454,,tot3_1848
tot3_1849,S4,discovered,CTX_X,17.86,594.360938,792.48,125,3,17.531,,tot3_1849
tot3_1850,S4,discovered,NESTED_LOOP,83.73,594.360938,792.48,125,3,212.197,,tot3_1850
tot3_1851,S4,neither,STEP,56.46,594.360938,792.48,125,3,600.052,,tot3_1851
tot3_1852,S4,discovered,NESTED_LOOP,99.72,594.360938,792.48,125,3,275.291,,tot3_1852
tot3_1853,S4,discovered,CTX_X,15.61,594.360938,792.48,125,3,11.991,,tot3_1853
tot3_1854,S4,discovered,DARY,15.03,594.360938,792.48,125,3,10.084,,tot3_1854
tot3_1855,S4,neither,STEP,57.27,594.360938,792.48,125,3,600.056,,tot3_1855
tot3_1856,S4,neither,STEP,57.22,594.360938,792.48,125,3,600.054,,tot3_1856
tot3_1857,S4,neither,STEP,61.25,594.360938,792.48,125,3,600.042,,tot3_1857
tot3_1858,S4,discovered,CTX_X,17.86,594.360938,792.48,125,3,16.761,,tot3_1858
tot3_1859,S4,discovered,NESTED_LOOP,83.73,594.360938,792.48,125,3,215.132,,tot3_1859
tot3_1860,S4,neither,STEP,56.17,594.360938,792.48,125,3,600.063,,tot3_1860
tot3_1861,S4,discovered,NESTED_LOOP,99.72,594.360938,792.48,125,3,274.519,,tot3_1861
tot3_1862,S4,discovered,CTX_X,15.61,594.360938,792.48,125,3,12.479,,tot3_1862
tot3_1863,S4,discovered,DARY,15.03,594.360938,792.48,125,3,10.087,,tot3_1863
tot3_1864,S4,discovered,CTX_X,15.61,594.360938,792.48,125,3,11.949,,tot3_1864
tot3_1865,S4,discovered,CTX_X,32.43,594.360938,792.48,125,3,41.812,,tot3_1865
tot3_1866,S4,discovered,DARY,15.70,594.360938,792.48,125,3,21.838,,tot3_1866
tot3_1867,S4,discovered,CTX_X,17.86,594.360938,792.48,125,3,17.469,,tot3_1867
tot3_1868,S4,neither,STEP,56.76,594.360938,792.48,125,3,600.065,,tot3_1868
tot3_1869,S4,discovered,CTX_X,15.61,594.360938,792.48,125,3,13.585,,tot3_1869
tot3_1870,S4,discovered,CTX_X,28.92,594.360938,792.48,125,3,42.408,,tot3_1870
tot3_1871,S4,discovered,CTX_X,15.61,594.360938,792.48,125,3,11.838,,tot3_1871
tot3_1872,S4,discovered,DARY,15.03,594.360938,792.48,125,3,10.086,,tot3_1872
tot3_1873,S4,discovered,CTX_X,15.61,594.360938,792.48,125,3,11.865,,tot3_1873
tot3_1874,S4,neither,STEP,55.86,594.360938,792.48,125,3,600.040,,tot3_1874
tot3_1875,S4,discovered,FUNC_L,46.78,594.360938,792.48,125,3,12.815,,tot3_1875
tot3_1876,S4,discovered,CTX_X,17.86,594.360938,792.48,125,3,17.207,,tot3_1876
tot3_1877,S4,neither,STEP,63.69,594.360938,792.48,125,3,600.053,,tot3_1877
tot3_1878,S4,neither,STEP,48.41,594.360938,792.48,125,3,600.084,,tot3_1878
tot3_1879,S4,neither,STEP,62.49,594.360938,792.48,125,3,600.050,,tot3_1879
tot3_1880,S4,discovered,CTX_X,15.61,594.360938,792.48,125,3,12.811,,tot3_1880
tot3_1881,S4,discovered,DARY,15.03,594.360938,792.48,125,3,10.087,,tot3_1881
tot3_1882,S4,neither,ITER,47.53,594.360938,792.48,125,3,600.040,,tot3_1882
tot3_1883,S4,discovered,CTX_X,28.84,594.360938,792.48,125,3,12.183,,tot3_1883
tot3_1884,S4,discovered,CTX_X,31.09,594.360938,792.48,125,3,17.284,,tot3_1884
tot3_1885,S4,discovered,CTX_X,17.86,594.360938,792.48,125,3,16.790,,tot3_1885
tot3_1886,S4,discovered,CTX_X,31.09,594.360938,792.48,125,3,16.390,,tot3_1886
tot3_1887,S4,discovered,CTX_X,15.61,594.360938,792.48,125,3,11.929,,tot3_1887
tot3_1888,S4,discovered,CTX_X,15.61,594.360938,792.48,125,3,11.928,,tot3_1888
tot3_1889,S4,discovered,CTX_X,15.61,594.360938,792.48,125,3,11.892,,tot3_1889
tot3_1890,S4,discovered,DARY,15.03,594.360938,792.48,125,3,10.099,,tot3_1890
tot3_1891,S4,discovered,NESTED_LOOP,64.81,594.360938,792.48,125,3,205.912,,tot3_1891
tot3_1892,S4,discovered,CTX_X,32.43,594.360938,792.48,125,3,43.264,,tot3_1892
tot3_1893,S4,discovered,DARY,13.45,594.360938,792.48,125,3,10.208,,tot3_1893
tot3_1894,S4,discovered,DARY,13.45,594.360938,792.48,125,3,10.207,,tot3_1894
tot3_1895,S4,discovered,DARY,13.45,594.360938,792.48,125,3,10.210,,tot3_1895
tot3_1896,S4,discovered,CTX_X,15.61,594.360938,792.48,125,3,12.027,,tot3_1896
tot3_1897,S4,discovered,CTX_X,15.61,594.360938,792.48,125,3,12.069,,tot3_1897
tot3_1898,S4,discovered,CTX_X,15.61,594.360938,792.48,125,3,12.040,,tot3_1898
tot3_1899,S4,discovered,DARY,15.03,594.360938,792.48,125,3,10.090,,tot3_1899
tot3_1900,S4,discovered,CTX_X,20.43,594.360938,792.48,125,3,43.278,,tot3_1900
tot3_1901,S4,discovered,CTX_X,28.84,594.360938,792.48,125,3,11.498,,tot3_1901
tot3_1902,S4,discovered,DARY,13.45,594.360938,792.48,125,3,10.210,,tot3_1902
tot3_1903,S4,discovered,DARY,13.45,594.360938,792.48,125,3,10.210,,tot3_1903
tot3_1904,S4,discovered,DARY,13.45,594.360938,792.48,125,3,10.218,,tot3_1904
tot3_1905,S4,discovered,CTX_X,15.61,594.360938,792.48,125,3,11.946,,tot3_1905
tot3_1906,S4,discovered,CTX_X,15.61,594.360938,792.48,125,3,11.765,,tot3_1906
tot3_1907,S4,discovered,CTX_X,15.61,594.360938,792.48,125,3,12.066,,tot3_1907
tot3_1908,S4,discovered,DARY,15.03,594.360938,792.48,125,3,10.088,,tot3_1908
tot3_1909,S4,discovered,CTX_X,32.43,594.360938,792.48,125,3,42.783,,tot3_1909
tot3_1910,S4,discovered,CTX_X,28.84,594.360938,792.48,125,3,11.676,,tot3_1910
tot3_1911,S4,discovered,DARY,13.45,594.360938,792.48,125,3,10.209,,tot3_1911
tot3_1912,S4,discovered,DARY,13.45,594.360938,792.48,125,3,10.209,,tot3_1912
tot3_1913,S4,discovered,DARY,13.45,594.360938,792.48,125,3,10.203,,tot3_1913
tot3_1914,S4,discovered,CTX_X,15.61,594.360938,792.48,125,3,12.036,,tot3_1914
tot3_1915,S4,discovered,CTX_X,15.61,594.360938,792.48,125,3,12.131,,tot3_1915
tot3_1916,S4,discovered,CTX_X,15.61,594.360938,792.48,125,3,12.423,,tot3_1916
tot3_1917,S4,discovered,DARY,15.03,594.360938,792.48,125,3,10.091,,tot3_1917
tot3_1918,S4,discovered,CTX_X,44.91,594.360938,792.48,125,3,42.669,,tot3_1918
tot3_1919,S4,discovered,CTX_X,32.43,594.360938,792.48,125,3,42.051,,tot3_1919
tot3_1920,S4,discovered,CTX_X,39.34,594.360938,792.48,125,3,16.529,,tot3_1920
tot3_1921,S4,discovered,CTX_X,17.86,594.360938,792.48,125,3,16.818,,tot3_1921
tot3_1922,S4,discovered,CTX_X,17.86,594.360938,792.48,125,3,16.486,,tot3_1922
tot3_1923,S4,discovered,CTX_X,15.61,594.360938,792.48,125,3,11.849,,tot3_1923
tot3_1924,S4,discovered,CTX_X,15.61,594.360938,792.48,125,3,12.417,,tot3_1924
tot3_1925,S4,discovered,CTX_X,15.61,594.360938,792.48,125,3,12.047,,tot3_1925
tot3_1926,S4,discovered,DARY,15.03,594.360938,792.48,125,3,10.091,,tot3_1926
tot3_1927,S4,discovered,CTX_X,36.55,594.360938,792.48,125,3,42.343,,tot3_1927
tot3_1928,S4,discovered,CTX_X,28.84,594.360938,792.48,125,3,11.763,,tot3_1928
tot3_1929,S4,discovered,CTX_X,17.86,594.360938,792.48,125,3,17.017,,tot3_1929
tot3_1930,S4,discovered,CTX_X,17.86,594.360938,792.48,125,3,15.881,,tot3_1930
tot3_1931,S4,discovered,CTX_X,17.86,594.360938,792.48,125,3,17.504,,tot3_1931
tot3_1932,S4,discovered,CTX_X,15.61,594.360938,792.48,125,3,11.977,,tot3_1932
tot3_1933,S4,discovered,CTX_X,15.61,594.360938,792.48,125,3,11.293,,tot3_1933
tot3_1934,S4,discovered,CTX_X,15.61,594.360938,792.48,125,3,11.914,,tot3_1934
tot3_1935,S4,discovered,DARY,15.03,594.360938,792.48,125,3,10.089,,tot3_1935
tot3_1936,S4,discovered,CTX_X,32.43,594.360938,792.48,125,3,43.830,,tot3_1936
tot3_1937,S4,discovered,CTX_X,28.84,594.360938,792.48,125,3,11.437,,tot3_1937
tot3_1938,S4,discovered,CTX_X,17.86,594.360938,792.48,125,3,17.127,,tot3_1938
tot3_1939,S4,discovered,CTX_X,17.86,594.360938,792.48,125,3,16.622,,tot3_1939
tot3_1940,S4,discovered,CTX_X,17.86,594.360938,792.48,125,3,16.832,,tot3_1940
tot3_1941,S4,discovered,CTX_X,15.61,594.360938,792.48,125,3,11.798,,tot3_1941
tot3_1942,S4,discovered,CTX_X,15.61,594.360938,792.48,125,3,12.184,,tot3_1942
tot3_1943,S4,discovered,CTX_X,15.61,594.360938,792.48,125,3,12.222,,tot3_1943
tot3_1944,S4,discovered,DARY,15.03,594.360938,792.48,125,3,10.085,,tot3_1944
tot3_1945,S4,discovered,CTX_X,15.61,594.360938,792.48,125,3,12.388,,tot3_1945
tot3_1946,S4,discovered,NESTED_LOOP,101.72,594.360938,792.48,125,3,271.546,,tot3_1946
tot3_1947,S4,discovered,DARY,15.70,594.360938,792.48,125,3,21.294,,tot3_1947
tot3_1948,S4,discovered,CTX_X,17.86,594.360938,792.48,125,3,16.496,,tot3_1948
tot3_1949,S4,discovered,NESTED_LOOP,101.72,594.360938,792.48,125,3,293.862,,tot3_1949
tot3_1950,S4,discovered,CTX_X,24.73,594.360938,792.48,125,3,19.220,,tot3_1950
tot3_1951,S4,neither,STEP,53.82,594.360938,792.48,125,3,600.055,,tot3_1951
tot3_1952,S4,discovered,CTX_X,15.61,594.360938,792.48,125,3,15.202,,tot3_1952
tot3_1953,S4,discovered,DARY,15.03,594.360938,792.48,125,3,10.093,,tot3_1953
tot3_1954,S4,discovered,CTX_X,15.61,594.360938,792.48,125,3,13.578,,tot3_1954
tot3_1955,S4,discovered,NESTED_LOOP,82.15,594.360938,792.48,125,3,426.306,,tot3_1955
tot3_1956,S4,discovered,FUNC_L,46.78,594.360938,792.48,125,3,13.881,,tot3_1956
tot3_1957,S4,discovered,CTX_X,17.86,594.360938,792.48,125,3,17.756,,tot3_1957
tot3_1958,S4,neither,STEP,54.97,594.360938,792.48,125,3,600.074,,tot3_1958
tot3_1959,S4,neither,STEP,62.00,594.360938,792.48,125,3,600.053,,tot3_1959
tot3_1960,S4,neither,STEP,56.88,594.360938,792.48,125,3,600.031,,tot3_1960
tot3_1961,S4,discovered,CTX_X,15.61,594.360938,792.48,125,3,12.290,,tot3_1961
tot3_1962,S4,discovered,DARY,15.03,594.360938,792.48,125,3,10.092,,tot3_1962
tot3_1963,S4,discovered,CTX_X,27.30,594.360938,792.48,125,3,42.244,,tot3_1963
tot3_1964,S4,discovered,CTX_X,28.84,594.360938,792.48,125,3,11.995,,tot3_1964
tot3_1965,S4,discovered,CTX_X,33.66,594.360938,792.48,125,3,43.121,,tot3_1965
tot3_1966,S4,discovered,CTX_X,17.86,594.360938,792.48,125,3,16.589,,tot3_1966
tot3_1967,S4,discovered,CTX_X,31.09,594.360938,792.48,125,3,16.322,,tot3_1967
tot3_1968,S4,discovered,CTX_X,15.61,594.360938,792.48,125,3,13.479,,tot3_1968
tot3_1969,S4,discovered,CTX_X,15.61,594.360938,792.48,125,3,12.037,,tot3_1969
tot3_1970,S4,discovered,CTX_X,15.61,594.360938,792.48,125,3,11.909,,tot3_1970
tot3_1971,S4,discovered,DARY,15.03,594.360938,792.48,125,3,10.089,,tot3_1971
tot3_1972,S4,discovered,NESTED_LOOP,64.81,594.360938,792.48,125,3,205.857,,tot3_1972
tot3_1973,S4,discovered,NESTED_LOOP,101.72,594.360938,792.48,125,3,272.578,,tot3_1973
tot3_1974,S4,discovered,DARY,13.45,594.360938,792.48,125,3,10.205,,tot3_1974
tot3_1975,S4,discovered,DARY,13.45,594.360938,792.48,125,3,10.210,,tot3_1975
tot3_1976,S4,discovered,DARY,13.45,594.360938,792.48,125,3,10.196,,tot3_1976
tot3_1977,S4,discovered,CTX_X,24.73,594.360938,792.48,125,3,16.926,,tot3_1977
tot3_1978,S4,neither,STEP,52.49,594.360938,792.48,125,3,600.066,,tot3_1978
tot3_1979,S4,discovered,CTX_X,15.61,594.360938,792.48,125,3,15.203,,tot3_1979
tot3_1980,S4,discovered,DARY,15.03,594.360938,792.48,125,3,10.204,,tot3_1980
tot3_1981,S4,discovered,CTX_X,20.43,594.360938,792.48,125,3,42.818,,tot3_1981
tot3_1982,S4,discovered,CTX_X,41.34,594.360938,792.48,125,3,17.454,,tot3_1982
tot3_1983,S4,discovered,DARY,13.45,594.360938,792.48,125,3,10.208,,tot3_1983
tot3_1984,S4,discovered,DARY,13.45,594.360938,792.48,125,3,10.207,,tot3_1984
tot3_1985,S4,discovered,DARY,13.45,594.360938,792.48,125,3,10.214,,tot3_1985
tot3_1986,S4,neither,STEP,55.05,594.360938,792.48,125,3,600.031,,tot3_1986
tot3_1987,S4,discovered,CTX_X,33.90,594.360938,792.48,125,3,43.597,,tot3_1987
tot3_1988,S4,discovered,CTX_X,15.61,594.360938,792.48,125,3,16.871,,tot3_1988
tot3_1989,S4,discovered,DARY,15.03,594.360938,792.48,125,3,10.090,,tot3_1989
tot3_1990,S4,neither,STEP,54.98,594.360938,792.48,125,3,600.056,,tot3_1990
tot3_1991,S4,discovered,CTX_X,28.84,594.360938,792.48,125,3,18.676,,tot3_1991
tot3_1992,S4,neither,FUNC,37.09,594.360938,792.48,125,3,600.045,,tot3_1992
tot3_1993,S4,discovered,DARY,13.45,594.360938,792.48,125,3,10.247,,tot3_1993
tot3_1994,S4,neither,STEP,61.02,594.360938,792.48,125,3,600.059,,tot3_1994
tot3_1995,S4,discovered,CTX_X,15.61,594.360938,792.48,125,3,12.742,,tot3_1995
tot3_1996,S4,neither,STEP,56.73,594.360938,792.48,125,3,600.048,,tot3_1996
tot3_1997,S4,discovered,CTX_X,15.61,594.360938,792.48,125,3,12.158,,tot3_1997
tot3_1998,S4,discovered,DARY,15.03,594.360938,792.48,125,3,10.084,,tot3_1998
tot3_1999,S4,neither,STEP,59.76,594.360938,792.48,125,3,600.054,,tot3_1999
tot3_2000,S4,discovered,NESTED_LOOP,101.72,594.360938,792.48,125,3,271.650,,tot3_2000
tot3_2001,S4,discovered,CTX_X,24.73,594.360938,792.48,125,3,16.229,,tot3_2001
tot3_2002,S4,discovered,CTX_X,17.86,594.360938,792.48,125,3,16.679,,tot3_2002
tot3_2003,S4,neither,STEP,54.85,594.360938,792.48,125,3,600.059,,tot3_2003
tot3_2004,S4,discovered,CTX_X,24.73,594.360938,792.48,125,3,20.480,,tot3_2004
tot3_2005,S4,neither,ITER_L,59.13,594.360938,792.48,125,3,600.060,,tot3_2005
tot3_2006,S4,discovered,CTX_X,15.61,594.360938,792.48,125,3,22.680,,tot3_2006
tot3_2007,S4,discovered,DARY,15.03,594.360938,792.48,125,3,10.178,,tot3_2007
tot3_2008,S4,discovered,CTX_X,27.30,594.360938,792.48,125,3,43.964,,tot3_2008
tot3_2009,S4,neither,STEP,57.17,594.360938,792.48,125,3,600.055,,tot3_2009
tot3_2010,S4,neither,STEP,53.41,594.360938,792.48,125,3,600.065,,tot3_2010
tot3_2011,S4,discovered,CTX_X,17.86,594.360938,792.48,125,3,20.263,,tot3_2011
tot3_2012,S4,neither,STEP,53.04,594.360938,792.48,125,3,600.064,,tot3_2012
tot3_2013,S4,neither,STEP,47.16,594.360938,792.48,125,3,600.104,,tot3_2013
tot3_2014,S4,neither,STEP,57.04,594.360938,792.48,125,3,600.061,,tot3_2014
tot3_2015,S4,discovered,CTX_X,15.61,594.360938,792.48,125,3,13.793,,tot3_2015
tot3_2016,S4,discovered,DARY,15.03,594.360938,792.48,125,3,10.107,,tot3_2016
tot3_2017,S4,neither,STEP,59.33,594.360938,792.48,125,3,600.031,,tot3_2017
tot3_2018,S4,discovered,CTX_X,28.84,594.360938,792.48,125,3,12.210,,tot3_2018
tot3_2019,S4,discovered,CTX_X,17.86,594.360938,792.48,125,3,18.101,,tot3_2019
tot3_2020,S4,discovered,CTX_X,17.86,594.360938,792.48,125,3,17.371,,tot3_2020
tot3_2021,S4,discovered,CTX_X,17.86,594.360938,792.48,125,3,16.931,,tot3_2021
tot3_2022,S4,discovered,CTX_X,15.61,594.360938,792.48,125,3,11.992,,tot3_2022
tot3_2023,S4,discovered,CTX_X,15.61,594.360938,792.48,125,3,12.148,,tot3_2023
tot3_2024,S4,discovered,CTX_X,15.61,594.360938,792.48,125,3,12.475,,tot3_2024
tot3_2025,S4,discovered,DARY,15.03,594.360938,792.48,125,3,10.090,,tot3_2025
tot3_2026,S4,discovered,CTX_X,15.61,594.360938,792.48,125,3,11.993,,tot3_2026
tot3_2027,S4,neither,STEP,53.41,594.360938,792.48,125,3,600.045,,tot3_2027
tot3_2028,S4,discovered,DARY,15.70,594.360938,792.48,125,3,22.651,,tot3_2028
tot3_2029,S4,discovered,CTX_X,17.86,594.360938,792.48,125,3,17.106,,tot3_2029
tot3_2030,S4,neither,STEP,63.55,594.360938,792.48,125,3,600.048,,tot3_2030
tot3_2031,S4,discovered,CTX_X,27.03,594.360938,792.48,125,3,42.102,,tot3_2031
tot3_2032,S4,neither,STEP,50.68,594.360938,792.48,125,3,600.047,,tot3_2032
tot3_2033,S4,discovered,CTX_X,15.61,594.360938,792.48,125,3,12.240,,tot3_2033
tot3_2034,S4,discovered,DARY,15.03,594.360938,792.48,125,3,10.091,,tot3_2034
tot3_2035,S4,discovered,CTX_X,15.61,594.360938,792.48,125,3,11.807,,tot3_2035
tot3_2036,S4,neither,ITER_L,57.98,594.360938,792.48,125,3,600.050,,tot3_2036
tot3_2037,S4,discovered,FUNC_L,46.78,594.360938,792.48,125,3,12.572,,tot3_2037
tot3_2038,S4,discovered,CTX_X,17.86,594.360938,792.48,125,3,16.886,,tot3_2038
tot3_2039,S4,neither,STEP,63.36,594.360938,792.48,125,3,600.047,,tot3_2039
tot3_2040,S4,neither,STEP,57.42,594.360938,792.48,125,3,600.043,,tot3_2040
tot3_2041,S4,neither,STEP,54.58,594.360938,792.48,125,3,600.049,,tot3_2041
tot3_2042,S4,discovered,CTX_X,15.61,594.360938,792.48,125,3,12.058,,tot3_2042
tot3_2043,S4,discovered,DARY,15.03,594.360938,792.48,125,3,10.084,,tot3_2043
tot3_2044,S4,neither,STEP,57.47,594.360938,792.48,125,3,600.051,,tot3_2044
tot3_2045,S4,discovered,CTX_X,28.84,594.360938,792.48,125,3,11.687,,tot3_2045
tot3_2046,S4,neither,ITER,39.09,594.360938,792.48,125,3,600.062,,tot3_2046
tot3_2047,S4,discovered,CTX_X,17.86,594.360938,792.48,125,3,16.725,,tot3_2047
tot3_2048,S4,neither,ITER,42.09,594.360938,792.48,125,3,600.053,,tot3_2048
tot3_2049,S4,neither,STEP,60.98,594.360938,792.48,125,3,600.056,,tot3_2049
tot3_2050,S4,neither,STEP,49.46,594.360938,792.48,125,3,600.044,,tot3_2050
tot3_2051,S4,discovered,CTX_X,15.61,594.360938,792.48,125,3,13.173,,tot3_2051
tot3_2052,S4,discovered,DARY,15.03,594.360938,792.48,125,3,10.089,,tot3_2052
tot3_2053,S4,discovered,NESTED_LOOP,64.81,594.360938,792.48,125,3,207.161,,tot3_2053
tot3_2054,S4,discovered,ITER,39.09,594.360938,792.48,125,3,16.603,,tot3_2054
tot3_2055,S4,discovered,DARY,13.45,594.360938,792.48,125,3,10.197,,tot3_2055
tot3_2056,S4,discovered,DARY,13.45,594.360938,792.48,125,3,10.212,,tot3_2056
tot3_2057,S4,discovered,DARY,13.45,594.360938,792.48,125,3,10.213,,tot3_2057
tot3_2058,S4,neither,STEP,53.23,594.360938,792.48,125,3,600.082,,tot3_2058
tot3_2059,S4,discovered,CTX_X,15.61,594.360938,792.48,125,3,22.773,,tot3_2059
tot3_2060,S4,discovered,CTX_X,15.61,594.360938,792.48,125,3,19.182,,tot3_2060
tot3_2061,S4,discovered,DARY,15.03,594.360938,792.48,125,3,10.153,,tot3_2061
tot3_2062,S4,discovered,CTX_X,20.43,594.360938,792.48,125,3,49.164,,tot3_2062
tot3_2063,S4,discovered,CTX_X,24.73,594.360938,792.48,125,3,27.037,,tot3_2063
tot3_2064,S4,discovered,DARY,13.45,594.360938,792.48,125,3,10.341,,tot3_2064
tot3_2065,S4,discovered,DARY,13.45,594.360938,792.48,125,3,10.342,,tot3_2065
tot3_2066,S4,discovered,DARY,13.45,594.360938,792.48,125,3,10.341,,tot3_2066
tot3_2067,S4,discovered,CTX_X,31.98,594.360938,792.48,125,3,26.877,,tot3_2067
tot3_2068,S4,discovered,CTX_X,15.61,594.360938,792.48,125,3,19.114,,tot3_2068
tot3_2069,S4,discovered,CTX_X,15.61,594.360938,792.48,125,3,19.382,,tot3_2069
tot3_2070,S4,discovered,DARY,15.03,594.360938,792.48,125,3,10.159,,tot3_2070
tot3_2071,S4,discovered,CTX_X,32.43,594.360938,792.48,125,3,48.937,,tot3_2071
tot3_2072,S4,discovered,CTX_X,28.84,594.360938,792.48,125,3,20.731,,tot3_2072
tot3_2073,S4,discovered,CTX_X,20.43,594.360938,792.48,125,3,55.686,,tot3_2073
tot3_2074,S4,discovered,DARY,13.45,594.360938,792.48,125,3,10.410,,tot3_2074
tot3_2075,S4,discovered,DARY,13.45,594.360938,792.48,125,3,10.432,,tot3_2075
tot3_2076,S4,discovered,CTX_X,19.20,594.360938,792.48,125,3,56.495,,tot3_2076
tot3_2077,S4,discovered,CTX_X,15.61,594.360938,792.48,125,3,23.044,,tot3_2077
tot3_2078,S4,discovered,CTX_X,15.61,594.360938,792.48,125,3,23.213,,tot3_2078
tot3_2079,S4,discovered,DARY,15.03,594.360938,792.48,125,3,10.178,,tot3_2079
tot3_2080,S4,neither,STEP,55.74,594.360938,792.48,125,3,600.056,,tot3_2080
tot3_2081,S4,discovered,CTX_X,44.26,594.360938,792.48,125,3,50.731,,tot3_2081
tot3_2082,S4,neither,STEP,53.56,594.360938,792.48,125,3,600.094,,tot3_2082
tot3_2083,S4,discovered,CTX_X,17.86,594.360938,792.48,125,3,32.791,,tot3_2083
tot3_2084,S4,discovered,CTX_X,35.90,594.360938,792.48,125,3,52.110,,tot3_2084
tot3_2085,S4,discovered,CTX_X,20.43,594.360938,792.48,125,3,49.299,,tot3_2085
tot3_2086,S4,discovered,CTX_X,15.61,594.360938,792.48,125,3,20.576,,tot3_2086
tot3_2087,S4,discovered,CTX_X,15.61,594.360938,792.48,125,3,22.343,,tot3_2087
tot3_2088,S4,discovered,DARY,15.03,594.360938,792.48,125,3,10.147,,tot3_2088
tot3_2089,S4,discovered,CTX_X,27.30,594.360938,792.48,125,3,51.354,,tot3_2089
tot3_2090,S4,discovered,CTX_X,24.73,594.360938,792.48,125,3,34.009,,tot3_2090
tot3_2091,S4,discovered,CTX_X,35.90,594.360938,792.48,125,3,55.198,,tot3_2091
tot3_2092,S4,discovered,CTX_X,17.86,594.360938,792.48,125,3,28.876,,tot3_2092
tot3_2093,S4,discovered,CTX_X,35.90,594.360938,792.48,125,3,49.710,,tot3_2093
tot3_2094,S4,discovered,CTX_X,20.43,594.360938,792.48,125,3,50.352,,tot3_2094
tot3_2095,S4,discovered,CTX_X,15.61,594.360938,792.48,125,3,21.279,,tot3_2095
tot3_2096,S4,discovered,CTX_X,15.61,594.360938,792.48,125,3,22.965,,tot3_2096
tot3_2097,S4,discovered,DARY,15.03,594.360938,792.48,125,3,10.175,,tot3_2097
tot3_2098,S4,discovered,CTX_X,27.30,594.360938,792.48,125,3,48.507,,tot3_2098
tot3_2099,S4,discovered,CTX_X,28.84,594.360938,792.48,125,3,18.582,,tot3_2099
tot3_2100,S4,discovered,CTX_X,17.86,594.360938,792.48,125,3,29.029,,tot3_2100
tot3_2101,S4,discovered,CTX_X,17.86,594.360938,792.48,125,3,27.923,,tot3_2101
tot3_2102,S4,discovered,CTX_X,35.90,594.360938,792.48,125,3,49.415,,tot3_2102
tot3_2103,S4,discovered,CTX_X,20.43,594.360938,792.48,125,3,48.986,,tot3_2103
tot3_2104,S4,discovered,CTX_X,15.61,594.360938,792.48,125,3,20.000,,tot3_2104
tot3_2105,S4,discovered,CTX_X,15.61,594.360938,792.48,125,3,19.721,,tot3_2105
tot3_2106,S4,discovered,DARY,15.03,594.360938,792.48,125,3,10.196,,tot3_2106
tot3_2107,S4,discovered,CTX_X,15.61,594.360938,792.48,125,3,19.856,,tot3_2107
tot3_2108,S4,discovered,CTX_X,32.43,594.360938,792.48,125,3,49.064,,tot3_2108
tot3_2109,S4,discovered,DARY,15.70,594.360938,792.48,125,3,35.773,,tot3_2109
tot3_2110,S4,discovered,CTX_X,17.86,594.360938,792.48,125,3,27.526,,tot3_2110
tot3_2111,S4,discovered,CTX_X,31.09,594.360938,792.48,125,3,29.179,,tot3_2111
tot3_2112,S4,discovered,CTX_X,15.61,594.360938,792.48,125,3,19.062,,tot3_2112
tot3_2113,S4,discovered,CTX_X,15.61,594.360938,792.48,125,3,18.648,,tot3_2113
tot3_2114,S4,discovered,CTX_X,15.61,594.360938,792.48,125,3,19.565,,tot3_2114
tot3_2115,S4,discovered,DARY,15.03,594.360938,792.48,125,3,10.146,,tot3_2115
tot3_2116,S4,discovered,CTX_X,15.61,594.360938,792.48,125,3,19.473,,tot3_2116
tot3_2117,S4,discovered,CTX_X,28.84,594.360938,792.48,125,3,20.882,,tot3_2117
tot3_2118,S4,discovered,FUNC_L,46.78,594.360938,792.48,125,3,21.861,,tot3_2118
tot3_2119,S4,discovered,CTX_X,17.86,594.360938,792.48,125,3,28.392,,tot3_2119
tot3_2120,S4,discovered,CTX_X,31.09,594.360938,792.48,125,3,27.860,,tot3_2120
tot3_2121,S4,discovered,CTX_X,15.61,594.360938,792.48,125,3,20.046,,tot3_2121
tot3_2122,S4,discovered,CTX_X,15.61,594.360938,792.48,125,3,20.455,,tot3_2122
tot3_2123,S4,discovered,CTX_X,15.61,594.360938,792.48,125,3,20.477,,tot3_2123
tot3_2124,S4,discovered,DARY,15.03,594.360938,792.48,125,3,10.146,,tot3_2124
tot3_2125,S4,discovered,CTX_X,27.30,594.360938,792.48,125,3,49.486,,tot3_2125
tot3_2126,S4,discovered,CTX_X,28.84,594.360938,792.48,125,3,19.899,,tot3_2126
tot3_2127,S4,discovered,CTX_X,31.09,594.360938,792.48,125,3,26.357,,tot3_2127
tot3_2128,S4,discovered,CTX_X,17.86,594.360938,792.48,125,3,29.155,,tot3_2128
tot3_2129,S4,discovered,CTX_X,31.09,594.360938,792.48,125,3,27.566,,tot3_2129
tot3_2130,S4,discovered,CTX_X,15.61,594.360938,792.48,125,3,18.649,,tot3_2130
tot3_2131,S4,discovered,CTX_X,15.61,594.360938,792.48,125,3,18.725,,tot3_2131
tot3_2132,S4,discovered,CTX_X,15.61,594.360938,792.48,125,3,18.670,,tot3_2132
tot3_2133,S4,discovered,DARY,15.03,594.360938,792.48,125,3,10.147,,tot3_2133
tot3_2134,S4,discovered,NESTED_LOOP,82.15,594.360938,792.48,125,3,226.892,,tot3_2134
tot3_2135,S4,discovered,CTX_X,32.43,594.360938,792.48,125,3,48.938,,tot3_2135
tot3_2136,S4,discovered,DARY,13.45,594.360938,792.48,125,3,10.343,,tot3_2136
tot3_2137,S4,discovered,DARY,13.45,594.360938,792.48,125,3,10.683,,tot3_2137
tot3_2138,S4,discovered,CTX_X,19.20,594.360938,792.48,125,3,48.949,,tot3_2138
tot3_2139,S4,discovered,CTX_X,15.61,594.360938,792.48,125,3,18.613,,tot3_2139
tot3_2140,S4,discovered,CTX_X,15.61,594.360938,792.48,125,3,19.620,,tot3_2140
tot3_2141,S4,discovered,CTX_X,15.61,594.360938,792.48,125,3,19.365,,tot3_2141
tot3_2142,S4,discovered,DARY,15.03,594.360938,792.48,125,3,10.145,,tot3_2142
tot3_2143,S4,discovered,CTX_X,20.43,594.360938,792.48,125,3,48.755,,tot3_2143
tot3_2144,S4,discovered,CTX_X,28.84,594.360938,792.48,125,3,18.957,,tot3_2144
tot3_2145,S4,discovered,DARY,13.45,594.360938,792.48,125,3,10.342,,tot3_2145
tot3_2146,S4,discovered,DARY,13.45,594.360938,792.48,125,3,10.367,,tot3_2146
tot3_2147,S4,discovered,CTX_X,19.20,594.360938,792.48,125,3,52.306,,tot3_2147
tot3_2148,S4,discovered,CTX_X,15.61,594.360938,792.48,125,3,19.448,,tot3_2148
tot3_2149,S4,discovered,CTX_X,15.61,594.360938,792.48,125,3,20.899,,tot3_2149
tot3_2150,S4,discovered,CTX_X,15.61,594.360938,792.48,125,3,20.500,,tot3_2150
tot3_2151,S4,discovered,DARY,15.03,594.360938,792.48,125,3,10.152,,tot3_2151
tot3_2152,S4,discovered,CTX_X,32.43,594.360938,792.48,125,3,49.690,,tot3_2152
tot3_2153,S4,discovered,CTX_X,28.84,594.360938,792.48,125,3,19.688,,tot3_2153
tot3_2154,S4,discovered,CTX_X,19.20,594.360938,792.48,125,3,49.881,,tot3_2154
tot3_2155,S4,discovered,DARY,13.45,594.360938,792.48,125,3,10.377,,tot3_2155
tot3_2156,S4,discovered,CTX_X,19.20,594.360938,792.48,125,3,48.350,,tot3_2156
tot3_2157,S4,discovered,CTX_X,15.61,594.360938,792.48,125,3,19.890,,tot3_2157
tot3_2158,S4,discovered,CTX_X,15.61,594.360938,792.48,125,3,20.400,,tot3_2158
tot3_2159,S4,discovered,CTX_X,15.61,594.360938,792.48,125,3,20.386,,tot3_2159
tot3_2160,S4,discovered,DARY,15.03,594.360938,792.48,125,3,10.147,,tot3_2160
tot3_2161,S4,discovered,CTX_X,44.91,594.360938,792.48,125,3,48.570,,tot3_2161
tot3_2162,S4,discovered,CTX_X,32.43,594.360938,792.48,125,3,48.474,,tot3_2162
tot3_2163,S4,discovered,CTX_X,39.34,594.360938,792.48,125,3,29.086,,tot3_2163
tot3_2164,S4,discovered,CTX_X,17.86,594.360938,792.48,125,3,28.501,,tot3_2164
tot3_2165,S4,discovered,CTX_X,17.86,594.360938,792.48,125,3,29.553,,tot3_2165
tot3_2166,S4,discovered,CTX_X,15.61,594.360938,792.48,125,3,19.359,,tot3_2166
tot3_2167,S4,discovered,CTX_X,15.61,594.360938,792.48,125,3,19.243,,tot3_2167
tot3_2168,S4,discovered,CTX_X,15.61,594.360938,792.48,125,3,19.307,,tot3_2168
tot3_2169,S4,discovered,DARY,15.03,594.360938,792.48,125,3,10.148,,tot3_2169
tot3_2170,S4,discovered,CTX_X,27.30,594.360938,792.48,125,3,50.398,,tot3_2170
tot3_2171,S4,discovered,CTX_X,28.84,594.360938,792.48,125,3,18.973,,tot3_2171
tot3_2172,S4,discovered,CTX_X,17.86,594.360938,792.48,125,3,28.501,,tot3_2172
tot3_2173,S4,discovered,CTX_X,17.86,594.360938,792.48,125,3,28.675,,tot3_2173
tot3_2174,S4,discovered,CTX_X,17.86,594.360938,792.48,125,3,28.171,,tot3_2174
tot3_2175,S4,discovered,CTX_X,15.61,594.360938,792.48,125,3,19.218,,tot3_2175
tot3_2176,S4,discovered,CTX_X,15.61,594.360938,792.48,125,3,19.880,,tot3_2176
tot3_2177,S4,discovered,CTX_X,15.61,594.360938,792.48,125,3,22.617,,tot3_2177
tot3_2178,S4,discovered,DARY,15.03,594.360938,792.48,125,3,10.156,,tot3_2178
tot3_2179,S4,discovered,CTX_X,32.43,594.360938,792.48,125,3,49.430,,tot3_2179
tot3_2180,S4,discovered,CTX_X,28.84,594.360938,792.48,125,3,19.777,,tot3_2180
tot3_2181,S4,discovered,CTX_X,17.86,594.360938,792.48,125,3,28.151,,tot3_2181
tot3_2182,S4,discovered,CTX_X,17.86,594.360938,792.48,125,3,27.835,,tot3_2182
tot3_2183,S4,discovered,CTX_X,17.86,594.360938,792.48,125,3,29.098,,tot3_2183
tot3_2184,S4,discovered,CTX_X,15.61,594.360938,792.48,125,3,19.918,,tot3_2184
tot3_2185,S4,discovered,CTX_X,15.61,594.360938,792.48,125,3,21.099,,tot3_2185
tot3_2186,S4,discovered,CTX_X,15.61,594.360938,792.48,125,3,20.295,,tot3_2186
