"id","stage","class","class_simple","time_s"
"collatz_k3_c1_b2","S1","neither","other",600.102
"collatz_k3_c1_b3","S1","discovered","discovered",128.701
"collatz_k3_c1_b4","S1","neither","other",600.112
"collatz_k3_c3_b2","S1","discovered","discovered",27.678
"collatz_k3_c3_b3","S1","neither","other",601.28
"collatz_k3_c3_b4","S1","neither","other",600.102
"collatz_k3_c5_b2","S1","neither","other",600.152
"collatz_k3_c5_b3","S1","neither","other",600.463
"collatz_k3_c5_b4","S1","neither","other",600.107
"collatz_k3_c7_b2","S1","neither","other",600.097
"collatz_k3_c7_b3","S1","neither","other",600.107
"collatz_k3_c7_b4","S1","neither","other",600.205
"collatz_k5_c1_b2","S1","neither","other",600.092
"collatz_k5_c1_b3","S1","neither","other",600.11
"collatz_k5_c1_b4","S1","neither","other",600.077
"collatz_k5_c3_b2","S1","neither","other",600.174
"collatz_k5_c3_b3","S1","neither","other",600.527
"collatz_k5_c3_b4","S1","neither","other",600.115
"collatz_k5_c5_b2","S1","discovered","discovered",26.312
"collatz_k5_c5_b3","S1","neither","other",600.146
"collatz_k5_c5_b4","S1","neither","other",600.085
"collatz_k5_c7_b2","S1","neither","other",600.093
"collatz_k5_c7_b3","S1","neither","other",600.243
"collatz_k5_c7_b4","S1","neither","other",600.095
"collatz_k7_c1_b2","S1","neither","other",600.061
"collatz_k7_c1_b3","S1","neither","other",600.044
"collatz_k7_c1_b4","S1","neither","other",600.055
"collatz_k7_c3_b2","S1","discovered","discovered",16.406
"collatz_k7_c3_b3","S1","neither","other",600.062
"collatz_k7_c3_b4","S1","discovered","discovered",306.393
"collatz_k7_c5_b2","S1","discovered","discovered",16.092
"collatz_k7_c5_b3","S1","neither","other",600.045
"collatz_k7_c5_b4","S1","discovered","discovered",276.256
"collatz_k7_c7_b2","S1","discovered","discovered",16.475
"collatz_k7_c7_b3","S1","neither","other",600.165
"collatz_k7_c7_b4","S1","discovered","discovered",377.788
"collatz_k9_c1_b2","S1","neither","other",600.12
"collatz_k9_c1_b3","S1","neither","other",600.1
"collatz_k9_c1_b4","S1","neither","other",600.081
"collatz_k9_c3_b2","S1","discovered","discovered",32.971
"collatz_k9_c3_b3","S1","neither","other",600.122
"collatz_k9_c3_b4","S1","neither","other",600.126
"collatz_k9_c5_b2","S1","neither","other",600.085
"collatz_k9_c5_b3","S1","neither","other",600.097
"collatz_k9_c5_b4","S1","neither","other",600.08
"collatz_k9_c7_b2","S1","neither","other",600.103
"collatz_k9_c7_b3","S1","neither","other",600.095
"collatz_k9_c7_b4","S1","neither","other",600.115
"collatz_k11_c1_b2","S1","neither","other",600.095
"collatz_k11_c1_b3","S1","neither","other",600.116
"collatz_k11_c1_b4","S1","neither","other",600.1
"collatz_k11_c3_b2","S1","neither","other",600.052
"collatz_k11_c3_b3","S1","neither","other",600.092
"collatz_k11_c3_b4","S1","neither","other",600.056
"collatz_k11_c5_b2","S1","neither","other",600.074
"collatz_k11_c5_b3","S1","neither","other",600.06
"collatz_k11_c5_b4","S1","neither","other",600.051
"collatz_k11_c7_b2","S1","neither","other",600.062
"collatz_k11_c7_b3","S1","neither","other",600.068
"collatz_k11_c7_b4","S1","neither","other",600.056
"A033819_a2","S1","neither","other",600.056
"A033819_a3","S1","neither","other",600.056
"A056033_a2","S1","neither","other",600.059
"A056033_a3","S1","neither","other",600.063
"A056036_a2","S1","neither","other",169.238
"A056036_a3","S1","neither","other",600.064
"A068407_a2","S1","neither","other",600.058
"A068407_a3","S1","neither","other",600.038
"A068408_a2","S1","neither","other",600.055
"A068408_a3","S1","neither","other",600.053
"A072495_a2","S1","neither","other",600.211
"A072495_a3","S1","neither","other",600.288
"A072496_a2","S1","neither","other",600.056
"A072496_a3","S1","neither","other",600.051
"A076650_a2","S1","neither","other",56.068
"A076650_a3","S1","neither","other",600.412
"A316344_a2","S1","neither","other",600.088
"A316344_a3","S1","neither","other",600.066
"A316345_a2","S1","neither","other",600.055
"A316345_a3","S1","neither","other",600.053
"A316824_a2","S1","discovered","discovered",47.429
"A316824_a3","S1","neither","other",600.061
"A316827_a2","S1","neither","other",600.047
"A316827_a3","S1","neither","other",600.054
"A317189_a2","S1","neither","other",600.056
"A317189_a3","S1","neither","other",600.059
"A317948_a2","S1","neither","other",600.056
"A317948_a3","S1","neither","other",600.038
"A006447_a2","S1","neither","other",600.053
"A006447_a3","S1","neither","other",600.045
"A051023_a2","S1","discovered","discovered",107.161
"A051023_a3","S1","neither","other",600.041
"A070886_a2","S1","neither","other",600.062
"A070886_a3","S1","neither","other",600.035
"A070887_a2","S1","neither","other",600.013
"A070887_a3","S1","neither","other",600.063
"A070909_a2","S1","neither","other",600.037
"A070909_a3","S1","neither","other",600.034
"A070950_a2","S1","neither","other",600.052
"A070950_a3","S1","neither","other",600.048
"A071028_a2","S1","neither","other",600.07
"A071028_a3","S1","neither","other",600.048
"A071029_a2","S1","neither","other",600.048
"A071029_a3","S1","neither","other",600.04
"A071030_a2","S1","neither","other",600.046
"A071030_a3","S1","neither","other",600.067
"A071031_a2","S1","neither","other",600.045
"A071031_a3","S1","neither","other",600.032
"A071032_a2","S1","neither","other",600.043
"A071032_a3","S1","neither","other",600.05
"A071035_a2","S1","neither","other",600.042
"A071035_a3","S1","neither","other",600.029
"A071036_a2","S1","neither","other",600.039
"A071036_a3","S1","neither","other",600.039
"A071037_a2","S1","neither","other",600.051
"A071037_a3","S1","neither","other",600.046
"A071038_a2","S1","neither","other",600.052
"A071038_a3","S1","neither","other",600.04
"A071047_a2","S1","neither","other",605
"A071047_a3","S1","discovered","discovered",50.884
"A072272_a2","S1","discovered","discovered",10.086
"A072272_a3","S1","neither","other",600.036
"A075437_a2","S1","neither","other",600.069
"A075437_a3","S1","neither","other",600.034
"A079314_a2","S1","discovered","discovered",10.01
"A079314_a3","S1","not_compressed_predicted","other",233.207
"A079315_a2","S1","discovered","discovered",16.221
"A079315_a3","S1","neither","other",600.03
"A079316_a2","S1","discovered","discovered",10.088
"A079316_a3","S1","neither","other",600.031
"A079317_a2","S1","discovered","discovered",10.086
"A079317_a3","S1","neither","other",600.037
"A085587_a2","S1","not_compressed_predicted","other",34.733
"A085587_a3","S1","neither","other",600.033
"A093510_a2","S1","neither","other",600.037
"A093510_a3","S1","neither","other",600.043
"A093511_a2","S1","neither","other",600.05
"A093511_a3","S1","neither","other",600.036
"A093512_a2","S1","neither","other",600.053
"A093512_a3","S1","neither","other",600.043
"A093513_a2","S1","discovered","discovered",15.075
"A093513_a3","S1","neither","other",600.042
"A093514_a2","S1","discovered","discovered",41.254
"A093514_a3","S1","neither","other",600.05
"A093516_a2","S1","neither","other",600.051
"A093516_a3","S1","neither","other",600.039
"A093517_a2","S1","neither","other",600.027
"A093517_a3","S1","neither","other",600.042
"A100053_a2","S1","neither","other",600.03
"A100053_a3","S1","neither","other",600.023
"A110267_a2","S1","neither","other",600.058
"A110267_a3","S1","neither","other",600.034
"A118102_a2","S1","neither","other",600.019
"A118102_a3","S1","neither","other",600.04
"A118111_a2","S1","neither","other",600.029
"A118111_a3","S1","neither","other",600.043
"A118174_a2","S1","neither","other",600.019
"A118174_a3","S1","neither","other",600.034
"A122108_a2","S1","discovered","discovered",10.015
"A122108_a3","S1","neither","other",600.034
"A147562_a2","S1","discovered","discovered",10.016
"A147562_a3","S1","not_compressed_predicted","other",111.728
"A151723_a2","S1","discovered","discovered",10.015
"A151723_a3","S1","discovered","discovered",10.084
"A151725_a2","S1","discovered","discovered",10.017
"A151725_a3","S1","neither","other",600.034
"A151731_a2","S1","discovered","discovered",10.169
"A151731_a3","S1","neither","other",600.028
"A151895_a2","S1","discovered","discovered",10.015
"A151895_a3","S1","neither","other",600.033
"A151896_a2","S1","discovered","discovered",16.05
"A151896_a3","S1","neither","other",600.042
"A151922_a2","S1","discovered","discovered",10.707
"A151922_a3","S1","not_compressed_predicted","other",100.979
"A160117_a2","S1","discovered","discovered",10.017
"A160117_a3","S1","discovered","discovered",47.687
"A160118_a2","S1","discovered","discovered",10.017
"A160118_a3","S1","neither","other",600.033
"A160119_a2","S1","discovered","discovered",10.017
"A160119_a3","S1","discovered","discovered",15.372
"A160239_a2","S1","discovered","discovered",10.009
"A160239_a3","S1","neither","other",600.072
"A160410_a2","S1","discovered","discovered",10.26
"A160410_a3","S1","discovered","discovered",10.131
"A160412_a2","S1","discovered","discovered",10.013
"A160412_a3","S1","discovered","discovered",10.354
"A160414_a2","S1","discovered","discovered",10.014
"A160414_a3","S1","discovered","discovered",23.362
"A160420_a2","S1","discovered","discovered",10.018
"A160420_a3","S1","neither","other",600.052
"A160422_a2","S1","discovered","discovered",10.016
"A160422_a3","S1","neither","other",600.03
"A160428_a2","S1","discovered","discovered",13.186
"A160428_a3","S1","discovered","discovered",12.869
"A160720_a2","S1","discovered","discovered",10.016
"A160720_a3","S1","neither","other",600.122
"A160722_a2","S1","discovered","discovered",10.016
"A160722_a3","S1","discovered","discovered",11.661
"A160796_a2","S1","discovered","discovered",10.018
"A160796_a3","S1","discovered","discovered",11.844
"A161340_a2","S1","discovered","discovered",13.283
"A161340_a3","S1","discovered","discovered",20.746
"A161342_a2","S1","discovered","discovered",10.019
"A161342_a3","S1","discovered","discovered",10.151
"A161644_a2","S1","discovered","discovered",16.209
"A161644_a3","S1","discovered","discovered",10.11
"A161645_a2","S1","discovered","discovered",16.042
"A161645_a3","S1","discovered","discovered",16.257
"A161903_a2","S1","discovered","discovered",10.013
"A161903_a3","S1","discovered","discovered",105.962
"A162340_a2","S1","neither","other",600.058
"A162340_a3","S1","neither","other",600.035
"A169648_a2","S1","discovered","discovered",17.648
"A169648_a3","S1","neither","other",600.04
"A169699_a2","S1","not_compressed_predicted","other",19.568
"A169699_a3","S1","neither","other",600.04
"A169707_a2","S1","discovered","discovered",10.106
"A169707_a3","S1","neither","other",601.966
"A169709_a2","S1","discovered","discovered",10.136
"A169709_a3","S1","neither","other",605
"A170896_a2","S1","discovered","discovered",10.019
"A170896_a3","S1","neither","other",600.067
"A170905_a2","S1","discovered","discovered",21.902
"A170905_a3","S1","neither","other",600.061
"A173456_a2","S1","discovered","discovered",10.27
"A173456_a3","S1","neither","other",600.105
"A173457_a2","S1","discovered","discovered",46.403
"A173457_a3","S1","neither","other",600.055
"A173460_a2","S1","discovered","discovered",10.014
"A173460_a3","S1","neither","other",600.055
"A177990_a2","S1","neither","other",600.023
"A177990_a3","S1","neither","other",600.07
"A180001_a2","S1","neither","other",605
"A180001_a3","S1","neither","other",600.1
"A226463_a2","S1","neither","other",601.004
"A226463_a3","S1","neither","other",600.052
"A226464_a2","S1","neither","other",600.109
"A226464_a3","S1","neither","other",600.066
"A231348_a2","S1","discovered","discovered",18.084
"A231348_a3","S1","neither","other",600.066
"A243566_a2","S1","neither","other",600.02
"A243566_a3","S1","neither","other",602.002
"A246316_a2","S1","neither","other",605
"A246316_a3","S1","neither","other",600.064
"A246318_a2","S1","compressed_only","other",10.15
"A246318_a3","S1","neither","other",600.078
"A246325_a2","S1","discovered","discovered",10.144
"A246325_a3","S1","neither","other",600.072
"A246326_a2","S1","neither","other",600.008
"A246326_a3","S1","neither","other",600.061
"A246333_a2","S1","discovered","discovered",10.089
"A246333_a3","S1","neither","other",600.079
"A247640_a2","S1","discovered","discovered",10.013
"A247640_a3","S1","discovered","discovered",10.094
"A247666_a2","S1","discovered","discovered",10.092
"A247666_a3","S1","discovered","discovered",10.109
"A255366_a2","S1","discovered","discovered",10.092
"A255366_a3","S1","neither","other",600.058
"A256250_a2","S1","discovered","discovered",10.084
"A256250_a3","S1","neither","other",600.07
"A256260_a2","S1","discovered","discovered",10.087
"A256260_a3","S1","neither","other",600.075
"A256530_a2","S1","discovered","discovered",10.011
"A256530_a3","S1","discovered","discovered",28.671
"A256534_a2","S1","discovered","discovered",10.178
"A256534_a3","S1","discovered","discovered",10.081
"A262448_a2","S1","neither","other",600.041
"A262448_a3","S1","neither","other",600.073
"A262808_a2","S1","neither","other",600.04
"A262808_a3","S1","neither","other",600.085
"A263428_a2","S1","neither","other",600.031
"A263428_a3","S1","neither","other",600.067
"A264442_a2","S1","neither","other",600.03
"A264442_a3","S1","neither","other",600.068
"A265186_a2","S1","neither","other",600.034
"A265186_a3","S1","neither","other",600.072
"A265225_a2","S1","discovered","discovered",55.405
"A265225_a3","S1","discovered","discovered",42.194
"A265283_a2","S1","discovered","discovered",15.803
"A265283_a3","S1","discovered","discovered",55.379
"A265695_a2","S1","neither","other",600.056
"A265695_a3","S1","neither","other",600.073
"A265718_a2","S1","neither","other",605
"A265718_a3","S1","neither","other",600.058
"A266070_a2","S1","discovered","discovered",49.258
"A266070_a3","S1","discovered","discovered",50.77
"A266178_a2","S1","neither","other",600.04
"A266178_a3","S1","neither","other",600.063
"A266216_a2","S1","neither","other",600.047
"A266216_a3","S1","neither","other",600.071
"A266223_a2","S1","discovered","discovered",40.805
"A266223_a3","S1","discovered","discovered",49.521
"A266243_a2","S1","neither","other",600.013
"A266243_a3","S1","neither","other",600.071
"A266253_a2","S1","neither","other",600.039
"A266253_a3","S1","neither","other",600.053
"A266282_a2","S1","neither","other",600.053
"A266282_a3","S1","neither","other",600.056
"A266300_a2","S1","neither","other",600.037
"A266300_a3","S1","neither","other",600.059
"A266377_a2","S1","neither","other",600.035
"A266377_a3","S1","neither","other",600.063
"A266434_a2","S1","neither","other",600.045
"A266434_a3","S1","neither","other",600.066
"A266441_a2","S1","neither","other",600.043
"A266441_a3","S1","neither","other",600.051
"A266532_a2","S1","discovered","discovered",10.01
"A266532_a3","S1","discovered","discovered",10.078
"A266588_a2","S1","neither","other",600.04
"A266588_a3","S1","neither","other",600.058
"A266608_a2","S1","neither","other",605
"A266608_a3","S1","neither","other",600.063
"A266619_a2","S1","neither","other",600.045
"A266619_a3","S1","neither","other",600.055
"A266659_a2","S1","neither","other",600.061
"A266659_a3","S1","neither","other",600.051
"A266678_a2","S1","discovered","discovered",48.287
"A266678_a3","S1","discovered","discovered",51.344
"A266716_a2","S1","neither","other",600.042
"A266716_a3","S1","neither","other",600.071
"A266786_a2","S1","neither","other",600.057
"A266786_a3","S1","neither","other",600.066
"A266843_a2","S1","neither","other",600.082
"A266843_a3","S1","neither","other",600.051
"A266892_a2","S1","neither","other",600.082
"A266892_a3","S1","neither","other",600.042
"A267015_a2","S1","neither","other",600.075
"A267015_a3","S1","neither","other",600.066
"A267145_a2","S1","neither","other",600.076
"A267145_a3","S1","neither","other",600.049
"A267152_a2","S1","neither","other",600.097
"A267152_a3","S1","neither","other",600.119
"A267190_a2","S1","discovered","discovered",10.076
"A267190_a3","S1","neither","other",600.041
"A267253_a2","S1","neither","other",600.07
"A267253_a3","S1","neither","other",600.058
"A267349_a2","S1","neither","other",600.03
"A267349_a3","S1","neither","other",600.051
"A267417_a2","S1","neither","other",600.294
"A267417_a3","S1","neither","other",600.301
"A267418_a2","S1","neither","other",600.037
"A267418_a3","S1","neither","other",600.091
"A267423_a2","S1","neither","other",600.009
"A267423_a3","S1","neither","other",600.044
"A267463_a2","S1","neither","other",600.096
"A267463_a3","S1","neither","other",600.09
"A267525_a2","S1","neither","other",600.093
"A267525_a3","S1","neither","other",600.078
"A267533_a2","S1","neither","other",600.08
"A267533_a3","S1","neither","other",600.045
"A267576_a2","S1","neither","other",600.014
"A267576_a3","S1","neither","other",600.047
"A267610_a2","S1","discovered","discovered",25.395
"A267610_a3","S1","neither","other",605
"A267700_a2","S1","discovered","discovered",12.394
"A267700_a3","S1","not_compressed_predicted","other",361.927
"A267800_a2","S1","neither","other",600.017
"A267800_a3","S1","neither","other",600.055
"A267810_a2","S1","neither","other",600.023
"A267810_a3","S1","neither","other",600.349
"A267868_a2","S1","neither","other",600.034
"A267868_a3","S1","neither","other",600.045
"A267869_a2","S1","discovered","discovered",44.057
"A267869_a3","S1","discovered","discovered",42.033
"A267870_a2","S1","discovered","discovered",42.258
"A267870_a3","S1","discovered","discovered",40.177
"A269160_a2","S1","discovered","discovered",10.014
"A269160_a3","S1","discovered","discovered",27.17
"A269161_a2","S1","discovered","discovered",17.919
"A269161_a3","S1","discovered","discovered",48.043
"A269163_a2","S1","neither","other",600.087
"A269163_a3","S1","neither","other",600.043
"A269174_a2","S1","discovered","discovered",19.957
"A269174_a3","S1","discovered","discovered",166.779
"A269175_a2","S1","neither","other",600.017
"A269175_a3","S1","neither","other",600.045
"A273299_a2","S1","neither","other",600.013
"A273299_a3","S1","neither","other",600.056
"A277799_a2","S1","discovered","discovered",12.253
"A277799_a3","S1","discovered","discovered",20.484
"A294020_a2","S1","discovered","discovered",11.84
"A294020_a3","S1","neither","other",601.14
"A294021_a2","S1","discovered","discovered",22.595
"A294021_a3","S1","neither","other",600.04
"A299477_a2","S1","discovered","discovered",21.244
"A299477_a3","S1","neither","other",600.042
"A299479_a2","S1","discovered","discovered",11.592
"A299479_a3","S1","neither","other",600.332
"A327980_a2","S1","neither","other",600.042
"A327980_a3","S1","neither","other",600.078
"A327981_a2","S1","neither","other",600.017
"A327981_a3","S1","neither","other",600.162
"A327983_a2","S1","neither","other",600.043
"A327983_a3","S1","neither","other",600.051
"A327984_a2","S1","neither","other",600.034
"A327984_a3","S1","neither","other",600.265
"A334496_a2","S1","neither","other",600.057
"A334496_a3","S1","neither","other",601.23
"A334499_a2","S1","neither","other",33.064
"A334499_a3","S1","neither","other",605
"A334515_a2","S1","neither","other",106.155
"A334515_a3","S1","neither","other",600.091
"A363343_a2","S1","neither","other",600.07
"A363343_a3","S1","neither","other",600.104
"A363344_a2","S1","neither","other",604.037
"A363344_a3","S1","neither","other",600.101
"A363345_a2","S1","neither","other",600.087
"A363345_a3","S1","neither","other",600.099
"A363346_a2","S1","neither","other",600.102
"A363346_a3","S1","neither","other",600.13
"A000001_a2","S1","neither","other",600.078
"A000001_a3","S1","neither","other",600.084
"A000001_a4","S1","neither","other",605
"A000043_a2","S1","discovered","discovered",10.015
"A000043_a3","S1","neither","other",605
"A000043_a4","S1","neither","other",600.054
"A000945_a2","S1","discovered","discovered",10.018
"A000945_a3","S1","neither","other",600.06
"A000945_a4","S1","neither","other",600.06
"A000978_a2","S1","discovered","discovered",11.585
"A000978_a3","S1","neither","other",600.063
"A000978_a4","S1","neither","other",600.071
"A001605_a2","S1","discovered","discovered",14.9
"A001605_a3","S1","neither","other",600.06
"A001605_a4","S1","neither","other",600.068
"A001606_a2","S1","not_compressed_predicted","other",27.9
"A001606_a3","S1","neither","other",600.125
"A001606_a4","S1","neither","other",600.099
"A002106_a2","S1","neither","other",600.093
"A002106_a3","S1","neither","other",600.051
"A002106_a4","S1","neither","other",600.098
"A002253_a2","S1","neither","other",603.911
"A002253_a3","S1","neither","other",600.041
"A002253_a4","S1","neither","other",600.036
"A005265_a2","S1","discovered","discovered",14.794
"A005265_a3","S1","neither","other",600.042
"A005265_a4","S1","neither","other",600.068
"A023055_a2","S1","neither","other",600.051
"A023055_a3","S1","neither","other",600.044
"A023055_a4","S1","neither","other",600.053
"A039951_a2","S1","not_compressed_predicted","other",50.998
"A039951_a3","S1","neither","other",600.058
"A039951_a4","S1","neither","other",600.051
"A051783_a2","S1","neither","other",600.047
"A051783_a3","S1","neither","other",600.032
"A051783_a4","S1","neither","other",600.029
"A068934_a2","S1","neither","other",600.045
"A068934_a3","S1","neither","other",600.067
"A068934_a4","S1","neither","other",600.041
"A103300_a2","S1","discovered","discovered",61.58
"A103300_a3","S1","neither","other",600.039
"A103300_a4","S1","neither","other",600.037
"A119714_a2","S1","neither","other",85.814
"A119714_a3","S1","neither","other",600.034
"A119714_a4","S1","neither","other",600.044
"A127816_a2","S1","neither","other",600.05
"A127816_a3","S1","neither","other",600.035
"A127816_a4","S1","neither","other",600.043
"A127817_a2","S1","neither","other",196.354
"A127817_a3","S1","neither","other",600.039
"A127817_a4","S1","neither","other",600.042
"A127818_a2","S1","neither","other",39.826
"A127818_a3","S1","neither","other",600.04
"A127818_a4","S1","neither","other",600.046
"A128154_a2","S1","neither","other",600.058
"A128154_a3","S1","neither","other",600.037
"A128154_a4","S1","neither","other",605
"A128155_a2","S1","neither","other",605
"A128155_a3","S1","neither","other",605
"A128155_a4","S1","neither","other",605
"A128156_a2","S1","neither","other",605
"A128156_a3","S1","neither","other",600.08
"A128156_a4","S1","neither","other",600.057
"A128157_a2","S1","neither","other",386.782
"A128157_a3","S1","neither","other",600.065
"A128157_a4","S1","neither","other",600.079
"A128159_a2","S1","neither","other",600.05
"A128159_a3","S1","neither","other",600.072
"A128159_a4","S1","neither","other",600.026
"A128160_a2","S1","neither","other",600.277
"A128160_a3","S1","neither","other",600.033
"A128160_a4","S1","neither","other",600.041
"A128166_a2","S1","neither","other",600.047
"A128166_a3","S1","neither","other",600.05
"A128166_a4","S1","neither","other",600.049
"A226529_a2","S1","discovered","discovered",10.016
"A226529_a3","S1","neither","other",600.043
"A226529_a4","S1","neither","other",600.193
"eca_000","S2","discovered","discovered",10.022
"eca_001","S2","discovered","discovered",10.051
"eca_002","S2","discovered","discovered",10.023
"eca_003","S2","discovered","discovered",42.478
"eca_004","S2","discovered","discovered",10.259
"eca_005","S2","discovered","discovered",10.276
"eca_006","S2","discovered","discovered",24.962
"eca_007","S2","discovered","discovered",20.998
"eca_008","S2","discovered","discovered",10.031
"eca_009","S2","discovered","discovered",47.289
"eca_010","S2","discovered","discovered",10.023
"eca_011","S2","discovered","discovered",47.071
"eca_012","S2","discovered","discovered",10.282
"eca_013","S2","discovered","discovered",10.298
"eca_014","S2","discovered","discovered",34.629
"eca_015","S2","discovered","discovered",21.95
"eca_016","S2","discovered","discovered",10.028
"eca_017","S2","discovered","discovered",45.296
"eca_018","S2","discovered","discovered",10.027
"eca_019","S2","discovered","discovered",45.19
"eca_020","S2","discovered","discovered",31.961
"eca_021","S2","discovered","discovered",22.757
"eca_022","S2","discovered","discovered",29.942
"eca_023","S2","discovered","discovered",20.268
"eca_024","S2","discovered","discovered",10.021
"eca_025","S2","neither","other",600.049
"eca_026","S2","discovered","discovered",10.022
"eca_027","S2","discovered","discovered",42.867
"eca_028","S2","discovered","discovered",10.263
"eca_029","S2","discovered","discovered",10.251
"eca_030","S2","discovered","discovered",67.298
"eca_031","S2","discovered","discovered",16.708
"eca_032","S2","discovered","discovered",10.019
"eca_033","S2","discovered","discovered",16.917
"eca_034","S2","discovered","discovered",10.019
"eca_035","S2","discovered","discovered",43.598
"eca_036","S2","discovered","discovered",10.267
"eca_037","S2","discovered","discovered",44.989
"eca_038","S2","discovered","discovered",23.607
"eca_039","S2","discovered","discovered",18.055
"eca_040","S2","discovered","discovered",10.02
"eca_041","S2","discovered","discovered",42.264
"eca_042","S2","discovered","discovered",10.019
"eca_043","S2","discovered","discovered",43.489
"eca_044","S2","discovered","discovered",10.262
"eca_045","S2","neither","other",600.04
"eca_046","S2","discovered","discovered",23.494
"eca_047","S2","discovered","discovered",17.117
"eca_048","S2","discovered","discovered",10.02
"eca_049","S2","discovered","discovered",43.273
"eca_050","S2","discovered","discovered",17.81
"eca_051","S2","discovered","discovered",17.471
"eca_052","S2","discovered","discovered",24.034
"eca_053","S2","discovered","discovered",16.719
"eca_054","S2","discovered","discovered",15.987
"eca_055","S2","discovered","discovered",16.725
"eca_056","S2","discovered","discovered",10.019
"eca_057","S2","discovered","discovered",16.032
"eca_058","S2","discovered","discovered",17.539
"eca_059","S2","discovered","discovered",43.667
"eca_060","S2","discovered","discovered",10.254
"eca_061","S2","discovered","discovered",44.577
"eca_062","S2","discovered","discovered",16.762
"eca_063","S2","discovered","discovered",16.531
"eca_064","S2","discovered","discovered",10.02
"eca_065","S2","discovered","discovered",41.722
"eca_066","S2","discovered","discovered",10.02
"eca_067","S2","neither","other",600.037
"eca_068","S2","discovered","discovered",10.256
"eca_069","S2","discovered","discovered",10.251
"eca_070","S2","discovered","discovered",10.254
"eca_071","S2","discovered","discovered",10.255
"eca_072","S2","discovered","discovered",10.021
"eca_073","S2","discovered","discovered",17.298
"eca_074","S2","discovered","discovered",10.023
"eca_075","S2","neither","other",600.043
"eca_076","S2","discovered","discovered",10.278
"eca_077","S2","discovered","discovered",10.271
"eca_078","S2","discovered","discovered",10.266
"eca_079","S2","discovered","discovered",10.257
"eca_080","S2","discovered","discovered",10.021
"eca_081","S2","discovered","discovered",43.61
"eca_082","S2","discovered","discovered",10.021
"eca_083","S2","discovered","discovered",41.331
"eca_084","S2","discovered","discovered",21.865
"eca_085","S2","discovered","discovered",17.076
"eca_086","S2","discovered","discovered",63.869
"eca_087","S2","discovered","discovered",16.809
"eca_088","S2","discovered","discovered",10.022
"eca_089","S2","neither","other",600.039
"eca_090","S2","discovered","discovered",10.022
"eca_091","S2","discovered","discovered",42.114
"eca_092","S2","discovered","discovered",10.267
"eca_093","S2","discovered","discovered",10.272
"eca_094","S2","discovered","discovered",21.919
"eca_095","S2","discovered","discovered",17.679
"eca_096","S2","discovered","discovered",10.025
"eca_097","S2","discovered","discovered",43.186
"eca_098","S2","discovered","discovered",10.019
"eca_099","S2","discovered","discovered",16.056
"eca_100","S2","discovered","discovered",10.253
"eca_101","S2","neither","other",600.042
"eca_102","S2","discovered","discovered",10.258
"eca_103","S2","discovered","discovered",42.972
"eca_104","S2","discovered","discovered",10.019
"eca_105","S2","discovered","discovered",15.283
"eca_106","S2","discovered","discovered",10.02
"eca_107","S2","discovered","discovered",586.874
"eca_108","S2","discovered","discovered",10.255
"eca_109","S2","discovered","discovered",41.729
"eca_110","S2","discovered","discovered",10.266
"eca_111","S2","discovered","discovered",42.221
"eca_112","S2","discovered","discovered",10.02
"eca_113","S2","discovered","discovered",42.627
"eca_114","S2","discovered","discovered",19.448
"eca_115","S2","discovered","discovered",41.717
"eca_116","S2","discovered","discovered",24.31
"eca_117","S2","discovered","discovered",16.649
"eca_118","S2","discovered","discovered",17.159
"eca_119","S2","discovered","discovered",16.859
"eca_120","S2","discovered","discovered",10.02
"eca_121","S2","discovered","discovered",586.279
"eca_122","S2","discovered","discovered",17.654
"eca_123","S2","discovered","discovered",17.657
"eca_124","S2","discovered","discovered",10.272
"eca_125","S2","discovered","discovered",43.04
"eca_126","S2","discovered","discovered",13.051
"eca_127","S2","discovered","discovered",17.061
"eca_128","S2","discovered","discovered",10.02
"eca_129","S2","discovered","discovered",15.482
"eca_130","S2","discovered","discovered",10.019
"eca_131","S2","discovered","discovered",16.539
"eca_132","S2","discovered","discovered",10.257
"eca_133","S2","discovered","discovered",10.254
"eca_134","S2","discovered","discovered",23.157
"eca_135","S2","neither","other",600.042
"eca_136","S2","discovered","discovered",10.019
"eca_137","S2","neither","other",600.037
"eca_138","S2","discovered","discovered",10.021
"eca_139","S2","discovered","discovered",16.161
"eca_140","S2","discovered","discovered",10.255
"eca_141","S2","discovered","discovered",10.259
"eca_142","S2","discovered","discovered",23.695
"eca_143","S2","discovered","discovered",44.099
"eca_144","S2","discovered","discovered",10.02
"eca_145","S2","discovered","discovered",16.545
"eca_146","S2","discovered","discovered",10.021
"eca_147","S2","discovered","discovered",17.133
"eca_148","S2","discovered","discovered",22.526
"eca_149","S2","neither","other",600.042
"eca_150","S2","discovered","discovered",10.26
"eca_151","S2","discovered","discovered",10.273
"eca_152","S2","discovered","discovered",10.02
"eca_153","S2","discovered","discovered",10.02
"eca_154","S2","discovered","discovered",10.02
"eca_155","S2","discovered","discovered",16.164
"eca_156","S2","discovered","discovered",10.258
"eca_157","S2","discovered","discovered",10.255
"eca_158","S2","discovered","discovered",43.479
"eca_159","S2","discovered","discovered",10.265
"eca_160","S2","discovered","discovered",10.02
"eca_161","S2","discovered","discovered",14.456
"eca_162","S2","discovered","discovered",10.019
"eca_163","S2","discovered","discovered",42.649
"eca_164","S2","discovered","discovered",10.255
"eca_165","S2","discovered","discovered",10.258
"eca_166","S2","discovered","discovered",23.729
"eca_167","S2","compressed_only","other",64.263
"eca_168","S2","discovered","discovered",10.019
"eca_169","S2","discovered","discovered",43.295
"eca_170","S2","discovered","discovered",10.02
"eca_171","S2","discovered","discovered",16.924
"eca_172","S2","discovered","discovered",10.263
"eca_173","S2","discovered","discovered",10.281
"eca_174","S2","discovered","discovered",22.228
"eca_175","S2","discovered","discovered",43.517
"eca_176","S2","discovered","discovered",10.019
"eca_177","S2","discovered","discovered",42.695
"eca_178","S2","discovered","discovered",17.451
"eca_179","S2","discovered","discovered",17.518
"eca_180","S2","discovered","discovered",22.595
"eca_181","S2","compressed_only","other",64.896
"eca_182","S2","discovered","discovered",10.263
"eca_183","S2","discovered","discovered",10.255
"eca_184","S2","discovered","discovered",10.019
"eca_185","S2","discovered","discovered",15.969
"eca_186","S2","discovered","discovered",17.162
"eca_187","S2","discovered","discovered",17.112
"eca_188","S2","discovered","discovered",10.258
"eca_189","S2","discovered","discovered",10.258
"eca_190","S2","discovered","discovered",44.861
"eca_191","S2","discovered","discovered",10.256
"eca_192","S2","discovered","discovered",10.019
"eca_193","S2","neither","other",600.039
"eca_194","S2","discovered","discovered",10.02
"eca_195","S2","discovered","discovered",10.019
"eca_196","S2","discovered","discovered",10.246
"eca_197","S2","discovered","discovered",10.255
"eca_198","S2","discovered","discovered",10.259
"eca_199","S2","discovered","discovered",10.257
"eca_200","S2","discovered","discovered",10.02
"eca_201","S2","discovered","discovered",17.484
"eca_202","S2","discovered","discovered",10.019
"eca_203","S2","discovered","discovered",10.02
"eca_204","S2","discovered","discovered",10.256
"eca_205","S2","discovered","discovered",10.264
"eca_206","S2","discovered","discovered",10.248
"eca_207","S2","discovered","discovered",10.257
"eca_208","S2","discovered","discovered",10.019
"eca_209","S2","discovered","discovered",16.391
"eca_210","S2","discovered","discovered",10.019
"eca_211","S2","discovered","discovered",16.809
"eca_212","S2","discovered","discovered",21.8
"eca_213","S2","discovered","discovered",42.221
"eca_214","S2","discovered","discovered",46.821
"eca_215","S2","discovered","discovered",10.257
"eca_216","S2","discovered","discovered",10.019
"eca_217","S2","discovered","discovered",10.02
"eca_218","S2","discovered","discovered",10.021
"eca_219","S2","discovered","discovered",10.02
"eca_220","S2","discovered","discovered",10.259
"eca_221","S2","discovered","discovered",10.256
"eca_222","S2","discovered","discovered",10.257
"eca_223","S2","discovered","discovered",10.256
"eca_224","S2","discovered","discovered",10.02
"eca_225","S2","discovered","discovered",43.434
"eca_226","S2","discovered","discovered",10.021
"eca_227","S2","discovered","discovered",16.446
"eca_228","S2","discovered","discovered",10.255
"eca_229","S2","discovered","discovered",10.258
"eca_230","S2","discovered","discovered",10.258
"eca_231","S2","discovered","discovered",10.256
"eca_232","S2","discovered","discovered",10.021
"eca_233","S2","discovered","discovered",43.186
"eca_234","S2","discovered","discovered",10.02
"eca_235","S2","discovered","discovered",16.66
"eca_236","S2","discovered","discovered",10.306
"eca_237","S2","discovered","discovered",10.27
"eca_238","S2","discovered","discovered",10.273
"eca_239","S2","discovered","discovered",10.247
"eca_240","S2","discovered","discovered",10.019
"eca_241","S2","discovered","discovered",16.128
"eca_242","S2","discovered","discovered",17.353
"eca_243","S2","discovered","discovered",17.511
"eca_244","S2","discovered","discovered",23.407
"eca_245","S2","discovered","discovered",42.04
"eca_246","S2","discovered","discovered",44.573
"eca_247","S2","discovered","discovered",10.254
"eca_248","S2","discovered","discovered",10.02
"eca_249","S2","discovered","discovered",16.309
"eca_250","S2","discovered","discovered",17.315
"eca_251","S2","discovered","discovered",17.236
"eca_252","S2","discovered","discovered",10.254
"eca_253","S2","discovered","discovered",10.256
"eca_254","S2","discovered","discovered",10.261
"eca_255","S2","discovered","discovered",10.261
"A000030_a2","S3","discovered","discovered",16.491
"A000030_a3","S3","discovered","discovered",16.628
"A000030_a4","S3","discovered","discovered",16.612
"A000788_a2","S3","neither","other",600.044
"A000788_a3","S3","neither","other",600.027
"A000788_a4","S3","neither","other",600.045
"A001317_a2","S3","discovered","discovered",10.063
"A001317_a3","S3","discovered","discovered",19.963
"A001317_a4","S3","discovered","discovered",10.084
"A002371_a2","S3","neither","other",600.025
"A002371_a3","S3","neither","other",600.027
"A002371_a4","S3","neither","other",600.035
"A002385_a2","S3","discovered","discovered",10.017
"A002385_a3","S3","neither","other",600.039
"A002385_a4","S3","neither","other",600.041
"A002778_a2","S3","neither","other",600.034
"A002778_a3","S3","neither","other",600.034
"A002778_a4","S3","neither","other",600.027
"A003052_a2","S3","neither","other",600.034
"A003052_a3","S3","discovered","discovered",10.109
"A003052_a4","S3","neither","other",600.054
"A003132_a2","S3","discovered","discovered",10.239
"A003132_a3","S3","neither","other",600.051
"A003132_a4","S3","discovered","discovered",81.227
"A003159_a2","S3","neither","other",600.033
"A003159_a3","S3","neither","other",600.047
"A003159_a4","S3","neither","other",600.038
"A003754_a2","S3","not_compressed_predicted","other",46.732
"A003754_a3","S3","neither","other",600.043
"A003754_a4","S3","neither","other",600.04
"A004086_a2","S3","discovered","discovered",10.209
"A004086_a3","S3","discovered","discovered",10.076
"A004086_a4","S3","discovered","discovered",81.882
"A004159_a2","S3","neither","other",600.054
"A004159_a3","S3","discovered","discovered",14.888
"A004159_a4","S3","neither","other",600.079
"A004207_a2","S3","neither","other",600.022
"A004207_a3","S3","discovered","discovered",14.896
"A004207_a4","S3","neither","other",600.074
"A004488_a2","S3","not_compressed_predicted","other",66.569
"A004488_a3","S3","discovered","discovered",10.077
"A004488_a4","S3","neither","other",600.096
"A004601_a2","S3","neither","other",600.039
"A004601_a3","S3","neither","other",600.078
"A004601_a4","S3","neither","other",600.084
"A005349_a2","S3","neither","other",600.025
"A005349_a3","S3","neither","other",600.078
"A005349_a4","S3","neither","other",600.129
"A005823_a2","S3","discovered","discovered",10.298
"A005823_a3","S3","discovered","discovered",10.179
"A005823_a4","S3","discovered","discovered",52.179
"A005836_a2","S3","discovered","discovered",22.428
"A005836_a3","S3","discovered","discovered",10.182
"A005836_a4","S3","neither","other",600.104
"A006567_a2","S3","discovered","discovered",10.133
"A006567_a3","S3","neither","other",600.147
"A006567_a4","S3","neither","other",600.095
"A006753_a2","S3","neither","other",600.129
"A006753_a3","S3","neither","other",600.106
"A006753_a4","S3","neither","other",600.086
"A006995_a2","S3","discovered","discovered",10.017
"A006995_a3","S3","neither","other",600.087
"A006995_a4","S3","neither","other",600.113
"A007088_a2","S3","discovered","discovered",10.021
"A007088_a3","S3","discovered","discovered",11.092
"A007088_a4","S3","discovered","discovered",11.185
"A007089_a2","S3","discovered","discovered",18.292
"A007089_a3","S3","discovered","discovered",12.515
"A007089_a4","S3","discovered","discovered",36.694
"A007090_a2","S3","discovered","discovered",10.014
"A007090_a3","S3","discovered","discovered",10.135
"A007090_a4","S3","discovered","discovered",40.57
"A007091_a2","S3","discovered","discovered",40.051
"A007091_a3","S3","discovered","discovered",20.858
"A007091_a4","S3","neither","other",600.096
"A007092_a2","S3","discovered","discovered",10.014
"A007092_a3","S3","discovered","discovered",17.03
"A007092_a4","S3","discovered","discovered",10.13
"A007093_a2","S3","discovered","discovered",40.026
"A007093_a3","S3","discovered","discovered",11.737
"A007093_a4","S3","compressed_only","other",23.126
"A007094_a2","S3","discovered","discovered",10.015
"A007094_a3","S3","discovered","discovered",10.915
"A007094_a4","S3","discovered","discovered",23.316
"A007095_a2","S3","discovered","discovered",30.134
"A007095_a3","S3","discovered","discovered",28.826
"A007095_a4","S3","discovered","discovered",92.655
"A007376_a2","S3","neither","other",600.099
"A007376_a3","S3","neither","other",600.085
"A007376_a4","S3","neither","other",600.121
"A007500_a2","S3","discovered","discovered",10.016
"A007500_a3","S3","neither","other",600.075
"A007500_a4","S3","neither","other",600.085
"A007602_a2","S3","neither","other",605
"A007602_a3","S3","neither","other",600.093
"A007602_a4","S3","neither","other",600.084
"A007605_a2","S3","neither","other",600.031
"A007605_a3","S3","neither","other",600.044
"A007605_a4","S3","neither","other",600.042
"A007623_a2","S3","discovered","discovered",10.022
"A007623_a3","S3","discovered","discovered",22.557
"A007623_a4","S3","discovered","discovered",41.185
"A007652_a2","S3","discovered","discovered",10.012
"A007652_a3","S3","neither","other",600.038
"A007652_a4","S3","neither","other",600.077
"A007770_a2","S3","neither","other",600.051
"A007770_a3","S3","neither","other",600.05
"A007770_a4","S3","neither","other",600.037
"A007931_a2","S3","discovered","discovered",12.659
"A007931_a3","S3","not_compressed_predicted","other",75.857
"A007931_a4","S3","discovered","discovered",10.088
"A007953_a2","S3","discovered","discovered",10.253
"A007953_a3","S3","discovered","discovered",10.087
"A007953_a4","S3","discovered","discovered",21.725
"A007954_a2","S3","discovered","discovered",19.631
"A007954_a3","S3","discovered","discovered",22.318
"A007954_a4","S3","discovered","discovered",13.736
"A009994_a2","S3","neither","other",600.033
"A009994_a3","S3","neither","other",600.035
"A009994_a4","S3","neither","other",600.044
"A010785_a2","S3","not_compressed_predicted","other",33.404
"A010785_a3","S3","discovered","discovered",48.295
"A010785_a4","S3","neither","other",600.035
"A010879_a2","S3","discovered","discovered",10.01
"A010879_a3","S3","discovered","discovered",24.047
"A010879_a4","S3","discovered","discovered",22.646
"A010888_a2","S3","discovered","discovered",20.748
"A010888_a3","S3","discovered","discovered",10.076
"A010888_a4","S3","discovered","discovered",19.889
"A011531_a2","S3","neither","other",600.054
"A011531_a3","S3","neither","other",600.052
"A011531_a4","S3","neither","other",600.037
"A011539_a2","S3","neither","other",605
"A011539_a3","S3","discovered","discovered",10.114
"A011539_a4","S3","neither","other",600.051
"A011540_a2","S3","neither","other",182.059
"A011540_a3","S3","discovered","discovered",10.472
"A011540_a4","S3","neither","other",600.035
"A014190_a2","S3","neither","other",600.028
"A014190_a3","S3","neither","other",600.027
"A014190_a4","S3","neither","other",600.063
"A014261_a2","S3","discovered","discovered",10.115
"A014261_a3","S3","neither","other",600.046
"A014261_a4","S3","neither","other",605
"A014263_a2","S3","discovered","discovered",16.222
"A014263_a3","S3","discovered","discovered",16.433
"A014263_a4","S3","discovered","discovered",53.644
"A014311_a2","S3","neither","other",600.02
"A014311_a3","S3","neither","other",600.127
"A014311_a4","S3","neither","other",600.097
"A014486_a2","S3","discovered","discovered",10.297
"A014486_a3","S3","neither","other",600.088
"A014486_a4","S3","neither","other",600.079
"A014499_a2","S3","neither","other",605
"A014499_a3","S3","neither","other",600.095
"A014499_a4","S3","neither","other",600.07
"A019546_a2","S3","discovered","discovered",10.014
"A019546_a3","S3","neither","other",600.121
"A019546_a4","S3","neither","other",600.164
"A020338_a2","S3","discovered","discovered",10.011
"A020338_a3","S3","discovered","discovered",10.155
"A020338_a4","S3","neither","other",600.126
"A023108_a2","S3","neither","other",600.106
"A023108_a3","S3","neither","other",600.097
"A023108_a4","S3","neither","other",600.084
"A023416_a2","S3","neither","other",605
"A023416_a3","S3","neither","other",600.14
"A023416_a4","S3","neither","other",600.043
"A027868_a2","S3","discovered","discovered",22.71
"A027868_a3","S3","discovered","discovered",23.567
"A027868_a4","S3","discovered","discovered",39.18
"A029447_a2","S3","neither","other",48.292
"A029447_a3","S3","neither","other",600.052
"A029447_a4","S3","neither","other",600.056
"A029470_a2","S3","neither","other",600.042
"A029470_a3","S3","neither","other",600.074
"A029470_a4","S3","neither","other",600.063
"A029494_a2","S3","neither","other",600.048
"A029494_a3","S3","neither","other",600.052
"A029494_a4","S3","neither","other",600.061
"A029518_a2","S3","neither","other",600.047
"A029518_a3","S3","neither","other",600.061
"A029518_a4","S3","neither","other",600.08
"A030101_a2","S3","discovered","discovered",10.011
"A030101_a3","S3","discovered","discovered",21.762
"A030101_a4","S3","discovered","discovered",40.389
"A030190_a2","S3","discovered","discovered",20.204
"A030190_a3","S3","discovered","discovered",10.653
"A030190_a4","S3","discovered","discovered",20.639
"A030302_a2","S3","discovered","discovered",18.421
"A030302_a3","S3","discovered","discovered",20.474
"A030302_a4","S3","discovered","discovered",19.329
"A030308_a2","S3","discovered","discovered",20.688
"A030308_a3","S3","discovered","discovered",19.705
"A030308_a4","S3","discovered","discovered",19.823
"A030432_a2","S3","discovered","discovered",10.104
"A030432_a3","S3","neither","other",600.055
"A030432_a4","S3","neither","other",600.063
"A031346_a2","S3","neither","other",600.065
"A031346_a3","S3","neither","other",600.068
"A031346_a4","S3","neither","other",600.058
"A031347_a2","S3","neither","other",600.034
"A031347_a3","S3","neither","other",600.054
"A031347_a4","S3","neither","other",600.064
"A031443_a2","S3","neither","other",600.045
"A031443_a3","S3","neither","other",600.042
"A031443_a4","S3","neither","other",600.048
"A033307_a2","S3","neither","other",600.07
"A033307_a3","S3","neither","other",600.033
"A033307_a4","S3","neither","other",600.054
"A033308_a2","S3","neither","other",600.035
"A033308_a3","S3","neither","other",600.046
"A033308_a4","S3","neither","other",600.043
"A033819_a2","S3","neither","other",600.121
"A033819_a3","S3","neither","other",600.037
"A033819_a4","S3","neither","other",600.038
"A035232_a2","S3","neither","other",600.056
"A035232_a3","S3","neither","other",600.038
"A035232_a4","S3","neither","other",600.033
"A035327_a2","S3","discovered","discovered",10.011
"A035327_a3","S3","discovered","discovered",169.314
"A035327_a4","S3","discovered","discovered",43.393
"A036554_a2","S3","discovered","discovered",10.213
"A036554_a3","S3","neither","other",600.035
"A036554_a4","S3","neither","other",600.05
"A036952_a2","S3","discovered","discovered",10.109
"A036952_a3","S3","neither","other",600.053
"A036952_a4","S3","neither","other",600.052
"A037274_a2","S3","discovered","discovered",16.202
"A037274_a3","S3","neither","other",600.361
"A037274_a4","S3","neither","other",600.049
"A038618_a2","S3","discovered","discovered",10.011
"A038618_a3","S3","neither","other",600.038
"A038618_a4","S3","neither","other",600.039
"A039996_a2","S3","neither","other",600.041
"A039996_a3","S3","neither","other",600.04
"A039996_a4","S3","neither","other",600.046
"A043096_a2","S3","compressed_only","other",139.065
"A043096_a3","S3","compressed_only","other",74.46
"A043096_a4","S3","compressed_only","other",80.709
"A043529_a2","S3","discovered","discovered",18.59
"A043529_a3","S3","discovered","discovered",86.267
"A043529_a4","S3","discovered","discovered",71.447
"A043537_a2","S3","neither","other",600.04
"A043537_a3","S3","neither","other",600.037
"A043537_a4","S3","neither","other",600.038
"A044813_a2","S3","neither","other",600.065
"A044813_a3","S3","neither","other",600.041
"A044813_a4","S3","neither","other",600.03
"A045918_a2","S3","discovered","discovered",10.014
"A045918_a3","S3","neither","other",600.038
"A045918_a4","S3","neither","other",600.044
"A046034_a2","S3","discovered","discovered",57.043
"A046034_a3","S3","neither","other",600.036
"A046034_a4","S3","neither","other",600.036
"A046704_a2","S3","discovered","discovered",10.016
"A046704_a3","S3","neither","other",600.054
"A046704_a4","S3","neither","other",600.039
"A048724_a2","S3","discovered","discovered",10.009
"A048724_a3","S3","discovered","discovered",26.098
"A048724_a4","S3","discovered","discovered",10.082
"A049345_a2","S3","discovered","discovered",10.016
"A049345_a3","S3","neither","other",600.035
"A049345_a4","S3","discovered","discovered",41.589
"A049445_a2","S3","neither","other",600.011
"A049445_a3","S3","neither","other",600.036
"A049445_a4","S3","neither","other",600.033
"A051885_a2","S3","not_compressed_predicted","other",18.264
"A051885_a3","S3","discovered","discovered",10.082
"A051885_a4","S3","neither","other",600.036
"A052224_a2","S3","neither","other",600.036
"A052224_a3","S3","discovered","discovered",10.111
"A052224_a4","S3","neither","other",600.037
"A052382_a2","S3","discovered","discovered",20.753
"A052382_a3","S3","compressed_only","other",18.231
"A052382_a4","S3","compressed_only","other",39.27
"A053645_a2","S3","discovered","discovered",14.916
"A053645_a3","S3","discovered","discovered",60.718
"A053645_a4","S3","discovered","discovered",51.804
"A053735_a2","S3","discovered","discovered",10.01
"A053735_a3","S3","discovered","discovered",17.856
"A053735_a4","S3","discovered","discovered",18.063
"A054055_a2","S3","neither","other",144.033
"A054055_a3","S3","neither","other",600.035
"A054055_a4","S3","neither","other",600.028
"A055012_a2","S3","discovered","discovered",11.684
"A055012_a3","S3","discovered","discovered",10.075
"A055012_a4","S3","neither","other",600.062
"A055641_a2","S3","compressed_only","other",18.101
"A055641_a3","S3","compressed_only","other",17.192
"A055641_a4","S3","compressed_only","other",17.847
"A055642_a2","S3","discovered","discovered",16.233
"A055642_a3","S3","discovered","discovered",17.254
"A055642_a4","S3","discovered","discovered",16.268
"A056964_a2","S3","not_compressed_predicted","other",141.534
"A056964_a3","S3","discovered","discovered",10.08
"A056964_a4","S3","neither","other",600.046
"A057889_a2","S3","discovered","discovered",10.009
"A057889_a3","S3","neither","other",600.03
"A057889_a4","S3","discovered","discovered",94.716
"A059893_a2","S3","not_compressed_predicted","other",60.145
"A059893_a3","S3","neither","other",600.033
"A059893_a4","S3","neither","other",600.038
"A059897_a2","S3","neither","other",600.035
"A059897_a3","S3","neither","other",600.057
"A059897_a4","S3","neither","other",600.058
"A062028_a2","S3","discovered","discovered",26.051
"A062028_a3","S3","discovered","discovered",10.075
"A062028_a4","S3","discovered","discovered",29.555
"A062756_a2","S3","discovered","discovered",10.01
"A062756_a3","S3","discovered","discovered",53.652
"A062756_a4","S3","discovered","discovered",54.581
"A064547_a2","S3","neither","other",600.049
"A064547_a3","S3","neither","other",600.044
"A064547_a4","S3","neither","other",600.07
"A065720_a2","S3","discovered","discovered",10.087
"A065720_a3","S3","neither","other",600.061
"A065720_a4","S3","neither","other",600.067
"A065727_a2","S3","discovered","discovered",10.013
"A065727_a3","S3","discovered","discovered",15.08
"A065727_a4","S3","neither","other",600.054
"A068407_a2","S3","neither","other",600.053
"A068407_a3","S3","neither","other",600.053
"A068407_a4","S3","neither","other",600.046
"A069010_a2","S3","neither","other",600.061
"A069010_a3","S3","neither","other",600.053
"A069010_a4","S3","neither","other",600.053
"A072495_a2","S3","neither","other",600.055
"A072495_a3","S3","neither","other",600.06
"A072495_a4","S3","neither","other",600.056
"A075928_a2","S3","not_compressed_predicted","other",66.812
"A075928_a3","S3","neither","other",600.064
"A075928_a4","S3","neither","other",600.038
"A078972_a2","S3","discovered","discovered",42.79
"A078972_a3","S3","neither","other",600.034
"A078972_a4","S3","neither","other",600.041
"A085104_a2","S3","discovered","discovered",10.081
"A085104_a3","S3","neither","other",66.991
"A085104_a4","S3","neither","other",600.047
"A090707_a2","S3","discovered","discovered",10.016
"A090707_a3","S3","neither","other",600.094
"A090707_a4","S3","neither","other",600.064
"A091924_a2","S3","discovered","discovered",10.017
"A091924_a3","S3","neither","other",600.062
"A091924_a4","S3","neither","other",600.06
"A101211_a2","S3","neither","other",600.057
"A101211_a3","S3","neither","other",600.082
"A101211_a4","S3","neither","other",600.069
"A102370_a2","S3","discovered","discovered",10.011
"A102370_a3","S3","neither","other",600.075
"A102370_a4","S3","discovered","discovered",10.119
"A109812_a2","S3","neither","other",600.047
"A109812_a3","S3","neither","other",600.062
"A109812_a4","S3","neither","other",600.083
"A117828_a2","S3","neither","other",600.011
"A117828_a3","S3","discovered","discovered",10.097
"A117828_a4","S3","neither","other",600.062
"A122840_a2","S3","compressed_only","other",22.739
"A122840_a3","S3","compressed_only","other",19.095
"A122840_a4","S3","compressed_only","other",19.496
"A125134_a2","S3","neither","other",600.038
"A125134_a3","S3","neither","other",600.055
"A125134_a4","S3","neither","other",600.077
"A136522_a2","S3","neither","other",600.043
"A136522_a3","S3","discovered","discovered",183.382
"A136522_a4","S3","neither","other",600.074
"A156552_a2","S3","discovered","discovered",10.012
"A156552_a3","S3","neither","other",600.047
"A156552_a4","S3","discovered","discovered",26.518
"A161903_a2","S3","discovered","discovered",10.01
"A161903_a3","S3","discovered","discovered",85.469
"A161903_a4","S3","discovered","discovered",51.878
"A163511_a2","S3","discovered","discovered",54.163
"A163511_a3","S3","neither","other",600.103
"A163511_a4","S3","neither","other",600.103
"A175298_a2","S3","discovered","discovered",10.02
"A175298_a3","S3","neither","other",600.103
"A175298_a4","S3","neither","other",600.074
"A179016_a2","S3","neither","other",600.078
"A179016_a3","S3","neither","other",600.104
"A179016_a4","S3","neither","other",600.11
"A206913_a2","S3","discovered","discovered",10.02
"A206913_a3","S3","neither","other",600.084
"A206913_a4","S3","neither","other",600.126
"A206914_a2","S3","discovered","discovered",10.018
"A206914_a3","S3","neither","other",600.091
"A206914_a4","S3","neither","other",600.067
"A225901_a2","S3","discovered","discovered",10.015
"A225901_a3","S3","discovered","discovered",18.608
"A225901_a4","S3","discovered","discovered",27.561
"A233564_a2","S3","neither","other",600.085
"A233564_a3","S3","neither","other",600.281
"A233564_a4","S3","neither","other",600.061
"A235265_a2","S3","discovered","discovered",10.137
"A235265_a3","S3","discovered","discovered",10.178
"A235265_a4","S3","neither","other",600.067
"A235266_a2","S3","discovered","discovered",10.017
"A235266_a3","S3","neither","other",600.197
"A235266_a4","S3","neither","other",600.089
"A235394_a2","S3","discovered","discovered",10.039
"A235394_a3","S3","neither","other",600.049
"A235394_a4","S3","neither","other",600.061
"A235395_a2","S3","discovered","discovered",10.015
"A235395_a3","S3","neither","other",600.059
"A235395_a4","S3","neither","other",600.063
"A235461_a2","S3","discovered","discovered",10.063
"A235461_a3","S3","neither","other",600.065
"A235461_a4","S3","discovered","discovered",10.14
"A235482_a2","S3","discovered","discovered",10.016
"A235482_a3","S3","neither","other",600.041
"A235482_a4","S3","neither","other",600.042
"A255577_a2","S3","neither","other",600.038
"A255577_a3","S3","neither","other",600.041
"A255577_a4","S3","neither","other",600.057
"A261423_a2","S3","neither","other",600.029
"A261423_a3","S3","neither","other",600.031
"A261423_a4","S3","neither","other",600.031
"A262038_a2","S3","neither","other",600.026
"A262038_a3","S3","neither","other",600.028
"A262038_a4","S3","neither","other",600.048
"A263273_a2","S3","discovered","discovered",10.01
"A263273_a3","S3","discovered","discovered",56.11
"A263273_a4","S3","neither","other",600.096
"A265509_a2","S3","discovered","discovered",10.109
"A265509_a3","S3","neither","other",600.044
"A265509_a4","S3","discovered","discovered",204.509
"A276086_a2","S3","discovered","discovered",10.008
"A276086_a3","S3","neither","other",600.041
"A276086_a4","S3","neither","other",600.033
"A276150_a2","S3","discovered","discovered",22.909
"A276150_a3","S3","neither","other",600.036
"A276150_a4","S3","discovered","discovered",15.191
"A276156_a2","S3","discovered","discovered",10.009
"A276156_a3","S3","discovered","discovered",14.649
"A276156_a4","S3","discovered","discovered",28.923
"A278038_a2","S3","neither","other",28.323
"A278038_a3","S3","neither","other",600.045
"A278038_a4","S3","neither","other",152.926
"A278222_a2","S3","discovered","discovered",10.012
"A278222_a3","S3","neither","other",600.038
"A278222_a4","S3","discovered","discovered",118.701
"A296712_a2","S3","neither","other",600.043
"A296712_a3","S3","neither","other",600.04
"A296712_a4","S3","neither","other",600.037
"A296882_a2","S3","discovered","discovered",10.009
"A296882_a3","S3","discovered","discovered",10.086
"A296882_a4","S3","discovered","discovered",10.09
"A297330_a2","S3","neither","other",600.173
"A297330_a3","S3","neither","other",600.03
"A297330_a4","S3","neither","other",600.028
"A297770_a2","S3","neither","other",600.052
"A297770_a3","S3","neither","other",600.039
"A297770_a4","S3","neither","other",600.052
"A317905_a2","S3","neither","other",600.063
"A317905_a3","S3","neither","other",600.035
"A317905_a4","S3","neither","other",600.027
"A318928_a2","S3","neither","other",600.054
"A318928_a3","S3","neither","other",600.037
"A318928_a4","S3","neither","other",600.038
"A326031_a2","S3","discovered","discovered",57.983
"A326031_a3","S3","neither","other",600.03
"A326031_a4","S3","neither","other",600.022
"A327860_a2","S3","discovered","discovered",55.723
"A327860_a3","S3","neither","other",600.032
"A327860_a4","S3","neither","other",600.037
"A328596_a2","S3","discovered","discovered",10.011
"A328596_a3","S3","neither","other",600.087
"A328596_a4","S3","neither","other",600.045
"A333219_a2","S3","discovered","discovered",22.064
"A333219_a3","S3","neither","other",600.22
"A333219_a4","S3","neither","other",600.049
"A337287_a2","S3","neither","other",600.038
"A337287_a3","S3","neither","other",600.024
"A337287_a4","S3","neither","other",600.039
"A367905_a2","S3","neither","other",600.07
"A367905_a3","S3","neither","other",600.036
"A367905_a4","S3","neither","other",600.037
"A367907_a2","S3","neither","other",600.059
"A367907_a3","S3","neither","other",600.045
"A367907_a4","S3","neither","other",600.044
"A385776_a2","S3","discovered","discovered",10.301
"A385776_a3","S3","neither","other",600.035
"A385776_a4","S3","neither","other",600.038
"A000001_a2","S3","neither","other",600.029
"A000001_a3","S3","neither","other",600.029
"A000001_a4","S3","neither","other",600.029
"A000001_a5","S3","neither","other",600.04
"A000001_a7","S3","neither","other",600.025
"A000002_a2","S3","neither","other",600.036
"A000002_a3","S3","neither","other",600.047
"A000002_a4","S3","neither","other",600.048
"A000002_a5","S3","neither","other",600.053
"A000002_a7","S3","neither","other",600.032
"A000004_a2","S3","discovered","discovered",10.213
"A000004_a3","S3","discovered","discovered",10.257
"A000004_a4","S3","discovered","discovered",10.182
"A000004_a5","S3","discovered","discovered",10.176
"A000004_a7","S3","discovered","discovered",10.174
"A000005_a2","S3","not_compressed_predicted","other",426.928
"A000005_a3","S3","discovered","discovered",184.888
"A000005_a4","S3","discovered","discovered",179.643
"A000005_a5","S3","discovered","discovered",184.654
"A000005_a7","S3","discovered","discovered",187.406
"A000007_a2","S3","discovered","discovered",10.01
"A000007_a3","S3","discovered","discovered",10.079
"A000007_a4","S3","discovered","discovered",10.147
"A000007_a5","S3","discovered","discovered",10.079
"A000007_a7","S3","discovered","discovered",10.081
"A000009_a2","S3","neither","other",600.054
"A000009_a3","S3","neither","other",600.035
"A000009_a4","S3","neither","other",600.04
"A000009_a5","S3","neither","other",600.033
"A000009_a7","S3","neither","other",600.037
"A000010_a2","S3","discovered","discovered",27.319
"A000010_a3","S3","neither","other",600.039
"A000010_a4","S3","neither","other",600.041
"A000010_a5","S3","neither","other",600.038
"A000010_a7","S3","neither","other",600.045
"A000012_a2","S3","discovered","discovered",10.099
"A000012_a3","S3","discovered","discovered",10.108
"A000012_a4","S3","discovered","discovered",10.115
"A000012_a5","S3","discovered","discovered",10.11
"A000012_a7","S3","discovered","discovered",10.111
"A000014_a2","S3","neither","other",221.352
"A000014_a3","S3","neither","other",600.036
"A000014_a4","S3","neither","other",600.034
"A000014_a5","S3","neither","other",600.042
"A000014_a7","S3","neither","other",600.043
"A000019_a2","S3","neither","other",600.046
"A000019_a3","S3","neither","other",600.072
"A000019_a4","S3","neither","other",600.053
"A000019_a5","S3","neither","other",600.055
"A000019_a7","S3","neither","other",600.065
"A000027_a2","S3","discovered","discovered",10.009
"A000027_a3","S3","discovered","discovered",10.188
"A000027_a4","S3","discovered","discovered",10.086
"A000027_a5","S3","discovered","discovered",10.104
"A000027_a7","S3","discovered","discovered",10.088
"A000035_a2","S3","discovered","discovered",10.009
"A000035_a3","S3","discovered","discovered",19.325
"A000035_a4","S3","discovered","discovered",23.516
"A000035_a5","S3","discovered","discovered",18.866
"A000035_a7","S3","discovered","discovered",18.66
"A000040_a2","S3","discovered","discovered",10.014
"A000040_a3","S3","neither","other",600.059
"A000040_a4","S3","neither","other",600.062
"A000040_a5","S3","neither","other",600.066
"A000040_a7","S3","neither","other",600.063
"A000041_a2","S3","neither","other",600.037
"A000041_a3","S3","neither","other",600.054
"A000041_a4","S3","neither","other",600.047
"A000041_a5","S3","neither","other",600.058
"A000041_a7","S3","neither","other",600.073
"A000043_a2","S3","discovered","discovered",10.016
"A000043_a3","S3","neither","other",600.063
"A000043_a4","S3","neither","other",600.063
"A000043_a5","S3","neither","other",600.071
"A000043_a7","S3","neither","other",600.076
"A000045_a2","S3","not_compressed_predicted","other",14.787
"A000045_a3","S3","discovered","discovered",27.691
"A000045_a4","S3","discovered","discovered",15.588
"A000045_a5","S3","discovered","discovered",16.917
"A000045_a7","S3","discovered","discovered",15.387
"A000069_a2","S3","discovered","discovered",13.915
"A000069_a3","S3","not_compressed_predicted","other",302.643
"A000069_a4","S3","neither","other",600.067
"A000069_a5","S3","neither","other",600.058
"A000069_a7","S3","neither","other",600.078
"A000120_a2","S3","discovered","discovered",13.489
"A000120_a3","S3","discovered","discovered",21.11
"A000120_a4","S3","discovered","discovered",24.67
"A000120_a5","S3","discovered","discovered",21.393
"A000120_a7","S3","discovered","discovered",21.164
"A000123_a2","S3","discovered","discovered",10.015
"A000123_a3","S3","neither","other",600.044
"A000123_a4","S3","neither","other",600.058
"A000123_a5","S3","neither","other",600.072
"A000123_a7","S3","neither","other",600.1
"A000124_a2","S3","discovered","discovered",15.928
"A000124_a3","S3","discovered","discovered",15.785
"A000124_a4","S3","discovered","discovered",18.123
"A000124_a5","S3","discovered","discovered",22.477
"A000124_a7","S3","discovered","discovered",16.827
"A000161_a2","S3","neither","other",600.084
"A000161_a3","S3","neither","other",600.063
"A000161_a4","S3","neither","other",600.065
"A000161_a5","S3","neither","other",600.057
"A000161_a7","S3","neither","other",600.108
"A000203_a2","S3","neither","other",600.314
"A000203_a3","S3","not_compressed_predicted","other",298.824
"A000203_a4","S3","not_compressed_predicted","other",324.186
"A000203_a5","S3","not_compressed_predicted","other",328.379
"A000203_a7","S3","discovered","discovered",313.298
"A000217_a2","S3","discovered","discovered",15.085
"A000217_a3","S3","discovered","discovered",14.686
"A000217_a4","S3","discovered","discovered",14.998
"A000217_a5","S3","discovered","discovered",15.316
"A000217_a7","S3","discovered","discovered",14.836
"A000219_a2","S3","neither","other",600.038
"A000219_a3","S3","neither","other",600.054
"A000219_a4","S3","neither","other",600.063
"A000219_a5","S3","neither","other",600.066
"A000219_a7","S3","neither","other",600.067
"A000290_a2","S3","discovered","discovered",10.015
"A000290_a3","S3","discovered","discovered",14.997
"A000290_a4","S3","discovered","discovered",10.085
"A000290_a5","S3","discovered","discovered",14.788
"A000290_a7","S3","discovered","discovered",14.985
"A000292_a2","S3","not_compressed_predicted","other",48.551
"A000292_a3","S3","discovered","discovered",40.981
"A000292_a4","S3","discovered","discovered",61.221
"A000292_a5","S3","discovered","discovered",46.049
"A000292_a7","S3","not_compressed_predicted","other",88.649
"A000326_a2","S3","discovered","discovered",14.739
"A000326_a3","S3","discovered","discovered",10.082
"A000326_a4","S3","discovered","discovered",15.022
"A000326_a5","S3","discovered","discovered",15.484
"A000326_a7","S3","discovered","discovered",22.524
"A000330_a2","S3","discovered","discovered",14.937
"A000330_a3","S3","discovered","discovered",41.607
"A000330_a4","S3","discovered","discovered",15.168
"A000330_a5","S3","discovered","discovered",21.01
"A000330_a7","S3","discovered","discovered",75.306
"A000578_a2","S3","discovered","discovered",10.015
"A000578_a3","S3","discovered","discovered",10.082
"A000578_a4","S3","discovered","discovered",14.899
"A000578_a5","S3","discovered","discovered",19.719
"A000578_a7","S3","discovered","discovered",18.441
"A000593_a2","S3","neither","other",600.06
"A000593_a3","S3","neither","other",600.066
"A000593_a4","S3","neither","other",299.829
"A000593_a5","S3","neither","other",600.067
"A000593_a7","S3","neither","other",600.079
"A000688_a2","S3","neither","other",600.07
"A000688_a3","S3","neither","other",600.055
"A000688_a4","S3","neither","other",600.056
"A000688_a5","S3","neither","other",600.07
"A000688_a7","S3","neither","other",600.062
"A000720_a2","S3","neither","other",600.049
"A000720_a3","S3","neither","other",600.071
"A000720_a4","S3","neither","other",600.061
"A000720_a5","S3","neither","other",600.055
"A000720_a7","S3","neither","other",600.049
"A000793_a2","S3","neither","other",78.899
"A000793_a3","S3","neither","other",600.055
"A000793_a4","S3","neither","other",600.057
"A000793_a5","S3","neither","other",600.058
"A000793_a7","S3","neither","other",600.037
"A000796_a2","S3","neither","other",600.062
"A000796_a3","S3","neither","other",600.042
"A000796_a4","S3","neither","other",600.038
"A000796_a5","S3","neither","other",600.061
"A000796_a7","S3","neither","other",600.059
"A000959_a2","S3","discovered","discovered",10.088
"A000959_a3","S3","neither","other",600.035
"A000959_a4","S3","neither","other",600.038
"A000959_a5","S3","neither","other",600.046
"A000959_a7","S3","neither","other",600.034
"A000961_a2","S3","neither","other",600.043
"A000961_a3","S3","neither","other",600.039
"A000961_a4","S3","neither","other",600.035
"A000961_a5","S3","neither","other",600.037
"A000961_a7","S3","neither","other",600.045
"A001037_a2","S3","neither","other",30.335
"A001037_a3","S3","neither","other",602.926
"A001037_a4","S3","neither","other",600.033
"A001037_a5","S3","neither","other",605
"A001037_a7","S3","neither","other",605
"A001055_a2","S3","neither","other",600.074
"A001055_a3","S3","neither","other",600.04
"A001055_a4","S3","neither","other",600.051
"A001055_a5","S3","neither","other",600.042
"A001055_a7","S3","neither","other",600.055
"A001065_a2","S3","neither","other",345.341
"A001065_a3","S3","neither","other",600.033
"A001065_a4","S3","neither","other",600.047
"A001065_a5","S3","discovered","discovered",313.722
"A001065_a7","S3","neither","other",600.046
"A001097_a2","S3","discovered","discovered",10.122
"A001097_a3","S3","discovered","discovered",10.147
"A001097_a4","S3","neither","other",600.038
"A001097_a5","S3","neither","other",600.063
"A001097_a7","S3","neither","other",600.034
"A001113_a2","S3","neither","other",600.031
"A001113_a3","S3","neither","other",600.048
"A001113_a4","S3","neither","other",600.05
"A001113_a5","S3","neither","other",600.072
"A001113_a7","S3","neither","other",600.049
"A001157_a2","S3","neither","other",600.062
"A001157_a3","S3","neither","other",600.031
"A001157_a4","S3","not_compressed_predicted","other",354.199
"A001157_a5","S3","neither","other",600.389
"A001157_a7","S3","neither","other",600.044
"A001221_a2","S3","neither","other",600.036
"A001221_a3","S3","neither","other",600.041
"A001221_a4","S3","neither","other",600.042
"A001221_a5","S3","neither","other",600.04
"A001221_a7","S3","neither","other",600.041
"A001222_a2","S3","neither","other",600.043
"A001222_a3","S3","neither","other",600.036
"A001222_a4","S3","neither","other",600.045
"A001222_a5","S3","neither","other",600.046
"A001222_a7","S3","neither","other",600.05
"A001227_a2","S3","neither","other",600.065
"A001227_a3","S3","discovered","discovered",273.677
"A001227_a4","S3","discovered","discovered",270.521
"A001227_a5","S3","discovered","discovered",228.687
"A001227_a7","S3","discovered","discovered",262.703
"A001285_a2","S3","discovered","discovered",15.085
"A001285_a3","S3","discovered","discovered",185.714
"A001285_a4","S3","discovered","discovered",226.211
"A001285_a5","S3","neither","other",600.059
"A001285_a7","S3","neither","other",600.036
"A001358_a2","S3","neither","other",600.059
"A001358_a3","S3","neither","other",600.087
"A001358_a4","S3","neither","other",600.063
"A001358_a5","S3","neither","other",600.063
"A001358_a7","S3","neither","other",600.069
"A001462_a2","S3","neither","other",600.035
"A001462_a3","S3","neither","other",600.067
"A001462_a4","S3","neither","other",600.066
"A001462_a5","S3","neither","other",600.073
"A001462_a7","S3","neither","other",600.067
"A001477_a2","S3","discovered","discovered",10.01
"A001477_a3","S3","discovered","discovered",10.079
"A001477_a4","S3","discovered","discovered",10.074
"A001477_a5","S3","discovered","discovered",10.075
"A001477_a7","S3","discovered","discovered",10.074
"A001481_a2","S3","neither","other",600.065
"A001481_a3","S3","neither","other",600.067
"A001481_a4","S3","neither","other",600.067
"A001481_a5","S3","neither","other",600.066
"A001481_a7","S3","neither","other",600.068
"A001511_a2","S3","discovered","discovered",37.406
"A001511_a3","S3","discovered","discovered",48.872
"A001511_a4","S3","discovered","discovered",45.996
"A001511_a5","S3","discovered","discovered",51.034
"A001511_a7","S3","discovered","discovered",44.095
"A001615_a2","S3","discovered","discovered",15.801
"A001615_a3","S3","neither","other",600.077
"A001615_a4","S3","neither","other",600.09
"A001615_a5","S3","neither","other",600.081
"A001615_a7","S3","neither","other",600.064
"A001622_a2","S3","neither","other",600.033
"A001622_a3","S3","neither","other",600.075
"A001622_a4","S3","neither","other",600.084
"A001622_a5","S3","neither","other",600.085
"A001622_a7","S3","neither","other",600.069
"A001969_a2","S3","discovered","discovered",16.067
"A001969_a3","S3","not_compressed_predicted","other",175.966
"A001969_a4","S3","neither","other",600.083
"A001969_a5","S3","neither","other",600.064
"A001969_a7","S3","neither","other",600.065
"A002033_a2","S3","neither","other",600.033
"A002033_a3","S3","neither","other",600.068
"A002033_a4","S3","neither","other",600.077
"A002033_a5","S3","neither","other",600.079
"A002033_a7","S3","neither","other",600.081
"A002106_a2","S3","neither","other",600.034
"A002106_a3","S3","neither","other",600.067
"A002106_a4","S3","neither","other",600.062
"A002106_a5","S3","neither","other",600.061
"A002106_a7","S3","neither","other",600.063
"A002113_a2","S3","neither","other",600.104
"A002113_a3","S3","neither","other",600.065
"A002113_a4","S3","neither","other",600.077
"A002113_a5","S3","neither","other",600.068
"A002113_a7","S3","neither","other",600.072
"A002322_a2","S3","discovered","discovered",27.293
"A002322_a3","S3","neither","other",600.072
"A002322_a4","S3","neither","other",600.065
"A002322_a5","S3","neither","other",600.073
"A002322_a7","S3","neither","other",600.086
"A002378_a2","S3","discovered","discovered",10.192
"A002378_a3","S3","discovered","discovered",15.096
"A002378_a4","S3","discovered","discovered",14.708
"A002378_a5","S3","discovered","discovered",15.006
"A002378_a7","S3","discovered","discovered",14.975
"A002487_a2","S3","discovered","discovered",24.515
"A002487_a3","S3","not_compressed_predicted","other",283.743
"A002487_a4","S3","discovered","discovered",282.302
"A002487_a5","S3","discovered","discovered",249.945
"A002487_a7","S3","discovered","discovered",277.729
"A002572_a2","S3","neither","other",600.043
"A002572_a3","S3","neither","other",600.069
"A002572_a4","S3","neither","other",600.09
"A002572_a5","S3","neither","other",600.135
"A002572_a7","S3","neither","other",600.097
"A002620_a2","S3","discovered","discovered",60.207
"A002620_a3","S3","discovered","discovered",41.542
"A002620_a4","S3","discovered","discovered",47.472
"A002620_a5","S3","discovered","discovered",47.675
"A002620_a7","S3","discovered","discovered",18.265
"A002654_a2","S3","neither","other",600.08
"A002654_a3","S3","neither","other",600.084
"A002654_a4","S3","compressed_only","other",295.898
"A002654_a5","S3","neither","other",600.092
"A002654_a7","S3","neither","other",600.126
"A002808_a2","S3","neither","other",600.103
"A002808_a3","S3","neither","other",600.1
"A002808_a4","S3","neither","other",600.057
"A002808_a5","S3","neither","other",600.135
"A002808_a7","S3","neither","other",600.087
"A003136_a2","S3","neither","other",600.08
"A003136_a3","S3","neither","other",600.086
"A003136_a4","S3","neither","other",600.097
"A003136_a5","S3","neither","other",600.078
"A003136_a7","S3","neither","other",600.07
"A003415_a2","S3","neither","other",600.089
"A003415_a3","S3","neither","other",602.556
"A003415_a4","S3","neither","other",600.098
"A003415_a5","S3","neither","other",600.091
"A003415_a7","S3","neither","other",600.082
"A003484_a2","S3","neither","other",605
"A003484_a3","S3","neither","other",600.049
"A003484_a4","S3","neither","other",600.088
"A003484_a5","S3","neither","other",600.081
"A003484_a7","S3","neither","other",600.1
"A004011_a2","S3","discovered","discovered",10.019
"A004011_a3","S3","discovered","discovered",10.093
"A004011_a4","S3","discovered","discovered",10.139
"A004011_a5","S3","neither","other",600.076
"A004011_a7","S3","neither","other",600.075
"A004018_a2","S3","discovered","discovered",10.011
"A004018_a3","S3","neither","other",600.064
"A004018_a4","S3","discovered","discovered",10.101
"A004018_a5","S3","neither","other",600.064
"A004018_a7","S3","neither","other",600.072
"A004526_a2","S3","discovered","discovered",15.957
"A004526_a3","S3","discovered","discovered",23.004
"A004526_a4","S3","discovered","discovered",14.899
"A004526_a5","S3","discovered","discovered",15.05
"A004526_a7","S3","discovered","discovered",25.713
"A005100_a2","S3","neither","other",600.041
"A005100_a3","S3","neither","other",600.087
"A005100_a4","S3","neither","other",600.064
"A005100_a5","S3","neither","other",600.076
"A005100_a7","S3","neither","other",600.067
"A005101_a2","S3","discovered","discovered",10.204
"A005101_a3","S3","neither","other",600.066
"A005101_a4","S3","neither","other",600.062
"A005101_a5","S3","neither","other",600.076
"A005101_a7","S3","neither","other",600.062
"A005117_a2","S3","neither","other",600.083
"A005117_a3","S3","neither","other",600.068
"A005117_a4","S3","neither","other",600.077
"A005117_a5","S3","neither","other",600.069
"A005117_a7","S3","neither","other",600.068
"A005408_a2","S3","discovered","discovered",10.144
"A005408_a3","S3","discovered","discovered",10.135
"A005408_a4","S3","discovered","discovered",10.154
"A005408_a5","S3","discovered","discovered",10.626
"A005408_a7","S3","discovered","discovered",10.399
"A005811_a2","S3","discovered","discovered",10.015
"A005811_a3","S3","neither","other",600.067
"A005811_a4","S3","neither","other",600.088
"A005811_a5","S3","neither","other",600.096
"A005811_a7","S3","neither","other",600.075
"A005843_a2","S3","discovered","discovered",10.303
"A005843_a3","S3","discovered","discovered",10.165
"A005843_a4","S3","discovered","discovered",10.146
"A005843_a5","S3","discovered","discovered",10.143
"A005843_a7","S3","discovered","discovered",10.187
"A006530_a2","S3","discovered","discovered",22.303
"A006530_a3","S3","neither","other",600.104
"A006530_a4","S3","neither","other",602.435
"A006530_a5","S3","neither","other",600.092
"A006530_a7","S3","neither","other",600.15
"A007318_a2","S3","neither","other",605
"A007318_a3","S3","neither","other",600.081
"A007318_a4","S3","neither","other",600.322
"A007318_a5","S3","neither","other",600.107
"A007318_a7","S3","neither","other",600.068
"A008277_a2","S3","neither","other",600.035
"A008277_a3","S3","neither","other",600.076
"A008277_a4","S3","neither","other",600.075
"A008277_a5","S3","neither","other",605
"A008277_a7","S3","neither","other",600.088
"A008279_a2","S3","neither","other",605
"A008279_a3","S3","neither","other",600.079
"A008279_a4","S3","neither","other",600.076
"A008279_a5","S3","neither","other",600.09
"A008279_a7","S3","neither","other",600.064
"A008292_a2","S3","neither","other",605
"A008292_a3","S3","neither","other",600.06
"A008292_a4","S3","neither","other",600.081
"A008292_a5","S3","neither","other",600.087
"A008292_a7","S3","neither","other",600.025
"A010060_a2","S3","discovered","discovered",10.9
"A010060_a3","S3","discovered","discovered",17.695
"A010060_a4","S3","discovered","discovered",22.947
"A010060_a5","S3","discovered","discovered",20.881
"A010060_a7","S3","discovered","discovered",21.474
"A018252_a2","S3","neither","other",600.013
"A018252_a3","S3","neither","other",600.078
"A018252_a4","S3","neither","other",600.064
"A018252_a5","S3","neither","other",600.061
"A018252_a7","S3","neither","other",600.061
"A020639_a2","S3","discovered","discovered",10.01
"A020639_a3","S3","neither","other",600.067
"A020639_a4","S3","neither","other",600.075
"A020639_a5","S3","neither","other",600.063
"A020639_a7","S3","neither","other",600.064
"A020652_a2","S3","neither","other",600.044
"A020652_a3","S3","neither","other",600.053
"A020652_a4","S3","neither","other",600.062
"A020652_a5","S3","neither","other",600.065
"A020652_a7","S3","neither","other",600.06
"A020653_a2","S3","neither","other",600.04
"A020653_a3","S3","neither","other",600.058
"A020653_a4","S3","neither","other",600.058
"A020653_a5","S3","neither","other",600.082
"A020653_a7","S3","neither","other",600.064
"A025487_a2","S3","discovered","discovered",10.013
"A025487_a3","S3","neither","other",600.058
"A025487_a4","S3","neither","other",600.06
"A025487_a5","S3","neither","other",600.05
"A025487_a7","S3","neither","other",600.055
"A027642_a2","S3","discovered","discovered",40.827
"A027642_a3","S3","discovered","discovered",15.832
"A027642_a4","S3","discovered","discovered",41.731
"A027642_a5","S3","neither","other",600.065
"A027642_a7","S3","neither","other",600.049
"A038566_a2","S3","neither","other",600.04
"A038566_a3","S3","neither","other",600.056
"A038566_a4","S3","neither","other",600.051
"A038566_a5","S3","neither","other",600.058
"A038566_a7","S3","neither","other",600.058
"A038567_a2","S3","neither","other",600.037
"A038567_a3","S3","neither","other",600.063
"A038567_a4","S3","neither","other",600.062
"A038567_a5","S3","neither","other",600.078
"A038567_a7","S3","neither","other",600.065
"A038568_a2","S3","neither","other",600.04
"A038568_a3","S3","neither","other",600.053
"A038568_a4","S3","neither","other",600.067
"A038568_a5","S3","neither","other",600.07
"A038568_a7","S3","neither","other",600.063
"A038569_a2","S3","neither","other",600.038
"A038569_a3","S3","neither","other",600.067
"A038569_a4","S3","neither","other",600.064
"A038569_a5","S3","neither","other",600.071
"A038569_a7","S3","neither","other",600.062
"A056239_a2","S3","neither","other",600.055
"A056239_a3","S3","neither","other",600.042
"A056239_a4","S3","neither","other",600.047
"A056239_a5","S3","neither","other",600.059
"A056239_a7","S3","neither","other",600.05
"A070939_a2","S3","discovered","discovered",17.778
"A070939_a3","S3","discovered","discovered",17.29
"A070939_a4","S3","discovered","discovered",17.408
"A070939_a5","S3","discovered","discovered",17.645
"A070939_a7","S3","discovered","discovered",17.279
"A074206_a2","S3","neither","other",600.056
"A074206_a3","S3","neither","other",600.053
"A074206_a4","S3","neither","other",600.052
"A074206_a5","S3","neither","other",600.055
"A074206_a7","S3","neither","other",600.055
"A104725_a2","S3","neither","other",600.053
"A104725_a3","S3","neither","other",600.064
"A104725_a4","S3","neither","other",600.049
"A104725_a5","S3","neither","other",600.081
"A104725_a7","S3","neither","other",600.058
"A112798_a2","S3","neither","other",600.04
"A112798_a3","S3","neither","other",600.067
"A112798_a4","S3","neither","other",600.074
"A112798_a5","S3","neither","other",605
"A112798_a7","S3","neither","other",605
"A217831_a2","S3","neither","other",605
"A217831_a3","S3","neither","other",600.051
"A217831_a4","S3","neither","other",600.05
"A217831_a5","S3","neither","other",600.051
"A217831_a7","S3","neither","other",600.046
"A226898_a2","S3","neither","other",600.051
"A226898_a3","S3","neither","other",600.055
"A226898_a4","S3","neither","other",600.068
"A226898_a5","S3","neither","other",600.076
"A226898_a7","S3","neither","other",600.052
"A246655_a2","S3","neither","other",600.04
"A246655_a3","S3","neither","other",600.063
"A246655_a4","S3","neither","other",600.056
"A246655_a5","S3","neither","other",600.051
"A246655_a7","S3","neither","other",600.094
"tot3_0000","S4","discovered","discovered",10.09
"tot3_0001","S4","discovered","discovered",13.946
"tot3_0002","S4","discovered","discovered",13.227
"tot3_0003","S4","discovered","discovered",23.798
"tot3_0004","S4","discovered","discovered",18.986
"tot3_0005","S4","discovered","discovered",18.027
"tot3_0006","S4","discovered","discovered",12.416
"tot3_0007","S4","discovered","discovered",19.54
"tot3_0008","S4","discovered","discovered",15.188
"tot3_0009","S4","discovered","discovered",10.094
"tot3_0010","S4","discovered","discovered",14.205
"tot3_0011","S4","discovered","discovered",15.202
"tot3_0012","S4","discovered","discovered",13.144
"tot3_0013","S4","discovered","discovered",17.653
"tot3_0014","S4","discovered","discovered",18.466
"tot3_0015","S4","discovered","discovered",12.587
"tot3_0016","S4","discovered","discovered",16.621
"tot3_0017","S4","discovered","discovered",12.045
"tot3_0018","S4","discovered","discovered",10.216
"tot3_0019","S4","discovered","discovered",14.587
"tot3_0020","S4","discovered","discovered",13.17
"tot3_0021","S4","discovered","discovered",422.097
"tot3_0022","S4","discovered","discovered",17.788
"tot3_0023","S4","discovered","discovered",17.605
"tot3_0024","S4","discovered","discovered",12.551
"tot3_0025","S4","discovered","discovered",17.634
"tot3_0026","S4","discovered","discovered",12.397
"tot3_0027","S4","discovered","discovered",10.087
"tot3_0028","S4","discovered","discovered",214.118
"tot3_0029","S4","discovered","discovered",13.452
"tot3_0030","S4","discovered","discovered",10.222
"tot3_0031","S4","discovered","discovered",10.211
"tot3_0032","S4","discovered","discovered",10.209
"tot3_0033","S4","discovered","discovered",13.517
"tot3_0034","S4","neither","other",600.063
"tot3_0035","S4","discovered","discovered",17.096
"tot3_0036","S4","discovered","discovered",10.095
"tot3_0037","S4","discovered","discovered",42.474
"tot3_0038","S4","neither","other",600.061
"tot3_0039","S4","discovered","discovered",10.234
"tot3_0040","S4","discovered","discovered",10.209
"tot3_0041","S4","discovered","discovered",10.222
"tot3_0042","S4","discovered","discovered",14.804
"tot3_0043","S4","neither","other",600.462
"tot3_0044","S4","discovered","discovered",12.481
"tot3_0045","S4","discovered","discovered",10.116
"tot3_0046","S4","neither","other",600.047
"tot3_0047","S4","discovered","discovered",12.574
"tot3_0048","S4","neither","other",600.061
"tot3_0049","S4","discovered","discovered",10.249
"tot3_0050","S4","discovered","discovered",10.223
"tot3_0051","S4","discovered","discovered",13.456
"tot3_0052","S4","neither","other",600.085
"tot3_0053","S4","discovered","discovered",12.201
"tot3_0054","S4","discovered","discovered",10.089
"tot3_0055","S4","discovered","discovered",43.937
"tot3_0056","S4","discovered","discovered",13.291
"tot3_0057","S4","discovered","discovered",17.483
"tot3_0058","S4","discovered","discovered",16.68
"tot3_0059","S4","discovered","discovered",16.952
"tot3_0060","S4","discovered","discovered",13.035
"tot3_0061","S4","discovered","discovered",14.277
"tot3_0062","S4","discovered","discovered",12.533
"tot3_0063","S4","discovered","discovered",10.089
"tot3_0064","S4","discovered","discovered",43.056
"tot3_0065","S4","neither","other",600.061
"tot3_0066","S4","neither","other",600.047
"tot3_0067","S4","discovered","discovered",17.512
"tot3_0068","S4","discovered","discovered",22.142
"tot3_0069","S4","discovered","discovered",12.407
"tot3_0070","S4","discovered","discovered",13.615
"tot3_0071","S4","discovered","discovered",12.074
"tot3_0072","S4","discovered","discovered",10.084
"tot3_0073","S4","discovered","discovered",43.96
"tot3_0074","S4","discovered","discovered",12.06
"tot3_0075","S4","discovered","discovered",16.793
"tot3_0076","S4","discovered","discovered",16.608
"tot3_0077","S4","discovered","discovered",16.401
"tot3_0078","S4","discovered","discovered",11.899
"tot3_0079","S4","discovered","discovered",43.084
"tot3_0080","S4","discovered","discovered",11.823
"tot3_0081","S4","discovered","discovered",10.096
"tot3_0082","S4","discovered","discovered",12.324
"tot3_0083","S4","discovered","discovered",11.601
"tot3_0084","S4","discovered","discovered",21.388
"tot3_0085","S4","discovered","discovered",16.25
"tot3_0086","S4","neither","other",600.078
"tot3_0087","S4","discovered","discovered",57.168
"tot3_0088","S4","discovered","discovered",39.07
"tot3_0089","S4","discovered","discovered",26.712
"tot3_0090","S4","discovered","discovered",10.24
"tot3_0091","S4","discovered","discovered",22.584
"tot3_0092","S4","neither","other",605
"tot3_0093","S4","discovered","discovered",45.384
"tot3_0094","S4","discovered","discovered",70.828
"tot3_0095","S4","neither","other",605
"tot3_0096","S4","neither","other",605
"tot3_0097","S4","discovered","discovered",53.443
"tot3_0098","S4","discovered","discovered",44.141
"tot3_0099","S4","discovered","discovered",10.147
"tot3_0100","S4","neither","other",605
"tot3_0101","S4","discovered","discovered",68.19
"tot3_0102","S4","neither","other",605
"tot3_0103","S4","discovered","discovered",216.676
"tot3_0104","S4","neither","other",600.069
"tot3_0105","S4","neither","other",600.07
"tot3_0106","S4","discovered","discovered",27.174
"tot3_0107","S4","discovered","discovered",18.418
"tot3_0108","S4","discovered","discovered",10.147
"tot3_0109","S4","discovered","discovered",221.139
"tot3_0110","S4","discovered","discovered",48.943
"tot3_0111","S4","discovered","discovered",10.34
"tot3_0112","S4","discovered","discovered",10.341
"tot3_0113","S4","discovered","discovered",10.344
"tot3_0114","S4","neither","other",600.109
"tot3_0115","S4","neither","other",600.076
"tot3_0116","S4","discovered","discovered",19.55
"tot3_0117","S4","discovered","discovered",10.145
"tot3_0118","S4","discovered","discovered",54.572
"tot3_0119","S4","discovered","discovered",26.894
"tot3_0120","S4","discovered","discovered",10.359
"tot3_0121","S4","discovered","discovered",10.349
"tot3_0122","S4","discovered","discovered",10.351
"tot3_0123","S4","discovered","discovered",27.783
"tot3_0124","S4","discovered","discovered",48.591
"tot3_0125","S4","discovered","discovered",19.603
"tot3_0126","S4","discovered","discovered",10.148
"tot3_0127","S4","discovered","discovered",49.12
"tot3_0128","S4","neither","other",600.074
"tot3_0129","S4","neither","other",600.078
"tot3_0130","S4","discovered","discovered",10.345
"tot3_0131","S4","discovered","discovered",48.735
"tot3_0132","S4","discovered","discovered",27.116
"tot3_0133","S4","neither","other",600.065
"tot3_0134","S4","discovered","discovered",19.159
"tot3_0135","S4","discovered","discovered",10.157
"tot3_0136","S4","discovered","discovered",48.95
"tot3_0137","S4","discovered","discovered",224.036
"tot3_0138","S4","neither","other",600.222
"tot3_0139","S4","discovered","discovered",60.787
"tot3_0140","S4","neither","other",600.088
"tot3_0141","S4","discovered","discovered",48.692
"tot3_0142","S4","neither","other",600.074
"tot3_0143","S4","discovered","discovered",19.341
"tot3_0144","S4","discovered","discovered",10.188
"tot3_0145","S4","neither","other",600.094
"tot3_0146","S4","neither","other",600.215
"tot3_0147","S4","neither","other",600.086
"tot3_0148","S4","discovered","discovered",27.89
"tot3_0149","S4","neither","other",600.082
"tot3_0150","S4","neither","other",600.054
"tot3_0151","S4","neither","other",600.06
"tot3_0152","S4","discovered","discovered",11.96
"tot3_0153","S4","discovered","discovered",10.091
"tot3_0154","S4","neither","other",600.056
"tot3_0155","S4","discovered","discovered",11.535
"tot3_0156","S4","neither","other",600.055
"tot3_0157","S4","discovered","discovered",16.391
"tot3_0158","S4","discovered","discovered",43.403
"tot3_0159","S4","neither","other",600.066
"tot3_0160","S4","discovered","discovered",42.981
"tot3_0161","S4","discovered","discovered",11.509
"tot3_0162","S4","discovered","discovered",10.084
"tot3_0163","S4","discovered","discovered",11.895
"tot3_0164","S4","discovered","discovered",11.598
"tot3_0165","S4","discovered","discovered",20.991
"tot3_0166","S4","discovered","discovered",16.858
"tot3_0167","S4","discovered","discovered",15.99
"tot3_0168","S4","discovered","discovered",42.492
"tot3_0169","S4","neither","other",600.047
"tot3_0170","S4","discovered","discovered",11.579
"tot3_0171","S4","discovered","discovered",10.084
"tot3_0172","S4","discovered","discovered",11.689
"tot3_0173","S4","neither","other",600.06
"tot3_0174","S4","discovered","discovered",13.407
"tot3_0175","S4","discovered","discovered",16.58
"tot3_0176","S4","neither","other",600.056
"tot3_0177","S4","neither","other",600.058
"tot3_0178","S4","discovered","discovered",16.66
"tot3_0179","S4","discovered","discovered",11.843
"tot3_0180","S4","discovered","discovered",10.086
"tot3_0181","S4","discovered","discovered",12.053
"tot3_0182","S4","discovered","discovered",11.431
"tot3_0183","S4","neither","other",600.062
"tot3_0184","S4","discovered","discovered",16.893
"tot3_0185","S4","discovered","discovered",16.274
"tot3_0186","S4","discovered","discovered",211.894
"tot3_0187","S4","discovered","discovered",16.846
"tot3_0188","S4","discovered","discovered",11.559
"tot3_0189","S4","discovered","discovered",10.087
"tot3_0190","S4","discovered","discovered",207.268
"tot3_0191","S4","discovered","discovered",11.217
"tot3_0192","S4","discovered","discovered",10.206
"tot3_0193","S4","discovered","discovered",10.196
"tot3_0194","S4","neither","other",600.055
"tot3_0195","S4","discovered","discovered",42.957
"tot3_0196","S4","neither","other",600.055
"tot3_0197","S4","discovered","discovered",11.809
"tot3_0198","S4","discovered","discovered",10.092
"tot3_0199","S4","discovered","discovered",43.025
"tot3_0200","S4","neither","other",600.058
"tot3_0201","S4","discovered","discovered",10.23
"tot3_0202","S4","discovered","discovered",10.242
"tot3_0203","S4","neither","other",600.056
"tot3_0204","S4","neither","other",600.052
"tot3_0205","S4","neither","other",600.051
"tot3_0206","S4","discovered","discovered",11.884
"tot3_0207","S4","discovered","discovered",10.086
"tot3_0208","S4","neither","other",600.06
"tot3_0209","S4","discovered","discovered",11.765
"tot3_0210","S4","neither","other",600.043
"tot3_0211","S4","discovered","discovered",10.211
"tot3_0212","S4","discovered","discovered",42.032
"tot3_0213","S4","discovered","discovered",211.87
"tot3_0214","S4","neither","other",600.039
"tot3_0215","S4","discovered","discovered",12.193
"tot3_0216","S4","discovered","discovered",10.087
"tot3_0217","S4","discovered","discovered",43.42
"tot3_0218","S4","discovered","discovered",11.559
"tot3_0219","S4","discovered","discovered",43.92
"tot3_0220","S4","discovered","discovered",16.357
"tot3_0221","S4","discovered","discovered",16.663
"tot3_0222","S4","discovered","discovered",42.403
"tot3_0223","S4","neither","other",600.053
"tot3_0224","S4","discovered","discovered",11.704
"tot3_0225","S4","discovered","discovered",10.086
"tot3_0226","S4","discovered","discovered",41.488
"tot3_0227","S4","discovered","discovered",16.239
"tot3_0228","S4","neither","other",600.052
"tot3_0229","S4","discovered","discovered",17.632
"tot3_0230","S4","discovered","discovered",16.561
"tot3_0231","S4","discovered","discovered",421.82
"tot3_0232","S4","discovered","discovered",13.148
"tot3_0233","S4","discovered","discovered",11.839
"tot3_0234","S4","discovered","discovered",10.086
"tot3_0235","S4","neither","other",600.053
"tot3_0236","S4","discovered","discovered",11.732
"tot3_0237","S4","neither","other",600.055
"tot3_0238","S4","discovered","discovered",16.562
"tot3_0239","S4","discovered","discovered",16.614
"tot3_0240","S4","discovered","discovered",212.825
"tot3_0241","S4","discovered","discovered",17.256
"tot3_0242","S4","discovered","discovered",11.568
"tot3_0243","S4","discovered","discovered",10.089
"tot3_0244","S4","discovered","discovered",11.702
"tot3_0245","S4","discovered","discovered",11.627
"tot3_0246","S4","discovered","discovered",21.34
"tot3_0247","S4","discovered","discovered",16.309
"tot3_0248","S4","discovered","discovered",16.453
"tot3_0249","S4","discovered","discovered",12.024
"tot3_0250","S4","neither","other",600.056
"tot3_0251","S4","discovered","discovered",11.779
"tot3_0252","S4","discovered","discovered",10.086
"tot3_0253","S4","discovered","discovered",11.785
"tot3_0254","S4","neither","other",600.061
"tot3_0255","S4","discovered","discovered",13.051
"tot3_0256","S4","discovered","discovered",16.598
"tot3_0257","S4","discovered","discovered",16.5
"tot3_0258","S4","discovered","discovered",11.578
"tot3_0259","S4","discovered","discovered",42.872
"tot3_0260","S4","discovered","discovered",11.595
"tot3_0261","S4","discovered","discovered",10.087
"tot3_0262","S4","neither","other",600.049
"tot3_0263","S4","discovered","discovered",11.681
"tot3_0264","S4","discovered","discovered",428.368
"tot3_0265","S4","discovered","discovered",16.514
"tot3_0266","S4","discovered","discovered",16.186
"tot3_0267","S4","discovered","discovered",11.658
"tot3_0268","S4","neither","other",600.05
"tot3_0269","S4","discovered","discovered",11.85
"tot3_0270","S4","discovered","discovered",10.086
"tot3_0271","S4","discovered","discovered",208.664
"tot3_0272","S4","discovered","discovered",11.534
"tot3_0273","S4","discovered","discovered",10.197
"tot3_0274","S4","discovered","discovered",10.203
"tot3_0275","S4","discovered","discovered",10.2
"tot3_0276","S4","discovered","discovered",12.088
"tot3_0277","S4","neither","other",600.055
"tot3_0278","S4","discovered","discovered",11.637
"tot3_0279","S4","discovered","discovered",10.086
"tot3_0280","S4","discovered","discovered",41.469
"tot3_0281","S4","neither","other",600.045
"tot3_0282","S4","discovered","discovered",10.201
"tot3_0283","S4","discovered","discovered",10.209
"tot3_0284","S4","discovered","discovered",10.256
"tot3_0285","S4","discovered","discovered",11.88
"tot3_0286","S4","discovered","discovered",43.286
"tot3_0287","S4","discovered","discovered",11.209
"tot3_0288","S4","discovered","discovered",10.087
"tot3_0289","S4","neither","other",600.058
"tot3_0290","S4","discovered","discovered",11.591
"tot3_0291","S4","discovered","discovered",10.206
"tot3_0292","S4","discovered","discovered",10.219
"tot3_0293","S4","discovered","discovered",10.206
"tot3_0294","S4","discovered","discovered",11.36
"tot3_0295","S4","neither","other",600.066
"tot3_0296","S4","discovered","discovered",11.694
"tot3_0297","S4","discovered","discovered",10.088
"tot3_0298","S4","discovered","discovered",42.536
"tot3_0299","S4","discovered","discovered",11.526
"tot3_0300","S4","discovered","discovered",16.292
"tot3_0301","S4","discovered","discovered",16.684
"tot3_0302","S4","neither","other",600.053
"tot3_0303","S4","discovered","discovered",12.943
"tot3_0304","S4","discovered","discovered",43
"tot3_0305","S4","discovered","discovered",11.422
"tot3_0306","S4","discovered","discovered",10.085
"tot3_0307","S4","neither","other",600.06
"tot3_0308","S4","neither","other",600.05
"tot3_0309","S4","neither","other",600.063
"tot3_0310","S4","discovered","discovered",16.7
"tot3_0311","S4","discovered","discovered",211.706
"tot3_0312","S4","discovered","discovered",12.102
"tot3_0313","S4","discovered","discovered",43.302
"tot3_0314","S4","discovered","discovered",12.773
"tot3_0315","S4","discovered","discovered",10.09
"tot3_0316","S4","neither","other",600.045
"tot3_0317","S4","discovered","discovered",12.809
"tot3_0318","S4","discovered","discovered",43.456
"tot3_0319","S4","discovered","discovered",17.237
"tot3_0320","S4","discovered","discovered",17.192
"tot3_0321","S4","discovered","discovered",12.118
"tot3_0322","S4","neither","other",600.055
"tot3_0323","S4","discovered","discovered",12.211
"tot3_0324","S4","discovered","discovered",10.099
"tot3_0325","S4","discovered","discovered",12.591
"tot3_0326","S4","discovered","discovered",12.428
"tot3_0327","S4","discovered","discovered",22.528
"tot3_0328","S4","discovered","discovered",16.827
"tot3_0329","S4","neither","other",600.057
"tot3_0330","S4","discovered","discovered",41.945
"tot3_0331","S4","compressed_only","other",194.405
"tot3_0332","S4","discovered","discovered",12.68
"tot3_0333","S4","discovered","discovered",10.086
"tot3_0334","S4","discovered","discovered",11.564
"tot3_0335","S4","neither","other",600.057
"tot3_0336","S4","discovered","discovered",12.644
"tot3_0337","S4","discovered","discovered",16.541
"tot3_0338","S4","neither","other",600.057
"tot3_0339","S4","neither","other",600.057
"tot3_0340","S4","neither","other",600.076
"tot3_0341","S4","discovered","discovered",11.685
"tot3_0342","S4","discovered","discovered",10.084
"tot3_0343","S4","neither","other",600.061
"tot3_0344","S4","neither","other",600.048
"tot3_0345","S4","neither","other",600.051
"tot3_0346","S4","discovered","discovered",16.605
"tot3_0347","S4","neither","other",600.056
"tot3_0348","S4","neither","other",600.052
"tot3_0349","S4","discovered","discovered",285.979
"tot3_0350","S4","discovered","discovered",13.562
"tot3_0351","S4","discovered","discovered",10.086
"tot3_0352","S4","discovered","discovered",211.987
"tot3_0353","S4","discovered","discovered",42.806
"tot3_0354","S4","discovered","discovered",10.199
"tot3_0355","S4","discovered","discovered",10.216
"tot3_0356","S4","discovered","discovered",10.199
"tot3_0357","S4","neither","other",600.053
"tot3_0358","S4","neither","other",600.058
"tot3_0359","S4","discovered","discovered",13.244
"tot3_0360","S4","discovered","discovered",10.085
"tot3_0361","S4","discovered","discovered",42.585
"tot3_0362","S4","discovered","discovered",16.417
"tot3_0363","S4","discovered","discovered",10.206
"tot3_0364","S4","discovered","discovered",10.211
"tot3_0365","S4","discovered","discovered",10.205
"tot3_0366","S4","discovered","discovered",16.801
"tot3_0367","S4","discovered","discovered",16.969
"tot3_0368","S4","discovered","discovered",11.445
"tot3_0369","S4","discovered","discovered",10.089
"tot3_0370","S4","discovered","discovered",41.951
"tot3_0371","S4","neither","other",600.047
"tot3_0372","S4","discovered","discovered",10.221
"tot3_0373","S4","discovered","discovered",10.209
"tot3_0374","S4","discovered","discovered",10.212
"tot3_0375","S4","discovered","discovered",16.887
"tot3_0376","S4","discovered","discovered",12.108
"tot3_0377","S4","discovered","discovered",11.558
"tot3_0378","S4","discovered","discovered",10.095
"tot3_0379","S4","discovered","discovered",42.803
"tot3_0380","S4","discovered","discovered",273.669
"tot3_0381","S4","neither","other",600.064
"tot3_0382","S4","discovered","discovered",18.141
"tot3_0383","S4","neither","other",600.031
"tot3_0384","S4","discovered","discovered",42.56
"tot3_0385","S4","neither","other",600.046
"tot3_0386","S4","discovered","discovered",16.735
"tot3_0387","S4","discovered","discovered",10.091
"tot3_0388","S4","neither","other",600.056
"tot3_0389","S4","neither","other",600.05
"tot3_0390","S4","neither","other",600.053
"tot3_0391","S4","discovered","discovered",17.336
"tot3_0392","S4","neither","other",600.065
"tot3_0393","S4","neither","other",600.05
"tot3_0394","S4","neither","other",600.036
"tot3_0395","S4","discovered","discovered",12.725
"tot3_0396","S4","discovered","discovered",10.089
"tot3_0397","S4","neither","other",600.047
"tot3_0398","S4","neither","other",600.052
"tot3_0399","S4","neither","other",600.05
"tot3_0400","S4","discovered","discovered",17.455
"tot3_0401","S4","discovered","discovered",16.641
"tot3_0402","S4","neither","other",600.044
"tot3_0403","S4","discovered","discovered",14.105
"tot3_0404","S4","discovered","discovered",12.087
"tot3_0405","S4","discovered","discovered",10.087
"tot3_0406","S4","discovered","discovered",12.067
"tot3_0407","S4","discovered","discovered",11.965
"tot3_0408","S4","discovered","discovered",22.569
"tot3_0409","S4","discovered","discovered",16.442
"tot3_0410","S4","neither","other",600.038
"tot3_0411","S4","discovered","discovered",43.129
"tot3_0412","S4","neither","other",600.042
"tot3_0413","S4","discovered","discovered",12.46
"tot3_0414","S4","discovered","discovered",10.085
"tot3_0415","S4","discovered","discovered",11.58
"tot3_0416","S4","neither","other",600.038
"tot3_0417","S4","discovered","discovered",13.014
"tot3_0418","S4","discovered","discovered",16.534
"tot3_0419","S4","neither","other",600.056
"tot3_0420","S4","neither","other",600.059
"tot3_0421","S4","neither","other",600.055
"tot3_0422","S4","discovered","discovered",11.002
"tot3_0423","S4","discovered","discovered",10.084
"tot3_0424","S4","neither","other",600.06
"tot3_0425","S4","discovered","discovered",11.994
"tot3_0426","S4","neither","other",600.061
"tot3_0427","S4","discovered","discovered",17.291
"tot3_0428","S4","neither","other",600.046
"tot3_0429","S4","discovered","discovered",212.681
"tot3_0430","S4","neither","other",600.06
"tot3_0431","S4","discovered","discovered",20.637
"tot3_0432","S4","discovered","discovered",10.161
"tot3_0433","S4","discovered","discovered",221.201
"tot3_0434","S4","discovered","discovered",12.721
"tot3_0435","S4","discovered","discovered",10.24
"tot3_0436","S4","discovered","discovered",10.227
"tot3_0437","S4","discovered","discovered",10.244
"tot3_0438","S4","discovered","discovered",44.985
"tot3_0439","S4","neither","other",600.04
"tot3_0440","S4","discovered","discovered",13.951
"tot3_0441","S4","discovered","discovered",10.102
"tot3_0442","S4","discovered","discovered",42.633
"tot3_0443","S4","discovered","discovered",44.513
"tot3_0444","S4","discovered","discovered",10.214
"tot3_0445","S4","discovered","discovered",10.208
"tot3_0446","S4","discovered","discovered",10.221
"tot3_0447","S4","neither","other",600.05
"tot3_0448","S4","discovered","discovered",18.11
"tot3_0449","S4","discovered","discovered",13.305
"tot3_0450","S4","discovered","discovered",10.087
"tot3_0451","S4","neither","other",600.044
"tot3_0452","S4","discovered","discovered",14.006
"tot3_0453","S4","discovered","discovered",10.216
"tot3_0454","S4","discovered","discovered",10.37
"tot3_0455","S4","discovered","discovered",10.221
"tot3_0456","S4","discovered","discovered",213.207
"tot3_0457","S4","discovered","discovered",284.945
"tot3_0458","S4","discovered","discovered",14.259
"tot3_0459","S4","discovered","discovered",10.113
"tot3_0460","S4","discovered","discovered",43.625
"tot3_0461","S4","discovered","discovered",17.351
"tot3_0462","S4","neither","other",600.076
"tot3_0463","S4","discovered","discovered",21.013
"tot3_0464","S4","discovered","discovered",44.377
"tot3_0465","S4","discovered","discovered",45.153
"tot3_0466","S4","discovered","discovered",47.294
"tot3_0467","S4","discovered","discovered",13.537
"tot3_0468","S4","discovered","discovered",10.096
"tot3_0469","S4","neither","other",600.063
"tot3_0470","S4","neither","other",600.049
"tot3_0471","S4","neither","other",600.067
"tot3_0472","S4","discovered","discovered",21.079
"tot3_0473","S4","neither","other",600.066
"tot3_0474","S4","neither","other",600.073
"tot3_0475","S4","neither","other",600.075
"tot3_0476","S4","discovered","discovered",13.857
"tot3_0477","S4","discovered","discovered",10.098
"tot3_0478","S4","neither","other",600.062
"tot3_0479","S4","discovered","discovered",13.209
"tot3_0480","S4","discovered","discovered",288.732
"tot3_0481","S4","discovered","discovered",16.823
"tot3_0482","S4","neither","other",600.059
"tot3_0483","S4","discovered","discovered",215.253
"tot3_0484","S4","discovered","discovered",13.209
"tot3_0485","S4","discovered","discovered",12.084
"tot3_0486","S4","discovered","discovered",10.085
"tot3_0487","S4","discovered","discovered",12.44
"tot3_0488","S4","discovered","discovered",12.095
"tot3_0489","S4","discovered","discovered",21.418
"tot3_0490","S4","discovered","discovered",16.659
"tot3_0491","S4","discovered","discovered",18.123
"tot3_0492","S4","discovered","discovered",13.85
"tot3_0493","S4","discovered","discovered",17.649
"tot3_0494","S4","discovered","discovered",11.52
"tot3_0495","S4","discovered","discovered",10.087
"tot3_0496","S4","discovered","discovered",13.059
"tot3_0497","S4","neither","other",600.061
"tot3_0498","S4","discovered","discovered",14.479
"tot3_0499","S4","discovered","discovered",17.169
"tot3_0500","S4","discovered","discovered",17.311
"tot3_0501","S4","discovered","discovered",11.78
"tot3_0502","S4","discovered","discovered",44.778
"tot3_0503","S4","discovered","discovered",12.983
"tot3_0504","S4","discovered","discovered",10.092
"tot3_0505","S4","discovered","discovered",43.724
"tot3_0506","S4","discovered","discovered",12.564
"tot3_0507","S4","discovered","discovered",423.362
"tot3_0508","S4","discovered","discovered",17.547
"tot3_0509","S4","discovered","discovered",16.533
"tot3_0510","S4","discovered","discovered",12.534
"tot3_0511","S4","discovered","discovered",43.403
"tot3_0512","S4","discovered","discovered",12.777
"tot3_0513","S4","discovered","discovered",10.084
"tot3_0514","S4","discovered","discovered",209.791
"tot3_0515","S4","discovered","discovered",13.549
"tot3_0516","S4","discovered","discovered",10.21
"tot3_0517","S4","discovered","discovered",10.213
"tot3_0518","S4","discovered","discovered",10.209
"tot3_0519","S4","discovered","discovered",19.284
"tot3_0520","S4","neither","other",600.081
"tot3_0521","S4","discovered","discovered",21.782
"tot3_0522","S4","discovered","discovered",10.152
"tot3_0523","S4","discovered","discovered",50.435
"tot3_0524","S4","neither","other",600.071
"tot3_0525","S4","discovered","discovered",10.342
"tot3_0526","S4","discovered","discovered",10.351
"tot3_0527","S4","discovered","discovered",10.34
"tot3_0528","S4","discovered","discovered",18.794
"tot3_0529","S4","discovered","discovered",26.68
"tot3_0530","S4","discovered","discovered",18.323
"tot3_0531","S4","discovered","discovered",10.151
"tot3_0532","S4","neither","other",600.079
"tot3_0533","S4","discovered","discovered",18.989
"tot3_0534","S4","neither","other",600.071
"tot3_0535","S4","discovered","discovered",10.346
"tot3_0536","S4","discovered","discovered",10.343
"tot3_0537","S4","discovered","discovered",19.023
"tot3_0538","S4","neither","other",600.062
"tot3_0539","S4","discovered","discovered",18.847
"tot3_0540","S4","discovered","discovered",10.146
"tot3_0541","S4","discovered","discovered",49.901
"tot3_0542","S4","discovered","discovered",19.503
"tot3_0543","S4","discovered","discovered",27.768
"tot3_0544","S4","discovered","discovered",29.982
"tot3_0545","S4","discovered","discovered",29.554
"tot3_0546","S4","discovered","discovered",19.977
"tot3_0547","S4","discovered","discovered",48.246
"tot3_0548","S4","discovered","discovered",19.253
"tot3_0549","S4","discovered","discovered",10.145
"tot3_0550","S4","neither","other",600.103
"tot3_0551","S4","neither","other",600.083
"tot3_0552","S4","neither","other",600.078
"tot3_0553","S4","discovered","discovered",26.337
"tot3_0554","S4","neither","other",600.071
"tot3_0555","S4","discovered","discovered",18.24
"tot3_0556","S4","discovered","discovered",48.805
"tot3_0557","S4","discovered","discovered",18.424
"tot3_0558","S4","discovered","discovered",10.146
"tot3_0559","S4","neither","other",600.079
"tot3_0560","S4","discovered","discovered",18.446
"tot3_0561","S4","discovered","discovered",28.168
"tot3_0562","S4","discovered","discovered",27.036
"tot3_0563","S4","discovered","discovered",49.187
"tot3_0564","S4","discovered","discovered",18.29
"tot3_0565","S4","neither","other",600.058
"tot3_0566","S4","discovered","discovered",18.631
"tot3_0567","S4","discovered","discovered",10.149
"tot3_0568","S4","discovered","discovered",18.521
"tot3_0569","S4","discovered","discovered",18.666
"tot3_0570","S4","discovered","discovered",36.297
"tot3_0571","S4","discovered","discovered",27.907
"tot3_0572","S4","neither","other",600.78
"tot3_0573","S4","discovered","discovered",52.171
"tot3_0574","S4","neither","other",600.07
"tot3_0575","S4","discovered","discovered",33.018
"tot3_0576","S4","discovered","discovered",10.191
"tot3_0577","S4","discovered","discovered",24.674
"tot3_0578","S4","neither","other",602.911
"tot3_0579","S4","discovered","discovered",40.759
"tot3_0580","S4","discovered","discovered",54.336
"tot3_0581","S4","neither","other",600.08
"tot3_0582","S4","neither","other",600.064
"tot3_0583","S4","neither","other",600.061
"tot3_0584","S4","discovered","discovered",19.045
"tot3_0585","S4","discovered","discovered",10.147
"tot3_0586","S4","neither","other",600.071
"tot3_0587","S4","neither","other",600.049
"tot3_0588","S4","discovered","discovered",13.267
"tot3_0589","S4","discovered","discovered",19.386
"tot3_0590","S4","neither","other",600.049
"tot3_0591","S4","neither","other",600.059
"tot3_0592","S4","neither","other",600.496
"tot3_0593","S4","discovered","discovered",23.446
"tot3_0594","S4","discovered","discovered",10.165
"tot3_0595","S4","discovered","discovered",226.572
"tot3_0596","S4","discovered","discovered",53.718
"tot3_0597","S4","discovered","discovered",10.335
"tot3_0598","S4","discovered","discovered",10.332
"tot3_0599","S4","discovered","discovered",10.295
"tot3_0600","S4","neither","other",600.052
"tot3_0601","S4","discovered","discovered",18.934
"tot3_0602","S4","discovered","discovered",14.302
"tot3_0603","S4","discovered","discovered",10.096
"tot3_0604","S4","discovered","discovered",43.352
"tot3_0605","S4","discovered","discovered",17.021
"tot3_0606","S4","discovered","discovered",10.197
"tot3_0607","S4","discovered","discovered",10.2
"tot3_0608","S4","discovered","discovered",10.206
"tot3_0609","S4","discovered","discovered",18.241
"tot3_0610","S4","discovered","discovered",20.51
"tot3_0611","S4","discovered","discovered",13.617
"tot3_0612","S4","discovered","discovered",10.134
"tot3_0613","S4","neither","other",600.044
"tot3_0614","S4","discovered","discovered",18.332
"tot3_0615","S4","discovered","discovered",42.407
"tot3_0616","S4","discovered","discovered",10.215
"tot3_0617","S4","discovered","discovered",10.227
"tot3_0618","S4","discovered","discovered",17.036
"tot3_0619","S4","discovered","discovered",17.032
"tot3_0620","S4","discovered","discovered",12.82
"tot3_0621","S4","discovered","discovered",10.098
"tot3_0622","S4","discovered","discovered",43.797
"tot3_0623","S4","discovered","discovered",214.909
"tot3_0624","S4","neither","other",600.052
"tot3_0625","S4","discovered","discovered",17.247
"tot3_0626","S4","neither","other",600.056
"tot3_0627","S4","discovered","discovered",57.76
"tot3_0628","S4","neither","other",600.061
"tot3_0629","S4","discovered","discovered",16.345
"tot3_0630","S4","discovered","discovered",10.11
"tot3_0631","S4","discovered","discovered",43.77
"tot3_0632","S4","neither","other",600.061
"tot3_0633","S4","neither","other",600.073
"tot3_0634","S4","discovered","discovered",16.615
"tot3_0635","S4","neither","other",600.042
"tot3_0636","S4","neither","other",600.036
"tot3_0637","S4","neither","other",600.062
"tot3_0638","S4","discovered","discovered",12.25
"tot3_0639","S4","discovered","discovered",10.087
"tot3_0640","S4","neither","other",600.053
"tot3_0641","S4","neither","other",600.057
"tot3_0642","S4","neither","other",600.057
"tot3_0643","S4","discovered","discovered",42.545
"tot3_0644","S4","neither","other",600.062
"tot3_0645","S4","neither","other",600.046
"tot3_0646","S4","neither","other",600.063
"tot3_0647","S4","discovered","discovered",12.666
"tot3_0648","S4","discovered","discovered",10.101
"tot3_0649","S4","discovered","discovered",15.49
"tot3_0650","S4","discovered","discovered",13.039
"tot3_0651","S4","discovered","discovered",24.422
"tot3_0652","S4","discovered","discovered",20.937
"tot3_0653","S4","discovered","discovered",19.537
"tot3_0654","S4","discovered","discovered",45.309
"tot3_0655","S4","neither","other",600.061
"tot3_0656","S4","discovered","discovered",46.006
"tot3_0657","S4","discovered","discovered",10.176
"tot3_0658","S4","discovered","discovered",18.464
"tot3_0659","S4","neither","other",600.127
"tot3_0660","S4","discovered","discovered",19.975
"tot3_0661","S4","discovered","discovered",23.914
"tot3_0662","S4","neither","other",600.06
"tot3_0663","S4","neither","other",600.052
"tot3_0664","S4","neither","other",600.051
"tot3_0665","S4","discovered","discovered",15.41
"tot3_0666","S4","discovered","discovered",10.116
"tot3_0667","S4","neither","other",600.044
"tot3_0668","S4","discovered","discovered",43.533
"tot3_0669","S4","neither","other",600.045
"tot3_0670","S4","discovered","discovered",55.633
"tot3_0671","S4","discovered","discovered",36.551
"tot3_0672","S4","discovered","discovered",228.999
"tot3_0673","S4","neither","other",600.069
"tot3_0674","S4","discovered","discovered",16.156
"tot3_0675","S4","discovered","discovered",10.149
"tot3_0676","S4","discovered","discovered",218.444
"tot3_0677","S4","discovered","discovered",16.44
"tot3_0678","S4","discovered","discovered",11.241
"tot3_0679","S4","discovered","discovered",10.415
"tot3_0680","S4","discovered","discovered",45.974
"tot3_0681","S4","discovered","discovered",52.765
"tot3_0682","S4","neither","other",600.029
"tot3_0683","S4","discovered","discovered",17.01
"tot3_0684","S4","discovered","discovered",10.134
"tot3_0685","S4","discovered","discovered",44.421
"tot3_0686","S4","neither","other",600.044
"tot3_0687","S4","discovered","discovered",10.45
"tot3_0688","S4","discovered","discovered",10.227
"tot3_0689","S4","neither","other",600.056
"tot3_0690","S4","neither","other",600.053
"tot3_0691","S4","neither","other",600.041
"tot3_0692","S4","discovered","discovered",11.944
"tot3_0693","S4","discovered","discovered",10.087
"tot3_0694","S4","neither","other",600.046
"tot3_0695","S4","discovered","discovered",11.781
"tot3_0696","S4","neither","other",600.054
"tot3_0697","S4","discovered","discovered",10.213
"tot3_0698","S4","discovered","discovered",41.516
"tot3_0699","S4","discovered","discovered",213.76
"tot3_0700","S4","discovered","discovered",291.58
"tot3_0701","S4","discovered","discovered",11.367
"tot3_0702","S4","discovered","discovered",10.09
"tot3_0703","S4","discovered","discovered",42.707
"tot3_0704","S4","discovered","discovered",11.65
"tot3_0705","S4","discovered","discovered",42.481
"tot3_0706","S4","discovered","discovered",16.788
"tot3_0707","S4","discovered","discovered",16.23
"tot3_0708","S4","discovered","discovered",43.45
"tot3_0709","S4","neither","other",600.062
"tot3_0710","S4","discovered","discovered",12.111
"tot3_0711","S4","discovered","discovered",10.087
"tot3_0712","S4","neither","other",600.054
"tot3_0713","S4","neither","other",600.097
"tot3_0714","S4","neither","other",600.063
"tot3_0715","S4","discovered","discovered",16.708
"tot3_0716","S4","discovered","discovered",16.332
"tot3_0717","S4","neither","other",600.042
"tot3_0718","S4","discovered","discovered",437.163
"tot3_0719","S4","discovered","discovered",11.865
"tot3_0720","S4","discovered","discovered",10.091
"tot3_0721","S4","discovered","discovered",437.13
"tot3_0722","S4","discovered","discovered",11.73
"tot3_0723","S4","discovered","discovered",293.242
"tot3_0724","S4","discovered","discovered",17.003
"tot3_0725","S4","discovered","discovered",17.103
"tot3_0726","S4","discovered","discovered",212.292
"tot3_0727","S4","discovered","discovered",436.902
"tot3_0728","S4","discovered","discovered",11.618
"tot3_0729","S4","discovered","discovered",10.085
"tot3_0730","S4","discovered","discovered",12.256
"tot3_0731","S4","discovered","discovered",41.733
"tot3_0732","S4","discovered","discovered",22.089
"tot3_0733","S4","discovered","discovered",16.36
"tot3_0734","S4","discovered","discovered",16.093
"tot3_0735","S4","discovered","discovered",12.295
"tot3_0736","S4","discovered","discovered",12.242
"tot3_0737","S4","discovered","discovered",16.834
"tot3_0738","S4","discovered","discovered",10.085
"tot3_0739","S4","discovered","discovered",11.941
"tot3_0740","S4","neither","other",600.052
"tot3_0741","S4","discovered","discovered",12.658
"tot3_0742","S4","discovered","discovered",17.551
"tot3_0743","S4","discovered","discovered",16.149
"tot3_0744","S4","discovered","discovered",43.958
"tot3_0745","S4","discovered","discovered",12.112
"tot3_0746","S4","discovered","discovered",16.13
"tot3_0747","S4","discovered","discovered",10.086
"tot3_0748","S4","discovered","discovered",11.602
"tot3_0749","S4","discovered","discovered",11.679
"tot3_0750","S4","neither","other",600.052
"tot3_0751","S4","discovered","discovered",17.372
"tot3_0752","S4","discovered","discovered",42.444
"tot3_0753","S4","discovered","discovered",271.897
"tot3_0754","S4","discovered","discovered",11.793
"tot3_0755","S4","discovered","discovered",15.97
"tot3_0756","S4","discovered","discovered",10.09
"tot3_0757","S4","discovered","discovered",207.022
"tot3_0758","S4","neither","other",600.062
"tot3_0759","S4","discovered","discovered",10.228
"tot3_0760","S4","discovered","discovered",10.218
"tot3_0761","S4","discovered","discovered",10.205
"tot3_0762","S4","discovered","discovered",12.833
"tot3_0763","S4","neither","other",600.084
"tot3_0764","S4","discovered","discovered",17.39
"tot3_0765","S4","discovered","discovered",10.09
"tot3_0766","S4","discovered","discovered",42.339
"tot3_0767","S4","discovered","discovered",16.564
"tot3_0768","S4","discovered","discovered",10.206
"tot3_0769","S4","discovered","discovered",10.2
"tot3_0770","S4","discovered","discovered",10.205
"tot3_0771","S4","discovered","discovered",43.43
"tot3_0772","S4","neither","other",600.046
"tot3_0773","S4","discovered","discovered",17.533
"tot3_0774","S4","discovered","discovered",10.093
"tot3_0775","S4","neither","other",600.061
"tot3_0776","S4","neither","other",600.052
"tot3_0777","S4","neither","other",600.053
"tot3_0778","S4","discovered","discovered",10.244
"tot3_0779","S4","neither","other",600.056
"tot3_0780","S4","discovered","discovered",41.673
"tot3_0781","S4","discovered","discovered",224.5
"tot3_0782","S4","discovered","discovered",18.15
"tot3_0783","S4","discovered","discovered",10.086
"tot3_0784","S4","neither","other",600.048
"tot3_0785","S4","discovered","discovered",274.779
"tot3_0786","S4","discovered","discovered",16.534
"tot3_0787","S4","discovered","discovered",17.449
"tot3_0788","S4","neither","other",600.053
"tot3_0789","S4","discovered","discovered",13.049
"tot3_0790","S4","neither","other",600.063
"tot3_0791","S4","discovered","discovered",13.093
"tot3_0792","S4","discovered","discovered",10.098
"tot3_0793","S4","neither","other",600.055
"tot3_0794","S4","neither","other",600.053
"tot3_0795","S4","neither","other",600.045
"tot3_0796","S4","discovered","discovered",16.742
"tot3_0797","S4","neither","other",600.044
"tot3_0798","S4","discovered","discovered",43.058
"tot3_0799","S4","neither","other",600.041
"tot3_0800","S4","discovered","discovered",12.181
"tot3_0801","S4","discovered","discovered",10.085
"tot3_0802","S4","discovered","discovered",43.231
"tot3_0803","S4","neither","other",600.043
"tot3_0804","S4","neither","other",600.053
"tot3_0805","S4","discovered","discovered",17.369
"tot3_0806","S4","neither","other",600.044
"tot3_0807","S4","discovered","discovered",11.396
"tot3_0808","S4","discovered","discovered",11.625
"tot3_0809","S4","discovered","discovered",12.109
"tot3_0810","S4","discovered","discovered",10.088
"tot3_0811","S4","discovered","discovered",12.047
"tot3_0812","S4","discovered","discovered",42.726
"tot3_0813","S4","discovered","discovered",21.58
"tot3_0814","S4","discovered","discovered",17.105
"tot3_0815","S4","neither","other",600.047
"tot3_0816","S4","discovered","discovered",20.28
"tot3_0817","S4","discovered","discovered",42.433
"tot3_0818","S4","discovered","discovered",16.128
"tot3_0819","S4","discovered","discovered",10.089
"tot3_0820","S4","discovered","discovered",11.805
"tot3_0821","S4","discovered","discovered",43.721
"tot3_0822","S4","discovered","discovered",12.551
"tot3_0823","S4","discovered","discovered",16.931
"tot3_0824","S4","neither","other",600.041
"tot3_0825","S4","neither","other",600.062
"tot3_0826","S4","discovered","discovered",12.129
"tot3_0827","S4","discovered","discovered",16.01
"tot3_0828","S4","discovered","discovered",10.086
"tot3_0829","S4","neither","other",600.051
"tot3_0830","S4","neither","other",600.039
"tot3_0831","S4","neither","other",600.041
"tot3_0832","S4","discovered","discovered",17.74
"tot3_0833","S4","neither","other",600.055
"tot3_0834","S4","neither","other",600.046
"tot3_0835","S4","neither","other",600.063
"tot3_0836","S4","discovered","discovered",17.33
"tot3_0837","S4","discovered","discovered",10.086
"tot3_0838","S4","discovered","discovered",210.038
"tot3_0839","S4","discovered","discovered",428.932
"tot3_0840","S4","discovered","discovered",10.379
"tot3_0841","S4","discovered","discovered",10.369
"tot3_0842","S4","discovered","discovered",11.046
"tot3_0843","S4","neither","other",600.063
"tot3_0844","S4","neither","other",600.055
"tot3_0845","S4","discovered","discovered",44.93
"tot3_0846","S4","discovered","discovered",10.717
"tot3_0847","S4","discovered","discovered",52.771
"tot3_0848","S4","discovered","discovered",47.125
"tot3_0849","S4","discovered","discovered",10.603
"tot3_0850","S4","discovered","discovered",10.552
"tot3_0851","S4","discovered","discovered",10.52
"tot3_0852","S4","discovered","discovered",64.369
"tot3_0853","S4","discovered","discovered",58.876
"tot3_0854","S4","discovered","discovered",41.422
"tot3_0855","S4","discovered","discovered",10.129
"tot3_0856","S4","neither","other",600.043
"tot3_0857","S4","neither","other",600.043
"tot3_0858","S4","neither","other",600.037
"tot3_0859","S4","discovered","discovered",10.209
"tot3_0860","S4","discovered","discovered",42.654
"tot3_0861","S4","discovered","discovered",18.192
"tot3_0862","S4","neither","other",600.04
"tot3_0863","S4","discovered","discovered",17.205
"tot3_0864","S4","discovered","discovered",10.085
"tot3_0865","S4","neither","other",600.044
"tot3_0866","S4","neither","other",600.068
"tot3_0867","S4","neither","other",600.049
"tot3_0868","S4","discovered","discovered",28.124
"tot3_0869","S4","neither","other",600.071
"tot3_0870","S4","discovered","discovered",44.815
"tot3_0871","S4","neither","other",600.086
"tot3_0872","S4","discovered","discovered",21.779
"tot3_0873","S4","discovered","discovered",10.804
"tot3_0874","S4","discovered","discovered",22.302
"tot3_0875","S4","neither","other",600.106
"tot3_0876","S4","neither","other",600.064
"tot3_0877","S4","discovered","discovered",45.197
"tot3_0878","S4","discovered","discovered",230.082
"tot3_0879","S4","discovered","discovered",20.751
"tot3_0880","S4","discovered","discovered",21.428
"tot3_0881","S4","discovered","discovered",19.197
"tot3_0882","S4","discovered","discovered",10.152
"tot3_0883","S4","neither","other",600.08
"tot3_0884","S4","neither","other",600.074
"tot3_0885","S4","neither","other",600.048
"tot3_0886","S4","discovered","discovered",27.38
"tot3_0887","S4","neither","other",600.144
"tot3_0888","S4","discovered","discovered",20.279
"tot3_0889","S4","discovered","discovered",19.453
"tot3_0890","S4","discovered","discovered",19.257
"tot3_0891","S4","discovered","discovered",10.163
"tot3_0892","S4","discovered","discovered",20.457
"tot3_0893","S4","neither","other",600.118
"tot3_0894","S4","discovered","discovered",44.484
"tot3_0895","S4","discovered","discovered",28.506
"tot3_0896","S4","neither","other",600.098
"tot3_0897","S4","discovered","discovered",28.819
"tot3_0898","S4","neither","other",600.081
"tot3_0899","S4","discovered","discovered",27.842
"tot3_0900","S4","discovered","discovered",10.147
"tot3_0901","S4","discovered","discovered",18.773
"tot3_0902","S4","neither","other",600.091
"tot3_0903","S4","discovered","discovered",21.438
"tot3_0904","S4","discovered","discovered",28.316
"tot3_0905","S4","neither","other",600.069
"tot3_0906","S4","neither","other",600.085
"tot3_0907","S4","neither","other",600.081
"tot3_0908","S4","discovered","discovered",26.385
"tot3_0909","S4","discovered","discovered",10.145
"tot3_0910","S4","neither","other",600.072
"tot3_0911","S4","discovered","discovered",18.922
"tot3_0912","S4","neither","other",600.067
"tot3_0913","S4","discovered","discovered",27.469
"tot3_0914","S4","neither","other",600.11
"tot3_0915","S4","neither","other",600.085
"tot3_0916","S4","neither","other",600.17
"tot3_0917","S4","discovered","discovered",34.425
"tot3_0918","S4","discovered","discovered",10.175
"tot3_0919","S4","discovered","discovered",228.245
"tot3_0920","S4","neither","other",600.091
"tot3_0921","S4","discovered","discovered",10.492
"tot3_0922","S4","discovered","discovered",10.505
"tot3_0923","S4","neither","other",600.096
"tot3_0924","S4","neither","other",600.073
"tot3_0925","S4","neither","other",600.09
"tot3_0926","S4","discovered","discovered",46.268
"tot3_0927","S4","discovered","discovered",10.233
"tot3_0928","S4","discovered","discovered",50.996
"tot3_0929","S4","neither","other",600.081
"tot3_0930","S4","discovered","discovered",10.473
"tot3_0931","S4","discovered","discovered",10.588
"tot3_0932","S4","discovered","discovered",56.393
"tot3_0933","S4","neither","other",600.094
"tot3_0934","S4","neither","other",600.036
"tot3_0935","S4","discovered","discovered",21.442
"tot3_0936","S4","discovered","discovered",10.088
"tot3_0937","S4","neither","other",600.063
"tot3_0938","S4","neither","other",600.056
"tot3_0939","S4","neither","other",600.059
"tot3_0940","S4","discovered","discovered",10.231
"tot3_0941","S4","neither","other",600.068
"tot3_0942","S4","neither","other",600.057
"tot3_0943","S4","neither","other",600.079
"tot3_0944","S4","discovered","discovered",20.867
"tot3_0945","S4","discovered","discovered",10.108
"tot3_0946","S4","neither","other",600.545
"tot3_0947","S4","neither","other",600.052
"tot3_0948","S4","neither","other",600.056
"tot3_0949","S4","discovered","discovered",19.472
"tot3_0950","S4","neither","other",600.085
"tot3_0951","S4","discovered","discovered",18.009
"tot3_0952","S4","neither","other",600.062
"tot3_0953","S4","discovered","discovered",12.914
"tot3_0954","S4","discovered","discovered",10.116
"tot3_0955","S4","neither","other",600.047
"tot3_0956","S4","discovered","discovered",42.11
"tot3_0957","S4","neither","other",600.039
"tot3_0958","S4","discovered","discovered",16.767
"tot3_0959","S4","discovered","discovered",43.96
"tot3_0960","S4","neither","other",600.057
"tot3_0961","S4","discovered","discovered",198.128
"tot3_0962","S4","discovered","discovered",14.572
"tot3_0963","S4","discovered","discovered",10.092
"tot3_0964","S4","neither","other",600.067
"tot3_0965","S4","discovered","discovered",17.596
"tot3_0966","S4","neither","other",600.049
"tot3_0967","S4","discovered","discovered",18.385
"tot3_0968","S4","neither","other",600.057
"tot3_0969","S4","neither","other",600.055
"tot3_0970","S4","discovered","discovered",12.499
"tot3_0971","S4","discovered","discovered",12.347
"tot3_0972","S4","discovered","discovered",10.088
"tot3_0973","S4","discovered","discovered",12.188
"tot3_0974","S4","discovered","discovered",43.324
"tot3_0975","S4","discovered","discovered",21.821
"tot3_0976","S4","discovered","discovered",16.879
"tot3_0977","S4","discovered","discovered",43.631
"tot3_0978","S4","discovered","discovered",12.439
"tot3_0979","S4","discovered","discovered",16.822
"tot3_0980","S4","discovered","discovered",16.5
"tot3_0981","S4","discovered","discovered",10.086
"tot3_0982","S4","discovered","discovered",12.077
"tot3_0983","S4","neither","other",600.055
"tot3_0984","S4","discovered","discovered",13.249
"tot3_0985","S4","discovered","discovered",16.806
"tot3_0986","S4","discovered","discovered",16.655
"tot3_0987","S4","neither","other",600.061
"tot3_0988","S4","discovered","discovered",17.017
"tot3_0989","S4","discovered","discovered",16.956
"tot3_0990","S4","discovered","discovered",10.097
"tot3_0991","S4","neither","other",600.049
"tot3_0992","S4","discovered","discovered",12.864
"tot3_0993","S4","neither","other",600.067
"tot3_0994","S4","discovered","discovered",18.729
"tot3_0995","S4","neither","other",600.062
"tot3_0996","S4","discovered","discovered",273.447
"tot3_0997","S4","neither","other",600.04
"tot3_0998","S4","discovered","discovered",18.35
"tot3_0999","S4","discovered","discovered",10.087
"tot3_1000","S4","discovered","discovered",211.214
"tot3_1001","S4","neither","other",600.058
"tot3_1002","S4","discovered","discovered",10.256
"tot3_1003","S4","discovered","discovered",10.251
"tot3_1004","S4","discovered","discovered",10.221
"tot3_1005","S4","discovered","discovered",18.586
"tot3_1006","S4","discovered","discovered",465.649
"tot3_1007","S4","discovered","discovered",29.861
"tot3_1008","S4","discovered","discovered",10.147
"tot3_1009","S4","discovered","discovered",48.306
"tot3_1010","S4","discovered","discovered",39.99
"tot3_1011","S4","discovered","discovered",10.347
"tot3_1012","S4","discovered","discovered",10.46
"tot3_1013","S4","discovered","discovered",10.817
"tot3_1014","S4","discovered","discovered",50.085
"tot3_1015","S4","discovered","discovered",29.538
"tot3_1016","S4","discovered","discovered",28.72
"tot3_1017","S4","discovered","discovered",10.157
"tot3_1018","S4","neither","other",600.085
"tot3_1019","S4","neither","other",600.058
"tot3_1020","S4","discovered","discovered",10.49
"tot3_1021","S4","discovered","discovered",10.33
"tot3_1022","S4","discovered","discovered",10.254
"tot3_1023","S4","neither","other",600.071
"tot3_1024","S4","discovered","discovered",20.225
"tot3_1025","S4","discovered","discovered",19.592
"tot3_1026","S4","discovered","discovered",10.095
"tot3_1027","S4","neither","other",600.076
"tot3_1028","S4","neither","other",600.064
"tot3_1029","S4","discovered","discovered",18.413
"tot3_1030","S4","discovered","discovered",17.551
"tot3_1031","S4","neither","other",600.04
"tot3_1032","S4","discovered","discovered",12.118
"tot3_1033","S4","neither","other",600.074
"tot3_1034","S4","discovered","discovered",18.04
"tot3_1035","S4","discovered","discovered",10.137
"tot3_1036","S4","neither","other",600.071
"tot3_1037","S4","neither","other",600.067
"tot3_1038","S4","neither","other",600.052
"tot3_1039","S4","discovered","discovered",18.046
"tot3_1040","S4","neither","other",600.057
"tot3_1041","S4","neither","other",600.1
"tot3_1042","S4","neither","other",600.063
"tot3_1043","S4","discovered","discovered",16.138
"tot3_1044","S4","discovered","discovered",10.155
"tot3_1045","S4","discovered","discovered",45.325
"tot3_1046","S4","neither","other",600.046
"tot3_1047","S4","neither","other",600.051
"tot3_1048","S4","discovered","discovered",21.399
"tot3_1049","S4","discovered","discovered",428.947
"tot3_1050","S4","discovered","discovered",14.917
"tot3_1051","S4","discovered","discovered",17.119
"tot3_1052","S4","discovered","discovered",15.275
"tot3_1053","S4","discovered","discovered",10.104
"tot3_1054","S4","discovered","discovered",15.973
"tot3_1055","S4","discovered","discovered",46.243
"tot3_1056","S4","discovered","discovered",24.228
"tot3_1057","S4","discovered","discovered",17.271
"tot3_1058","S4","discovered","discovered",424.717
"tot3_1059","S4","discovered","discovered",19.804
"tot3_1060","S4","neither","other",600.063
"tot3_1061","S4","discovered","discovered",21.971
"tot3_1062","S4","discovered","discovered",10.097
"tot3_1063","S4","discovered","discovered",13.568
"tot3_1064","S4","discovered","discovered",44.291
"tot3_1065","S4","discovered","discovered",13.239
"tot3_1066","S4","discovered","discovered",17.194
"tot3_1067","S4","discovered","discovered",480.802
"tot3_1068","S4","discovered","discovered",496.741
"tot3_1069","S4","neither","other",600.049
"tot3_1070","S4","discovered","discovered",20.444
"tot3_1071","S4","discovered","discovered",10.132
"tot3_1072","S4","neither","other",600.081
"tot3_1073","S4","discovered","discovered",13.48
"tot3_1074","S4","neither","other",600.058
"tot3_1075","S4","discovered","discovered",15.904
"tot3_1076","S4","discovered","discovered",16.116
"tot3_1077","S4","neither","other",600.057
"tot3_1078","S4","neither","other",600.06
"tot3_1079","S4","discovered","discovered",16.206
"tot3_1080","S4","discovered","discovered",10.088
"tot3_1081","S4","discovered","discovered",208.175
"tot3_1082","S4","discovered","discovered",421.789
"tot3_1083","S4","discovered","discovered",10.208
"tot3_1084","S4","discovered","discovered",10.212
"tot3_1085","S4","discovered","discovered",10.204
"tot3_1086","S4","neither","other",600.058
"tot3_1087","S4","discovered","discovered",17.554
"tot3_1088","S4","discovered","discovered",17.287
"tot3_1089","S4","discovered","discovered",10.085
"tot3_1090","S4","discovered","discovered",42.186
"tot3_1091","S4","discovered","discovered",16.091
"tot3_1092","S4","discovered","discovered",10.208
"tot3_1093","S4","discovered","discovered",10.196
"tot3_1094","S4","discovered","discovered",10.212
"tot3_1095","S4","discovered","discovered",17.407
"tot3_1096","S4","discovered","discovered",17.183
"tot3_1097","S4","discovered","discovered",17.438
"tot3_1098","S4","discovered","discovered",10.086
"tot3_1099","S4","discovered","discovered",41.36
"tot3_1100","S4","discovered","discovered",16.333
"tot3_1101","S4","discovered","discovered",10.22
"tot3_1102","S4","discovered","discovered",10.203
"tot3_1103","S4","discovered","discovered",10.211
"tot3_1104","S4","discovered","discovered",17.157
"tot3_1105","S4","discovered","discovered",17.122
"tot3_1106","S4","discovered","discovered",17.102
"tot3_1107","S4","discovered","discovered",10.088
"tot3_1108","S4","neither","other",600.052
"tot3_1109","S4","discovered","discovered",42.893
"tot3_1110","S4","discovered","discovered",42.168
"tot3_1111","S4","discovered","discovered",16.824
"tot3_1112","S4","discovered","discovered",17.041
"tot3_1113","S4","discovered","discovered",43.17
"tot3_1114","S4","discovered","discovered",11.997
"tot3_1115","S4","discovered","discovered",12.098
"tot3_1116","S4","discovered","discovered",10.09
"tot3_1117","S4","discovered","discovered",42.452
"tot3_1118","S4","discovered","discovered",16.554
"tot3_1119","S4","discovered","discovered",16.751
"tot3_1120","S4","discovered","discovered",16.881
"tot3_1121","S4","discovered","discovered",16.682
"tot3_1122","S4","discovered","discovered",11.732
"tot3_1123","S4","discovered","discovered",11.681
"tot3_1124","S4","discovered","discovered",11.969
"tot3_1125","S4","discovered","discovered",10.085
"tot3_1126","S4","discovered","discovered",42.231
"tot3_1127","S4","discovered","discovered",16.104
"tot3_1128","S4","discovered","discovered",16.944
"tot3_1129","S4","discovered","discovered",16.552
"tot3_1130","S4","discovered","discovered",17.037
"tot3_1131","S4","discovered","discovered",12.171
"tot3_1132","S4","discovered","discovered",11.907
"tot3_1133","S4","discovered","discovered",11.952
"tot3_1134","S4","discovered","discovered",10.092
"tot3_1135","S4","discovered","discovered",11.73
"tot3_1136","S4","neither","other",600.059
"tot3_1137","S4","discovered","discovered",22.221
"tot3_1138","S4","discovered","discovered",16.727
"tot3_1139","S4","neither","other",600.059
"tot3_1140","S4","discovered","discovered",16.803
"tot3_1141","S4","neither","other",600.043
"tot3_1142","S4","discovered","discovered",16.932
"tot3_1143","S4","discovered","discovered",10.086
"tot3_1144","S4","discovered","discovered",11.964
"tot3_1145","S4","neither","other",600.092
"tot3_1146","S4","discovered","discovered",12.865
"tot3_1147","S4","discovered","discovered",16.875
"tot3_1148","S4","neither","other",600.059
"tot3_1149","S4","neither","other",600.045
"tot3_1150","S4","neither","other",600.054
"tot3_1151","S4","discovered","discovered",16.535
"tot3_1152","S4","discovered","discovered",10.086
"tot3_1153","S4","neither","other",600.06
"tot3_1154","S4","discovered","discovered",11.755
"tot3_1155","S4","neither","other",600.057
"tot3_1156","S4","discovered","discovered",16.991
"tot3_1157","S4","discovered","discovered",440.937
"tot3_1158","S4","neither","other",600.079
"tot3_1159","S4","neither","other",600.055
"tot3_1160","S4","discovered","discovered",16.091
"tot3_1161","S4","discovered","discovered",10.087
"tot3_1162","S4","discovered","discovered",207.04
"tot3_1163","S4","discovered","discovered",41.779
"tot3_1164","S4","discovered","discovered",10.2
"tot3_1165","S4","discovered","discovered",10.196
"tot3_1166","S4","discovered","discovered",10.2
"tot3_1167","S4","neither","other",600.047
"tot3_1168","S4","discovered","discovered",17.151
"tot3_1169","S4","discovered","discovered",17.962
"tot3_1170","S4","discovered","discovered",10.086
"tot3_1171","S4","discovered","discovered",42.199
"tot3_1172","S4","discovered","discovered",42.485
"tot3_1173","S4","discovered","discovered",10.204
"tot3_1174","S4","discovered","discovered",10.199
"tot3_1175","S4","discovered","discovered",10.211
"tot3_1176","S4","discovered","discovered",17.448
"tot3_1177","S4","discovered","discovered",17.268
"tot3_1178","S4","discovered","discovered",17.995
"tot3_1179","S4","discovered","discovered",10.084
"tot3_1180","S4","discovered","discovered",48.593
"tot3_1181","S4","discovered","discovered",16.202
"tot3_1182","S4","discovered","discovered",10.199
"tot3_1183","S4","discovered","discovered",10.201
"tot3_1184","S4","discovered","discovered",10.198
"tot3_1185","S4","discovered","discovered",17.207
"tot3_1186","S4","discovered","discovered",17.172
"tot3_1187","S4","discovered","discovered",17.159
"tot3_1188","S4","discovered","discovered",10.086
"tot3_1189","S4","discovered","discovered",41.647
"tot3_1190","S4","discovered","discovered",43.487
"tot3_1191","S4","discovered","discovered",42.288
"tot3_1192","S4","discovered","discovered",16.72
"tot3_1193","S4","discovered","discovered",16.568
"tot3_1194","S4","discovered","discovered",16.915
"tot3_1195","S4","discovered","discovered",11.739
"tot3_1196","S4","discovered","discovered",11.863
"tot3_1197","S4","discovered","discovered",10.085
"tot3_1198","S4","discovered","discovered",41.745
"tot3_1199","S4","discovered","discovered",495.435
"tot3_1200","S4","discovered","discovered",424.838
"tot3_1201","S4","discovered","discovered",16.388
"tot3_1202","S4","discovered","discovered",17.078
"tot3_1203","S4","discovered","discovered",43.092
"tot3_1204","S4","discovered","discovered",11.961
"tot3_1205","S4","discovered","discovered",12.095
"tot3_1206","S4","discovered","discovered",10.091
"tot3_1207","S4","discovered","discovered",43.322
"tot3_1208","S4","discovered","discovered",16.551
"tot3_1209","S4","discovered","discovered",16.565
"tot3_1210","S4","discovered","discovered",16.777
"tot3_1211","S4","discovered","discovered",16.794
"tot3_1212","S4","discovered","discovered",43.043
"tot3_1213","S4","discovered","discovered",11.756
"tot3_1214","S4","discovered","discovered",11.855
"tot3_1215","S4","discovered","discovered",10.087
"tot3_1216","S4","discovered","discovered",12.02
"tot3_1217","S4","discovered","discovered",41.555
"tot3_1218","S4","discovered","discovered",22.475
"tot3_1219","S4","discovered","discovered",16.716
"tot3_1220","S4","neither","other",600.076
"tot3_1221","S4","discovered","discovered",11.94
"tot3_1222","S4","neither","other",600.075
"tot3_1223","S4","discovered","discovered",16.367
"tot3_1224","S4","discovered","discovered",10.084
"tot3_1225","S4","discovered","discovered",11.932
"tot3_1226","S4","neither","other",600.072
"tot3_1227","S4","discovered","discovered",12.581
"tot3_1228","S4","discovered","discovered",16.54
"tot3_1229","S4","discovered","discovered",42.586
"tot3_1230","S4","neither","other",600.07
"tot3_1231","S4","neither","other",600.068
"tot3_1232","S4","discovered","discovered",16.185
"tot3_1233","S4","discovered","discovered",10.084
"tot3_1234","S4","neither","other",600.06
"tot3_1235","S4","discovered","discovered",11.772
"tot3_1236","S4","neither","other",600.06
"tot3_1237","S4","discovered","discovered",16.294
"tot3_1238","S4","neither","other",600.058
"tot3_1239","S4","discovered","discovered",270.945
"tot3_1240","S4","discovered","discovered",55.931
"tot3_1241","S4","discovered","discovered",16.577
"tot3_1242","S4","discovered","discovered",10.089
"tot3_1243","S4","discovered","discovered",206.926
"tot3_1244","S4","neither","other",600.056
"tot3_1245","S4","discovered","discovered",10.216
"tot3_1246","S4","discovered","discovered",10.196
"tot3_1247","S4","discovered","discovered",10.197
"tot3_1248","S4","discovered","discovered",11.829
"tot3_1249","S4","neither","other",600.059
"tot3_1250","S4","discovered","discovered",17.103
"tot3_1251","S4","discovered","discovered",10.085
"tot3_1252","S4","discovered","discovered",41.762
"tot3_1253","S4","discovered","discovered",16.203
"tot3_1254","S4","discovered","discovered",10.196
"tot3_1255","S4","discovered","discovered",10.201
"tot3_1256","S4","discovered","discovered",10.203
"tot3_1257","S4","neither","other",600.062
"tot3_1258","S4","neither","other",600.064
"tot3_1259","S4","discovered","discovered",17.605
"tot3_1260","S4","discovered","discovered",10.085
"tot3_1261","S4","neither","other",600.06
"tot3_1262","S4","neither","other",600.056
"tot3_1263","S4","neither","other",600.06
"tot3_1264","S4","discovered","discovered",10.216
"tot3_1265","S4","neither","other",600.058
"tot3_1266","S4","neither","other",600.059
"tot3_1267","S4","neither","other",600.061
"tot3_1268","S4","discovered","discovered",17.506
"tot3_1269","S4","discovered","discovered",10.088
"tot3_1270","S4","neither","other",600.06
"tot3_1271","S4","discovered","discovered",287.498
"tot3_1272","S4","discovered","discovered",16.147
"tot3_1273","S4","discovered","discovered",17.616
"tot3_1274","S4","neither","other",600.063
"tot3_1275","S4","discovered","discovered",12.152
"tot3_1276","S4","neither","other",600.065
"tot3_1277","S4","discovered","discovered",12.035
"tot3_1278","S4","discovered","discovered",10.085
"tot3_1279","S4","neither","other",600.059
"tot3_1280","S4","neither","other",600.063
"tot3_1281","S4","neither","other",600.057
"tot3_1282","S4","discovered","discovered",16.655
"tot3_1283","S4","neither","other",600.096
"tot3_1284","S4","discovered","discovered",41.671
"tot3_1285","S4","neither","other",600.063
"tot3_1286","S4","discovered","discovered",12.296
"tot3_1287","S4","discovered","discovered",10.088
"tot3_1288","S4","discovered","discovered",43.908
"tot3_1289","S4","neither","other",600.059
"tot3_1290","S4","neither","other",600.063
"tot3_1291","S4","discovered","discovered",17.312
"tot3_1292","S4","neither","other",600.063
"tot3_1293","S4","discovered","discovered",12.415
"tot3_1294","S4","discovered","discovered",12.105
"tot3_1295","S4","discovered","discovered",11.82
"tot3_1296","S4","discovered","discovered",10.094
"tot3_1297","S4","discovered","discovered",12.109
"tot3_1298","S4","discovered","discovered",42.974
"tot3_1299","S4","discovered","discovered",22.585
"tot3_1300","S4","discovered","discovered",16.358
"tot3_1301","S4","neither","other",600.062
"tot3_1302","S4","discovered","discovered",17.406
"tot3_1303","S4","neither","other",600.054
"tot3_1304","S4","discovered","discovered",16.087
"tot3_1305","S4","discovered","discovered",10.085
"tot3_1306","S4","discovered","discovered",11.842
"tot3_1307","S4","discovered","discovered",43.128
"tot3_1308","S4","discovered","discovered",12.822
"tot3_1309","S4","discovered","discovered",16.685
"tot3_1310","S4","neither","other",600.057
"tot3_1311","S4","neither","other",600.063
"tot3_1312","S4","discovered","discovered",12.468
"tot3_1313","S4","discovered","discovered",16.624
"tot3_1314","S4","discovered","discovered",10.084
"tot3_1315","S4","neither","other",600.063
"tot3_1316","S4","neither","other",600.058
"tot3_1317","S4","neither","other",600.053
"tot3_1318","S4","discovered","discovered",16.675
"tot3_1319","S4","neither","other",600.057
"tot3_1320","S4","neither","other",600.052
"tot3_1321","S4","neither","other",600.054
"tot3_1322","S4","discovered","discovered",16.398
"tot3_1323","S4","discovered","discovered",10.084
"tot3_1324","S4","discovered","discovered",207.182
"tot3_1325","S4","discovered","discovered",422.572
"tot3_1326","S4","discovered","discovered",10.205
"tot3_1327","S4","discovered","discovered",10.203
"tot3_1328","S4","discovered","discovered",10.197
"tot3_1329","S4","neither","other",600.061
"tot3_1330","S4","discovered","discovered",41.97
"tot3_1331","S4","discovered","discovered",17.599
"tot3_1332","S4","discovered","discovered",10.089
"tot3_1333","S4","discovered","discovered",43.79
"tot3_1334","S4","discovered","discovered",17.234
"tot3_1335","S4","discovered","discovered",10.211
"tot3_1336","S4","discovered","discovered",10.221
"tot3_1337","S4","discovered","discovered",10.259
"tot3_1338","S4","discovered","discovered",17.841
"tot3_1339","S4","discovered","discovered",43.774
"tot3_1340","S4","discovered","discovered",17.887
"tot3_1341","S4","discovered","discovered",10.088
"tot3_1342","S4","neither","other",600.032
"tot3_1343","S4","discovered","discovered",45.833
"tot3_1344","S4","discovered","discovered",43.716
"tot3_1345","S4","discovered","discovered",10.209
"tot3_1346","S4","discovered","discovered",10.207
"tot3_1347","S4","discovered","discovered",17.588
"tot3_1348","S4","discovered","discovered",42.282
"tot3_1349","S4","discovered","discovered",17.273
"tot3_1350","S4","discovered","discovered",10.087
"tot3_1351","S4","neither","other",600.046
"tot3_1352","S4","discovered","discovered",41.787
"tot3_1353","S4","discovered","discovered",41.56
"tot3_1354","S4","discovered","discovered",17.796
"tot3_1355","S4","discovered","discovered",17.195
"tot3_1356","S4","discovered","discovered",44.025
"tot3_1357","S4","discovered","discovered",12.017
"tot3_1358","S4","discovered","discovered",11.725
"tot3_1359","S4","discovered","discovered",10.087
"tot3_1360","S4","discovered","discovered",42.242
"tot3_1361","S4","discovered","discovered",16.288
"tot3_1362","S4","discovered","discovered",17.409
"tot3_1363","S4","discovered","discovered",16.667
"tot3_1364","S4","discovered","discovered",16.477
"tot3_1365","S4","discovered","discovered",11.864
"tot3_1366","S4","discovered","discovered",12.39
"tot3_1367","S4","discovered","discovered",11.887
"tot3_1368","S4","discovered","discovered",10.094
"tot3_1369","S4","discovered","discovered",42.582
"tot3_1370","S4","discovered","discovered",16.267
"tot3_1371","S4","discovered","discovered",16.785
"tot3_1372","S4","discovered","discovered",16.965
"tot3_1373","S4","discovered","discovered",17.44
"tot3_1374","S4","discovered","discovered",11.773
"tot3_1375","S4","discovered","discovered",12.217
"tot3_1376","S4","discovered","discovered",12.156
"tot3_1377","S4","discovered","discovered",10.085
"tot3_1378","S4","discovered","discovered",12.155
"tot3_1379","S4","neither","other",600.091
"tot3_1380","S4","discovered","discovered",21.456
"tot3_1381","S4","discovered","discovered",16.595
"tot3_1382","S4","neither","other",600.136
"tot3_1383","S4","discovered","discovered",42.856
"tot3_1384","S4","neither","other",600.049
"tot3_1385","S4","discovered","discovered",16.614
"tot3_1386","S4","discovered","discovered",10.086
"tot3_1387","S4","discovered","discovered",12.337
"tot3_1388","S4","neither","other",600.058
"tot3_1389","S4","discovered","discovered",13.295
"tot3_1390","S4","discovered","discovered",16.607
"tot3_1391","S4","neither","other",600.083
"tot3_1392","S4","neither","other",600.053
"tot3_1393","S4","neither","other",600.057
"tot3_1394","S4","discovered","discovered",17.477
"tot3_1395","S4","discovered","discovered",10.085
"tot3_1396","S4","neither","other",600.084
"tot3_1397","S4","discovered","discovered",40.402
"tot3_1398","S4","neither","other",600.057
"tot3_1399","S4","discovered","discovered",17.51
"tot3_1400","S4","discovered","discovered",16.34
"tot3_1401","S4","discovered","discovered",288.524
"tot3_1402","S4","discovered","discovered",281.049
"tot3_1403","S4","discovered","discovered",17.051
"tot3_1404","S4","discovered","discovered",10.087
"tot3_1405","S4","discovered","discovered",206.291
"tot3_1406","S4","neither","other",600.082
"tot3_1407","S4","discovered","discovered",10.22
"tot3_1408","S4","discovered","discovered",10.2
"tot3_1409","S4","discovered","discovered",274.341
"tot3_1410","S4","neither","other",600.061
"tot3_1411","S4","discovered","discovered",225.536
"tot3_1412","S4","discovered","discovered",17.881
"tot3_1413","S4","discovered","discovered",10.086
"tot3_1414","S4","discovered","discovered",42.742
"tot3_1415","S4","neither","other",600.093
"tot3_1416","S4","discovered","discovered",10.463
"tot3_1417","S4","discovered","discovered",10.206
"tot3_1418","S4","discovered","discovered",272.403
"tot3_1419","S4","neither","other",600.068
"tot3_1420","S4","discovered","discovered",222.662
"tot3_1421","S4","discovered","discovered",17.19
"tot3_1422","S4","discovered","discovered",10.088
"tot3_1423","S4","neither","other",600.065
"tot3_1424","S4","neither","other",600.06
"tot3_1425","S4","neither","other",600.058
"tot3_1426","S4","discovered","discovered",10.216
"tot3_1427","S4","discovered","discovered",273.62
"tot3_1428","S4","discovered","discovered",225.306
"tot3_1429","S4","discovered","discovered",222.729
"tot3_1430","S4","discovered","discovered",17.11
"tot3_1431","S4","discovered","discovered",10.089
"tot3_1432","S4","discovered","discovered",41.791
"tot3_1433","S4","discovered","discovered",41.641
"tot3_1434","S4","discovered","discovered",43.109
"tot3_1435","S4","discovered","discovered",16.712
"tot3_1436","S4","discovered","discovered",16.625
"tot3_1437","S4","discovered","discovered",12.334
"tot3_1438","S4","discovered","discovered",11.966
"tot3_1439","S4","discovered","discovered",12.099
"tot3_1440","S4","discovered","discovered",10.092
"tot3_1441","S4","discovered","discovered",41.927
"tot3_1442","S4","discovered","discovered",16.277
"tot3_1443","S4","discovered","discovered",424.845
"tot3_1444","S4","discovered","discovered",17.178
"tot3_1445","S4","discovered","discovered",16.355
"tot3_1446","S4","discovered","discovered",12.483
"tot3_1447","S4","discovered","discovered",11.674
"tot3_1448","S4","discovered","discovered",11.891
"tot3_1449","S4","discovered","discovered",10.091
"tot3_1450","S4","discovered","discovered",43.897
"tot3_1451","S4","discovered","discovered",16.607
"tot3_1452","S4","discovered","discovered",16.633
"tot3_1453","S4","discovered","discovered",17.036
"tot3_1454","S4","discovered","discovered",16.559
"tot3_1455","S4","discovered","discovered",12.063
"tot3_1456","S4","discovered","discovered",12.2
"tot3_1457","S4","discovered","discovered",11.825
"tot3_1458","S4","discovered","discovered",10.087
"tot3_1459","S4","discovered","discovered",11.602
"tot3_1460","S4","discovered","discovered",270.971
"tot3_1461","S4","discovered","discovered",21.703
"tot3_1462","S4","discovered","discovered",16.815
"tot3_1463","S4","neither","other",600.063
"tot3_1464","S4","discovered","discovered",17.269
"tot3_1465","S4","discovered","discovered",16.783
"tot3_1466","S4","discovered","discovered",11.926
"tot3_1467","S4","discovered","discovered",10.085
"tot3_1468","S4","discovered","discovered",11.726
"tot3_1469","S4","neither","other",600.061
"tot3_1470","S4","discovered","discovered",12.864
"tot3_1471","S4","discovered","discovered",16.518
"tot3_1472","S4","neither","other",600.063
"tot3_1473","S4","neither","other",600.058
"tot3_1474","S4","discovered","discovered",16.095
"tot3_1475","S4","discovered","discovered",12.274
"tot3_1476","S4","discovered","discovered",10.086
"tot3_1477","S4","discovered","discovered",11.925
"tot3_1478","S4","discovered","discovered",11.824
"tot3_1479","S4","discovered","discovered",41.918
"tot3_1480","S4","discovered","discovered",16.998
"tot3_1481","S4","discovered","discovered",16.421
"tot3_1482","S4","discovered","discovered",11.834
"tot3_1483","S4","discovered","discovered",12.223
"tot3_1484","S4","discovered","discovered",11.795
"tot3_1485","S4","discovered","discovered",10.086
"tot3_1486","S4","discovered","discovered",205.858
"tot3_1487","S4","discovered","discovered",273.414
"tot3_1488","S4","discovered","discovered",10.203
"tot3_1489","S4","discovered","discovered",10.203
"tot3_1490","S4","discovered","discovered",10.214
"tot3_1491","S4","discovered","discovered",16.45
"tot3_1492","S4","neither","other",600.063
"tot3_1493","S4","discovered","discovered",12.539
"tot3_1494","S4","discovered","discovered",10.085
"tot3_1495","S4","discovered","discovered",42.872
"tot3_1496","S4","discovered","discovered",16.356
"tot3_1497","S4","discovered","discovered",10.207
"tot3_1498","S4","discovered","discovered",10.214
"tot3_1499","S4","discovered","discovered",10.211
"tot3_1500","S4","discovered","discovered",42.775
"tot3_1501","S4","neither","other",600.052
"tot3_1502","S4","discovered","discovered",12.229
"tot3_1503","S4","discovered","discovered",10.085
"tot3_1504","S4","neither","other",600.052
"tot3_1505","S4","discovered","discovered",12.129
"tot3_1506","S4","neither","other",600.052
"tot3_1507","S4","discovered","discovered",10.214
"tot3_1508","S4","neither","other",600.056
"tot3_1509","S4","discovered","discovered",12.986
"tot3_1510","S4","discovered","discovered",12.516
"tot3_1511","S4","discovered","discovered",12.042
"tot3_1512","S4","discovered","discovered",10.086
"tot3_1513","S4","neither","other",600.06
"tot3_1514","S4","discovered","discovered",270.49
"tot3_1515","S4","discovered","discovered",16.498
"tot3_1516","S4","discovered","discovered",16.598
"tot3_1517","S4","discovered","discovered",274.165
"tot3_1518","S4","discovered","discovered",16.615
"tot3_1519","S4","neither","other",600.061
"tot3_1520","S4","discovered","discovered",13.378
"tot3_1521","S4","discovered","discovered",10.09
"tot3_1522","S4","neither","other",600.053
"tot3_1523","S4","neither","other",600.057
"tot3_1524","S4","neither","other",600.048
"tot3_1525","S4","discovered","discovered",17.14
"tot3_1526","S4","neither","other",600.057
"tot3_1527","S4","neither","other",600.048
"tot3_1528","S4","neither","other",600.051
"tot3_1529","S4","discovered","discovered",12.182
"tot3_1530","S4","discovered","discovered",10.085
"tot3_1531","S4","neither","other",600.046
"tot3_1532","S4","discovered","discovered",12.266
"tot3_1533","S4","discovered","discovered",16.891
"tot3_1534","S4","discovered","discovered",16.61
"tot3_1535","S4","discovered","discovered",16.611
"tot3_1536","S4","discovered","discovered",12.386
"tot3_1537","S4","discovered","discovered",12.069
"tot3_1538","S4","discovered","discovered",12.07
"tot3_1539","S4","discovered","discovered",10.084
"tot3_1540","S4","discovered","discovered",11.891
"tot3_1541","S4","neither","other",600.088
"tot3_1542","S4","discovered","discovered",22.908
"tot3_1543","S4","discovered","discovered",16.682
"tot3_1544","S4","neither","other",600.051
"tot3_1545","S4","discovered","discovered",43.205
"tot3_1546","S4","neither","other",600.073
"tot3_1547","S4","discovered","discovered",12.053
"tot3_1548","S4","discovered","discovered",10.09
"tot3_1549","S4","discovered","discovered",12.41
"tot3_1550","S4","neither","other",600.06
"tot3_1551","S4","discovered","discovered",13.562
"tot3_1552","S4","discovered","discovered",17.993
"tot3_1553","S4","neither","other",600.069
"tot3_1554","S4","neither","other",600.062
"tot3_1555","S4","discovered","discovered",43.323
"tot3_1556","S4","discovered","discovered",12.223
"tot3_1557","S4","discovered","discovered",10.088
"tot3_1558","S4","neither","other",600.054
"tot3_1559","S4","discovered","discovered",11.897
"tot3_1560","S4","neither","other",600.049
"tot3_1561","S4","discovered","discovered",17.038
"tot3_1562","S4","neither","other",600.053
"tot3_1563","S4","neither","other",600.054
"tot3_1564","S4","neither","other",600.069
"tot3_1565","S4","discovered","discovered",13.693
"tot3_1566","S4","discovered","discovered",10.181
"tot3_1567","S4","discovered","discovered",210.282
"tot3_1568","S4","neither","other",600.052
"tot3_1569","S4","discovered","discovered",10.208
"tot3_1570","S4","discovered","discovered",10.208
"tot3_1571","S4","discovered","discovered",10.209
"tot3_1572","S4","neither","other",600.042
"tot3_1573","S4","neither","other",600.054
"tot3_1574","S4","discovered","discovered",12.42
"tot3_1575","S4","discovered","discovered",10.084
"tot3_1576","S4","discovered","discovered",42.912
"tot3_1577","S4","discovered","discovered",17.292
"tot3_1578","S4","discovered","discovered",10.205
"tot3_1579","S4","discovered","discovered",10.206
"tot3_1580","S4","discovered","discovered",10.211
"tot3_1581","S4","discovered","discovered",16.836
"tot3_1582","S4","discovered","discovered",16.861
"tot3_1583","S4","discovered","discovered",12.213
"tot3_1584","S4","discovered","discovered",10.092
"tot3_1585","S4","neither","other",600.049
"tot3_1586","S4","discovered","discovered",12.48
"tot3_1587","S4","neither","other",600.054
"tot3_1588","S4","discovered","discovered",10.198
"tot3_1589","S4","neither","other",600.056
"tot3_1590","S4","neither","other",600.064
"tot3_1591","S4","discovered","discovered",41.902
"tot3_1592","S4","discovered","discovered",12.27
"tot3_1593","S4","discovered","discovered",10.095
"tot3_1594","S4","neither","other",600.047
"tot3_1595","S4","neither","other",600.054
"tot3_1596","S4","neither","other",600.077
"tot3_1597","S4","discovered","discovered",22.242
"tot3_1598","S4","neither","other",600.064
"tot3_1599","S4","neither","other",600.058
"tot3_1600","S4","neither","other",600.059
"tot3_1601","S4","discovered","discovered",15.771
"tot3_1602","S4","discovered","discovered",10.095
"tot3_1603","S4","neither","other",600.063
"tot3_1604","S4","neither","other",600.064
"tot3_1605","S4","neither","other",600.056
"tot3_1606","S4","discovered","discovered",19.659
"tot3_1607","S4","neither","other",600.065
"tot3_1608","S4","neither","other",600.054
"tot3_1609","S4","neither","other",600.063
"tot3_1610","S4","discovered","discovered",12.49
"tot3_1611","S4","discovered","discovered",10.087
"tot3_1612","S4","neither","other",600.06
"tot3_1613","S4","discovered","discovered",11.77
"tot3_1614","S4","neither","other",600.055
"tot3_1615","S4","discovered","discovered",16.578
"tot3_1616","S4","neither","other",600.061
"tot3_1617","S4","neither","other",600.056
"tot3_1618","S4","neither","other",600.055
"tot3_1619","S4","discovered","discovered",12.255
"tot3_1620","S4","discovered","discovered",10.087
"tot3_1621","S4","discovered","discovered",12.473
"tot3_1622","S4","discovered","discovered",42.184
"tot3_1623","S4","discovered","discovered",21.216
"tot3_1624","S4","discovered","discovered",17.21
"tot3_1625","S4","discovered","discovered",41.565
"tot3_1626","S4","discovered","discovered",12.114
"tot3_1627","S4","neither","other",600.061
"tot3_1628","S4","discovered","discovered",12.406
"tot3_1629","S4","discovered","discovered",10.09
"tot3_1630","S4","discovered","discovered",12.551
"tot3_1631","S4","discovered","discovered",42.3
"tot3_1632","S4","discovered","discovered",12.911
"tot3_1633","S4","discovered","discovered",16.42
"tot3_1634","S4","neither","other",600.062
"tot3_1635","S4","neither","other",600.054
"tot3_1636","S4","discovered","discovered",434.706
"tot3_1637","S4","discovered","discovered",12.003
"tot3_1638","S4","discovered","discovered",10.087
"tot3_1639","S4","discovered","discovered",11.827
"tot3_1640","S4","discovered","discovered",11.968
"tot3_1641","S4","discovered","discovered",16.488
"tot3_1642","S4","discovered","discovered",16.605
"tot3_1643","S4","discovered","discovered",16.099
"tot3_1644","S4","discovered","discovered",11.687
"tot3_1645","S4","discovered","discovered",11.736
"tot3_1646","S4","discovered","discovered",11.625
"tot3_1647","S4","discovered","discovered",10.084
"tot3_1648","S4","discovered","discovered",206.993
"tot3_1649","S4","discovered","discovered",43.511
"tot3_1650","S4","discovered","discovered",10.203
"tot3_1651","S4","discovered","discovered",10.2
"tot3_1652","S4","neither","other",600.046
"tot3_1653","S4","discovered","discovered",12.236
"tot3_1654","S4","neither","other",600.08
"tot3_1655","S4","discovered","discovered",11.914
"tot3_1656","S4","discovered","discovered",10.085
"tot3_1657","S4","discovered","discovered",41.497
"tot3_1658","S4","neither","other",600.052
"tot3_1659","S4","discovered","discovered",10.216
"tot3_1660","S4","discovered","discovered",10.197
"tot3_1661","S4","neither","other",600.056
"tot3_1662","S4","neither","other",600.057
"tot3_1663","S4","neither","other",600.054
"tot3_1664","S4","discovered","discovered",12.062
"tot3_1665","S4","discovered","discovered",10.086
"tot3_1666","S4","discovered","discovered",44.119
"tot3_1667","S4","discovered","discovered",11.717
"tot3_1668","S4","discovered","discovered",43.361
"tot3_1669","S4","discovered","discovered",10.224
"tot3_1670","S4","discovered","discovered",43.559
"tot3_1671","S4","discovered","discovered",11.979
"tot3_1672","S4","discovered","discovered",12.115
"tot3_1673","S4","discovered","discovered",11.785
"tot3_1674","S4","discovered","discovered",10.085
"tot3_1675","S4","discovered","discovered",43.06
"tot3_1676","S4","discovered","discovered",41.274
"tot3_1677","S4","discovered","discovered",16.184
"tot3_1678","S4","discovered","discovered",16.449
"tot3_1679","S4","discovered","discovered",16.716
"tot3_1680","S4","discovered","discovered",12.591
"tot3_1681","S4","discovered","discovered",42.173
"tot3_1682","S4","discovered","discovered",11.981
"tot3_1683","S4","discovered","discovered",10.092
"tot3_1684","S4","discovered","discovered",43.084
"tot3_1685","S4","discovered","discovered",41.698
"tot3_1686","S4","neither","other",600.048
"tot3_1687","S4","discovered","discovered",17.199
"tot3_1688","S4","discovered","discovered",16.885
"tot3_1689","S4","discovered","discovered",42.173
"tot3_1690","S4","discovered","discovered",42.484
"tot3_1691","S4","discovered","discovered",11.899
"tot3_1692","S4","discovered","discovered",10.092
"tot3_1693","S4","discovered","discovered",41.945
"tot3_1694","S4","discovered","discovered",11.635
"tot3_1695","S4","discovered","discovered",17.184
"tot3_1696","S4","discovered","discovered",16.804
"tot3_1697","S4","discovered","discovered",16.437
"tot3_1698","S4","discovered","discovered",11.916
"tot3_1699","S4","discovered","discovered",11.947
"tot3_1700","S4","discovered","discovered",11.509
"tot3_1701","S4","discovered","discovered",10.088
"tot3_1702","S4","discovered","discovered",11.92
"tot3_1703","S4","discovered","discovered",272.585
"tot3_1704","S4","discovered","discovered",21.312
"tot3_1705","S4","discovered","discovered",16.667
"tot3_1706","S4","neither","other",600.059
"tot3_1707","S4","discovered","discovered",16.371
"tot3_1708","S4","discovered","discovered",16.912
"tot3_1709","S4","discovered","discovered",12.311
"tot3_1710","S4","discovered","discovered",10.086
"tot3_1711","S4","discovered","discovered",11.859
"tot3_1712","S4","neither","other",600.053
"tot3_1713","S4","discovered","discovered",12.937
"tot3_1714","S4","discovered","discovered",17.194
"tot3_1715","S4","neither","other",600.059
"tot3_1716","S4","neither","other",600.062
"tot3_1717","S4","discovered","discovered",43.404
"tot3_1718","S4","discovered","discovered",11.93
"tot3_1719","S4","discovered","discovered",10.086
"tot3_1720","S4","neither","other",600.052
"tot3_1721","S4","discovered","discovered",11.776
"tot3_1722","S4","discovered","discovered",43.254
"tot3_1723","S4","discovered","discovered",16.461
"tot3_1724","S4","discovered","discovered",42.635
"tot3_1725","S4","discovered","discovered",11.699
"tot3_1726","S4","discovered","discovered",41.942
"tot3_1727","S4","discovered","discovered",11.775
"tot3_1728","S4","discovered","discovered",10.089
"tot3_1729","S4","discovered","discovered",207.257
"tot3_1730","S4","discovered","discovered",271.218
"tot3_1731","S4","discovered","discovered",10.2
"tot3_1732","S4","discovered","discovered",10.216
"tot3_1733","S4","discovered","discovered",10.198
"tot3_1734","S4","discovered","discovered",16.104
"tot3_1735","S4","neither","other",600.068
"tot3_1736","S4","discovered","discovered",12.232
"tot3_1737","S4","discovered","discovered",10.088
"tot3_1738","S4","discovered","discovered",42.355
"tot3_1739","S4","discovered","discovered",16.273
"tot3_1740","S4","discovered","discovered",10.211
"tot3_1741","S4","discovered","discovered",10.214
"tot3_1742","S4","discovered","discovered",10.207
"tot3_1743","S4","neither","other",600.053
"tot3_1744","S4","discovered","discovered",16.432
"tot3_1745","S4","discovered","discovered",12.413
"tot3_1746","S4","discovered","discovered",10.085
"tot3_1747","S4","neither","other",600.052
"tot3_1748","S4","discovered","discovered",12.159
"tot3_1749","S4","discovered","discovered",10.207
"tot3_1750","S4","discovered","discovered",10.23
"tot3_1751","S4","discovered","discovered",10.2
"tot3_1752","S4","discovered","discovered",11.998
"tot3_1753","S4","neither","other",600.051
"tot3_1754","S4","discovered","discovered",11.894
"tot3_1755","S4","discovered","discovered",10.083
"tot3_1756","S4","neither","other",600.051
"tot3_1757","S4","discovered","discovered",268.73
"tot3_1758","S4","discovered","discovered",16.312
"tot3_1759","S4","discovered","discovered",16.743
"tot3_1760","S4","neither","other",600.057
"tot3_1761","S4","discovered","discovered",16.488
"tot3_1762","S4","neither","other",600.059
"tot3_1763","S4","discovered","discovered",11.974
"tot3_1764","S4","discovered","discovered",10.09
"tot3_1765","S4","neither","other",600.054
"tot3_1766","S4","neither","other",600.054
"tot3_1767","S4","neither","other",600.051
"tot3_1768","S4","discovered","discovered",16.089
"tot3_1769","S4","neither","other",600.053
"tot3_1770","S4","neither","other",600.058
"tot3_1771","S4","neither","other",600.048
"tot3_1772","S4","discovered","discovered",12.153
"tot3_1773","S4","discovered","discovered",10.087
"tot3_1774","S4","neither","other",600.051
"tot3_1775","S4","discovered","discovered",11.919
"tot3_1776","S4","neither","other",600.054
"tot3_1777","S4","discovered","discovered",17.418
"tot3_1778","S4","discovered","discovered",426.079
"tot3_1779","S4","discovered","discovered",11.791
"tot3_1780","S4","neither","other",600.054
"tot3_1781","S4","discovered","discovered",11.978
"tot3_1782","S4","discovered","discovered",10.086
"tot3_1783","S4","discovered","discovered",11.629
"tot3_1784","S4","neither","other",600.058
"tot3_1785","S4","discovered","discovered",21.404
"tot3_1786","S4","discovered","discovered",17.522
"tot3_1787","S4","neither","other",600.048
"tot3_1788","S4","discovered","discovered",43.87
"tot3_1789","S4","discovered","discovered",425.623
"tot3_1790","S4","discovered","discovered",12.112
"tot3_1791","S4","discovered","discovered",10.084
"tot3_1792","S4","discovered","discovered",11.592
"tot3_1793","S4","neither","other",600.058
"tot3_1794","S4","discovered","discovered",13.05
"tot3_1795","S4","discovered","discovered",16.592
"tot3_1796","S4","neither","other",600.045
"tot3_1797","S4","neither","other",600.054
"tot3_1798","S4","neither","other",600.055
"tot3_1799","S4","discovered","discovered",12.232
"tot3_1800","S4","discovered","discovered",10.088
"tot3_1801","S4","neither","other",600.061
"tot3_1802","S4","neither","other",600.058
"tot3_1803","S4","neither","other",600.061
"tot3_1804","S4","discovered","discovered",16.433
"tot3_1805","S4","neither","other",600.041
"tot3_1806","S4","neither","other",600.057
"tot3_1807","S4","neither","other",600.048
"tot3_1808","S4","discovered","discovered",11.995
"tot3_1809","S4","discovered","discovered",10.086
"tot3_1810","S4","discovered","discovered",211.826
"tot3_1811","S4","neither","other",600.059
"tot3_1812","S4","discovered","discovered",10.21
"tot3_1813","S4","discovered","discovered",10.203
"tot3_1814","S4","discovered","discovered",10.204
"tot3_1815","S4","neither","other",600.044
"tot3_1816","S4","discovered","discovered",18.879
"tot3_1817","S4","discovered","discovered",13.049
"tot3_1818","S4","discovered","discovered",10.091
"tot3_1819","S4","discovered","discovered",42.798
"tot3_1820","S4","discovered","discovered",18.701
"tot3_1821","S4","discovered","discovered",10.213
"tot3_1822","S4","discovered","discovered",10.232
"tot3_1823","S4","discovered","discovered",10.613
"tot3_1824","S4","discovered","discovered",18.219
"tot3_1825","S4","discovered","discovered",17.579
"tot3_1826","S4","discovered","discovered",13.49
"tot3_1827","S4","discovered","discovered",10.09
"tot3_1828","S4","discovered","discovered",43.405
"tot3_1829","S4","discovered","discovered",22.437
"tot3_1830","S4","discovered","discovered",10.237
"tot3_1831","S4","discovered","discovered",10.215
"tot3_1832","S4","discovered","discovered",10.206
"tot3_1833","S4","discovered","discovered",17.592
"tot3_1834","S4","discovered","discovered",17.187
"tot3_1835","S4","discovered","discovered",14.452
"tot3_1836","S4","discovered","discovered",10.087
"tot3_1837","S4","neither","other",600.051
"tot3_1838","S4","neither","other",600.05
"tot3_1839","S4","neither","other",600.091
"tot3_1840","S4","discovered","discovered",21.44
"tot3_1841","S4","discovered","discovered",215.401
"tot3_1842","S4","neither","other",600.041
"tot3_1843","S4","discovered","discovered",280.156
"tot3_1844","S4","discovered","discovered",12.796
"tot3_1845","S4","discovered","discovered",10.087
"tot3_1846","S4","neither","other",600.056
"tot3_1847","S4","discovered","discovered",275.724
"tot3_1848","S4","discovered","discovered",214.454
"tot3_1849","S4","discovered","discovered",17.531
"tot3_1850","S4","discovered","discovered",212.197
"tot3_1851","S4","neither","other",600.052
"tot3_1852","S4","discovered","discovered",275.291
"tot3_1853","S4","discovered","discovered",11.991
"tot3_1854","S4","discovered","discovered",10.084
"tot3_1855","S4","neither","other",600.056
"tot3_1856","S4","neither","other",600.054
"tot3_1857","S4","neither","other",600.042
"tot3_1858","S4","discovered","discovered",16.761
"tot3_1859","S4","discovered","discovered",215.132
"tot3_1860","S4","neither","other",600.063
"tot3_1861","S4","discovered","discovered",274.519
"tot3_1862","S4","discovered","discovered",12.479
"tot3_1863","S4","discovered","discovered",10.087
"tot3_1864","S4","discovered","discovered",11.949
"tot3_1865","S4","discovered","discovered",41.812
"tot3_1866","S4","discovered","discovered",21.838
"tot3_1867","S4","discovered","discovered",17.469
"tot3_1868","S4","neither","other",600.065
"tot3_1869","S4","discovered","discovered",13.585
"tot3_1870","S4","discovered","discovered",42.408
"tot3_1871","S4","discovered","discovered",11.838
"tot3_1872","S4","discovered","discovered",10.086
"tot3_1873","S4","discovered","discovered",11.865
"tot3_1874","S4","neither","other",600.04
"tot3_1875","S4","discovered","discovered",12.815
"tot3_1876","S4","discovered","discovered",17.207
"tot3_1877","S4","neither","other",600.053
"tot3_1878","S4","neither","other",600.084
"tot3_1879","S4","neither","other",600.05
"tot3_1880","S4","discovered","discovered",12.811
"tot3_1881","S4","discovered","discovered",10.087
"tot3_1882","S4","neither","other",600.04
"tot3_1883","S4","discovered","discovered",12.183
"tot3_1884","S4","discovered","discovered",17.284
"tot3_1885","S4","discovered","discovered",16.79
"tot3_1886","S4","discovered","discovered",16.39
"tot3_1887","S4","discovered","discovered",11.929
"tot3_1888","S4","discovered","discovered",11.928
"tot3_1889","S4","discovered","discovered",11.892
"tot3_1890","S4","discovered","discovered",10.099
"tot3_1891","S4","discovered","discovered",205.912
"tot3_1892","S4","discovered","discovered",43.264
"tot3_1893","S4","discovered","discovered",10.208
"tot3_1894","S4","discovered","discovered",10.207
"tot3_1895","S4","discovered","discovered",10.21
"tot3_1896","S4","discovered","discovered",12.027
"tot3_1897","S4","discovered","discovered",12.069
"tot3_1898","S4","discovered","discovered",12.04
"tot3_1899","S4","discovered","discovered",10.09
"tot3_1900","S4","discovered","discovered",43.278
"tot3_1901","S4","discovered","discovered",11.498
"tot3_1902","S4","discovered","discovered",10.21
"tot3_1903","S4","discovered","discovered",10.21
"tot3_1904","S4","discovered","discovered",10.218
"tot3_1905","S4","discovered","discovered",11.946
"tot3_1906","S4","discovered","discovered",11.765
"tot3_1907","S4","discovered","discovered",12.066
"tot3_1908","S4","discovered","discovered",10.088
"tot3_1909","S4","discovered","discovered",42.783
"tot3_1910","S4","discovered","discovered",11.676
"tot3_1911","S4","discovered","discovered",10.209
"tot3_1912","S4","discovered","discovered",10.209
"tot3_1913","S4","discovered","discovered",10.203
"tot3_1914","S4","discovered","discovered",12.036
"tot3_1915","S4","discovered","discovered",12.131
"tot3_1916","S4","discovered","discovered",12.423
"tot3_1917","S4","discovered","discovered",10.091
"tot3_1918","S4","discovered","discovered",42.669
"tot3_1919","S4","discovered","discovered",42.051
"tot3_1920","S4","discovered","discovered",16.529
"tot3_1921","S4","discovered","discovered",16.818
"tot3_1922","S4","discovered","discovered",16.486
"tot3_1923","S4","discovered","discovered",11.849
"tot3_1924","S4","discovered","discovered",12.417
"tot3_1925","S4","discovered","discovered",12.047
"tot3_1926","S4","discovered","discovered",10.091
"tot3_1927","S4","discovered","discovered",42.343
"tot3_1928","S4","discovered","discovered",11.763
"tot3_1929","S4","discovered","discovered",17.017
"tot3_1930","S4","discovered","discovered",15.881
"tot3_1931","S4","discovered","discovered",17.504
"tot3_1932","S4","discovered","discovered",11.977
"tot3_1933","S4","discovered","discovered",11.293
"tot3_1934","S4","discovered","discovered",11.914
"tot3_1935","S4","discovered","discovered",10.089
"tot3_1936","S4","discovered","discovered",43.83
"tot3_1937","S4","discovered","discovered",11.437
"tot3_1938","S4","discovered","discovered",17.127
"tot3_1939","S4","discovered","discovered",16.622
"tot3_1940","S4","discovered","discovered",16.832
"tot3_1941","S4","discovered","discovered",11.798
"tot3_1942","S4","discovered","discovered",12.184
"tot3_1943","S4","discovered","discovered",12.222
"tot3_1944","S4","discovered","discovered",10.085
"tot3_1945","S4","discovered","discovered",12.388
"tot3_1946","S4","discovered","discovered",271.546
"tot3_1947","S4","discovered","discovered",21.294
"tot3_1948","S4","discovered","discovered",16.496
"tot3_1949","S4","discovered","discovered",293.862
"tot3_1950","S4","discovered","discovered",19.22
"tot3_1951","S4","neither","other",600.055
"tot3_1952","S4","discovered","discovered",15.202
"tot3_1953","S4","discovered","discovered",10.093
"tot3_1954","S4","discovered","discovered",13.578
"tot3_1955","S4","discovered","discovered",426.306
"tot3_1956","S4","discovered","discovered",13.881
"tot3_1957","S4","discovered","discovered",17.756
"tot3_1958","S4","neither","other",600.074
"tot3_1959","S4","neither","other",600.053
"tot3_1960","S4","neither","other",600.031
"tot3_1961","S4","discovered","discovered",12.29
"tot3_1962","S4","discovered","discovered",10.092
"tot3_1963","S4","discovered","discovered",42.244
"tot3_1964","S4","discovered","discovered",11.995
"tot3_1965","S4","discovered","discovered",43.121
"tot3_1966","S4","discovered","discovered",16.589
"tot3_1967","S4","discovered","discovered",16.322
"tot3_1968","S4","discovered","discovered",13.479
"tot3_1969","S4","discovered","discovered",12.037
"tot3_1970","S4","discovered","discovered",11.909
"tot3_1971","S4","discovered","discovered",10.089
"tot3_1972","S4","discovered","discovered",205.857
"tot3_1973","S4","discovered","discovered",272.578
"tot3_1974","S4","discovered","discovered",10.205
"tot3_1975","S4","discovered","discovered",10.21
"tot3_1976","S4","discovered","discovered",10.196
"tot3_1977","S4","discovered","discovered",16.926
"tot3_1978","S4","neither","other",600.066
"tot3_1979","S4","discovered","discovered",15.203
"tot3_1980","S4","discovered","discovered",10.204
"tot3_1981","S4","discovered","discovered",42.818
"tot3_1982","S4","discovered","discovered",17.454
"tot3_1983","S4","discovered","discovered",10.208
"tot3_1984","S4","discovered","discovered",10.207
"tot3_1985","S4","discovered","discovered",10.214
"tot3_1986","S4","neither","other",600.031
"tot3_1987","S4","discovered","discovered",43.597
"tot3_1988","S4","discovered","discovered",16.871
"tot3_1989","S4","discovered","discovered",10.09
"tot3_1990","S4","neither","other",600.056
"tot3_1991","S4","discovered","discovered",18.676
"tot3_1992","S4","neither","other",600.045
"tot3_1993","S4","discovered","discovered",10.247
"tot3_1994","S4","neither","other",600.059
"tot3_1995","S4","discovered","discovered",12.742
"tot3_1996","S4","neither","other",600.048
"tot3_1997","S4","discovered","discovered",12.158
"tot3_1998","S4","discovered","discovered",10.084
"tot3_1999","S4","neither","other",600.054
"tot3_2000","S4","discovered","discovered",271.65
"tot3_2001","S4","discovered","discovered",16.229
"tot3_2002","S4","discovered","discovered",16.679
"tot3_2003","S4","neither","other",600.059
"tot3_2004","S4","discovered","discovered",20.48
"tot3_2005","S4","neither","other",600.06
"tot3_2006","S4","discovered","discovered",22.68
"tot3_2007","S4","discovered","discovered",10.178
"tot3_2008","S4","discovered","discovered",43.964
"tot3_2009","S4","neither","other",600.055
"tot3_2010","S4","neither","other",600.065
"tot3_2011","S4","discovered","discovered",20.263
"tot3_2012","S4","neither","other",600.064
"tot3_2013","S4","neither","other",600.104
"tot3_2014","S4","neither","other",600.061
"tot3_2015","S4","discovered","discovered",13.793
"tot3_2016","S4","discovered","discovered",10.107
"tot3_2017","S4","neither","other",600.031
"tot3_2018","S4","discovered","discovered",12.21
"tot3_2019","S4","discovered","discovered",18.101
"tot3_2020","S4","discovered","discovered",17.371
"tot3_2021","S4","discovered","discovered",16.931
"tot3_2022","S4","discovered","discovered",11.992
"tot3_2023","S4","discovered","discovered",12.148
"tot3_2024","S4","discovered","discovered",12.475
"tot3_2025","S4","discovered","discovered",10.09
"tot3_2026","S4","discovered","discovered",11.993
"tot3_2027","S4","neither","other",600.045
"tot3_2028","S4","discovered","discovered",22.651
"tot3_2029","S4","discovered","discovered",17.106
"tot3_2030","S4","neither","other",600.048
"tot3_2031","S4","discovered","discovered",42.102
"tot3_2032","S4","neither","other",600.047
"tot3_2033","S4","discovered","discovered",12.24
"tot3_2034","S4","discovered","discovered",10.091
"tot3_2035","S4","discovered","discovered",11.807
"tot3_2036","S4","neither","other",600.05
"tot3_2037","S4","discovered","discovered",12.572
"tot3_2038","S4","discovered","discovered",16.886
"tot3_2039","S4","neither","other",600.047
"tot3_2040","S4","neither","other",600.043
"tot3_2041","S4","neither","other",600.049
"tot3_2042","S4","discovered","discovered",12.058
"tot3_2043","S4","discovered","discovered",10.084
"tot3_2044","S4","neither","other",600.051
"tot3_2045","S4","discovered","discovered",11.687
"tot3_2046","S4","neither","other",600.062
"tot3_2047","S4","discovered","discovered",16.725
"tot3_2048","S4","neither","other",600.053
"tot3_2049","S4","neither","other",600.056
"tot3_2050","S4","neither","other",600.044
"tot3_2051","S4","discovered","discovered",13.173
"tot3_2052","S4","discovered","discovered",10.089
"tot3_2053","S4","discovered","discovered",207.161
"tot3_2054","S4","discovered","discovered",16.603
"tot3_2055","S4","discovered","discovered",10.197
"tot3_2056","S4","discovered","discovered",10.212
"tot3_2057","S4","discovered","discovered",10.213
"tot3_2058","S4","neither","other",600.082
"tot3_2059","S4","discovered","discovered",22.773
"tot3_2060","S4","discovered","discovered",19.182
"tot3_2061","S4","discovered","discovered",10.153
"tot3_2062","S4","discovered","discovered",49.164
"tot3_2063","S4","discovered","discovered",27.037
"tot3_2064","S4","discovered","discovered",10.341
"tot3_2065","S4","discovered","discovered",10.342
"tot3_2066","S4","discovered","discovered",10.341
"tot3_2067","S4","discovered","discovered",26.877
"tot3_2068","S4","discovered","discovered",19.114
"tot3_2069","S4","discovered","discovered",19.382
"tot3_2070","S4","discovered","discovered",10.159
"tot3_2071","S4","discovered","discovered",48.937
"tot3_2072","S4","discovered","discovered",20.731
"tot3_2073","S4","discovered","discovered",55.686
"tot3_2074","S4","discovered","discovered",10.41
"tot3_2075","S4","discovered","discovered",10.432
"tot3_2076","S4","discovered","discovered",56.495
"tot3_2077","S4","discovered","discovered",23.044
"tot3_2078","S4","discovered","discovered",23.213
"tot3_2079","S4","discovered","discovered",10.178
"tot3_2080","S4","neither","other",600.056
"tot3_2081","S4","discovered","discovered",50.731
"tot3_2082","S4","neither","other",600.094
"tot3_2083","S4","discovered","discovered",32.791
"tot3_2084","S4","discovered","discovered",52.11
"tot3_2085","S4","discovered","discovered",49.299
"tot3_2086","S4","discovered","discovered",20.576
"tot3_2087","S4","discovered","discovered",22.343
"tot3_2088","S4","discovered","discovered",10.147
"tot3_2089","S4","discovered","discovered",51.354
"tot3_2090","S4","discovered","discovered",34.009
"tot3_2091","S4","discovered","discovered",55.198
"tot3_2092","S4","discovered","discovered",28.876
"tot3_2093","S4","discovered","discovered",49.71
"tot3_2094","S4","discovered","discovered",50.352
"tot3_2095","S4","discovered","discovered",21.279
"tot3_2096","S4","discovered","discovered",22.965
"tot3_2097","S4","discovered","discovered",10.175
"tot3_2098","S4","discovered","discovered",48.507
"tot3_2099","S4","discovered","discovered",18.582
"tot3_2100","S4","discovered","discovered",29.029
"tot3_2101","S4","discovered","discovered",27.923
"tot3_2102","S4","discovered","discovered",49.415
"tot3_2103","S4","discovered","discovered",48.986
"tot3_2104","S4","discovered","discovered",20
"tot3_2105","S4","discovered","discovered",19.721
"tot3_2106","S4","discovered","discovered",10.196
"tot3_2107","S4","discovered","discovered",19.856
"tot3_2108","S4","discovered","discovered",49.064
"tot3_2109","S4","discovered","discovered",35.773
"tot3_2110","S4","discovered","discovered",27.526
"tot3_2111","S4","discovered","discovered",29.179
"tot3_2112","S4","discovered","discovered",19.062
"tot3_2113","S4","discovered","discovered",18.648
"tot3_2114","S4","discovered","discovered",19.565
"tot3_2115","S4","discovered","discovered",10.146
"tot3_2116","S4","discovered","discovered",19.473
"tot3_2117","S4","discovered","discovered",20.882
"tot3_2118","S4","discovered","discovered",21.861
"tot3_2119","S4","discovered","discovered",28.392
"tot3_2120","S4","discovered","discovered",27.86
"tot3_2121","S4","discovered","discovered",20.046
"tot3_2122","S4","discovered","discovered",20.455
"tot3_2123","S4","discovered","discovered",20.477
"tot3_2124","S4","discovered","discovered",10.146
"tot3_2125","S4","discovered","discovered",49.486
"tot3_2126","S4","discovered","discovered",19.899
"tot3_2127","S4","discovered","discovered",26.357
"tot3_2128","S4","discovered","discovered",29.155
"tot3_2129","S4","discovered","discovered",27.566
"tot3_2130","S4","discovered","discovered",18.649
"tot3_2131","S4","discovered","discovered",18.725
"tot3_2132","S4","discovered","discovered",18.67
"tot3_2133","S4","discovered","discovered",10.147
"tot3_2134","S4","discovered","discovered",226.892
"tot3_2135","S4","discovered","discovered",48.938
"tot3_2136","S4","discovered","discovered",10.343
"tot3_2137","S4","discovered","discovered",10.683
"tot3_2138","S4","discovered","discovered",48.949
"tot3_2139","S4","discovered","discovered",18.613
"tot3_2140","S4","discovered","discovered",19.62
"tot3_2141","S4","discovered","discovered",19.365
"tot3_2142","S4","discovered","discovered",10.145
"tot3_2143","S4","discovered","discovered",48.755
"tot3_2144","S4","discovered","discovered",18.957
"tot3_2145","S4","discovered","discovered",10.342
"tot3_2146","S4","discovered","discovered",10.367
"tot3_2147","S4","discovered","discovered",52.306
"tot3_2148","S4","discovered","discovered",19.448
"tot3_2149","S4","discovered","discovered",20.899
"tot3_2150","S4","discovered","discovered",20.5
"tot3_2151","S4","discovered","discovered",10.152
"tot3_2152","S4","discovered","discovered",49.69
"tot3_2153","S4","discovered","discovered",19.688
"tot3_2154","S4","discovered","discovered",49.881
"tot3_2155","S4","discovered","discovered",10.377
"tot3_2156","S4","discovered","discovered",48.35
"tot3_2157","S4","discovered","discovered",19.89
"tot3_2158","S4","discovered","discovered",20.4
"tot3_2159","S4","discovered","discovered",20.386
"tot3_2160","S4","discovered","discovered",10.147
"tot3_2161","S4","discovered","discovered",48.57
"tot3_2162","S4","discovered","discovered",48.474
"tot3_2163","S4","discovered","discovered",29.086
"tot3_2164","S4","discovered","discovered",28.501
"tot3_2165","S4","discovered","discovered",29.553
"tot3_2166","S4","discovered","discovered",19.359
"tot3_2167","S4","discovered","discovered",19.243
"tot3_2168","S4","discovered","discovered",19.307
"tot3_2169","S4","discovered","discovered",10.148
"tot3_2170","S4","discovered","discovered",50.398
"tot3_2171","S4","discovered","discovered",18.973
"tot3_2172","S4","discovered","discovered",28.501
"tot3_2173","S4","discovered","discovered",28.675
"tot3_2174","S4","discovered","discovered",28.171
"tot3_2175","S4","discovered","discovered",19.218
"tot3_2176","S4","discovered","discovered",19.88
"tot3_2177","S4","discovered","discovered",22.617
"tot3_2178","S4","discovered","discovered",10.156
"tot3_2179","S4","discovered","discovered",49.43
"tot3_2180","S4","discovered","discovered",19.777
"tot3_2181","S4","discovered","discovered",28.151
"tot3_2182","S4","discovered","discovered",27.835
"tot3_2183","S4","discovered","discovered",29.098
"tot3_2184","S4","discovered","discovered",19.918
"tot3_2185","S4","discovered","discovered",21.099
"tot3_2186","S4","discovered","discovered",20.295
