"id","population","solver_family","program_bits","time_s","log2t"
"tot3_0000","S4","DARY",15.03,10.09,3.33485426933163
"tot3_0001","S4","CTX_X",15.61,13.946,3.80177948162471
"tot3_0002","S4","CTX_X",22.48,13.227,3.72541397767482
"tot3_0003","S4","DARY",15.7,23.798,4.57276842844901
"tot3_0004","S4","CTX_X",17.86,18.986,4.24686408315416
"tot3_0005","S4","CTX_X",24.73,18.027,4.17208742259293
"tot3_0006","S4","CTX_X",22.48,12.416,3.63412855752504
"tot3_0007","S4","CTX_X",17.86,19.54,4.28835856219366
"tot3_0008","S4","CTX_X",28.84,15.188,3.924859998957
"tot3_0009","S4","DARY",15.03,10.094,3.33542608663634
"tot3_0010","S4","CTX_X",15.61,14.205,3.82832692641482
"tot3_0011","S4","CTX_X",22.48,15.202,3.92618923436347
"tot3_0012","S4","FUNC_L",46.78,13.144,3.71633248028799
"tot3_0013","S4","CTX_X",17.86,17.653,4.14184147483359
"tot3_0014","S4","CTX_X",24.73,18.466,4.20679948664706
"tot3_0015","S4","CTX_X",22.48,12.587,3.65386256532618
"tot3_0016","S4","CTX_X",17.86,16.621,4.05493527914004
"tot3_0017","S4","CTX_X",28.84,12.045,3.59036248846375
"tot3_0018","S4","DARY",15.03,10.216,3.35275852504064
"tot3_0019","S4","CTX_X",15.61,14.587,3.86661130027101
"tot3_0020","S4","CTX_X",22.48,13.17,3.71918344048179
"tot3_0021","S4","NESTED_LOOP",80.56,422.097,8.72143076533779
"tot3_0022","S4","CTX_X",17.86,17.788,4.15283240468942
"tot3_0023","S4","CTX_X",24.73,17.605,4.13791332208841
"tot3_0024","S4","CTX_X",22.48,12.551,3.64973041026389
"tot3_0025","S4","CTX_X",17.86,17.634,4.1402878597104
"tot3_0026","S4","CTX_X",28.84,12.397,3.63191913414743
"tot3_0027","S4","DARY",15.03,10.087,3.33442525757026
"tot3_0028","S4","NESTED_LOOP",64.81,214.118,7.74226227190251
"tot3_0029","S4","CTX_X",22.48,13.452,3.7497487788645
"tot3_0030","S4","DARY",13.45,10.222,3.35360559133812
"tot3_0031","S4","DARY",13.45,10.211,3.35205225634249
"tot3_0032","S4","DARY",13.45,10.209,3.35176965202408
"tot3_0033","S4","CTX_X",22.48,13.517,3.75670308634617
"tot3_0035","S4","CTX_X",28.84,17.096,4.09558690799772
"tot3_0036","S4","DARY",15.03,10.095,3.33556900555675
"tot3_0037","S4","CTX_X",20.43,42.474,5.4085080761515
"tot3_0039","S4","DARY",13.45,10.234,3.35529823334795
"tot3_0040","S4","DARY",13.45,10.209,3.35176965202408
"tot3_0041","S4","DARY",13.45,10.222,3.35360559133812
"tot3_0042","S4","CTX_X",22.48,14.804,3.88791513563813
"tot3_0044","S4","CTX_X",28.84,12.481,3.64166162502051
"tot3_0045","S4","DARY",15.03,10.116,3.33856703700115
"tot3_0047","S4","CTX_X",22.48,12.574,3.65237176311637
"tot3_0049","S4","DARY",13.45,10.249,3.35741124701605
"tot3_0050","S4","DARY",13.45,10.223,3.35374672071372
"tot3_0051","S4","CTX_X",22.48,13.456,3.75017770559306
"tot3_0053","S4","CTX_X",28.84,12.201,3.6089274915212
"tot3_0054","S4","DARY",15.03,10.089,3.33471127958565
"tot3_0055","S4","CTX_X",20.43,43.937,5.45736446139686
"tot3_0056","S4","CTX_X",22.48,13.291,3.73237775034917
"tot3_0057","S4","CTX_X",24.73,17.483,4.12788086060471
"tot3_0058","S4","CTX_X",17.86,16.68,4.06004738366994
"tot3_0059","S4","CTX_X",31.09,16.952,4.08338358771008
"tot3_0060","S4","CTX_X",22.48,13.035,3.70431867776083
"tot3_0061","S4","CTX_X",15.61,14.277,3.83562095521956
"tot3_0062","S4","CTX_X",28.84,12.533,3.64765988600992
"tot3_0063","S4","DARY",15.03,10.089,3.33471127958565
"tot3_0064","S4","CTX_X",22.07,43.056,5.42814239097833
"tot3_0067","S4","CTX_X",17.86,17.512,4.13027195451886
"tot3_0068","S4","CTX_X",17.86,22.142,4.46871363587606
"tot3_0069","S4","CTX_X",22.48,12.407,3.63308241032793
"tot3_0070","S4","CTX_X",15.61,13.615,3.76712507726907
"tot3_0071","S4","CTX_X",28.84,12.074,3.59383180115064
"tot3_0072","S4","DARY",15.03,10.084,3.33399611819645
"tot3_0073","S4","FUNC_L",54.73,43.96,5.45811948117451
"tot3_0074","S4","CTX_X",22.48,12.06,3.59215800212536
"tot3_0075","S4","CTX_X",24.73,16.793,4.06978807968895
"tot3_0076","S4","CTX_X",17.86,16.608,4.05380644369579
"tot3_0077","S4","CTX_X",40.34,16.401,4.03571187625865
"tot3_0078","S4","CTX_X",22.48,11.899,3.57276842844901
"tot3_0079","S4","CTX_X",39.77,43.084,5.42908029352227
"tot3_0080","S4","CTX_X",28.84,11.823,3.5635242501969
"tot3_0081","S4","DARY",15.03,10.096,3.33571191032046
"tot3_0082","S4","CTX_X",15.61,12.324,3.62339868237726
"tot3_0083","S4","CTX_X",22.48,11.601,3.53617726514188
"tot3_0084","S4","DARY",15.7,21.388,4.41872967673653
"tot3_0085","S4","CTX_X",17.86,16.25,4.02236781302845
"tot3_0087","S4","CTX_X",19.2,57.168,5.83713591392318
"tot3_0088","S4","CTX_X",17.86,39.07,5.28798935040895
"tot3_0089","S4","CTX_X",28.84,26.712,4.73941609340103
"tot3_0090","S4","DARY",15.03,10.24,3.35614381022528
"tot3_0091","S4","CTX_X",15.61,22.584,4.49722912878761
"tot3_0093","S4","FUNC_L",46.78,45.384,5.50411186400883
"tot3_0094","S4","CTX_X",17.86,70.828,6.1462478997641
"tot3_0097","S4","CTX_X",17.86,53.443,5.73992909004294
"tot3_0098","S4","CTX_X",28.84,44.141,5.46404740866209
"tot3_0099","S4","DARY",15.03,10.147,3.34298134694144
"tot3_0101","S4","CTX_X",22.48,68.19,6.09148827976428
"tot3_0103","S4","CTX_X",17.86,216.676,7.75939555271945
"tot3_0106","S4","CTX_X",17.86,27.174,4.76415504010918
"tot3_0107","S4","CTX_X",28.84,18.418,4.20304450339926
"tot3_0108","S4","DARY",15.03,10.147,3.34298134694144
"tot3_0109","S4","NESTED_LOOP",82.15,221.139,7.78880967058176
"tot3_0110","S4","CTX_X",43.91,48.943,5.61303063015169
"tot3_0111","S4","DARY",13.45,10.34,3.37016428054021
"tot3_0112","S4","DARY",13.45,10.341,3.37030379942634
"tot3_0113","S4","DARY",13.45,10.344,3.37072227514817
"tot3_0116","S4","CTX_X",28.84,19.55,4.28909670241999
"tot3_0117","S4","DARY",15.03,10.145,3.34269695998193
"tot3_0118","S4","CTX_X",20.43,54.572,5.77008901265341
"tot3_0119","S4","CTX_X",24.73,26.894,4.74921244106104
"tot3_0120","S4","DARY",13.45,10.359,3.37281283491246
"tot3_0121","S4","DARY",13.45,10.349,3.37141946505247
"tot3_0122","S4","DARY",13.45,10.351,3.37169824670375
"tot3_0123","S4","CTX_X",24.73,27.783,4.79613048439535
"tot3_0124","S4","CTX_X",26.06,48.591,5.60261721822948
"tot3_0125","S4","CTX_X",28.84,19.603,4.29300255299955
"tot3_0126","S4","DARY",15.03,10.148,3.34312351940185
"tot3_0127","S4","CTX_X",19.2,49.12,5.61823865559545
"tot3_0130","S4","DARY",13.45,10.345,3.37086174008528
"tot3_0131","S4","CTX_X",28.21,48.735,5.60688633927592
"tot3_0132","S4","CTX_X",40.34,27.116,4.76107247078864
"tot3_0134","S4","CTX_X",28.84,19.159,4.25995035676047
"tot3_0135","S4","DARY",15.03,10.157,3.34440244146226
"tot3_0136","S4","CTX_X",20.43,48.95,5.61323695471633
"tot3_0137","S4","NESTED_LOOP",82.15,224.036,7.80758676513086
"tot3_0139","S4","CTX_X",17.86,60.787,5.9256909145944
"tot3_0141","S4","CTX_X",28.21,48.692,5.6056128547021
"tot3_0143","S4","CTX_X",28.84,19.341,4.27359048420801
"tot3_0144","S4","DARY",15.03,10.188,3.34879895961211
"tot3_0148","S4","CTX_X",17.86,27.89,4.80167602925359
"tot3_0152","S4","CTX_X",28.84,11.96,3.58014548442338
"tot3_0153","S4","DARY",15.03,10.091,3.33499724490688
"tot3_0155","S4","CTX_X",22.48,11.535,3.52794609890826
"tot3_0157","S4","CTX_X",17.86,16.391,4.03483196952188
"tot3_0158","S4","CTX_X",41.26,43.403,5.4397228595742
"tot3_0160","S4","CTX_X",46.15,42.981,5.42562714392244
"tot3_0161","S4","CTX_X",28.84,11.509,3.52469058016325
"tot3_0162","S4","DARY",15.03,10.084,3.33399611819645
"tot3_0163","S4","CTX_X",15.61,11.895,3.57228336665041
"tot3_0164","S4","CTX_X",22.48,11.598,3.53580413827031
"tot3_0165","S4","DARY",15.7,20.991,4.39169899237382
"tot3_0166","S4","CTX_X",17.86,16.858,4.07536148281424
"tot3_0167","S4","CTX_X",24.73,15.99,3.99909803370561
"tot3_0168","S4","CTX_X",26.03,42.492,5.40911934444999
"tot3_0170","S4","CTX_X",28.84,11.579,3.5334387577709
"tot3_0171","S4","DARY",15.03,10.084,3.33399611819645
"tot3_0172","S4","CTX_X",15.61,11.689,3.54707960672864
"tot3_0174","S4","FUNC_L",46.78,13.407,3.74491454545408
"tot3_0175","S4","CTX_X",17.86,16.58,4.05137210172103
"tot3_0178","S4","CTX_X",17.86,16.66,4.05831649559082
"tot3_0179","S4","CTX_X",28.84,11.843,3.56596267728106
"tot3_0180","S4","DARY",15.03,10.086,3.33428222529524
"tot3_0181","S4","CTX_X",15.61,12.053,3.59132037382777
"tot3_0182","S4","CTX_X",22.48,11.431,3.51487971295721
"tot3_0184","S4","CTX_X",17.86,16.893,4.0783536516111
"tot3_0185","S4","CTX_X",24.73,16.274,4.02449699069823
"tot3_0186","S4","NESTED_LOOP",83.73,211.894,7.72719892664574
"tot3_0187","S4","CTX_X",17.86,16.846,4.07433416610274
"tot3_0188","S4","CTX_X",28.84,11.559,3.53094468671862
"tot3_0189","S4","DARY",15.03,10.087,3.33442525757026
"tot3_0190","S4","NESTED_LOOP",64.81,207.268,7.69535358646848
"tot3_0191","S4","CTX_X",22.48,11.217,3.48761497191724
"tot3_0192","S4","DARY",13.45,10.206,3.35134564172245
"tot3_0193","S4","DARY",13.45,10.196,3.34993137336011
"tot3_0195","S4","CTX_X",26.03,42.957,5.42482133783243
"tot3_0197","S4","CTX_X",28.84,11.809,3.56181489568308
"tot3_0198","S4","DARY",15.03,10.092,3.33514020631421
"tot3_0199","S4","CTX_X",20.43,43.025,5.42710328715284
"tot3_0201","S4","DARY",13.45,10.23,3.3547342399706
"tot3_0202","S4","DARY",13.45,10.242,3.35642555908681
"tot3_0206","S4","CTX_X",28.84,11.884,3.57094860517333
"tot3_0207","S4","DARY",15.03,10.086,3.33428222529524
"tot3_0209","S4","CTX_X",22.48,11.765,3.55642941544957
"tot3_0211","S4","DARY",13.45,10.211,3.35205225634249
"tot3_0212","S4","CTX_X",42.26,42.032,5.39341620047154
"tot3_0213","S4","NESTED_LOOP",83.73,211.87,7.72703551172131
"tot3_0215","S4","CTX_X",28.84,12.193,3.60798122926484
"tot3_0216","S4","DARY",15.03,10.087,3.33442525757026
"tot3_0217","S4","CTX_X",20.43,43.42,5.44028782084042
"tot3_0218","S4","CTX_X",22.48,11.559,3.53094468671862
"tot3_0219","S4","CTX_X",33.9,43.92,5.45680614923047
"tot3_0220","S4","CTX_X",17.86,16.357,4.03183626602763
"tot3_0221","S4","CTX_X",31.09,16.663,4.05857626122623
"tot3_0222","S4","CTX_X",26.03,42.403,5.40609443354408
"tot3_0224","S4","CTX_X",28.84,11.704,3.5489297694764
"tot3_0225","S4","DARY",15.03,10.086,3.33428222529524
"tot3_0226","S4","CTX_X",22.07,41.488,5.37462220619121
"tot3_0227","S4","CTX_X",33.98,16.239,4.02139088877371
"tot3_0229","S4","CTX_X",17.86,17.632,4.14012422390907
"tot3_0230","S4","CTX_X",31.09,16.561,4.04971788436005
"tot3_0231","S4","NESTED_LOOP",64.81,421.82,8.72048368987734
"tot3_0232","S4","CTX_X",15.61,13.148,3.71677145641822
"tot3_0233","S4","CTX_X",28.84,11.839,3.56547532146496
"tot3_0234","S4","DARY",15.03,10.086,3.33428222529524
"tot3_0236","S4","CTX_X",22.48,11.732,3.55237707109487
"tot3_0238","S4","CTX_X",17.86,16.562,4.04980499573531
"tot3_0239","S4","CTX_X",31.09,16.614,4.054327554426
"tot3_0240","S4","NESTED_LOOP",83.73,212.825,7.73352382020767
"tot3_0241","S4","CTX_X",17.86,17.256,4.10902617649837
"tot3_0242","S4","CTX_X",28.84,11.568,3.53206755228903
"tot3_0243","S4","DARY",15.03,10.089,3.33471127958565
"tot3_0244","S4","CTX_X",15.61,11.702,3.54868321815718
"tot3_0245","S4","CTX_X",22.48,11.627,3.53940699535789
"tot3_0246","S4","DARY",15.7,21.34,4.4154882710497
"tot3_0247","S4","CTX_X",17.86,16.309,4.02759641959381
"tot3_0248","S4","CTX_X",24.73,16.453,4.040278760338
"tot3_0249","S4","CTX_X",22.48,12.024,3.58784500925428
"tot3_0251","S4","CTX_X",28.84,11.779,3.55814515898958
"tot3_0252","S4","DARY",15.03,10.086,3.33428222529524
"tot3_0253","S4","CTX_X",15.61,11.785,3.55887985347544
"tot3_0255","S4","FUNC_L",46.78,13.051,3.70608844879118
"tot3_0256","S4","CTX_X",17.86,16.598,4.05293750730809
"tot3_0257","S4","CTX_X",24.73,16.5,4.04439411935845
"tot3_0258","S4","CTX_X",22.48,11.578,3.53331415656679
"tot3_0259","S4","CTX_X",37.77,42.872,5.42196381604921
"tot3_0260","S4","CTX_X",28.84,11.595,3.53543091487128
"tot3_0261","S4","DARY",15.03,10.087,3.33442525757026
"tot3_0263","S4","CTX_X",22.48,11.681,3.54609188222903
"tot3_0264","S4","NESTED_LOOP",80.56,428.368,8.74270690150243
"tot3_0265","S4","CTX_X",17.86,16.514,4.04561770521798
"tot3_0266","S4","CTX_X",24.73,16.186,4.01667459546527
"tot3_0267","S4","CTX_X",22.48,11.658,3.54324840164441
"tot3_0269","S4","CTX_X",28.84,11.85,3.5668151540109
"tot3_0270","S4","DARY",15.03,10.086,3.33428222529524
"tot3_0271","S4","NESTED_LOOP",64.81,208.664,7.70503790909633
"tot3_0272","S4","CTX_X",22.48,11.534,3.52782102239503
"tot3_0273","S4","DARY",13.45,10.197,3.35007286260074
"tot3_0274","S4","DARY",13.45,10.203,3.35092150676691
"tot3_0275","S4","DARY",13.45,10.2,3.35049724708413
"tot3_0276","S4","CTX_X",22.48,12.088,3.59550366050274
"tot3_0278","S4","CTX_X",28.84,11.637,3.54064727659048
"tot3_0279","S4","DARY",15.03,10.086,3.33428222529524
"tot3_0280","S4","CTX_X",20.43,41.469,5.37396135282727
"tot3_0282","S4","DARY",13.45,10.201,3.3506386808415
"tot3_0283","S4","DARY",13.45,10.209,3.35176965202408
"tot3_0284","S4","DARY",13.45,10.256,3.35839626195665
"tot3_0285","S4","CTX_X",22.48,11.88,3.57046293102604
"tot3_0286","S4","CTX_X",28.93,43.286,5.43582858412346
"tot3_0287","S4","CTX_X",28.84,11.209,3.48658567014102
"tot3_0288","S4","DARY",15.03,10.087,3.33442525757026
"tot3_0290","S4","CTX_X",22.48,11.591,3.53493313343241
"tot3_0291","S4","DARY",13.45,10.206,3.35134564172245
"tot3_0292","S4","DARY",13.45,10.219,3.35318212035786
"tot3_0293","S4","DARY",13.45,10.206,3.35134564172245
"tot3_0294","S4","CTX_X",22.48,11.36,3.50589092972996
"tot3_0296","S4","CTX_X",28.84,11.694,3.54769659131696
"tot3_0297","S4","DARY",15.03,10.088,3.33456827566613
"tot3_0298","S4","CTX_X",20.43,42.536,5.41061246642075
"tot3_0299","S4","CTX_X",22.48,11.526,3.5268200197246
"tot3_0300","S4","CTX_X",24.73,16.292,4.02609181434133
"tot3_0301","S4","CTX_X",17.86,16.684,4.06039331222714
"tot3_0303","S4","CTX_X",22.48,12.943,3.69410014679971
"tot3_0304","S4","CTX_X",35.55,43,5.4262647547021
"tot3_0305","S4","CTX_X",28.84,11.422,3.51374338459426
"tot3_0306","S4","DARY",15.03,10.085,3.33413917883824
"tot3_0310","S4","CTX_X",17.86,16.7,4.06177619758669
"tot3_0311","S4","NESTED_LOOP",63.81,211.706,7.72591834739411
"tot3_0312","S4","CTX_X",22.48,12.102,3.59717358467203
"tot3_0313","S4","CTX_X",21.35,43.302,5.43636175548478
"tot3_0314","S4","CTX_X",28.84,12.773,3.67502550613107
"tot3_0315","S4","DARY",15.03,10.09,3.33485426933163
"tot3_0317","S4","CTX_X",22.48,12.809,3.67908594360712
"tot3_0318","S4","CTX_X",33.9,43.456,5.44148347958264
"tot3_0319","S4","CTX_X",17.86,17.237,4.10743679844779
"tot3_0320","S4","CTX_X",40.34,17.192,4.1036654827657
"tot3_0321","S4","CTX_X",22.48,12.118,3.59907970556486
"tot3_0323","S4","CTX_X",28.84,12.211,3.61010944721642
"tot3_0324","S4","DARY",15.03,10.099,3.33614053969947
"tot3_0325","S4","CTX_X",15.61,12.591,3.65432096394498
"tot3_0326","S4","CTX_X",22.48,12.428,3.63552224145975
"tot3_0327","S4","DARY",15.7,22.528,4.49364733397521
"tot3_0328","S4","CTX_X",17.86,16.827,4.07270608374085
"tot3_0330","S4","CTX_X",19.2,41.945,5.39042694118717
"tot3_0332","S4","CTX_X",28.84,12.68,3.66448284036468
"tot3_0333","S4","DARY",15.03,10.086,3.33428222529524
"tot3_0334","S4","CTX_X",15.61,11.564,3.53156860881496
"tot3_0336","S4","FUNC_L",46.78,12.644,3.66038103524241
"tot3_0337","S4","CTX_X",17.86,16.541,4.04797455136936
"tot3_0341","S4","CTX_X",28.84,11.685,3.5465858290081
"tot3_0342","S4","DARY",15.03,10.084,3.33399611819645
"tot3_0346","S4","CTX_X",17.86,16.605,4.05354581772798
"tot3_0349","S4","NESTED_LOOP",101.72,285.979,8.15976540073573
"tot3_0350","S4","CTX_X",28.84,13.562,3.7614980445501
"tot3_0351","S4","DARY",15.03,10.086,3.33428222529524
"tot3_0352","S4","NESTED_LOOP",64.81,211.987,7.72783198470192
"tot3_0353","S4","CTX_X",43.91,42.806,5.41974112430727
"tot3_0354","S4","DARY",13.45,10.199,3.35035579946003
"tot3_0355","S4","DARY",13.45,10.216,3.35275852504064
"tot3_0356","S4","DARY",13.45,10.199,3.35035579946003
"tot3_0359","S4","CTX_X",28.84,13.244,3.72726701073491
"tot3_0360","S4","DARY",15.03,10.085,3.33413917883824
"tot3_0361","S4","CTX_X",20.43,42.585,5.41227344467082
"tot3_0362","S4","CTX_X",24.73,16.417,4.03711861173815
"tot3_0363","S4","DARY",13.45,10.206,3.35134564172245
"tot3_0364","S4","DARY",13.45,10.211,3.35205225634249
"tot3_0365","S4","DARY",13.45,10.205,3.35120427725799
"tot3_0366","S4","CTX_X",24.73,16.801,4.07047520004052
"tot3_0367","S4","CTX_X",24.73,16.969,4.08482964282334
"tot3_0368","S4","CTX_X",28.84,11.445,3.51664555778096
"tot3_0369","S4","DARY",15.03,10.089,3.33471127958565
"tot3_0370","S4","CTX_X",26.06,41.951,5.39063329596595
"tot3_0372","S4","DARY",13.45,10.221,3.35346444815542
"tot3_0373","S4","DARY",13.45,10.209,3.35176965202408
"tot3_0374","S4","DARY",13.45,10.212,3.35219353774503
"tot3_0375","S4","CTX_X",40.34,16.887,4.07784114892689
"tot3_0376","S4","CTX_X",28.84,12.108,3.59788867516543
"tot3_0377","S4","CTX_X",28.84,11.558,3.53081986991352
"tot3_0378","S4","DARY",15.03,10.095,3.33556900555675
"tot3_0379","S4","CTX_X",20.43,42.803,5.41964001145408
"tot3_0380","S4","NESTED_LOOP",101.72,273.669,8.09628821169274
"tot3_0382","S4","CTX_X",17.86,18.141,4.18118207971062
"tot3_0384","S4","CTX_X",28.21,42.56,5.41142624572646
"tot3_0386","S4","CTX_X",28.84,16.735,4.06479664591181
"tot3_0387","S4","DARY",15.03,10.091,3.33499724490688
"tot3_0391","S4","CTX_X",17.86,17.336,4.11569915343159
"tot3_0395","S4","CTX_X",28.84,12.725,3.66959375118833
"tot3_0396","S4","DARY",15.03,10.089,3.33471127958565
"tot3_0400","S4","CTX_X",17.86,17.455,4.12556845177803
"tot3_0401","S4","CTX_X",17.86,16.641,4.05667022618442
"tot3_0403","S4","CTX_X",28.84,14.105,3.81813476081085
"tot3_0404","S4","CTX_X",28.84,12.087,3.59538430620767
"tot3_0405","S4","DARY",15.03,10.087,3.33442525757026
"tot3_0406","S4","CTX_X",15.61,12.067,3.5929951443784
"tot3_0407","S4","CTX_X",22.48,11.965,3.58074849176377
"tot3_0408","S4","DARY",15.7,22.569,4.49627059108648
"tot3_0409","S4","CTX_X",17.86,16.442,4.03931389357762
"tot3_0411","S4","CTX_X",26.03,43.129,5.43058636065219
"tot3_0413","S4","CTX_X",28.84,12.46,3.63923216324928
"tot3_0414","S4","DARY",15.03,10.085,3.33413917883824
"tot3_0415","S4","CTX_X",15.61,11.58,3.53356334821451
"tot3_0417","S4","FUNC_L",46.78,13.014,3.70199255373134
"tot3_0418","S4","CTX_X",17.86,16.534,4.04736388679267
"tot3_0422","S4","CTX_X",28.84,11.002,3.45969390298324
"tot3_0423","S4","DARY",15.03,10.084,3.33399611819645
"tot3_0425","S4","CTX_X",22.48,11.994,3.5842409728037
"tot3_0427","S4","CTX_X",17.86,17.291,4.11194940246339
"tot3_0429","S4","NESTED_LOOP",83.73,212.681,7.73254734469936
"tot3_0431","S4","CTX_X",28.84,20.637,4.36716135636102
"tot3_0432","S4","DARY",15.03,10.161,3.34497048755323
"tot3_0433","S4","NESTED_LOOP",82.15,221.201,7.78921409746208
"tot3_0434","S4","CTX_X",22.48,12.721,3.66914018047301
"tot3_0435","S4","DARY",13.45,10.24,3.35614381022528
"tot3_0436","S4","DARY",13.45,10.227,3.35431110019902
"tot3_0437","S4","DARY",13.45,10.244,3.35670725293538
"tot3_0438","S4","CTX_X",26.03,44.985,5.49137211781517
"tot3_0440","S4","CTX_X",28.84,13.951,3.80229663223458
"tot3_0441","S4","DARY",15.03,10.102,3.33656904176912
"tot3_0442","S4","CTX_X",20.43,42.633,5.41389867336162
"tot3_0443","S4","CTX_X",33.9,44.513,5.47615483088922
"tot3_0444","S4","DARY",13.45,10.214,3.35247605905033
"tot3_0445","S4","DARY",13.45,10.208,3.35162832910278
"tot3_0446","S4","DARY",13.45,10.221,3.35346444815542
"tot3_0448","S4","CTX_X",24.73,18.11,4.17871464117544
"tot3_0449","S4","CTX_X",28.84,13.305,3.7338966052475
"tot3_0450","S4","DARY",15.03,10.087,3.33442525757026
"tot3_0452","S4","CTX_X",22.48,14.006,3.80797308747771
"tot3_0453","S4","DARY",13.45,10.216,3.35275852504064
"tot3_0454","S4","DARY",13.45,10.37,3.3743439890385
"tot3_0455","S4","DARY",13.45,10.221,3.35346444815542
"tot3_0456","S4","NESTED_LOOP",83.73,213.207,7.73611099513026
"tot3_0457","S4","ITER_F",75.3,284.945,8.15453966735161
"tot3_0458","S4","CTX_X",28.84,14.259,3.83380090236141
"tot3_0459","S4","DARY",15.03,10.113,3.33813912804328
"tot3_0460","S4","CTX_X",20.43,43.625,5.44708322620965
"tot3_0461","S4","CTX_X",22.48,17.351,4.11694690774659
"tot3_0463","S4","CTX_X",17.86,21.013,4.3932102433881
"tot3_0464","S4","CTX_X",48.13,44.377,5.47174023580187
"tot3_0465","S4","CTX_X",26.03,45.153,5.49674993954452
"tot3_0466","S4","CTX_X",33.9,47.294,5.56358526113049
"tot3_0467","S4","CTX_X",28.84,13.537,3.75883614660151
"tot3_0468","S4","DARY",15.03,10.096,3.33571191032046
"tot3_0472","S4","CTX_X",17.86,21.079,4.39773452119544
"tot3_0476","S4","CTX_X",28.84,13.857,3.79254304690811
"tot3_0477","S4","DARY",15.03,10.098,3.33599767738902
"tot3_0479","S4","CTX_X",22.48,13.209,3.72344934499596
"tot3_0480","S4","NESTED_LOOP",101.72,288.732,8.17358719926384
"tot3_0481","S4","CTX_X",17.86,16.823,4.07236309531941
"tot3_0483","S4","NESTED_LOOP",83.73,215.253,7.74988953450468
"tot3_0484","S4","CTX_X",28.84,13.209,3.72344934499596
"tot3_0485","S4","CTX_X",28.84,12.084,3.59502618406585
"tot3_0486","S4","DARY",15.03,10.085,3.33413917883824
"tot3_0487","S4","CTX_X",15.61,12.44,3.63691458035588
"tot3_0488","S4","CTX_X",22.48,12.095,3.5963388642052
"tot3_0489","S4","DARY",15.7,21.418,4.42075186326705
"tot3_0490","S4","CTX_X",17.86,16.659,4.0582298966508
"tot3_0491","S4","CTX_X",24.73,18.123,4.17974988729563
"tot3_0492","S4","CTX_X",22.48,13.85,3.79181407116183
"tot3_0493","S4","CTX_X",40.34,17.649,4.14151453697237
"tot3_0494","S4","CTX_X",28.84,11.52,3.52606881166759
"tot3_0495","S4","DARY",15.03,10.087,3.33442525757026
"tot3_0496","S4","CTX_X",15.61,13.059,3.70697252084697
"tot3_0498","S4","FUNC_L",46.78,14.479,3.85589006023251
"tot3_0499","S4","CTX_X",17.86,17.169,4.10173410760804
"tot3_0500","S4","CTX_X",24.73,17.311,4.11361716178545
"tot3_0501","S4","CTX_X",22.48,11.78,3.55826763405574
"tot3_0502","S4","FUNC",34.09,44.778,5.48471818684477
"tot3_0503","S4","CTX_X",28.84,12.983,3.69855188231038
"tot3_0504","S4","DARY",15.03,10.092,3.33514020631421
"tot3_0505","S4","CTX_X",39.77,43.724,5.4503534839162
"tot3_0506","S4","CTX_X",22.48,12.564,3.65122394298988
"tot3_0507","S4","NESTED_LOOP",80.56,423.362,8.72574797194062
"tot3_0508","S4","CTX_X",17.86,17.547,4.13315248979973
"tot3_0509","S4","CTX_X",24.73,16.533,4.04727662789158
"tot3_0510","S4","CTX_X",22.48,12.534,3.64777499312618
"tot3_0511","S4","CTX_X",44.91,43.403,5.4397228595742
"tot3_0512","S4","CTX_X",28.84,12.777,3.67547723060941
"tot3_0513","S4","DARY",15.03,10.084,3.33399611819645
"tot3_0514","S4","NESTED_LOOP",82.15,209.791,7.7128089776333
"tot3_0515","S4","CTX_X",22.48,13.549,3.76011447057872
"tot3_0516","S4","DARY",13.45,10.21,3.35191096110308
"tot3_0517","S4","DARY",13.45,10.213,3.35233480531341
"tot3_0518","S4","DARY",13.45,10.209,3.35176965202408
"tot3_0519","S4","CTX_X",22.48,19.284,4.26933242973416
"tot3_0521","S4","CTX_X",28.84,21.782,4.44506452174342
"tot3_0522","S4","DARY",15.03,10.152,3.34369206917902
"tot3_0523","S4","CTX_X",20.43,50.435,5.65635335245763
"tot3_0525","S4","DARY",13.45,10.342,3.3704433048213
"tot3_0526","S4","DARY",13.45,10.351,3.37169824670375
"tot3_0527","S4","DARY",13.45,10.34,3.37016428054021
"tot3_0528","S4","CTX_X",22.48,18.794,4.23220024871352
"tot3_0529","S4","CTX_X",39.34,26.68,4.73768676140986
"tot3_0530","S4","CTX_X",28.84,18.323,4.1955838281687
"tot3_0531","S4","DARY",15.03,10.151,3.34354995273888
"tot3_0533","S4","CTX_X",22.48,18.989,4.24709202707157
"tot3_0535","S4","DARY",13.45,10.346,3.37100119154167
"tot3_0536","S4","DARY",13.45,10.343,3.37058279672771
"tot3_0537","S4","CTX_X",22.48,19.023,4.24967287756465
"tot3_0539","S4","CTX_X",28.84,18.847,4.23626299347047
"tot3_0540","S4","DARY",15.03,10.146,3.34283916046905
"tot3_0541","S4","CTX_X",20.43,49.901,5.64099682188447
"tot3_0542","S4","CTX_X",22.48,19.503,4.2856241548739
"tot3_0543","S4","CTX_X",24.73,27.768,4.79535136516656
"tot3_0544","S4","CTX_X",17.86,29.982,4.90602471879496
"tot3_0545","S4","CTX_X",31.09,29.554,4.88528150074267
"tot3_0546","S4","CTX_X",22.48,19.977,4.32026804087623
"tot3_0547","S4","CTX_X",20.43,48.246,5.5923374306488
"tot3_0548","S4","CTX_X",28.84,19.253,4.26701135876785
"tot3_0549","S4","DARY",15.03,10.145,3.34269695998193
"tot3_0553","S4","CTX_X",17.86,26.337,4.71901911505979
"tot3_0555","S4","CTX_X",22.48,18.24,4.18903382439002
"tot3_0556","S4","CTX_X",20.43,48.805,5.60895705221829
"tot3_0557","S4","CTX_X",28.84,18.424,4.20351441113076
"tot3_0558","S4","DARY",15.03,10.146,3.34283916046905
"tot3_0560","S4","CTX_X",22.48,18.446,4.20523609784985
"tot3_0561","S4","CTX_X",24.73,28.168,4.81598522720104
"tot3_0562","S4","CTX_X",17.86,27.036,4.7568098142945
"tot3_0563","S4","CTX_X",43.91,49.187,5.62020516017205
"tot3_0564","S4","CTX_X",22.48,18.29,4.19298316997399
"tot3_0566","S4","CTX_X",28.84,18.631,4.21963320643597
"tot3_0567","S4","DARY",15.03,10.149,3.34326567785306
"tot3_0568","S4","CTX_X",15.61,18.521,4.21109009068274
"tot3_0569","S4","CTX_X",22.48,18.666,4.22234089559345
"tot3_0570","S4","DARY",15.7,36.297,5.1817784071861
"tot3_0571","S4","CTX_X",17.86,27.907,4.80255513803915
"tot3_0573","S4","CTX_X",19.2,52.171,5.70517618171697
"tot3_0575","S4","CTX_X",28.84,33.018,5.04518082938843
"tot3_0576","S4","DARY",15.03,10.191,3.34922371893827
"tot3_0577","S4","CTX_X",15.61,24.674,4.62491971050011
"tot3_0579","S4","FUNC_L",46.78,40.759,5.34904675108347
"tot3_0580","S4","CTX_X",17.86,54.336,5.76383645889095
"tot3_0584","S4","CTX_X",28.84,19.045,4.25134038278862
"tot3_0585","S4","DARY",15.03,10.147,3.34298134694144
"tot3_0588","S4","DARY",18.37,13.267,3.72977027309887
"tot3_0589","S4","CTX_X",17.86,19.386,4.27694325132443
"tot3_0593","S4","CTX_X",28.84,23.446,4.55126990793092
"tot3_0594","S4","DARY",15.03,10.165,3.34553831007001
"tot3_0595","S4","NESTED_LOOP",82.15,226.572,7.82382577221692
"tot3_0596","S4","CTX_X",43.91,53.718,5.74733368699831
"tot3_0597","S4","DARY",13.45,10.335,3.36946648365072
"tot3_0598","S4","DARY",13.45,10.332,3.36904764345591
"tot3_0599","S4","DARY",13.45,10.295,3.36387192485753
"tot3_0601","S4","CTX_X",24.73,18.934,4.24290732212299
"tot3_0602","S4","CTX_X",28.84,14.302,3.83814500331236
"tot3_0603","S4","DARY",15.03,10.096,3.33571191032046
"tot3_0604","S4","CTX_X",20.43,43.352,5.43802664712394
"tot3_0605","S4","CTX_X",24.73,17.021,4.08924389411219
"tot3_0606","S4","DARY",13.45,10.197,3.35007286260074
"tot3_0607","S4","DARY",13.45,10.2,3.35049724708413
"tot3_0608","S4","DARY",13.45,10.206,3.35134564172245
"tot3_0609","S4","CTX_X",24.73,18.241,4.18911291734477
"tot3_0610","S4","CTX_X",24.73,20.51,4.35825558670513
"tot3_0611","S4","CTX_X",28.84,13.617,3.76733698899696
"tot3_0612","S4","DARY",15.03,10.134,3.34113182886045
"tot3_0614","S4","CTX_X",41.34,18.332,4.19629228571223
"tot3_0615","S4","CTX_X",20.43,42.407,5.4062305208019
"tot3_0616","S4","DARY",13.45,10.215,3.3526172989585
"tot3_0617","S4","DARY",13.45,10.227,3.35431110019902
"tot3_0618","S4","CTX_X",40.34,17.036,4.09051472988825
"tot3_0619","S4","CTX_X",24.73,17.032,4.09017594979021
"tot3_0620","S4","CTX_X",28.84,12.82,3.68032435684402
"tot3_0621","S4","DARY",15.03,10.098,3.33599767738902
"tot3_0622","S4","CTX_X",20.43,43.797,5.45276014660076
"tot3_0623","S4","NESTED_LOOP",82.15,214.909,7.74758209126302
"tot3_0625","S4","CTX_X",17.86,17.247,4.10827353147257
"tot3_0627","S4","CTX_X",28.21,57.76,5.85199883711245
"tot3_0629","S4","CTX_X",28.84,16.345,4.03077747199254
"tot3_0630","S4","DARY",15.03,10.11,3.33771109212829
"tot3_0631","S4","CTX_X",20.43,43.77,5.45187047886432
"tot3_0634","S4","CTX_X",17.86,16.615,4.05441438791731
"tot3_0638","S4","CTX_X",28.84,12.25,3.61470984411521
"tot3_0639","S4","DARY",15.03,10.087,3.33442525757026
"tot3_0643","S4","CTX_X",17.86,42.545,5.41091768745521
"tot3_0647","S4","CTX_X",28.84,12.666,3.66288907940622
"tot3_0648","S4","DARY",15.03,10.101,3.33642622188672
"tot3_0649","S4","CTX_X",15.61,15.49,3.95326523901484
"tot3_0650","S4","CTX_X",22.48,13.039,3.70476132409119
"tot3_0651","S4","DARY",15.7,24.422,4.61010944721642
"tot3_0652","S4","CTX_X",17.86,20.937,4.38798283251487
"tot3_0653","S4","CTX_X",24.73,19.537,4.28813704646158
"tot3_0654","S4","CTX_X",26.03,45.309,5.50172574484347
"tot3_0656","S4","CTX_X",28.84,46.006,5.52375012139966
"tot3_0657","S4","DARY",15.03,10.176,3.34709867062227
"tot3_0658","S4","CTX_X",15.61,18.464,4.2066432239834
"tot3_0660","S4","FUNC_L",46.78,19.975,4.32012359804061
"tot3_0661","S4","CTX_X",17.86,23.914,4.57978355900252
"tot3_0665","S4","CTX_X",28.84,15.41,3.94579495674006
"tot3_0666","S4","DARY",15.03,10.116,3.33856703700115
"tot3_0668","S4","CTX_X",22.48,43.533,5.44403753922609
"tot3_0670","S4","CTX_X",17.86,55.633,5.79786899965963
"tot3_0671","S4","CTX_X",24.73,36.551,5.19183897234566
"tot3_0672","S4","NESTED_LOOP",83.73,228.999,7.83919748810484
"tot3_0674","S4","CTX_X",28.84,16.156,4.013998146041
"tot3_0675","S4","DARY",15.03,10.149,3.34326567785306
"tot3_0676","S4","NESTED_LOOP",82.15,218.444,7.77111966960527
"tot3_0677","S4","CTX_X",22.48,16.44,4.03913839390696
"tot3_0678","S4","DARY",13.45,11.241,3.49069847838818
"tot3_0679","S4","DARY",13.45,10.415,3.38059093426592
"tot3_0680","S4","CTX_X",32.43,45.974,5.52274628919328
"tot3_0681","S4","CTX_X",26.03,52.765,5.72150937542489
"tot3_0683","S4","CTX_X",28.84,17.01,4.08831123588866
"tot3_0684","S4","DARY",15.03,10.134,3.34113182886045
"tot3_0685","S4","CTX_X",20.43,44.421,5.47316996590827
"tot3_0687","S4","DARY",13.45,10.45,3.38543103719352
"tot3_0688","S4","DARY",13.45,10.227,3.35431110019902
"tot3_0692","S4","CTX_X",28.84,11.944,3.57821416547245
"tot3_0693","S4","DARY",15.03,10.087,3.33442525757026
"tot3_0695","S4","CTX_X",22.48,11.781,3.55839009872547
"tot3_0697","S4","DARY",13.45,10.213,3.35233480531341
"tot3_0698","S4","CTX_X",32.43,41.516,5.37559554392619
"tot3_0699","S4","NESTED_LOOP",83.73,213.76,7.73984810269933
"tot3_0700","S4","NESTED_LOOP",99.72,291.58,8.18774795576891
"tot3_0701","S4","CTX_X",28.84,11.367,3.50677964056778
"tot3_0702","S4","DARY",15.03,10.09,3.33485426933163
"tot3_0703","S4","CTX_X",20.43,42.707,5.41640065273315
"tot3_0704","S4","CTX_X",22.48,11.65,3.54225804976692
"tot3_0705","S4","CTX_X",33.9,42.481,5.40874582237736
"tot3_0706","S4","CTX_X",17.86,16.788,4.06935846322382
"tot3_0707","S4","CTX_X",31.09,16.23,4.02059109477325
"tot3_0708","S4","CTX_X",26.03,43.45,5.44128427192704
"tot3_0710","S4","CTX_X",28.84,12.111,3.59824608753958
"tot3_0711","S4","DARY",15.03,10.087,3.33442525757026
"tot3_0715","S4","CTX_X",17.86,16.708,4.06246714350071
"tot3_0716","S4","CTX_X",32.98,16.332,4.02962956756306
"tot3_0718","S4","NESTED_LOOP",82.15,437.163,8.77202749111531
"tot3_0719","S4","CTX_X",28.84,11.865,3.56864019541922
"tot3_0720","S4","DARY",15.03,10.091,3.33499724490688
"tot3_0721","S4","NESTED_LOOP",82.15,437.13,8.77191858269131
"tot3_0722","S4","CTX_X",22.48,11.73,3.55213110825378
"tot3_0723","S4","NESTED_LOOP",101.72,293.242,8.19594794008218
"tot3_0724","S4","CTX_X",17.86,17.003,4.08771741203138
"tot3_0725","S4","CTX_X",31.09,17.103,4.09617750219213
"tot3_0726","S4","NESTED_LOOP",83.73,212.292,7.72990619560214
"tot3_0727","S4","NESTED_LOOP",82.15,436.902,8.7711658997763
"tot3_0728","S4","CTX_X",28.84,11.618,3.53828982985849
"tot3_0729","S4","DARY",15.03,10.085,3.33413917883824
"tot3_0730","S4","CTX_X",15.61,12.256,3.61541629726287
"tot3_0731","S4","CTX_X",27.3,41.733,5.38311672815475
"tot3_0732","S4","DARY",15.7,22.089,4.46525620223167
"tot3_0733","S4","CTX_X",17.86,16.36,4.03210084316702
"tot3_0734","S4","FUNC",34.09,16.093,4.0083613881137
"tot3_0735","S4","CTX_X",15.61,12.295,3.61999982982136
"tot3_0736","S4","CTX_X",15.61,12.242,3.61376736814448
"tot3_0737","S4","CTX_X",24.73,16.834,4.07330611733652
"tot3_0738","S4","DARY",15.03,10.085,3.33413917883824
"tot3_0739","S4","CTX_X",15.61,11.941,3.57785175516093
"tot3_0741","S4","FUNC_L",46.78,12.658,3.66197756774053
"tot3_0742","S4","CTX_X",17.86,17.551,4.1334813279209
"tot3_0743","S4","FUNC",34.09,16.149,4.0133729260785
"tot3_0744","S4","CTX_X",26.06,43.958,5.4580538429643
"tot3_0745","S4","CTX_X",15.61,12.112,3.59836520532364
"tot3_0746","S4","CTX_X",24.73,16.13,4.01167453338092
"tot3_0747","S4","DARY",15.03,10.086,3.33428222529524
"tot3_0748","S4","CTX_X",15.61,11.602,3.53630161932382
"tot3_0749","S4","DARY",19.19,11.679,3.54584484540635
"tot3_0751","S4","CTX_X",17.86,17.372,4.11869195279181
"tot3_0752","S4","CTX_X",28.93,42.444,5.40748871975999
"tot3_0753","S4","NESTED_LOOP",101.72,271.897,8.08691642311975
"tot3_0754","S4","CTX_X",15.61,11.793,3.55985886448316
"tot3_0755","S4","CTX_X",24.73,15.97,3.99729240763651
"tot3_0756","S4","DARY",15.03,10.09,3.33485426933163
"tot3_0757","S4","NESTED_LOOP",64.81,207.022,7.69364027925966
"tot3_0759","S4","DARY",13.45,10.228,3.35445216057956
"tot3_0760","S4","DARY",13.45,10.218,3.35304093573761
"tot3_0761","S4","DARY",13.45,10.205,3.35120427725799
"tot3_0762","S4","CTX_X",15.61,12.833,3.68178656688861
"tot3_0764","S4","CTX_X",17.86,17.39,4.12018602753186
"tot3_0765","S4","DARY",15.03,10.09,3.33485426933163
"tot3_0766","S4","CTX_X",20.43,42.339,5.40391528978605
"tot3_0767","S4","CTX_X",41.34,16.564,4.04997920270779
"tot3_0768","S4","DARY",13.45,10.206,3.35134564172245
"tot3_0769","S4","DARY",13.45,10.2,3.35049724708413
"tot3_0770","S4","DARY",13.45,10.205,3.35120427725799
"tot3_0771","S4","CTX_X",26.06,43.43,5.44062004767917
"tot3_0773","S4","CTX_X",17.86,17.533,4.13200096576069
"tot3_0774","S4","DARY",15.03,10.093,3.33528315355643
"tot3_0778","S4","DARY",13.45,10.244,3.35670725293538
"tot3_0780","S4","CTX_X",26.06,41.673,5.38104105692282
"tot3_0781","S4","NESTED_LOOP",83.73,224.5,7.81057163474115
"tot3_0782","S4","CTX_X",17.86,18.15,4.18189764310839
"tot3_0783","S4","DARY",15.03,10.086,3.33428222529524
"tot3_0785","S4","NESTED_LOOP",101.72,274.779,8.1021279400969
"tot3_0786","S4","CTX_X",24.73,16.534,4.04736388679267
"tot3_0787","S4","CTX_X",17.86,17.449,4.12507245301969
"tot3_0789","S4","CTX_X",15.61,13.049,3.70586734610249
"tot3_0791","S4","CTX_X",15.61,13.093,3.71072379486246
"tot3_0792","S4","DARY",15.03,10.098,3.33599767738902
"tot3_0796","S4","CTX_X",17.86,16.742,4.06539997747876
"tot3_0798","S4","CTX_X",26.06,43.058,5.42820940424173
"tot3_0800","S4","CTX_X",15.61,12.181,3.60656067113819
"tot3_0801","S4","DARY",15.03,10.085,3.33413917883824
"tot3_0802","S4","ITER",41.09,43.231,5.43399430327836
"tot3_0805","S4","CTX_X",17.86,17.369,4.11844278983545
"tot3_0807","S4","CTX_X",15.61,11.396,3.51045562166176
"tot3_0808","S4","CTX_X",15.61,11.625,3.53915881110803
"tot3_0809","S4","CTX_X",15.61,12.109,3.59800782246209
"tot3_0810","S4","DARY",15.03,10.088,3.33456827566613
"tot3_0811","S4","CTX_X",15.61,12.047,3.59060201943572
"tot3_0812","S4","CTX_X",27.3,42.726,5.41704235339282
"tot3_0813","S4","DARY",15.7,21.58,4.43162295971329
"tot3_0814","S4","CTX_X",17.86,17.105,4.09634619899318
"tot3_0816","S4","CTX_X",17.86,20.28,4.34198574722862
"tot3_0817","S4","CTX_X",42.26,42.433,5.4071147752158
"tot3_0818","S4","CTX_X",24.73,16.128,4.01149563883783
"tot3_0819","S4","DARY",15.03,10.089,3.33471127958565
"tot3_0820","S4","CTX_X",15.61,11.805,3.56132613645392
"tot3_0821","S4","CTX_X",28.93,43.721,5.450254494034
"tot3_0822","S4","FUNC_L",46.78,12.551,3.64973041026389
"tot3_0823","S4","CTX_X",17.86,16.931,4.08159528090502
"tot3_0826","S4","CTX_X",15.61,12.129,3.60038870433076
"tot3_0827","S4","CTX_X",24.73,16.01,4.00090140274153
"tot3_0828","S4","DARY",15.03,10.086,3.33428222529524
"tot3_0832","S4","CTX_X",17.86,17.74,4.14893410452634
"tot3_0836","S4","CTX_X",24.73,17.33,4.11519974938544
"tot3_0837","S4","DARY",15.03,10.086,3.33428222529524
"tot3_0838","S4","NESTED_LOOP",64.81,210.038,7.71450655315198
"tot3_0839","S4","NESTED_LOOP",63.81,428.932,8.74460514043967
"tot3_0840","S4","DARY",13.45,10.379,3.37559554392619
"tot3_0841","S4","DARY",13.45,10.369,3.37420486033972
"tot3_0842","S4","DARY",13.45,11.046,3.46545212740898
"tot3_0845","S4","CTX_X",17.86,44.93,5.48960715674871
"tot3_0846","S4","DARY",15.03,10.717,3.4218292048953
"tot3_0847","S4","CTX_X",20.43,52.771,5.72167341746276
"tot3_0848","S4","CTX_X",24.73,47.125,5.55842071326866
"tot3_0849","S4","DARY",13.45,10.603,3.40640061182426
"tot3_0850","S4","DARY",13.45,10.552,3.39944456458946
"tot3_0851","S4","DARY",13.45,10.52,3.39506279951758
"tot3_0852","S4","CTX_X",17.86,64.369,6.00829415102336
"tot3_0853","S4","CTX_X",20.43,58.876,5.87960775377905
"tot3_0854","S4","CTX_X",17.86,41.422,5.37232530852358
"tot3_0855","S4","DARY",15.03,10.129,3.34041984392724
"tot3_0859","S4","DARY",13.45,10.209,3.35176965202408
"tot3_0860","S4","CTX_X",28.21,42.654,5.4146091356002
"tot3_0861","S4","CTX_X",17.86,18.192,4.18523225423016
"tot3_0863","S4","CTX_X",17.86,17.205,4.10475598696226
"tot3_0864","S4","DARY",15.03,10.085,3.33413917883824
"tot3_0868","S4","CTX_X",17.86,28.124,4.81372989448141
"tot3_0870","S4","CTX_X",45.15,44.815,5.48590979153593
"tot3_0872","S4","CTX_X",15.61,21.779,4.44486580797976
"tot3_0873","S4","DARY",15.03,10.804,3.43349363984688
"tot3_0874","S4","CTX_X",15.61,22.302,4.47910118892083
"tot3_0877","S4","CTX_X",17.86,45.197,5.49815511025437
"tot3_0878","S4","NESTED_LOOP",82.15,230.082,7.84600431142231
"tot3_0879","S4","CTX_X",15.61,20.751,4.37510895714347
"tot3_0880","S4","CTX_X",15.61,21.428,4.42142529605755
"tot3_0881","S4","CTX_X",15.61,19.197,4.2628089671208
"tot3_0882","S4","DARY",15.03,10.152,3.34369206917902
"tot3_0886","S4","CTX_X",17.86,27.38,4.77505054148317
"tot3_0888","S4","CTX_X",15.61,20.279,4.34191460666592
"tot3_0889","S4","CTX_X",15.61,19.453,4.28192075659608
"tot3_0890","S4","CTX_X",15.61,19.257,4.26731106171173
"tot3_0891","S4","DARY",15.03,10.163,3.34525442674739
"tot3_0892","S4","CTX_X",15.61,20.457,4.35452268559807
"tot3_0894","S4","DARY",15.7,44.484,5.47521461587823
"tot3_0895","S4","CTX_X",17.86,28.506,4.83319370746991
"tot3_0897","S4","CTX_X",17.86,28.819,4.84894837071679
"tot3_0899","S4","CTX_X",24.73,27.842,4.79919094423653
"tot3_0900","S4","DARY",15.03,10.147,3.34298134694144
"tot3_0901","S4","CTX_X",15.61,18.773,4.23058731187989
"tot3_0903","S4","FUNC_L",46.78,21.438,4.42209841464434
"tot3_0904","S4","CTX_X",17.86,28.316,4.82354557543035
"tot3_0908","S4","CTX_X",24.73,26.385,4.72164607841839
"tot3_0909","S4","DARY",15.03,10.145,3.34269695998193
"tot3_0911","S4","DARY",19.19,18.922,4.24199268026593
"tot3_0913","S4","CTX_X",17.86,27.469,4.77973248541395
"tot3_0917","S4","CTX_X",24.73,34.425,5.1053847492476
"tot3_0918","S4","DARY",15.03,10.175,3.34695688937888
"tot3_0919","S4","NESTED_LOOP",82.15,228.245,7.83443944624177
"tot3_0921","S4","DARY",13.45,10.492,3.3912178076029
"tot3_0922","S4","DARY",13.45,10.505,3.39300425689832
"tot3_0926","S4","CTX_X",17.86,46.268,5.53194283259664
"tot3_0927","S4","DARY",15.03,10.233,3.35515725567247
"tot3_0928","S4","CTX_X",20.43,50.996,5.67231218498168
"tot3_0930","S4","DARY",13.45,10.473,3.38860285761182
"tot3_0931","S4","DARY",13.45,10.588,3.40435819483331
"tot3_0932","S4","CTX_X",20.43,56.393,5.81744418850362
"tot3_0935","S4","CTX_X",17.86,21.442,4.42236757416767
"tot3_0936","S4","DARY",15.03,10.088,3.33456827566613
"tot3_0940","S4","DARY",13.45,10.231,3.35487525898649
"tot3_0944","S4","CTX_X",17.86,20.867,4.38315129738669
"tot3_0945","S4","DARY",15.03,10.108,3.33742566428269
"tot3_0949","S4","CTX_X",17.86,19.472,4.28332916805164
"tot3_0951","S4","CTX_X",42.34,18.009,4.17064616868597
"tot3_0953","S4","CTX_X",15.61,12.914,3.69086402708526
"tot3_0954","S4","DARY",15.03,10.116,3.33856703700115
"tot3_0956","S4","CTX_X",27.3,42.11,5.39609097039437
"tot3_0958","S4","CTX_X",17.86,16.767,4.06755267572186
"tot3_0959","S4","CTX_X",37.78,43.96,5.45811948117451
"tot3_0961","S4","FUNC_L",61.33,198.128,7.63028897008598
"tot3_0962","S4","CTX_X",15.61,14.572,3.86512699508069
"tot3_0963","S4","DARY",15.03,10.092,3.33514020631421
"tot3_0965","S4","CTX_X",31.09,17.596,4.13717560124804
"tot3_0967","S4","CTX_X",17.86,18.385,4.20045727142857
"tot3_0970","S4","CTX_X",15.61,12.499,3.64374076955458
"tot3_0971","S4","CTX_X",15.61,12.347,3.62608864188872
"tot3_0972","S4","DARY",15.03,10.088,3.33456827566613
"tot3_0973","S4","CTX_X",15.61,12.188,3.6073895000244
"tot3_0974","S4","CTX_X",27.3,43.324,5.4370945445223
"tot3_0975","S4","DARY",15.7,21.821,4.44764531304672
"tot3_0976","S4","CTX_X",17.86,16.879,4.07715752868504
"tot3_0977","S4","CTX_X",46.15,43.631,5.4472816348064
"tot3_0978","S4","CTX_X",15.61,12.439,3.6367986034242
"tot3_0979","S4","CTX_X",24.73,16.822,4.07227733547151
"tot3_0980","S4","CTX_X",24.73,16.5,4.04439411935845
"tot3_0981","S4","DARY",15.03,10.086,3.33428222529524
"tot3_0982","S4","CTX_X",15.61,12.077,3.59419021986166
"tot3_0984","S4","FUNC_L",46.78,13.249,3.72781156780962
"tot3_0985","S4","CTX_X",17.86,16.806,4.07090448413358
"tot3_0986","S4","CTX_X",24.73,16.655,4.05788344889963
"tot3_0988","S4","CTX_X",24.73,17.017,4.08890481542425
"tot3_0989","S4","CTX_X",24.73,16.956,4.08372396639301
"tot3_0990","S4","DARY",15.03,10.097,3.33585480093028
"tot3_0992","S4","DARY",19.19,12.864,3.68526740651684
"tot3_0994","S4","CTX_X",17.86,18.729,4.22720196651556
"tot3_0996","S4","NESTED_LOOP",101.72,273.447,8.09511742408407
"tot3_0998","S4","CTX_X",24.73,18.35,4.19770815795585
"tot3_0999","S4","DARY",15.03,10.087,3.33442525757026
"tot3_1000","S4","NESTED_LOOP",64.81,211.214,7.72256165449557
"tot3_1002","S4","DARY",13.45,10.256,3.35839626195665
"tot3_1003","S4","DARY",13.45,10.251,3.35769274848834
"tot3_1004","S4","DARY",13.45,10.221,3.35346444815542
"tot3_1005","S4","CTX_X",15.61,18.586,4.21614440785049
"tot3_1006","S4","NESTED_LOOP",97.72,465.649,8.86309907005148
"tot3_1007","S4","CTX_X",17.86,29.861,4.90019057485693
"tot3_1008","S4","DARY",15.03,10.147,3.34298134694144
"tot3_1009","S4","CTX_X",20.43,48.306,5.59413048959312
"tot3_1010","S4","CTX_X",41.34,39.99,5.3215673760354
"tot3_1011","S4","DARY",13.45,10.347,3.37114062951992
"tot3_1012","S4","DARY",13.45,10.46,3.38681094647222
"tot3_1013","S4","DARY",13.45,10.817,3.43522853072072
"tot3_1014","S4","CTX_X",35.9,50.085,5.64630668900955
"tot3_1015","S4","CTX_X",17.86,29.538,4.88450024029394
"tot3_1016","S4","CTX_X",17.86,28.72,4.84398384404833
"tot3_1017","S4","DARY",15.03,10.157,3.34440244146226
"tot3_1020","S4","DARY",13.45,10.49,3.39094277280254
"tot3_1021","S4","DARY",13.45,10.33,3.36876834909033
"tot3_1022","S4","DARY",13.45,10.254,3.35811489773521
"tot3_1024","S4","CTX_X",17.86,20.225,4.33806779754262
"tot3_1025","S4","CTX_X",17.86,19.592,4.29219277390189
"tot3_1026","S4","DARY",15.03,10.095,3.33556900555675
"tot3_1029","S4","CTX_X",24.73,18.413,4.2026527966713
"tot3_1030","S4","CTX_X",17.86,17.551,4.1334813279209
"tot3_1032","S4","CTX_X",15.61,12.118,3.59907970556486
"tot3_1034","S4","CTX_X",15.61,18.04,4.17312743348066
"tot3_1035","S4","DARY",15.03,10.137,3.34155885122287
"tot3_1039","S4","CTX_X",17.86,18.046,4.17360718575717
"tot3_1043","S4","CTX_X",15.61,16.138,4.01238988980608
"tot3_1044","S4","DARY",15.03,10.155,3.34411833452143
"tot3_1045","S4","ITER",41.09,45.325,5.5022351148568
"tot3_1048","S4","CTX_X",17.86,21.399,4.41947147428249
"tot3_1049","S4","NESTED_LOOP",82.15,428.947,8.74465559143711
"tot3_1050","S4","CTX_X",15.61,14.917,3.89888551517822
"tot3_1051","S4","CTX_X",15.61,17.119,4.09752652459504
"tot3_1052","S4","CTX_X",15.61,15.275,3.93310047493137
"tot3_1053","S4","DARY",15.03,10.104,3.33685463912547
"tot3_1054","S4","CTX_X",15.61,15.973,3.99756339565488
"tot3_1055","S4","CTX_X",27.3,46.243,5.53116309014654
"tot3_1056","S4","DARY",15.7,24.228,4.59860341139054
"tot3_1057","S4","CTX_X",17.86,17.271,4.11027971297561
"tot3_1058","S4","NESTED_LOOP",64.81,424.717,8.73035804586961
"tot3_1059","S4","CTX_X",17.86,19.804,4.30771994930007
"tot3_1061","S4","CTX_X",24.73,21.971,4.4575286297468
"tot3_1062","S4","DARY",15.03,10.097,3.33585480093028
"tot3_1063","S4","CTX_X",15.61,13.568,3.76213616990111
"tot3_1064","S4","CTX_X",28.93,44.291,5.46894166557535
"tot3_1065","S4","FUNC_L",46.78,13.239,3.72672224803506
"tot3_1066","S4","CTX_X",17.86,17.194,4.10383330630347
"tot3_1067","S4","NESTED_LOOP",116.78,480.802,8.90929908703863
"tot3_1068","S4","NESTED_LOOP",114.45,496.741,8.95635001860248
"tot3_1070","S4","CTX_X",24.73,20.444,4.35360559133812
"tot3_1071","S4","DARY",15.03,10.132,3.34084707705041
"tot3_1073","S4","DARY",19.19,13.48,3.75274859140713
"tot3_1075","S4","CTX_X",17.86,15.904,3.9913177569002
"tot3_1076","S4","CTX_X",24.73,16.116,4.01042180548651
"tot3_1079","S4","CTX_X",24.73,16.206,4.01845614056804
"tot3_1080","S4","DARY",15.03,10.088,3.33456827566613
"tot3_1081","S4","NESTED_LOOP",64.81,208.175,7.70165301373567
"tot3_1082","S4","NESTED_LOOP",63.81,421.789,8.72037766078973
"tot3_1083","S4","DARY",13.45,10.208,3.35162832910278
"tot3_1084","S4","DARY",13.45,10.212,3.35219353774503
"tot3_1085","S4","DARY",13.45,10.204,3.35106289894039
"tot3_1087","S4","CTX_X",17.86,17.554,4.13372790733314
"tot3_1088","S4","CTX_X",17.86,17.287,4.111615619122
"tot3_1089","S4","DARY",15.03,10.085,3.33413917883824
"tot3_1090","S4","CTX_X",20.43,42.186,5.39869239520257
"tot3_1091","S4","CTX_X",24.73,16.091,4.00818208224212
"tot3_1092","S4","DARY",13.45,10.208,3.35162832910278
"tot3_1093","S4","DARY",13.45,10.196,3.34993137336011
"tot3_1094","S4","DARY",13.45,10.212,3.35219353774503
"tot3_1095","S4","CTX_X",17.86,17.407,4.12159567880332
"tot3_1096","S4","CTX_X",17.86,17.183,4.10291003516339
"tot3_1097","S4","CTX_X",17.86,17.438,4.12416267883585
"tot3_1098","S4","DARY",15.03,10.086,3.33428222529524
"tot3_1099","S4","CTX_X",44.26,41.36,5.37016428054021
"tot3_1100","S4","CTX_X",24.73,16.333,4.02971790033768
"tot3_1101","S4","DARY",13.45,10.22,3.3533232911629
"tot3_1102","S4","DARY",13.45,10.203,3.35092150676691
"tot3_1103","S4","DARY",13.45,10.211,3.35205225634249
"tot3_1104","S4","CTX_X",17.86,17.157,4.10072540626236
"tot3_1105","S4","CTX_X",17.86,17.122,4.0977793259229
"tot3_1106","S4","CTX_X",17.86,17.102,4.09609314639378
"tot3_1107","S4","DARY",15.03,10.088,3.33456827566613
"tot3_1109","S4","CTX_X",42.91,42.893,5.42267031861935
"tot3_1110","S4","CTX_X",36.55,42.168,5.39807669206744
"tot3_1111","S4","CTX_X",17.86,16.824,4.07244885006969
"tot3_1112","S4","CTX_X",17.86,17.041,4.09093809316883
"tot3_1113","S4","CTX_X",45.15,43.17,5.43195718768673
"tot3_1114","S4","CTX_X",15.61,11.997,3.5846017818692
"tot3_1115","S4","CTX_X",15.61,12.098,3.59669666068723
"tot3_1116","S4","DARY",15.03,10.09,3.33485426933163
"tot3_1117","S4","CTX_X",42.91,42.452,5.40776061856232
"tot3_1118","S4","CTX_X",31.09,16.554,4.04910795741234
"tot3_1119","S4","CTX_X",17.86,16.751,4.06617531893402
"tot3_1120","S4","CTX_X",17.86,16.881,4.07732846411663
"tot3_1121","S4","CTX_X",17.86,16.682,4.06022035831686
"tot3_1122","S4","CTX_X",15.61,11.732,3.55237707109487
"tot3_1123","S4","CTX_X",15.61,11.681,3.54609188222903
"tot3_1124","S4","CTX_X",15.61,11.969,3.5812307162325
"tot3_1125","S4","DARY",15.03,10.085,3.33413917883824
"tot3_1126","S4","CTX_X",42.91,42.231,5.40023050442203
"tot3_1127","S4","CTX_X",31.09,16.104,4.00934717225925
"tot3_1128","S4","CTX_X",17.86,16.944,4.08270258933025
"tot3_1129","S4","CTX_X",17.86,16.552,4.04893364519792
"tot3_1130","S4","CTX_X",17.86,17.037,4.09059941248393
"tot3_1131","S4","CTX_X",15.61,12.171,3.60537580326534
"tot3_1132","S4","CTX_X",15.61,11.907,3.5737380630589
"tot3_1133","S4","CTX_X",15.61,11.952,3.57918014812715
"tot3_1134","S4","DARY",15.03,10.092,3.33514020631421
"tot3_1135","S4","CTX_X",15.61,11.73,3.55213110825378
"tot3_1137","S4","DARY",15.7,22.221,4.47385183792301
"tot3_1138","S4","CTX_X",17.86,16.727,4.0641068150262
"tot3_1140","S4","CTX_X",31.98,16.803,4.07064692900643
"tot3_1142","S4","CTX_X",24.73,16.932,4.08168048865633
"tot3_1143","S4","DARY",15.03,10.086,3.33428222529524
"tot3_1144","S4","CTX_X",15.61,11.964,3.58062791045726
"tot3_1146","S4","FUNC_L",46.78,12.865,3.68537955195908
"tot3_1147","S4","CTX_X",17.86,16.875,4.07681559705083
"tot3_1151","S4","CTX_X",24.73,16.535,4.04745114041639
"tot3_1152","S4","DARY",15.03,10.086,3.33428222529524
"tot3_1154","S4","DARY",19.19,11.755,3.5552026338783
"tot3_1156","S4","CTX_X",17.86,16.991,4.08669885927444
"tot3_1157","S4","NESTED_LOOP",83.73,440.937,8.78442873154319
"tot3_1160","S4","CTX_X",24.73,16.091,4.00818208224212
"tot3_1161","S4","DARY",15.03,10.087,3.33442525757026
"tot3_1162","S4","NESTED_LOOP",64.81,207.04,7.69376571221778
"tot3_1163","S4","CTX_X",41.26,41.779,5.38470605612181
"tot3_1164","S4","DARY",13.45,10.2,3.35049724708413
"tot3_1165","S4","DARY",13.45,10.196,3.34993137336011
"tot3_1166","S4","DARY",13.45,10.2,3.35049724708413
"tot3_1168","S4","CTX_X",17.86,17.151,4.10022079099282
"tot3_1169","S4","CTX_X",17.86,17.962,4.1668760924852
"tot3_1170","S4","DARY",15.03,10.086,3.33428222529524
"tot3_1171","S4","CTX_X",20.43,42.199,5.39913690632848
"tot3_1172","S4","CTX_X",43.91,42.485,5.4088816597751
"tot3_1173","S4","DARY",13.45,10.204,3.35106289894039
"tot3_1174","S4","DARY",13.45,10.199,3.35035579946003
"tot3_1175","S4","DARY",13.45,10.211,3.35205225634249
"tot3_1176","S4","CTX_X",17.86,17.448,4.12498976997866
"tot3_1177","S4","CTX_X",17.86,17.268,4.11002909279937
"tot3_1178","S4","CTX_X",17.86,17.995,4.16952419715
"tot3_1179","S4","DARY",15.03,10.084,3.33399611819645
"tot3_1180","S4","CTX_X",44.26,48.593,5.60267659817026
"tot3_1181","S4","CTX_X",24.73,16.202,4.01810000750257
"tot3_1182","S4","DARY",13.45,10.199,3.35035579946003
"tot3_1183","S4","DARY",13.45,10.201,3.3506386808415
"tot3_1184","S4","DARY",13.45,10.198,3.35021433796647
"tot3_1185","S4","CTX_X",17.86,17.207,4.1049236837009
"tot3_1186","S4","CTX_X",17.86,17.172,4.10198617278574
"tot3_1187","S4","CTX_X",17.86,17.159,4.10089357213746
"tot3_1188","S4","DARY",15.03,10.086,3.33428222529524
"tot3_1189","S4","CTX_X",44.91,41.647,5.38014067112636
"tot3_1190","S4","CTX_X",33.9,43.487,5.44251228116904
"tot3_1191","S4","CTX_X",34.9,42.288,5.40217642497948
"tot3_1192","S4","CTX_X",17.86,16.72,4.06350294230616
"tot3_1193","S4","CTX_X",17.86,16.568,4.05032755355843
"tot3_1194","S4","CTX_X",17.86,16.915,4.08023127201926
"tot3_1195","S4","CTX_X",15.61,11.739,3.55323761095986
"tot3_1196","S4","CTX_X",15.61,11.863,3.56839698991614
"tot3_1197","S4","DARY",15.03,10.085,3.33413917883824
"tot3_1198","S4","CTX_X",42.91,41.745,5.38353150427804
"tot3_1199","S4","NESTED_LOOP",116.78,495.435,8.95255198113414
"tot3_1200","S4","NESTED_LOOP",82.15,424.838,8.73076900478605
"tot3_1201","S4","CTX_X",17.86,16.388,4.03456789281821
"tot3_1202","S4","CTX_X",17.86,17.078,4.09406712610872
"tot3_1203","S4","CTX_X",36.55,43.092,5.42934815372373
"tot3_1204","S4","CTX_X",15.61,11.961,3.5802661060564
"tot3_1205","S4","CTX_X",15.61,12.095,3.5963388642052
"tot3_1206","S4","DARY",15.03,10.091,3.33499724490688
"tot3_1207","S4","CTX_X",41.26,43.322,5.43702794271535
"tot3_1208","S4","CTX_X",31.09,16.551,4.04884648119216
"tot3_1209","S4","CTX_X",17.86,16.565,4.05006629830629
"tot3_1210","S4","CTX_X",17.86,16.777,4.06841285642996
"tot3_1211","S4","CTX_X",17.86,16.794,4.06987398763198
"tot3_1212","S4","CTX_X",20.43,43.043,5.427706728876
"tot3_1213","S4","CTX_X",15.61,11.756,3.55532535898925
"tot3_1214","S4","CTX_X",15.61,11.855,3.56742375770728
"tot3_1215","S4","DARY",15.03,10.087,3.33442525757026
"tot3_1216","S4","CTX_X",15.61,12.02,3.58736499093646
"tot3_1217","S4","CTX_X",27.3,41.555,5.37695017094954
"tot3_1218","S4","DARY",15.7,22.475,4.49024921062709
"tot3_1219","S4","CTX_X",17.86,16.716,4.06315775866032
"tot3_1221","S4","CTX_X",15.61,11.94,3.57773093149008
"tot3_1223","S4","CTX_X",24.73,16.367,4.03271800119802
"tot3_1224","S4","DARY",15.03,10.084,3.33399611819645
"tot3_1225","S4","CTX_X",15.61,11.932,3.57676397767313
"tot3_1227","S4","FUNC_L",46.78,12.581,3.65317469418748
"tot3_1228","S4","CTX_X",17.86,16.54,4.04788732939655
"tot3_1229","S4","CTX_X",46.15,42.586,5.41230732228271
"tot3_1232","S4","CTX_X",24.73,16.185,4.01658546043445
"tot3_1233","S4","DARY",15.03,10.084,3.33399611819645
"tot3_1235","S4","DARY",19.19,11.772,3.55728754227831
"tot3_1237","S4","CTX_X",17.86,16.294,4.02626890819055
"tot3_1239","S4","NESTED_LOOP",101.72,270.945,8.08185621375136
"tot3_1240","S4","ITER_L",60.38,55.931,5.80557621963502
"tot3_1241","S4","CTX_X",24.73,16.577,4.05111103557303
"tot3_1242","S4","DARY",15.03,10.089,3.33471127958565
"tot3_1243","S4","NESTED_LOOP",64.81,206.926,7.69297111923759
"tot3_1245","S4","DARY",13.45,10.216,3.35275852504064
"tot3_1246","S4","DARY",13.45,10.196,3.34993137336011
"tot3_1247","S4","DARY",13.45,10.197,3.35007286260074
"tot3_1248","S4","CTX_X",15.61,11.829,3.56425621116689
"tot3_1250","S4","CTX_X",17.86,17.103,4.09617750219213
"tot3_1251","S4","DARY",15.03,10.085,3.33413917883824
"tot3_1252","S4","CTX_X",20.43,41.762,5.38411889973073
"tot3_1253","S4","CTX_X",41.34,16.203,4.01818904901106
"tot3_1254","S4","DARY",13.45,10.196,3.34993137336011
"tot3_1255","S4","DARY",13.45,10.201,3.3506386808415
"tot3_1256","S4","DARY",13.45,10.203,3.35092150676691
"tot3_1259","S4","CTX_X",17.86,17.605,4.13791332208841
"tot3_1260","S4","DARY",15.03,10.085,3.33413917883824
"tot3_1264","S4","DARY",13.45,10.216,3.35275852504064
"tot3_1268","S4","CTX_X",17.86,17.506,4.12977757046894
"tot3_1269","S4","DARY",15.03,10.088,3.33456827566613
"tot3_1271","S4","NESTED_LOOP",101.72,287.498,8.16740810965741
"tot3_1272","S4","CTX_X",24.73,16.147,4.01319424202565
"tot3_1273","S4","CTX_X",17.86,17.616,4.13881446890228
"tot3_1275","S4","CTX_X",15.61,12.152,3.60312186984
"tot3_1277","S4","CTX_X",15.61,12.035,3.58916423669977
"tot3_1278","S4","DARY",15.03,10.085,3.33413917883824
"tot3_1282","S4","CTX_X",17.86,16.655,4.05788344889963
"tot3_1284","S4","CTX_X",48.13,41.671,5.38097181642363
"tot3_1286","S4","CTX_X",15.61,12.296,3.62011716502868
"tot3_1287","S4","DARY",15.03,10.088,3.33456827566613
"tot3_1288","S4","ITER",41.09,43.908,5.45641191639816
"tot3_1291","S4","CTX_X",17.86,17.312,4.11370049916473
"tot3_1293","S4","CTX_X",15.61,12.415,3.63401235640212
"tot3_1294","S4","CTX_X",15.61,12.105,3.59753117422421
"tot3_1295","S4","CTX_X",15.61,11.82,3.56315813040281
"tot3_1296","S4","DARY",15.03,10.094,3.33542608663634
"tot3_1297","S4","CTX_X",15.61,12.109,3.59800782246209
"tot3_1298","S4","CTX_X",27.3,42.974,5.42539216363488
"tot3_1299","S4","DARY",15.7,22.585,4.49729300866279
"tot3_1300","S4","CTX_X",17.86,16.358,4.03192446379876
"tot3_1302","S4","CTX_X",17.86,17.406,4.12151279625707
"tot3_1304","S4","CTX_X",24.73,16.087,4.00782340362982
"tot3_1305","S4","DARY",15.03,10.085,3.33413917883824
"tot3_1306","S4","CTX_X",15.61,11.842,3.56584085376054
"tot3_1307","S4","CTX_X",28.93,43.128,5.43055290956901
"tot3_1308","S4","FUNC_L",46.78,12.822,3.68054940871888
"tot3_1309","S4","CTX_X",17.86,16.685,4.06047978140759
"tot3_1312","S4","CTX_X",15.61,12.468,3.64015815496328
"tot3_1313","S4","CTX_X",24.73,16.624,4.05519565424212
"tot3_1314","S4","DARY",15.03,10.084,3.33399611819645
"tot3_1318","S4","CTX_X",17.86,16.675,4.05961485629722
"tot3_1322","S4","CTX_X",24.73,16.398,4.03544796058228
"tot3_1323","S4","DARY",15.03,10.084,3.33399611819645
"tot3_1324","S4","NESTED_LOOP",64.81,207.182,7.69475485670471
"tot3_1325","S4","NESTED_LOOP",63.81,422.572,8.72305336594622
"tot3_1326","S4","DARY",13.45,10.205,3.35120427725799
"tot3_1327","S4","DARY",13.45,10.203,3.35092150676691
"tot3_1328","S4","DARY",13.45,10.197,3.35007286260074
"tot3_1330","S4","CTX_X",20.43,41.97,5.39128655811118
"tot3_1331","S4","CTX_X",17.86,17.599,4.13742155011198
"tot3_1332","S4","DARY",15.03,10.089,3.33471127958565
"tot3_1333","S4","CTX_X",20.43,43.79,5.45252954467793
"tot3_1334","S4","CTX_X",24.73,17.234,4.10718568387997
"tot3_1335","S4","DARY",13.45,10.211,3.35205225634249
"tot3_1336","S4","DARY",13.45,10.221,3.35346444815542
"tot3_1337","S4","DARY",13.45,10.259,3.35881820542763
"tot3_1338","S4","CTX_X",17.86,17.841,4.15712457643527
"tot3_1339","S4","CTX_X",20.43,43.774,5.45200231611571
"tot3_1340","S4","CTX_X",17.86,17.887,4.16083953437027
"tot3_1341","S4","DARY",15.03,10.088,3.33456827566613
"tot3_1343","S4","CTX_X",26.06,45.833,5.51831481532514
"tot3_1344","S4","CTX_X",20.43,43.716,5.45008949580185
"tot3_1345","S4","DARY",13.45,10.209,3.35176965202408
"tot3_1346","S4","DARY",13.45,10.207,3.35148699233648
"tot3_1347","S4","CTX_X",17.86,17.588,4.13651953255056
"tot3_1348","S4","CTX_X",20.43,42.282,5.40197171479242
"tot3_1349","S4","CTX_X",17.86,17.273,4.1104467689092
"tot3_1350","S4","DARY",15.03,10.087,3.33442525757026
"tot3_1352","S4","CTX_X",42.91,41.787,5.38498228234689
"tot3_1353","S4","CTX_X",43.26,41.56,5.37712374912949
"tot3_1354","S4","CTX_X",17.86,17.796,4.1534810985137
"tot3_1355","S4","CTX_X",17.86,17.195,4.10391721075207
"tot3_1356","S4","CTX_X",45.15,44.025,5.46025109894385
"tot3_1357","S4","CTX_X",15.61,12.017,3.58700487235718
"tot3_1358","S4","CTX_X",15.61,11.725,3.55151601762801
"tot3_1359","S4","DARY",15.03,10.087,3.33442525757026
"tot3_1360","S4","CTX_X",27.3,42.242,5.40060623739089
"tot3_1361","S4","CTX_X",31.09,16.288,4.02573756141361
"tot3_1362","S4","CTX_X",17.86,17.409,4.12176142961242
"tot3_1363","S4","CTX_X",17.86,16.667,4.05892254266585
"tot3_1364","S4","CTX_X",17.86,16.477,4.04238168697705
"tot3_1365","S4","CTX_X",15.61,11.864,3.56851859779254
"tot3_1366","S4","CTX_X",15.61,12.39,3.63110428236588
"tot3_1367","S4","CTX_X",15.61,11.887,3.57131275351758
"tot3_1368","S4","DARY",15.03,10.094,3.33542608663634
"tot3_1369","S4","CTX_X",27.3,42.582,5.41217180706179
"tot3_1370","S4","CTX_X",31.09,16.267,4.02387630507444
"tot3_1371","S4","CTX_X",17.86,16.785,4.06910063192283
"tot3_1372","S4","CTX_X",17.86,16.965,4.08448952493625
"tot3_1373","S4","CTX_X",17.86,17.44,4.1243281350022
"tot3_1374","S4","CTX_X",15.61,11.773,3.55741009016888
"tot3_1375","S4","CTX_X",15.61,12.217,3.61081815610945
"tot3_1376","S4","CTX_X",15.61,12.156,3.60359667486021
"tot3_1377","S4","DARY",15.03,10.085,3.33413917883824
"tot3_1378","S4","CTX_X",15.61,12.155,3.603477988254
"tot3_1380","S4","DARY",15.7,21.456,4.42330923724239
"tot3_1381","S4","CTX_X",17.86,16.595,4.05267672430358
"tot3_1383","S4","CTX_X",26.06,42.856,5.42142529605755
"tot3_1385","S4","CTX_X",24.73,16.614,4.054327554426
"tot3_1386","S4","DARY",15.03,10.086,3.33428222529524
"tot3_1387","S4","CTX_X",15.61,12.337,3.62491971050011
"tot3_1389","S4","FUNC_L",46.78,13.295,3.73281187208294
"tot3_1390","S4","CTX_X",17.86,16.607,4.05371957360449
"tot3_1394","S4","CTX_X",24.73,17.477,4.1273856563524
"tot3_1395","S4","DARY",15.03,10.085,3.33413917883824
"tot3_1397","S4","FUNC",43.11,40.402,5.33635480664323
"tot3_1399","S4","CTX_X",17.86,17.51,4.13010717865883
"tot3_1400","S4","CTX_X",24.73,16.34,4.03033607837096
"tot3_1401","S4","NESTED_LOOP",99.72,288.524,8.17254751987899
"tot3_1402","S4","NESTED_LOOP",101.72,281.049,8.13467787144576
"tot3_1403","S4","CTX_X",24.73,17.051,4.09178444720043
"tot3_1404","S4","DARY",15.03,10.087,3.33442525757026
"tot3_1405","S4","NESTED_LOOP",64.81,206.291,7.68853707091866
"tot3_1407","S4","DARY",13.45,10.22,3.3533232911629
"tot3_1408","S4","DARY",13.45,10.2,3.35049724708413
"tot3_1409","S4","NESTED_LOOP",101.72,274.341,8.09982643746753
"tot3_1411","S4","NESTED_LOOP",83.73,225.536,7.81721392425833
"tot3_1412","S4","CTX_X",17.86,17.881,4.16035551679442
"tot3_1413","S4","DARY",15.03,10.086,3.33428222529524
"tot3_1414","S4","CTX_X",20.43,42.742,5.4175825116023
"tot3_1416","S4","DARY",13.45,10.463,3.38722466201514
"tot3_1417","S4","DARY",13.45,10.206,3.35134564172245
"tot3_1418","S4","NESTED_LOOP",101.72,272.403,8.08959878174912
"tot3_1420","S4","NESTED_LOOP",83.73,222.662,7.79871155531243
"tot3_1421","S4","CTX_X",17.86,17.19,4.10349763970334
"tot3_1422","S4","DARY",15.03,10.088,3.33456827566613
"tot3_1426","S4","DARY",13.45,10.216,3.35275852504064
"tot3_1427","S4","NESTED_LOOP",101.72,273.62,8.09602987630799
"tot3_1428","S4","NESTED_LOOP",83.73,225.306,7.81574192347672
"tot3_1429","S4","NESTED_LOOP",83.73,222.729,7.79914560345651
"tot3_1430","S4","CTX_X",17.86,17.11,4.09676785471469
"tot3_1431","S4","DARY",15.03,10.089,3.33471127958565
"tot3_1432","S4","CTX_X",44.91,41.791,5.38512037562904
"tot3_1433","S4","CTX_X",33.9,41.641,5.37993280996364
"tot3_1434","S4","CTX_X",34.9,43.109,5.42991719157742
"tot3_1435","S4","CTX_X",17.86,16.712,4.06281249240502
"tot3_1436","S4","CTX_X",17.86,16.625,4.05528243550119
"tot3_1437","S4","CTX_X",15.61,12.334,3.62456884631593
"tot3_1438","S4","CTX_X",15.61,11.966,3.58086906299287
"tot3_1439","S4","CTX_X",15.61,12.099,3.59681590646495
"tot3_1440","S4","DARY",15.03,10.092,3.33514020631421
"tot3_1441","S4","CTX_X",27.3,41.927,5.38980769969693
"tot3_1442","S4","CTX_X",32.98,16.277,4.02476291709895
"tot3_1443","S4","NESTED_LOOP",82.15,424.845,8.73079277568717
"tot3_1444","S4","CTX_X",17.86,17.178,4.10249017105842
"tot3_1445","S4","CTX_X",17.86,16.355,4.03165985430805
"tot3_1446","S4","CTX_X",15.61,12.483,3.64189278910383
"tot3_1447","S4","CTX_X",15.61,11.674,3.54522706822015
"tot3_1448","S4","CTX_X",15.61,11.891,3.57179814170986
"tot3_1449","S4","DARY",15.03,10.091,3.33499724490688
"tot3_1450","S4","CTX_X",41.26,43.897,5.45605044164085
"tot3_1451","S4","CTX_X",31.09,16.607,4.05371957360449
"tot3_1452","S4","CTX_X",17.86,16.633,4.05597649771478
"tot3_1453","S4","CTX_X",17.86,17.036,4.09051472988825
"tot3_1454","S4","CTX_X",17.86,16.559,4.04954364582833
"tot3_1455","S4","CTX_X",15.61,12.063,3.59251683685943
"tot3_1456","S4","CTX_X",15.61,12.2,3.60880924267552
"tot3_1457","S4","CTX_X",15.61,11.825,3.56376827845203
"tot3_1458","S4","DARY",15.03,10.087,3.33442525757026
"tot3_1459","S4","CTX_X",15.61,11.602,3.53630161932382
"tot3_1460","S4","NESTED_LOOP",101.72,270.971,8.0819946487527
"tot3_1461","S4","DARY",15.7,21.703,4.43982257469877
"tot3_1462","S4","CTX_X",17.86,16.815,4.07167687375186
"tot3_1464","S4","CTX_X",24.73,17.269,4.11011263769564
"tot3_1465","S4","CTX_X",33.98,16.783,4.0689287187862
"tot3_1466","S4","CTX_X",15.61,11.926,3.57603833676208
"tot3_1467","S4","DARY",15.03,10.085,3.33413917883824
"tot3_1468","S4","CTX_X",15.61,11.726,3.55163905673439
"tot3_1470","S4","FUNC_L",46.78,12.864,3.68526740651684
"tot3_1471","S4","CTX_X",17.86,16.518,4.04596711065463
"tot3_1474","S4","CTX_X",33.98,16.095,4.00854067170295
"tot3_1475","S4","CTX_X",15.61,12.274,3.61753358347542
"tot3_1476","S4","DARY",15.03,10.086,3.33428222529524
"tot3_1477","S4","CTX_X",15.61,11.925,3.57591736111815
"tot3_1478","S4","CTX_X",28.84,11.824,3.56364626948406
"tot3_1479","S4","CTX_X",33.66,41.918,5.38949797925044
"tot3_1480","S4","CTX_X",17.86,16.998,4.08729310243717
"tot3_1481","S4","CTX_X",31.09,16.421,4.03747008138869
"tot3_1482","S4","CTX_X",15.61,11.834,3.56486589508793
"tot3_1483","S4","CTX_X",15.61,12.223,3.61152651702755
"tot3_1484","S4","CTX_X",15.61,11.795,3.56010351346474
"tot3_1485","S4","DARY",15.03,10.086,3.33428222529524
"tot3_1486","S4","NESTED_LOOP",64.81,205.858,7.68550570516241
"tot3_1487","S4","NESTED_LOOP",101.72,273.414,8.09494330694495
"tot3_1488","S4","DARY",13.45,10.203,3.35092150676691
"tot3_1489","S4","DARY",13.45,10.203,3.35092150676691
"tot3_1490","S4","DARY",13.45,10.214,3.35247605905033
"tot3_1491","S4","CTX_X",24.73,16.45,4.04001567884788
"tot3_1493","S4","CTX_X",15.61,12.539,3.64835039098842
"tot3_1494","S4","DARY",15.03,10.085,3.33413917883824
"tot3_1495","S4","CTX_X",20.43,42.872,5.42196381604921
"tot3_1496","S4","CTX_X",41.34,16.356,4.03174806286428
"tot3_1497","S4","DARY",13.45,10.207,3.35148699233648
"tot3_1498","S4","DARY",13.45,10.214,3.35247605905033
"tot3_1499","S4","DARY",13.45,10.211,3.35205225634249
"tot3_1500","S4","CTX_X",37.77,42.775,5.41869594960205
"tot3_1502","S4","CTX_X",15.61,12.229,3.61223453031228
"tot3_1503","S4","DARY",15.03,10.085,3.33413917883824
"tot3_1505","S4","CTX_X",28.84,12.129,3.60038870433076
"tot3_1507","S4","DARY",13.45,10.214,3.35247605905033
"tot3_1509","S4","CTX_X",15.61,12.986,3.69888520936509
"tot3_1510","S4","CTX_X",15.61,12.516,3.64570165857883
"tot3_1511","S4","CTX_X",15.61,12.042,3.59000311742169
"tot3_1512","S4","DARY",15.03,10.086,3.33428222529524
"tot3_1514","S4","NESTED_LOOP",101.72,270.49,8.07943144845865
"tot3_1515","S4","CTX_X",24.73,16.498,4.04421923663312
"tot3_1516","S4","CTX_X",17.86,16.598,4.05293750730809
"tot3_1517","S4","NESTED_LOOP",101.72,274.165,8.09890059769217
"tot3_1518","S4","CTX_X",24.73,16.615,4.05441438791731
"tot3_1520","S4","CTX_X",15.61,13.378,3.74179054526489
"tot3_1521","S4","DARY",15.03,10.09,3.33485426933163
"tot3_1525","S4","CTX_X",17.86,17.14,4.09929520433777
"tot3_1529","S4","CTX_X",15.61,12.182,3.60667910442159
"tot3_1530","S4","DARY",15.03,10.085,3.33413917883824
"tot3_1532","S4","CTX_X",28.84,12.266,3.6165929509786
"tot3_1533","S4","CTX_X",17.86,16.891,4.07818283761127
"tot3_1534","S4","CTX_X",17.86,16.61,4.05398016818765
"tot3_1535","S4","CTX_X",17.86,16.611,4.05406702258947
"tot3_1536","S4","CTX_X",15.61,12.386,3.63063844605544
"tot3_1537","S4","CTX_X",15.61,12.069,3.5932342386847
"tot3_1538","S4","CTX_X",15.61,12.07,3.5933537709803
"tot3_1539","S4","DARY",15.03,10.084,3.33399611819645
"tot3_1540","S4","CTX_X",15.61,11.891,3.57179814170986
"tot3_1542","S4","DARY",15.7,22.908,4.51777960346301
"tot3_1543","S4","CTX_X",17.86,16.682,4.06022035831686
"tot3_1545","S4","CTX_X",27.03,43.205,5.43312637620643
"tot3_1547","S4","CTX_X",15.61,12.053,3.59132037382777
"tot3_1548","S4","DARY",15.03,10.09,3.33485426933163
"tot3_1549","S4","CTX_X",15.61,12.41,3.63343121035563
"tot3_1551","S4","FUNC_L",46.78,13.562,3.7614980445501
"tot3_1552","S4","CTX_X",17.86,17.993,4.16936384424988
"tot3_1555","S4","CTX_X",37.78,43.323,5.43706124400316
"tot3_1556","S4","CTX_X",15.61,12.223,3.61152651702755
"tot3_1557","S4","DARY",15.03,10.088,3.33456827566613
"tot3_1559","S4","CTX_X",28.84,11.897,3.5725259179356
"tot3_1561","S4","CTX_X",17.86,17.038,4.09068409010925
"tot3_1565","S4","CTX_X",15.61,13.693,3.77536665623612
"tot3_1566","S4","DARY",15.03,10.181,3.34780736791062
"tot3_1567","S4","NESTED_LOOP",64.81,210.282,7.71618155138913
"tot3_1569","S4","DARY",13.45,10.208,3.35162832910278
"tot3_1570","S4","DARY",13.45,10.208,3.35162832910278
"tot3_1571","S4","DARY",13.45,10.209,3.35176965202408
"tot3_1574","S4","CTX_X",15.61,12.42,3.63459326844576
"tot3_1575","S4","DARY",15.03,10.084,3.33399611819645
"tot3_1576","S4","CTX_X",20.43,42.912,5.42330923724239
"tot3_1577","S4","CTX_X",24.73,17.292,4.11203283623382
"tot3_1578","S4","DARY",13.45,10.205,3.35120427725799
"tot3_1579","S4","DARY",13.45,10.206,3.35134564172245
"tot3_1580","S4","DARY",13.45,10.211,3.35205225634249
"tot3_1581","S4","CTX_X",31.98,16.836,4.07347750967897
"tot3_1582","S4","CTX_X",31.98,16.861,4.0756181977307
"tot3_1583","S4","CTX_X",15.61,12.213,3.61034572219908
"tot3_1584","S4","DARY",15.03,10.092,3.33514020631421
"tot3_1586","S4","CTX_X",28.84,12.48,3.64154602908752
"tot3_1588","S4","DARY",13.45,10.198,3.35021433796647
"tot3_1591","S4","CTX_X",38.77,41.902,5.38894720089362
"tot3_1592","S4","CTX_X",15.61,12.27,3.61706334388818
"tot3_1593","S4","DARY",15.03,10.095,3.33556900555675
"tot3_1597","S4","CTX_X",17.86,22.242,4.47521461587823
"tot3_1601","S4","CTX_X",15.61,15.771,3.97920223563094
"tot3_1602","S4","DARY",15.03,10.095,3.33556900555675
"tot3_1606","S4","CTX_X",17.86,19.659,4.29711803244921
"tot3_1610","S4","CTX_X",15.61,12.49,3.64270157183323
"tot3_1611","S4","DARY",15.03,10.087,3.33442525757026
"tot3_1613","S4","CTX_X",28.84,11.77,3.55704241526372
"tot3_1615","S4","CTX_X",17.86,16.578,4.05119806287156
"tot3_1619","S4","CTX_X",15.61,12.255,3.61529857909211
"tot3_1620","S4","DARY",15.03,10.087,3.33442525757026
"tot3_1621","S4","CTX_X",15.61,12.473,3.6407365981132
"tot3_1622","S4","CTX_X",32.43,42.184,5.39862399671775
"tot3_1623","S4","DARY",15.7,21.216,4.4070807754505
"tot3_1624","S4","CTX_X",17.86,17.21,4.10517519226548
"tot3_1625","S4","CTX_X",41.26,41.565,5.37729730642785
"tot3_1626","S4","CTX_X",15.61,12.114,3.59860341139054
"tot3_1628","S4","CTX_X",15.61,12.406,3.63296612490967
"tot3_1629","S4","DARY",15.03,10.09,3.33485426933163
"tot3_1630","S4","CTX_X",15.61,12.551,3.64973041026389
"tot3_1631","S4","CTX_X",34.58,42.3,5.40258575823259
"tot3_1632","S4","FUNC_L",46.78,12.911,3.69052884140146
"tot3_1633","S4","CTX_X",17.86,16.42,4.03738222200308
"tot3_1636","S4","NESTED_LOOP",80.56,434.706,8.76389619822833
"tot3_1637","S4","CTX_X",15.61,12.003,3.58532312940467
"tot3_1638","S4","DARY",15.03,10.087,3.33442525757026
"tot3_1639","S4","CTX_X",15.61,11.827,3.56401226543737
"tot3_1640","S4","CTX_X",28.84,11.968,3.58111017522555
"tot3_1641","S4","CTX_X",31.09,16.488,4.04334450487717
"tot3_1642","S4","CTX_X",17.86,16.605,4.05354581772798
"tot3_1643","S4","CTX_X",31.09,16.099,4.00889917205664
"tot3_1644","S4","CTX_X",15.61,11.687,3.54683273899345
"tot3_1645","S4","CTX_X",15.61,11.736,3.5528688710113
"tot3_1646","S4","CTX_X",15.61,11.625,3.53915881110803
"tot3_1647","S4","DARY",15.03,10.084,3.33399611819645
"tot3_1648","S4","NESTED_LOOP",64.81,206.993,7.69343816988559
"tot3_1649","S4","CTX_X",32.43,43.511,5.44330826916554
"tot3_1650","S4","DARY",13.45,10.203,3.35092150676691
"tot3_1651","S4","DARY",13.45,10.2,3.35049724708413
"tot3_1653","S4","CTX_X",15.61,12.236,3.61306010689612
"tot3_1655","S4","CTX_X",15.61,11.914,3.57458595908148
"tot3_1656","S4","DARY",15.03,10.085,3.33413917883824
"tot3_1657","S4","CTX_X",20.43,41.497,5.37493513636941
"tot3_1659","S4","DARY",13.45,10.216,3.35275852504064
"tot3_1660","S4","DARY",13.45,10.197,3.35007286260074
"tot3_1664","S4","CTX_X",15.61,12.062,3.59239723519794
"tot3_1665","S4","DARY",15.03,10.086,3.33428222529524
"tot3_1666","S4","CTX_X",32.43,44.119,5.46332818610245
"tot3_1667","S4","CTX_X",28.84,11.717,3.55053132683583
"tot3_1668","S4","CTX_X",32.43,43.361,5.43832612368258
"tot3_1669","S4","DARY",13.45,10.224,3.35388783628491
"tot3_1670","S4","CTX_X",32.43,43.559,5.44489892884115
"tot3_1671","S4","CTX_X",15.61,11.979,3.58243557269212
"tot3_1672","S4","CTX_X",15.61,12.115,3.59872249967662
"tot3_1673","S4","CTX_X",15.61,11.785,3.55887985347544
"tot3_1674","S4","DARY",15.03,10.085,3.33413917883824
"tot3_1675","S4","CTX_X",44.91,43.06,5.42827641439251
"tot3_1676","S4","CTX_X",32.43,41.274,5.36716135636102
"tot3_1677","S4","CTX_X",39.34,16.184,4.0164963198962
"tot3_1678","S4","CTX_X",17.86,16.449,4.03992797435587
"tot3_1679","S4","CTX_X",17.86,16.716,4.06315775866032
"tot3_1680","S4","CTX_X",15.61,12.591,3.65432096394498
"tot3_1681","S4","CTX_X",26.03,42.173,5.3982477470754
"tot3_1682","S4","CTX_X",15.61,11.981,3.58267642328381
"tot3_1683","S4","DARY",15.03,10.092,3.33514020631421
"tot3_1684","S4","CTX_X",28.93,43.084,5.42908029352227
"tot3_1685","S4","CTX_X",26.06,41.698,5.38190628289116
"tot3_1687","S4","CTX_X",17.86,17.199,4.10425277975768
"tot3_1688","S4","CTX_X",17.86,16.885,4.07767027423275
"tot3_1689","S4","CTX_X",45.15,42.173,5.3982477470754
"tot3_1690","S4","CTX_X",37.55,42.484,5.40884770162469
"tot3_1691","S4","CTX_X",15.61,11.899,3.57276842844901
"tot3_1692","S4","DARY",15.03,10.092,3.33514020631421
"tot3_1693","S4","CTX_X",32.43,41.945,5.39042694118717
"tot3_1694","S4","CTX_X",28.84,11.635,3.54039930563062
"tot3_1695","S4","CTX_X",17.86,17.184,4.10299399332333
"tot3_1696","S4","CTX_X",17.86,16.804,4.07073278582443
"tot3_1697","S4","CTX_X",17.86,16.437,4.03887510436505
"tot3_1698","S4","CTX_X",15.61,11.916,3.57482812358744
"tot3_1699","S4","CTX_X",15.61,11.947,3.57857648476804
"tot3_1700","S4","CTX_X",15.61,11.509,3.52469058016325
"tot3_1701","S4","DARY",15.03,10.088,3.33456827566613
"tot3_1702","S4","CTX_X",15.61,11.92,3.57531233068744
"tot3_1703","S4","NESTED_LOOP",101.72,272.585,8.09056236445994
"tot3_1704","S4","DARY",15.7,21.312,4.41359408240918
"tot3_1705","S4","CTX_X",17.86,16.667,4.05892254266585
"tot3_1707","S4","CTX_X",24.73,16.371,4.03307054443171
"tot3_1708","S4","CTX_X",31.98,16.912,4.0799753767206
"tot3_1709","S4","CTX_X",15.61,12.311,3.62187604894739
"tot3_1710","S4","DARY",15.03,10.086,3.33428222529524
"tot3_1711","S4","CTX_X",15.61,11.859,3.56791045587868
"tot3_1713","S4","FUNC_L",46.78,12.937,3.6934312000918
"tot3_1714","S4","CTX_X",17.86,17.194,4.10383330630347
"tot3_1717","S4","CTX_X",44.26,43.404,5.43975609871484
"tot3_1718","S4","CTX_X",15.61,11.93,3.5765221379205
"tot3_1719","S4","DARY",15.03,10.086,3.33428222529524
"tot3_1721","S4","CTX_X",28.84,11.776,3.55777767139493
"tot3_1722","S4","CTX_X",33.66,43.254,5.43476164991009
"tot3_1723","S4","CTX_X",17.86,16.461,4.04098007652894
"tot3_1724","S4","CTX_X",41.26,42.635,5.41396635150775
"tot3_1725","S4","CTX_X",15.61,11.699,3.54831331215775
"tot3_1726","S4","CTX_X",42.91,41.942,5.3903237527283
"tot3_1727","S4","CTX_X",15.61,11.775,3.55765515472542
"tot3_1728","S4","DARY",15.03,10.089,3.33471127958565
"tot3_1729","S4","NESTED_LOOP",64.81,207.257,7.69527701861151
"tot3_1730","S4","NESTED_LOOP",101.72,271.218,8.08330911916708
"tot3_1731","S4","DARY",13.45,10.2,3.35049724708413
"tot3_1732","S4","DARY",13.45,10.216,3.35275852504064
"tot3_1733","S4","DARY",13.45,10.198,3.35021433796647
"tot3_1734","S4","CTX_X",24.73,16.104,4.00934717225925
"tot3_1736","S4","CTX_X",15.61,12.232,3.61258840669872
"tot3_1737","S4","DARY",15.03,10.088,3.33456827566613
"tot3_1738","S4","CTX_X",20.43,42.355,5.40446038438375
"tot3_1739","S4","CTX_X",41.34,16.273,4.02440833767084
"tot3_1740","S4","DARY",13.45,10.211,3.35205225634249
"tot3_1741","S4","DARY",13.45,10.214,3.35247605905033
"tot3_1742","S4","DARY",13.45,10.207,3.35148699233648
"tot3_1744","S4","CTX_X",31.98,16.432,4.03843618165611
"tot3_1745","S4","CTX_X",15.61,12.413,3.63377992607442
"tot3_1746","S4","DARY",15.03,10.085,3.33413917883824
"tot3_1748","S4","CTX_X",28.84,12.159,3.60395267610591
"tot3_1749","S4","DARY",13.45,10.207,3.35148699233648
"tot3_1750","S4","DARY",13.45,10.23,3.3547342399706
"tot3_1751","S4","DARY",13.45,10.2,3.35049724708413
"tot3_1752","S4","CTX_X",15.61,11.998,3.58472203150802
"tot3_1754","S4","CTX_X",15.61,11.894,3.57216207571412
"tot3_1755","S4","DARY",15.03,10.083,3.33385304336707
"tot3_1757","S4","NESTED_LOOP",101.72,268.73,8.07001357712983
"tot3_1758","S4","CTX_X",24.73,16.312,4.02786177535451
"tot3_1759","S4","CTX_X",17.86,16.743,4.06548614710942
"tot3_1761","S4","CTX_X",24.73,16.488,4.04334450487717
"tot3_1763","S4","CTX_X",15.61,11.974,3.58183327024072
"tot3_1764","S4","DARY",15.03,10.09,3.33485426933163
"tot3_1768","S4","CTX_X",17.86,16.089,4.00800275408267
"tot3_1772","S4","CTX_X",15.61,12.153,3.60324058574551
"tot3_1773","S4","DARY",15.03,10.087,3.33442525757026
"tot3_1775","S4","CTX_X",28.84,11.919,3.57519129414717
"tot3_1777","S4","CTX_X",17.86,17.418,4.12250707268573
"tot3_1778","S4","NESTED_LOOP",83.73,426.079,8.7349771374597
"tot3_1779","S4","CTX_X",15.61,11.791,3.55961417400753
"tot3_1781","S4","CTX_X",15.61,11.978,3.5823151323163
"tot3_1782","S4","DARY",15.03,10.086,3.33428222529524
"tot3_1783","S4","CTX_X",15.61,11.629,3.53965513692041
"tot3_1785","S4","DARY",15.7,21.404,4.41980852893928
"tot3_1786","S4","CTX_X",17.86,17.522,4.13109555164169
"tot3_1788","S4","CTX_X",27.03,43.87,5.45516280124451
"tot3_1789","S4","NESTED_LOOP",80.56,425.623,8.73343230369976
"tot3_1790","S4","CTX_X",15.61,12.112,3.59836520532364
"tot3_1791","S4","DARY",15.03,10.084,3.33399611819645
"tot3_1792","S4","CTX_X",15.61,11.592,3.53505759489484
"tot3_1794","S4","FUNC_L",46.78,13.05,3.70597790168252
"tot3_1795","S4","CTX_X",17.86,16.592,4.05241589415114
"tot3_1799","S4","CTX_X",15.61,12.232,3.61258840669872
"tot3_1800","S4","DARY",15.03,10.088,3.33456827566613
"tot3_1804","S4","CTX_X",17.86,16.433,4.03852397688151
"tot3_1808","S4","CTX_X",15.61,11.995,3.58436125251871
"tot3_1809","S4","DARY",15.03,10.086,3.33428222529524
"tot3_1810","S4","NESTED_LOOP",64.81,211.826,7.72673586960985
"tot3_1812","S4","DARY",13.45,10.21,3.35191096110308
"tot3_1813","S4","DARY",13.45,10.203,3.35092150676691
"tot3_1814","S4","DARY",13.45,10.204,3.35106289894039
"tot3_1816","S4","CTX_X",31.98,18.879,4.23871044363112
"tot3_1817","S4","CTX_X",15.61,13.049,3.70586734610249
"tot3_1818","S4","DARY",15.03,10.091,3.33499724490688
"tot3_1819","S4","CTX_X",20.43,42.798,5.41947147428249
"tot3_1820","S4","CTX_X",24.73,18.701,4.22504351240496
"tot3_1821","S4","DARY",13.45,10.213,3.35233480531341
"tot3_1822","S4","DARY",13.45,10.232,3.35501626421955
"tot3_1823","S4","DARY",13.45,10.613,3.40776061856232
"tot3_1824","S4","CTX_X",31.98,18.219,4.18737186990914
"tot3_1825","S4","CTX_X",31.98,17.579,4.13578109847023
"tot3_1826","S4","CTX_X",15.61,13.49,3.75381844317354
"tot3_1827","S4","DARY",15.03,10.09,3.33485426933163
"tot3_1828","S4","ITER",42.09,43.405,5.43978933708969
"tot3_1829","S4","CTX_X",40.34,22.437,4.48780788427173
"tot3_1830","S4","DARY",13.45,10.237,3.35572108373667
"tot3_1831","S4","DARY",13.45,10.215,3.3526172989585
"tot3_1832","S4","DARY",13.45,10.206,3.35134564172245
"tot3_1833","S4","CTX_X",31.98,17.592,4.13684760419288
"tot3_1834","S4","CTX_X",31.98,17.187,4.10324583849127
"tot3_1835","S4","CTX_X",15.61,14.452,3.85319725477036
"tot3_1836","S4","DARY",15.03,10.087,3.33442525757026
"tot3_1840","S4","CTX_X",17.86,21.44,4.42223300068305
"tot3_1841","S4","NESTED_LOOP",83.73,215.401,7.75088113738986
"tot3_1843","S4","NESTED_LOOP",99.72,280.156,8.13008658035301
"tot3_1844","S4","CTX_X",15.61,12.796,3.67762099245359
"tot3_1845","S4","DARY",15.03,10.087,3.33442525757026
"tot3_1847","S4","NESTED_LOOP",101.72,275.724,8.1070810399085
"tot3_1848","S4","NESTED_LOOP",83.73,214.454,7.74452441517391
"tot3_1849","S4","CTX_X",17.86,17.531,4.13183638727079
"tot3_1850","S4","NESTED_LOOP",83.73,212.197,7.72926044962911
"tot3_1852","S4","NESTED_LOOP",99.72,275.291,8.10481363491484
"tot3_1853","S4","CTX_X",15.61,11.991,3.58388007347952
"tot3_1854","S4","DARY",15.03,10.084,3.33399611819645
"tot3_1858","S4","CTX_X",17.86,16.761,4.0670363210131
"tot3_1859","S4","NESTED_LOOP",83.73,215.132,7.74907832544978
"tot3_1861","S4","NESTED_LOOP",99.72,274.519,8.10076219422255
"tot3_1862","S4","CTX_X",15.61,12.479,3.64143042389167
"tot3_1863","S4","DARY",15.03,10.087,3.33442525757026
"tot3_1864","S4","CTX_X",15.61,11.949,3.57881798042325
"tot3_1865","S4","CTX_X",32.43,41.812,5.38584514857967
"tot3_1866","S4","DARY",15.7,21.838,4.44876883016506
"tot3_1867","S4","CTX_X",17.86,17.469,4.12672511949389
"tot3_1869","S4","CTX_X",15.61,13.585,3.76394266044725
"tot3_1870","S4","CTX_X",28.92,42.408,5.40626454061069
"tot3_1871","S4","CTX_X",15.61,11.838,3.56535345678263
"tot3_1872","S4","DARY",15.03,10.086,3.33428222529524
"tot3_1873","S4","CTX_X",15.61,11.865,3.56864019541922
"tot3_1875","S4","FUNC_L",46.78,12.815,3.67976157351685
"tot3_1876","S4","CTX_X",17.86,17.207,4.1049236837009
"tot3_1880","S4","CTX_X",15.61,12.811,3.67931118873496
"tot3_1881","S4","DARY",15.03,10.087,3.33442525757026
"tot3_1883","S4","CTX_X",28.84,12.183,3.60679752798339
"tot3_1884","S4","CTX_X",31.09,17.284,4.11136523092765
"tot3_1885","S4","CTX_X",17.86,16.79,4.06953032516231
"tot3_1886","S4","CTX_X",31.09,16.39,4.03474394932473
"tot3_1887","S4","CTX_X",15.61,11.929,3.57640120284009
"tot3_1888","S4","CTX_X",15.61,11.928,3.57628025762136
"tot3_1889","S4","CTX_X",15.61,11.892,3.57191946324556
"tot3_1890","S4","DARY",15.03,10.099,3.33614053969947
"tot3_1891","S4","NESTED_LOOP",64.81,205.912,7.68588409859881
"tot3_1892","S4","CTX_X",32.43,43.264,5.4350951516201
"tot3_1893","S4","DARY",13.45,10.208,3.35162832910278
"tot3_1894","S4","DARY",13.45,10.207,3.35148699233648
"tot3_1895","S4","DARY",13.45,10.21,3.35191096110308
"tot3_1896","S4","CTX_X",15.61,12.027,3.58820491820984
"tot3_1897","S4","CTX_X",15.61,12.069,3.5932342386847
"tot3_1898","S4","CTX_X",15.61,12.04,3.58976348698498
"tot3_1899","S4","DARY",15.03,10.09,3.33485426933163
"tot3_1900","S4","CTX_X",20.43,43.278,5.4355619245338
"tot3_1901","S4","CTX_X",28.84,11.498,3.52331103075142
"tot3_1902","S4","DARY",13.45,10.21,3.35191096110308
"tot3_1903","S4","DARY",13.45,10.21,3.35191096110308
"tot3_1904","S4","DARY",13.45,10.218,3.35304093573761
"tot3_1905","S4","CTX_X",15.61,11.946,3.57845572177957
"tot3_1906","S4","CTX_X",15.61,11.765,3.55642941544957
"tot3_1907","S4","CTX_X",15.61,12.066,3.59287558236442
"tot3_1908","S4","DARY",15.03,10.088,3.33456827566613
"tot3_1909","S4","CTX_X",32.43,42.783,5.41896574460335
"tot3_1910","S4","CTX_X",28.84,11.676,3.54547421084018
"tot3_1911","S4","DARY",13.45,10.209,3.35176965202408
"tot3_1912","S4","DARY",13.45,10.209,3.35176965202408
"tot3_1913","S4","DARY",13.45,10.203,3.35092150676691
"tot3_1914","S4","CTX_X",15.61,12.036,3.58928410667125
"tot3_1915","S4","CTX_X",15.61,12.131,3.60062657655569
"tot3_1916","S4","CTX_X",15.61,12.423,3.63494170342895
"tot3_1917","S4","DARY",15.03,10.091,3.33499724490688
"tot3_1918","S4","CTX_X",44.91,42.669,5.41511639450662
"tot3_1919","S4","CTX_X",32.43,42.051,5.39406820399767
"tot3_1920","S4","CTX_X",39.34,16.529,4.04692753950057
"tot3_1921","S4","CTX_X",17.86,16.818,4.07193424509156
"tot3_1922","S4","CTX_X",17.86,16.486,4.04316949486411
"tot3_1923","S4","CTX_X",15.61,11.849,3.56669340245668
"tot3_1924","S4","CTX_X",15.61,12.417,3.63424474928936
"tot3_1925","S4","CTX_X",15.61,12.047,3.59060201943572
"tot3_1926","S4","DARY",15.03,10.091,3.33499724490688
"tot3_1927","S4","CTX_X",36.55,42.343,5.40405158274483
"tot3_1928","S4","CTX_X",28.84,11.763,3.55618414257566
"tot3_1929","S4","CTX_X",17.86,17.017,4.08890481542425
"tot3_1930","S4","CTX_X",17.86,15.881,3.9892298543215
"tot3_1931","S4","CTX_X",17.86,17.504,4.12961273813047
"tot3_1932","S4","CTX_X",15.61,11.977,3.58219468188493
"tot3_1933","S4","CTX_X",15.61,11.293,3.49735688570962
"tot3_1934","S4","CTX_X",15.61,11.914,3.57458595908148
"tot3_1935","S4","DARY",15.03,10.089,3.33471127958565
"tot3_1936","S4","CTX_X",32.43,43.83,5.45384677374993
"tot3_1937","S4","CTX_X",28.84,11.437,3.51563676826979
"tot3_1938","S4","CTX_X",17.86,17.127,4.09820056305425
"tot3_1939","S4","CTX_X",17.86,16.622,4.05502207606218
"tot3_1940","S4","CTX_X",17.86,16.832,4.07313470463022
"tot3_1941","S4","CTX_X",15.61,11.798,3.56047040916651
"tot3_1942","S4","CTX_X",15.61,12.184,3.60691594182521
"tot3_1943","S4","CTX_X",15.61,12.222,3.61140848102496
"tot3_1944","S4","DARY",15.03,10.085,3.33413917883824
"tot3_1945","S4","CTX_X",15.61,12.388,3.63087138301258
"tot3_1946","S4","NESTED_LOOP",101.72,271.546,8.08505280161844
"tot3_1947","S4","DARY",15.7,21.294,4.41237507512001
"tot3_1948","S4","CTX_X",17.86,16.496,4.04404433270602
"tot3_1949","S4","NESTED_LOOP",101.72,293.862,8.19899500246928
"tot3_1950","S4","CTX_X",24.73,19.22,4.26453643099903
"tot3_1952","S4","CTX_X",15.61,15.202,3.92618923436347
"tot3_1953","S4","DARY",15.03,10.093,3.33528315355643
"tot3_1954","S4","CTX_X",15.61,13.578,3.76319908532596
"tot3_1955","S4","NESTED_LOOP",82.15,426.306,8.7357455502826
"tot3_1956","S4","FUNC_L",46.78,13.881,3.79503959962436
"tot3_1957","S4","CTX_X",17.86,17.756,4.15023470866301
"tot3_1961","S4","CTX_X",15.61,12.29,3.61941301059794
"tot3_1962","S4","DARY",15.03,10.092,3.33514020631421
"tot3_1963","S4","CTX_X",27.3,42.244,5.40067454196401
"tot3_1964","S4","CTX_X",28.84,11.995,3.58436125251871
"tot3_1965","S4","CTX_X",33.66,43.121,5.43031873026703
"tot3_1966","S4","CTX_X",17.86,16.589,4.05215501683373
"tot3_1967","S4","CTX_X",31.09,16.322,4.02874594222712
"tot3_1968","S4","CTX_X",15.61,13.479,3.75264156258251
"tot3_1969","S4","CTX_X",15.61,12.037,3.58940396668385
"tot3_1970","S4","CTX_X",15.61,11.909,3.57398036991888
"tot3_1971","S4","DARY",15.03,10.089,3.33471127958565
"tot3_1972","S4","NESTED_LOOP",64.81,205.857,7.6854986969405
"tot3_1973","S4","NESTED_LOOP",101.72,272.578,8.09052531548455
"tot3_1974","S4","DARY",13.45,10.205,3.35120427725799
"tot3_1975","S4","DARY",13.45,10.21,3.35191096110308
"tot3_1976","S4","DARY",13.45,10.196,3.34993137336011
"tot3_1977","S4","CTX_X",24.73,16.926,4.08116916664464
"tot3_1979","S4","CTX_X",15.61,15.203,3.92628413290262
"tot3_1980","S4","DARY",15.03,10.204,3.35106289894039
"tot3_1981","S4","CTX_X",20.43,42.818,5.42014550486889
"tot3_1982","S4","CTX_X",41.34,17.454,4.12548579715938
"tot3_1983","S4","DARY",13.45,10.208,3.35162832910278
"tot3_1984","S4","DARY",13.45,10.207,3.35148699233648
"tot3_1985","S4","DARY",13.45,10.214,3.35247605905033
"tot3_1987","S4","CTX_X",33.9,43.597,5.44615695846682
"tot3_1988","S4","CTX_X",15.61,16.871,4.07647358435655
"tot3_1989","S4","DARY",15.03,10.09,3.33485426933163
"tot3_1991","S4","CTX_X",28.84,18.676,4.2231135885801
"tot3_1993","S4","DARY",13.45,10.247,3.35712969060593
"tot3_1995","S4","CTX_X",15.61,12.742,3.67151983744411
"tot3_1997","S4","CTX_X",15.61,12.158,3.60383401878455
"tot3_1998","S4","DARY",15.03,10.084,3.33399611819645
"tot3_2000","S4","NESTED_LOOP",101.72,271.65,8.08560523678396
"tot3_2001","S4","CTX_X",24.73,16.229,4.02050220139752
"tot3_2002","S4","CTX_X",17.86,16.679,4.05996088856869
"tot3_2004","S4","CTX_X",24.73,20.48,4.35614381022528
"tot3_2006","S4","CTX_X",15.61,22.68,4.5033487351675
"tot3_2007","S4","DARY",15.03,10.178,3.34738219131511
"tot3_2008","S4","CTX_X",27.3,43.964,5.45825074863658
"tot3_2011","S4","CTX_X",17.86,20.263,4.34077588031534
"tot3_2015","S4","CTX_X",15.61,13.793,3.78586437439377
"tot3_2016","S4","DARY",15.03,10.107,3.33728292918083
"tot3_2018","S4","CTX_X",28.84,12.21,3.60999129521268
"tot3_2019","S4","CTX_X",17.86,18.101,4.17799749690241
"tot3_2020","S4","CTX_X",17.86,17.371,4.11860890325427
"tot3_2021","S4","CTX_X",17.86,16.931,4.08159528090502
"tot3_2022","S4","CTX_X",15.61,11.992,3.58400038328577
"tot3_2023","S4","CTX_X",15.61,12.148,3.60264690850537
"tot3_2024","S4","CTX_X",15.61,12.475,3.6409679104499
"tot3_2025","S4","DARY",15.03,10.09,3.33485426933163
"tot3_2026","S4","CTX_X",15.61,11.993,3.58412068305994
"tot3_2028","S4","DARY",15.7,22.651,4.50150283889813
"tot3_2029","S4","CTX_X",17.86,17.106,4.09643053999702
"tot3_2031","S4","CTX_X",27.03,42.102,5.39581686313265
"tot3_2033","S4","CTX_X",15.61,12.24,3.61353165291793
"tot3_2034","S4","DARY",15.03,10.091,3.33499724490688
"tot3_2035","S4","CTX_X",15.61,11.807,3.56157053676636
"tot3_2037","S4","FUNC_L",46.78,12.572,3.65214227213666
"tot3_2038","S4","CTX_X",17.86,16.886,4.07775571410965
"tot3_2042","S4","CTX_X",15.61,12.058,3.59191872937568
"tot3_2043","S4","DARY",15.03,10.084,3.33399611819645
"tot3_2045","S4","CTX_X",28.84,11.687,3.54683273899345
"tot3_2047","S4","CTX_X",17.86,16.725,4.0639343057541
"tot3_2051","S4","CTX_X",15.61,13.173,3.71951203518561
"tot3_2052","S4","DARY",15.03,10.089,3.33471127958565
"tot3_2053","S4","NESTED_LOOP",64.81,207.161,7.69460861749765
"tot3_2054","S4","ITER",39.09,16.603,4.05337204092208
"tot3_2055","S4","DARY",13.45,10.197,3.35007286260074
"tot3_2056","S4","DARY",13.45,10.212,3.35219353774503
"tot3_2057","S4","DARY",13.45,10.213,3.35233480531341
"tot3_2059","S4","CTX_X",15.61,22.773,4.50925245223937
"tot3_2060","S4","CTX_X",15.61,19.182,4.26168124483959
"tot3_2061","S4","DARY",15.03,10.153,3.34383417162098
"tot3_2062","S4","CTX_X",20.43,49.164,5.61953039353937
"tot3_2063","S4","CTX_X",24.73,27.037,4.75686317530798
"tot3_2064","S4","DARY",13.45,10.341,3.37030379942634
"tot3_2065","S4","DARY",13.45,10.342,3.3704433048213
"tot3_2066","S4","DARY",13.45,10.341,3.37030379942634
"tot3_2067","S4","CTX_X",31.98,26.877,4.74830020894662
"tot3_2068","S4","CTX_X",15.61,19.114,4.25655781858703
"tot3_2069","S4","CTX_X",15.61,19.382,4.27664554289562
"tot3_2070","S4","DARY",15.03,10.159,3.34468649246552
"tot3_2071","S4","CTX_X",32.43,48.937,5.61285375703652
"tot3_2072","S4","CTX_X",28.84,20.731,4.37371780420708
"tot3_2073","S4","CTX_X",20.43,55.686,5.79924276052606
"tot3_2074","S4","DARY",13.45,10.41,3.37989816352469
"tot3_2075","S4","DARY",13.45,10.432,3.38294386956899
"tot3_2076","S4","CTX_X",19.2,56.495,5.82005128463813
"tot3_2077","S4","CTX_X",15.61,23.044,4.52631925781714
"tot3_2078","S4","CTX_X",15.61,23.213,4.53686108053547
"tot3_2079","S4","DARY",15.03,10.178,3.34738219131511
"tot3_2081","S4","CTX_X",44.26,50.731,5.66479569377198
"tot3_2083","S4","CTX_X",17.86,32.791,5.03522799396638
"tot3_2084","S4","CTX_X",35.9,52.11,5.70348834965682
"tot3_2085","S4","CTX_X",20.43,49.299,5.62348647760266
"tot3_2086","S4","CTX_X",15.61,20.576,4.36289064266586
"tot3_2087","S4","CTX_X",15.61,22.343,4.48175100472574
"tot3_2088","S4","DARY",15.03,10.147,3.34298134694144
"tot3_2089","S4","CTX_X",27.3,51.354,5.68240474836194
"tot3_2090","S4","CTX_X",24.73,34.009,5.08784468057878
"tot3_2091","S4","CTX_X",35.9,55.198,5.78654408938438
"tot3_2092","S4","CTX_X",17.86,28.876,4.85179900401553
"tot3_2093","S4","CTX_X",35.9,49.71,5.63546419816788
"tot3_2094","S4","CTX_X",20.43,50.352,5.65397717863634
"tot3_2095","S4","CTX_X",15.61,21.279,4.41135844831388
"tot3_2096","S4","CTX_X",15.61,22.965,4.52136487844622
"tot3_2097","S4","DARY",15.03,10.175,3.34695688937888
"tot3_2098","S4","CTX_X",27.3,48.507,5.60012105118862
"tot3_2099","S4","CTX_X",28.84,18.582,4.21583388373373
"tot3_2100","S4","CTX_X",17.86,29.029,4.85942296930148
"tot3_2101","S4","CTX_X",17.86,27.923,4.80338204548268
"tot3_2102","S4","CTX_X",35.9,49.415,5.6268771354987
"tot3_2103","S4","CTX_X",20.43,48.986,5.61429758663537
"tot3_2104","S4","CTX_X",15.61,20,4.32192809488736
"tot3_2105","S4","CTX_X",15.61,19.721,4.30166080372604
"tot3_2106","S4","DARY",15.03,10.196,3.34993137336011
"tot3_2107","S4","CTX_X",15.61,19.856,4.31150311546827
"tot3_2108","S4","CTX_X",32.43,49.064,5.6165929509786
"tot3_2109","S4","DARY",15.7,35.773,5.16079920577394
"tot3_2110","S4","CTX_X",17.86,27.526,4.78272307171368
"tot3_2111","S4","CTX_X",31.09,29.179,4.8668585360677
"tot3_2112","S4","CTX_X",15.61,19.062,4.25262759077256
"tot3_2113","S4","CTX_X",15.61,18.648,4.22094900446678
"tot3_2114","S4","CTX_X",15.61,19.565,4.29020320512607
"tot3_2115","S4","DARY",15.03,10.146,3.34283916046905
"tot3_2116","S4","CTX_X",15.61,19.473,4.283403256897
"tot3_2117","S4","CTX_X",28.84,20.882,4.38418798935749
"tot3_2118","S4","FUNC_L",46.78,21.861,4.45028749141609
"tot3_2119","S4","CTX_X",17.86,28.392,4.82741257439886
"tot3_2120","S4","CTX_X",31.09,27.86,4.80012335282653
"tot3_2121","S4","CTX_X",15.61,20.046,4.32524248339404
"tot3_2122","S4","CTX_X",15.61,20.455,4.35438163211332
"tot3_2123","S4","CTX_X",15.61,20.477,4.35593246246394
"tot3_2124","S4","DARY",15.03,10.146,3.34283916046905
"tot3_2125","S4","CTX_X",27.3,49.486,5.62894852740575
"tot3_2126","S4","CTX_X",28.84,19.899,4.31462402659645
"tot3_2127","S4","CTX_X",31.09,26.357,4.72011426449628
"tot3_2128","S4","CTX_X",17.86,29.155,4.86567141764843
"tot3_2129","S4","CTX_X",31.09,27.566,4.78481803329707
"tot3_2130","S4","CTX_X",15.61,18.649,4.22102636699145
"tot3_2131","S4","CTX_X",15.61,18.725,4.22689381357139
"tot3_2132","S4","CTX_X",15.61,18.67,4.22265002245148
"tot3_2133","S4","DARY",15.03,10.147,3.34298134694144
"tot3_2134","S4","NESTED_LOOP",82.15,226.892,7.82586193160209
"tot3_2135","S4","CTX_X",32.43,48.938,5.61288323739496
"tot3_2136","S4","DARY",13.45,10.343,3.37058279672771
"tot3_2137","S4","DARY",13.45,10.683,3.41724493642213
"tot3_2138","S4","CTX_X",19.2,48.949,5.61320748158503
"tot3_2139","S4","CTX_X",15.61,18.613,4.21823869925318
"tot3_2140","S4","CTX_X",15.61,19.62,4.29425313644451
"tot3_2141","S4","CTX_X",15.61,19.365,4.27537959625362
"tot3_2142","S4","DARY",15.03,10.145,3.34269695998193
"tot3_2143","S4","CTX_X",20.43,48.755,5.60747827488413
"tot3_2144","S4","CTX_X",28.84,18.957,4.24465876653015
"tot3_2145","S4","DARY",13.45,10.342,3.3704433048213
"tot3_2146","S4","DARY",13.45,10.367,3.37392656268436
"tot3_2147","S4","CTX_X",19.2,52.306,5.70890454181376
"tot3_2148","S4","CTX_X",15.61,19.448,4.28154989336664
"tot3_2149","S4","CTX_X",15.61,20.899,4.38536200707121
"tot3_2150","S4","CTX_X",15.61,20.5,4.35755200461808
"tot3_2151","S4","DARY",15.03,10.152,3.34369206917902
"tot3_2152","S4","CTX_X",32.43,49.69,5.63488363677538
"tot3_2153","S4","CTX_X",28.84,19.688,4.29924465779607
"tot3_2154","S4","CTX_X",19.2,49.881,5.6404184830818
"tot3_2155","S4","DARY",13.45,10.377,3.375317514432
"tot3_2156","S4","CTX_X",19.2,48.35,5.59544398458948
"tot3_2157","S4","CTX_X",15.61,19.89,4.31397137105902
"tot3_2158","S4","CTX_X",15.61,20.4,4.35049724708413
"tot3_2159","S4","CTX_X",15.61,20.386,4.34950682236164
"tot3_2160","S4","DARY",15.03,10.147,3.34298134694144
"tot3_2161","S4","CTX_X",44.91,48.57,5.601993581249
"tot3_2162","S4","CTX_X",32.43,48.474,5.5991392312819
"tot3_2163","S4","CTX_X",39.34,29.086,4.86225300091811
"tot3_2164","S4","CTX_X",17.86,28.501,4.8329406341553
"tot3_2165","S4","CTX_X",17.86,29.553,4.88523268435744
"tot3_2166","S4","CTX_X",15.61,19.359,4.27493252620329
"tot3_2167","S4","CTX_X",15.61,19.243,4.26626182890847
"tot3_2168","S4","CTX_X",15.61,19.307,4.27105210478116
"tot3_2169","S4","DARY",15.03,10.148,3.34312351940185
"tot3_2170","S4","CTX_X",27.3,50.398,5.65529457767341
"tot3_2171","S4","CTX_X",28.84,18.973,4.24587590979529
"tot3_2172","S4","CTX_X",17.86,28.501,4.8329406341553
"tot3_2173","S4","CTX_X",17.86,28.675,4.84172158112846
"tot3_2174","S4","CTX_X",17.86,28.171,4.81613887157268
"tot3_2175","S4","CTX_X",15.61,19.218,4.26438629883375
"tot3_2176","S4","CTX_X",15.61,19.88,4.31324585178756
"tot3_2177","S4","CTX_X",15.61,22.617,4.49933567266088
"tot3_2178","S4","DARY",15.03,10.156,3.34426039498542
"tot3_2179","S4","CTX_X",32.43,49.43,5.62731500136505
"tot3_2180","S4","CTX_X",28.84,19.777,4.30575169321024
"tot3_2181","S4","CTX_X",17.86,28.151,4.81511426655046
"tot3_2182","S4","CTX_X",17.86,27.835,4.79882817809111
"tot3_2183","S4","CTX_X",17.86,29.098,4.86284809031506
"tot3_2184","S4","CTX_X",15.61,19.918,4.31600088612165
"tot3_2185","S4","CTX_X",15.61,21.099,4.39910271802698
"tot3_2186","S4","CTX_X",15.61,20.295,4.34305243492297
"A000030_a2","S3","DARY",18.87,16.491,4.04360698009683
"A000030_a3","S3","DARY",18.87,16.628,4.05554274796228
"A000030_a4","S3","DARY",18.87,16.612,4.05415387176271
"A001317_a2","S3","DARY",13.45,10.063,3.33098856304375
"A001317_a3","S3","ITER",33.73,19.963,4.31925663720073
"A001317_a4","S3","CTX_X",15.61,10.084,3.33399611819645
"A002385_a2","S3","DARY",15.03,10.017,3.32437859412218
"A003052_a3","S3","DARY",19.19,10.109,3.33756838526424
"A003132_a2","S3","DARY",20.46,10.239,3.35600291515793
"A003132_a4","S3","NESTED_LOOP",85.32,81.227,6.34388745642838
"A004086_a2","S3","DARY",18.87,10.209,3.35176965202408
"A004086_a3","S3","CTX_X",15.61,10.076,3.33285112207215
"A004086_a4","S3","NESTED_LOOP",65.81,81.882,6.35547443607188
"A004159_a3","S3","CTX_X",24.11,14.888,3.89607805539706
"A004207_a3","S3","CTX_X",17.86,14.896,3.89685307289671
"A004488_a3","S3","DARY",18.19,10.077,3.33299429629357
"A005823_a2","S3","DARY",13.45,10.298,3.36429227013537
"A005823_a3","S3","CTX_X",22.48,10.179,3.34752393077005
"A005823_a4","S3","FUNC_L",55.13,52.179,5.70539739034849
"A005836_a2","S3","DARY",16.62,22.428,4.48722906980423
"A005836_a3","S3","CTX_X",15.61,10.182,3.34794906560173
"A006567_a2","S3","DARY",13.45,10.133,3.34098945998079
"A006995_a2","S3","DARY",15.03,10.017,3.32437859412218
"A007088_a2","S3","CTX_X",15.61,10.021,3.32495457777726
"A007088_a3","S3","DARY",16.62,11.092,3.47144761637739
"A007088_a4","S3","CTX_X",15.61,11.185,3.48349335128439
"A007089_a2","S3","FUNC",25.73,18.292,4.19314091914488
"A007089_a3","S3","DARY",17.37,12.515,3.64558638591361
"A007089_a4","S3","FUNC",46.53,36.694,5.19747227572393
"A007090_a2","S3","CTX_X",15.61,10.014,3.32394645542167
"A007090_a3","S3","CTX_X",15.61,10.135,3.34127418369217
"A007090_a4","S3","FUNC",37.09,40.57,5.34234139743155
"A007091_a2","S3","FUNC",25.73,40.051,5.32376635941973
"A007091_a3","S3","DARY",18.78,20.858,4.38252892444148
"A007092_a2","S3","CTX_X",15.61,10.014,3.32394645542167
"A007092_a3","S3","DARY",19.24,17.03,4.09000652990382
"A007092_a4","S3","CTX_X",15.61,10.13,3.34056226902641
"A007093_a2","S3","FUNC",25.73,40.026,5.32286554202661
"A007093_a3","S3","CTX_X",15.61,11.737,3.55299179479964
"A007094_a2","S3","CTX_X",15.61,10.015,3.32409051603798
"A007094_a3","S3","DARY",19.94,10.915,3.44824022521607
"A007094_a4","S3","FUNC",37.09,23.316,4.54324840164441
"A007095_a2","S3","FUNC",26.73,30.134,4.91332028448548
"A007095_a3","S3","DARY",20.22,28.826,4.84929875202777
"A007095_a4","S3","FUNC",43.11,92.655,6.53379692629984
"A007500_a2","S3","DARY",15.03,10.016,3.32423456227053
"A007623_a2","S3","CTX_X",15.61,10.022,3.32509853776749
"A007623_a3","S3","FUNC",46.53,22.557,4.4955033021223
"A007623_a4","S3","FUNC",25.73,41.185,5.36404708360732
"A007652_a2","S3","DARY",15.03,10.012,3.32365829102624
"A007931_a2","S3","CTX_X",15.61,12.659,3.66209153819845
"A007931_a4","S3","CTX_X",15.61,10.088,3.33456827566613
"A007953_a2","S3","DARY",20.46,10.253,3.35797419504422
"A007953_a3","S3","CTX_X",15.61,10.087,3.33442525757026
"A007953_a4","S3","DARY",20.46,21.725,4.44128427192704
"A007954_a2","S3","DARY",21.46,19.631,4.29506176021793
"A007954_a3","S3","DARY",21.46,22.318,4.4801358425131
"A007954_a4","S3","DARY",21.46,13.736,3.77989003934005
"A010785_a3","S3","FUNC",44.53,48.295,5.59380192890496
"A010879_a2","S3","CTX_X",15.61,10.01,3.32337006906127
"A010879_a3","S3","FUNC",26.73,24.047,4.58778501569815
"A010879_a4","S3","FUNC",26.73,22.646,4.50118434207787
"A010888_a2","S3","ITER",38.09,20.748,4.37490036970135
"A010888_a3","S3","CTX_X",15.61,10.076,3.33285112207215
"A010888_a4","S3","ITER",38.09,19.889,4.31389883554826
"A011539_a3","S3","CTX_X",15.61,10.114,3.3382817784652
"A011540_a3","S3","CTX_X",15.61,10.472,3.38846509728315
"A014261_a2","S3","DARY",13.45,10.115,3.33842441478356
"A014263_a2","S3","DARY",13.45,16.222,4.01987979435658
"A014263_a3","S3","DARY",18.78,16.433,4.03852397688151
"A014263_a4","S3","FUNC",26.73,53.644,5.74534491164144
"A014486_a2","S3","DARY",13.45,10.297,3.36415216865035
"A019546_a2","S3","DARY",15.03,10.014,3.32394645542167
"A020338_a2","S3","CTX_X",15.61,10.011,3.32351418724139
"A020338_a3","S3","DARY",20.44,10.155,3.34411833452143
"A027868_a2","S3","FUNC",43.53,22.71,4.50525580093216
"A027868_a3","S3","FUNC",43.53,23.567,4.55869621492702
"A027868_a4","S3","FUNC_L",44.77,39.18,5.29204549249286
"A030101_a2","S3","DARY",15.03,10.011,3.32351418724139
"A030101_a3","S3","DARY",16.62,21.762,4.44373924602935
"A030101_a4","S3","FUNC_L",55.13,40.389,5.33589052137152
"A030190_a2","S3","CONCAT",7.25,20.204,4.33656904176912
"A030190_a3","S3","CONCAT",7.25,10.653,3.41318786108004
"A030190_a4","S3","CONCAT",7.25,20.639,4.36730116593966
"A030302_a2","S3","CONCAT",8.25,18.421,4.20327947639702
"A030302_a3","S3","CONCAT",8.25,20.474,4.35572108373667
"A030302_a4","S3","CONCAT",8.25,19.329,4.2726950954805
"A030308_a2","S3","CONCAT",7.25,20.688,4.37072227514817
"A030308_a3","S3","CONCAT",7.25,19.705,4.30048984436311
"A030308_a4","S3","CONCAT",7.25,19.823,4.30910341046935
"A030432_a2","S3","DARY",13.45,10.104,3.33685463912547
"A035327_a2","S3","CTX_X",15.61,10.011,3.32351418724139
"A035327_a3","S3","ITER_F",57.13,169.314,7.40355745949681
"A035327_a4","S3","CTX_X",32.43,43.393,5.43939042604102
"A036554_a2","S3","DARY",13.45,10.213,3.35233480531341
"A036952_a2","S3","DARY",13.45,10.109,3.33756838526424
"A037274_a2","S3","CTX_X",17.86,16.202,4.01810000750257
"A038618_a2","S3","DARY",15.03,10.011,3.32351418724139
"A043529_a2","S3","FUNC_L",46.78,18.59,4.21645486514476
"A043529_a3","S3","NESTED_LOOP",85.32,86.267,6.43073688092902
"A043529_a4","S3","NESTED_LOOP",85.32,71.447,6.15880152991751
"A045918_a2","S3","CTX_X",15.61,10.014,3.32394645542167
"A046034_a2","S3","FUNC",28.73,57.043,5.83397795274402
"A046704_a2","S3","DARY",15.03,10.016,3.32423456227053
"A048724_a2","S3","CTX_X",15.61,10.009,3.32322593648301
"A048724_a3","S3","FUNC",28.73,26.098,4.70586734610249
"A048724_a4","S3","DARY",18.78,10.082,3.33370995434728
"A049345_a2","S3","CTX_X",15.61,10.016,3.32423456227053
"A049345_a4","S3","FUNC",25.73,41.589,5.37813009094676
"A051885_a3","S3","CTX_X",15.61,10.082,3.33370995434728
"A052224_a3","S3","DARY",13.45,10.111,3.33785378487762
"A052382_a2","S3","FUNC",34.09,20.753,4.37524799868568
"A053645_a2","S3","CTX_X",17.86,14.916,3.89878879711155
"A053645_a3","S3","ITER",54.54,60.718,5.92405236525862
"A053645_a4","S3","FUNC",36.09,51.804,5.69499159352052
"A053735_a2","S3","CTX_X",15.61,10.01,3.32337006906127
"A053735_a3","S3","DARY",17.37,17.856,4.1583370271671
"A053735_a4","S3","DARY",17.37,18.063,4.17496561814284
"A055012_a2","S3","DARY",20.46,11.684,3.54646235816709
"A055012_a3","S3","CTX_X",15.61,10.075,3.3327079336406
"A055642_a2","S3","DARY",17.29,16.233,4.02085774204152
"A055642_a3","S3","DARY",17.29,17.254,4.10885895597765
"A055642_a4","S3","DARY",17.29,16.268,4.02396499080005
"A056964_a3","S3","DARY",18.19,10.08,3.33342373372519
"A057889_a2","S3","CTX_X",15.61,10.009,3.32322593648301
"A057889_a4","S3","NESTED_LOOP",88.49,94.716,6.56553624994611
"A062028_a2","S3","FUNC",27.73,26.051,4.70326684809559
"A062028_a3","S3","DARY",18.19,10.075,3.3327079336406
"A062028_a4","S3","FUNC",46.53,29.555,4.88533031547617
"A062756_a2","S3","CTX_X",15.61,10.01,3.32337006906127
"A062756_a3","S3","FUNC_L",55.13,53.652,5.74556004660171
"A062756_a4","S3","FUNC_L",56.71,54.581,5.77032692192567
"A065720_a2","S3","DARY",13.45,10.087,3.33442525757026
"A065727_a2","S3","DARY",15.03,10.013,3.32380238041871
"A065727_a3","S3","CTX_X",24.73,15.08,3.91456452349394
"A078972_a2","S3","CTX_X",27.68,42.79,5.41920177384876
"A085104_a2","S3","DARY",13.45,10.081,3.33356685113426
"A090707_a2","S3","DARY",15.03,10.016,3.32423456227053
"A091924_a2","S3","DARY",15.03,10.017,3.32437859412218
"A102370_a2","S3","CTX_X",15.61,10.011,3.32351418724139
"A102370_a4","S3","DARY",18.78,10.119,3.3389948190772
"A117828_a3","S3","CTX_X",15.61,10.097,3.33585480093028
"A136522_a3","S3","NESTED_LOOP",82.15,183.382,7.51870822682561
"A156552_a2","S3","CTX_X",15.61,10.012,3.32365829102624
"A156552_a4","S3","FUNC",38.09,26.518,4.72890006570409
"A161903_a2","S3","CTX_X",15.61,10.01,3.32337006906127
"A161903_a3","S3","NESTED_LOOP",85.32,85.469,6.41732933762268
"A161903_a4","S3","CTX_X",43.91,51.878,5.69705095678808
"A163511_a2","S3","CTX_X",19.2,54.163,5.7592357445325
"A175298_a2","S3","DARY",15.03,10.02,3.32481060342048
"A206913_a2","S3","DARY",15.03,10.02,3.32481060342048
"A206914_a2","S3","DARY",15.03,10.018,3.32452261159581
"A225901_a2","S3","CTX_X",15.61,10.015,3.32409051603798
"A225901_a3","S3","CTX_X",17.86,18.608,4.21785109681113
"A225901_a4","S3","FUNC_L",56.73,27.561,4.78455632940518
"A235265_a2","S3","DARY",13.45,10.137,3.34155885122287
"A235265_a3","S3","DARY",15.03,10.178,3.34738219131511
"A235266_a2","S3","DARY",15.03,10.017,3.32437859412218
"A235394_a2","S3","DARY",15.03,10.039,3.32754366229427
"A235395_a2","S3","DARY",15.03,10.015,3.32409051603798
"A235461_a2","S3","DARY",13.45,10.063,3.33098856304375
"A235461_a4","S3","DARY",13.45,10.14,3.34198574722862
"A235482_a2","S3","DARY",15.03,10.016,3.32423456227053
"A263273_a2","S3","CTX_X",15.61,10.01,3.32337006906127
"A263273_a3","S3","FUNC_L",54.38,56.11,5.81018600769536
"A265509_a2","S3","DARY",13.45,10.109,3.33756838526424
"A265509_a4","S3","NESTED_LOOP",101.72,204.509,7.67602052423593
"A276086_a2","S3","CTX_X",15.61,10.008,3.32308178950373
"A276150_a2","S3","CTX_X",17.86,22.909,4.51784257987094
"A276150_a4","S3","FUNC_L",52.73,15.191,3.92514493823326
"A276156_a2","S3","CTX_X",15.61,10.009,3.32322593648301
"A276156_a3","S3","FUNC",25.73,14.649,3.87273027869653
"A276156_a4","S3","FUNC_L",56.73,28.923,4.85414529657655
"A278222_a2","S3","DARY",15.03,10.012,3.32365829102624
"A278222_a4","S3","NESTED_LOOP",82.15,118.701,6.89118827883175
"A296882_a2","S3","CTX_X",15.61,10.009,3.32322593648301
"A296882_a3","S3","CTX_X",15.61,10.086,3.33428222529524
"A296882_a4","S3","CTX_X",15.61,10.09,3.33485426933163
"A326031_a2","S3","FUNC_L",55.96,57.983,5.85755807425347
"A327860_a2","S3","FUNC",28.73,55.723,5.80020102634795
"A328596_a2","S3","DARY",15.03,10.011,3.32351418724139
"A333219_a2","S3","FUNC_L",54.73,22.064,4.46362245685189
"A385776_a2","S3","DARY",15.03,10.301,3.3647124929766
"A000004_a2","S3","DARY",13.45,10.213,3.35233480531341
"A000004_a3","S3","DARY",13.45,10.257,3.35853692349246
"A000004_a4","S3","DARY",13.45,10.182,3.34794906560173
"A000004_a5","S3","DARY",13.45,10.176,3.34709867062227
"A000004_a7","S3","DARY",13.45,10.174,3.34681509420054
"A000005_a3","S3","NESTED_LOOP",97.72,184.888,7.53050778064826
"A000005_a4","S3","NESTED_LOOP",97.72,179.643,7.48898890990723
"A000005_a5","S3","NESTED_LOOP",97.72,184.654,7.52868070451245
"A000005_a7","S3","NESTED_LOOP",97.72,187.406,7.55002333290883
"A000007_a2","S3","DARY",15.03,10.01,3.32337006906127
"A000007_a3","S3","DARY",15.03,10.079,3.33328060211727
"A000007_a4","S3","DARY",15.03,10.147,3.34298134694144
"A000007_a5","S3","DARY",15.03,10.079,3.33328060211727
"A000007_a7","S3","DARY",15.03,10.081,3.33356685113426
"A000010_a2","S3","DARY",15.7,27.319,4.77183277026335
"A000012_a2","S3","DARY",13.45,10.099,3.33614053969947
"A000012_a3","S3","DARY",13.45,10.108,3.33742566428269
"A000012_a4","S3","DARY",13.45,10.115,3.33842441478356
"A000012_a5","S3","DARY",13.45,10.11,3.33771109212829
"A000012_a7","S3","DARY",13.45,10.111,3.33785378487762
"A000027_a2","S3","CTX_X",15.61,10.009,3.32322593648301
"A000027_a3","S3","CTX_X",15.61,10.188,3.34879895961211
"A000027_a4","S3","CTX_X",15.61,10.086,3.33428222529524
"A000027_a5","S3","CTX_X",15.61,10.104,3.33685463912547
"A000027_a7","S3","CTX_X",15.61,10.088,3.33456827566613
"A000035_a2","S3","CTX_X",15.61,10.009,3.32322593648301
"A000035_a3","S3","CTX_X",15.61,19.325,4.27239650903748
"A000035_a4","S3","CTX_X",15.61,23.516,4.55557077789617
"A000035_a5","S3","CTX_X",15.61,18.866,4.23771666769931
"A000035_a7","S3","CTX_X",15.61,18.66,4.22187708107703
"A000040_a2","S3","DARY",15.03,10.014,3.32394645542167
"A000043_a2","S3","DARY",15.03,10.016,3.32423456227053
"A000045_a3","S3","CTX_X",24.11,27.691,4.79134524931415
"A000045_a4","S3","CTX_X",24.11,15.588,3.96236393150695
"A000045_a5","S3","CTX_X",24.11,16.917,4.08040184367244
"A000045_a7","S3","CTX_X",24.11,15.387,3.94364007203639
"A000069_a2","S3","DARY",17.62,13.915,3.79856900355688
"A000120_a2","S3","DARY",16.62,13.489,3.75371149369124
"A000120_a3","S3","DARY",16.62,21.11,4.39985467357243
"A000120_a4","S3","DARY",16.62,24.67,4.6246858105254
"A000120_a5","S3","DARY",16.62,21.393,4.41906690472266
"A000120_a7","S3","DARY",16.62,21.164,4.40354041774525
"A000123_a2","S3","DARY",15.03,10.015,3.32409051603798
"A000124_a2","S3","CTX_X",17.86,15.928,3.99349322105842
"A000124_a3","S3","CTX_X",31.98,15.785,3.98048235553826
"A000124_a4","S3","FUNC",36.09,18.123,4.17974988729563
"A000124_a5","S3","CTX_X",40.34,22.477,4.49037758712129
"A000124_a7","S3","FUNC",36.09,16.827,4.07270608374085
"A000203_a7","S3","NESTED_LOOP",116.78,313.298,8.29139174978279
"A000217_a2","S3","CTX_X",17.86,15.085,3.91504279137198
"A000217_a3","S3","FUNC",26.73,14.686,3.87636959997278
"A000217_a4","S3","FUNC",37.09,14.998,3.90669822344464
"A000217_a5","S3","FUNC",35.09,15.316,3.93696766018807
"A000217_a7","S3","FUNC",35.09,14.836,3.89103026784092
"A000290_a2","S3","CTX_X",15.61,10.015,3.32409051603798
"A000290_a3","S3","CTX_X",24.11,14.997,3.90660202774259
"A000290_a4","S3","CTX_X",15.61,10.085,3.33413917883824
"A000290_a5","S3","FUNC",26.73,14.788,3.88635504352516
"A000290_a7","S3","FUNC",26.73,14.985,3.90544717873885
"A000292_a3","S3","CTX_X",19.2,40.981,5.35688328366402
"A000292_a4","S3","FUNC",36.09,61.221,5.93595470530696
"A000292_a5","S3","CTX_X",43.26,46.049,5.52509792198127
"A000326_a2","S3","CTX_X",17.86,14.739,3.88156673981009
"A000326_a3","S3","CTX_X",15.61,10.082,3.33370995434728
"A000326_a4","S3","FUNC",28.73,15.022,3.90900499815204
"A000326_a5","S3","FUNC",36.09,15.484,3.95270630763022
"A000326_a7","S3","FUNC",37.09,22.524,4.49339115088994
"A000330_a2","S3","CTX_X",17.86,14.937,3.90081851612512
"A000330_a3","S3","CTX_X",26.06,41.607,5.37875436401617
"A000330_a4","S3","CTX_X",17.86,15.168,3.92295896423617
"A000330_a5","S3","CTX_X",41.34,21.01,4.39300425689832
"A000330_a7","S3","FUNC_L",53.54,75.306,6.23469291098505
"A000578_a2","S3","CTX_X",15.61,10.015,3.32409051603798
"A000578_a3","S3","CTX_X",15.61,10.082,3.33370995434728
"A000578_a4","S3","CTX_X",17.86,14.899,3.89714359715496
"A000578_a5","S3","FUNC",28.73,19.719,4.30151448577045
"A000578_a7","S3","FUNC",28.73,18.441,4.20484498579147
"A000959_a2","S3","DARY",13.45,10.088,3.33456827566613
"A001065_a5","S3","NESTED_LOOP",116.78,313.722,8.29334289261898
"A001097_a2","S3","DARY",13.45,10.122,3.33942247434663
"A001097_a3","S3","CTX_X",28.84,10.147,3.34298134694144
"A001227_a3","S3","NESTED_LOOP",116.78,273.677,8.09633038450602
"A001227_a4","S3","NESTED_LOOP",116.78,270.521,8.07959678168226
"A001227_a5","S3","NESTED_LOOP",116.78,228.687,7.83723054604203
"A001227_a7","S3","NESTED_LOOP",116.78,262.703,8.03728886554284
"A001285_a2","S3","DARY",17.62,15.085,3.91504279137198
"A001285_a3","S3","NESTED_LOOP",97.72,185.714,7.53693876632567
"A001285_a4","S3","NESTED_LOOP",101.72,226.211,7.82152527498042
"A001477_a2","S3","CTX_X",15.61,10.01,3.32337006906127
"A001477_a3","S3","CTX_X",15.61,10.079,3.33328060211727
"A001477_a4","S3","CTX_X",15.61,10.074,3.3325647309961
"A001477_a5","S3","CTX_X",15.61,10.075,3.3327079336406
"A001477_a7","S3","CTX_X",15.61,10.074,3.3325647309961
"A001511_a2","S3","FUNC_L",49.62,37.406,5.22519779483916
"A001511_a3","S3","FUNC_L",49.62,48.872,5.61093624041816
"A001511_a4","S3","FUNC_L",49.62,45.996,5.52343649885959
"A001511_a5","S3","FUNC_L",49.62,51.034,5.67338681820894
"A001511_a7","S3","FUNC_L",49.62,44.095,5.46254317053042
"A001615_a2","S3","DARY",15.7,15.801,3.98194396021303
"A001969_a2","S3","DARY",16.62,16.067,4.00602867174334
"A002322_a2","S3","DARY",15.7,27.293,4.77045907679315
"A002378_a2","S3","DARY",13.45,10.192,3.34936527759421
"A002378_a3","S3","FUNC",28.73,15.096,3.91609442293836
"A002378_a4","S3","CTX_X",24.73,14.708,3.87852917654121
"A002378_a5","S3","FUNC",28.73,15.006,3.90746755824004
"A002378_a7","S3","FUNC",28.73,14.975,3.90448409790142
"A002487_a2","S3","CTX_X",24.11,24.515,4.61559285651096
"A002487_a4","S3","NESTED_LOOP",116.78,282.302,8.14109553953244
"A002487_a5","S3","NESTED_LOOP",116.78,249.945,7.96546685683475
"A002487_a7","S3","NESTED_LOOP",116.78,277.729,8.11753401861234
"A002620_a2","S3","FUNC",25.73,60.207,5.9118593273572
"A002620_a3","S3","FUNC",28.73,41.542,5.37649876991979
"A002620_a4","S3","FUNC",28.73,47.472,5.56900492681818
"A002620_a5","S3","FUNC",28.73,47.675,5.57516103342539
"A002620_a7","S3","FUNC",28.73,18.265,4.19100984858729
"A004011_a2","S3","DARY",15.03,10.019,3.32466661469429
"A004011_a3","S3","DARY",15.03,10.093,3.33528315355643
"A004011_a4","S3","DARY",15.03,10.139,3.34184346259505
"A004018_a2","S3","DARY",15.03,10.011,3.32351418724139
"A004018_a4","S3","DARY",15.03,10.101,3.33642622188672
"A004526_a2","S3","CTX_X",17.86,15.957,3.99611753767891
"A004526_a3","S3","CTX_X",17.86,23.004,4.52381283772722
"A004526_a4","S3","CTX_X",17.86,14.899,3.89714359715496
"A004526_a5","S3","CTX_X",17.86,15.05,3.91169158187234
"A004526_a7","S3","CTX_X",17.86,25.713,4.6844260377166
"A005101_a2","S3","DARY",13.45,10.204,3.35106289894039
"A005408_a2","S3","DARY",13.45,10.144,3.34255474547732
"A005408_a3","S3","DARY",19.19,10.135,3.34127418369217
"A005408_a4","S3","CTX_X",15.61,10.154,3.34397626006754
"A005408_a5","S3","CTX_X",22.48,10.626,3.40952671281098
"A005408_a7","S3","CTX_X",22.48,10.399,3.37837289590703
"A005811_a2","S3","CTX_X",15.61,10.015,3.32409051603798
"A005843_a2","S3","DARY",13.45,10.303,3.3649925735523
"A005843_a3","S3","DARY",18.19,10.165,3.34553831007001
"A005843_a4","S3","CTX_X",22.48,10.146,3.34283916046905
"A005843_a5","S3","CTX_X",22.48,10.143,3.34241251695245
"A005843_a7","S3","CTX_X",22.48,10.187,3.34865734537485
"A006530_a2","S3","FUNC_L",54.73,22.303,4.47916587651375
"A010060_a2","S3","DARY",16.62,10.9,3.44625622988956
"A010060_a3","S3","DARY",16.62,17.695,4.14526985665051
"A010060_a4","S3","DARY",16.62,22.947,4.52023364861234
"A010060_a5","S3","DARY",16.62,20.881,4.38411889973073
"A010060_a7","S3","DARY",16.62,21.474,4.42451904447545
"A020639_a2","S3","CTX_X",15.61,10.01,3.32337006906127
"A025487_a2","S3","DARY",15.03,10.013,3.32380238041871
"A027642_a2","S3","CTX_X",19.2,40.827,5.3514516559813
"A027642_a3","S3","CTX_X",17.86,15.832,3.98477161238542
"A027642_a4","S3","CTX_X",26.06,41.731,5.38304758720578
"A070939_a2","S3","DARY",13.45,17.778,4.15202112702035
"A070939_a3","S3","DARY",13.45,17.29,4.11186596386756
"A070939_a4","S3","DARY",13.45,17.408,4.12167855658825
"A070939_a5","S3","DARY",13.45,17.645,4.141187525005
"A070939_a7","S3","DARY",13.45,17.279,4.11094782067652
"eca_000","S2","DARY",15.03,10.022,3.32509853776749
"eca_001","S2","CTX_X",15.61,10.051,3.32926714089552
"eca_002","S2","DARY",15.03,10.023,3.32524248339404
"eca_003","S2","CTX_X",19.2,42.478,5.40864393593509
"eca_004","S2","DARY",13.45,10.259,3.35881820542763
"eca_005","S2","DARY",13.45,10.276,3.36120689023873
"eca_006","S2","DARY",15.7,24.962,4.64166162502051
"eca_007","S2","CTX_X",17.86,20.998,4.39218001670781
"eca_008","S2","DARY",15.03,10.031,3.32639353165766
"eca_009","S2","CTX_X",22.07,47.289,5.56343272895851
"eca_010","S2","DARY",15.03,10.023,3.32524248339404
"eca_011","S2","CTX_X",19.2,47.071,5.5567665975792
"eca_012","S2","DARY",13.45,10.282,3.36204901208824
"eca_013","S2","DARY",13.45,10.298,3.36429227013537
"eca_014","S2","DARY",15.7,34.629,5.11390882155414
"eca_015","S2","CTX_X",17.86,21.95,4.456149034648
"eca_016","S2","DARY",15.03,10.028,3.32596199617185
"eca_017","S2","CTX_X",19.2,45.296,5.50131174924366
"eca_018","S2","DARY",15.03,10.027,3.32581812232073
"eca_019","S2","CTX_X",19.2,45.19,5.49793165189628
"eca_020","S2","DARY",15.7,31.961,4.9982406430929
"eca_021","S2","CTX_X",17.86,22.757,4.50823847808587
"eca_022","S2","DARY",15.7,29.942,4.90409868547921
"eca_023","S2","CTX_X",17.86,20.268,4.34113182886045
"eca_024","S2","DARY",15.03,10.021,3.32495457777726
"eca_026","S2","DARY",15.03,10.022,3.32509853776749
"eca_027","S2","CTX_X",19.2,42.867,5.42179555014425
"eca_028","S2","DARY",13.45,10.263,3.35938060482697
"eca_029","S2","DARY",13.45,10.251,3.35769274848834
"eca_030","S2","WIDE_BIT",74.53,67.298,6.07249172553341
"eca_031","S2","CTX_X",17.86,16.708,4.06246714350071
"eca_032","S2","DARY",15.03,10.019,3.32466661469429
"eca_033","S2","CTX_X",15.61,16.917,4.08040184367244
"eca_034","S2","DARY",15.03,10.019,3.32466661469429
"eca_035","S2","CTX_X",19.2,43.598,5.44619004970006
"eca_036","S2","DARY",13.45,10.267,3.35994278507408
"eca_037","S2","CTX_X",19.2,44.989,5.49150039443214
"eca_038","S2","DARY",15.7,23.607,4.56114280904521
"eca_039","S2","CTX_X",17.86,18.055,4.17432651517391
"eca_040","S2","DARY",15.03,10.02,3.32481060342048
"eca_041","S2","CTX_X",21.35,42.264,5.40135740989028
"eca_042","S2","DARY",15.03,10.019,3.32466661469429
"eca_043","S2","CTX_X",19.2,43.489,5.44257863027873
"eca_044","S2","DARY",13.45,10.262,3.35924002552933
"eca_046","S2","DARY",15.7,23.494,4.55422045697651
"eca_047","S2","CTX_X",17.86,17.117,4.0973579657631
"eca_048","S2","DARY",15.03,10.02,3.32481060342048
"eca_049","S2","CTX_X",19.2,43.273,5.4353952372578
"eca_050","S2","CTX_X",15.61,17.81,4.15461561132689
"eca_051","S2","CTX_X",15.61,17.471,4.12689028206315
"eca_052","S2","DARY",15.7,24.034,4.58700487235718
"eca_053","S2","CTX_X",17.86,16.719,4.06341665413717
"eca_054","S2","CTX_X",17.86,15.987,3.9988273338191
"eca_055","S2","CTX_X",17.86,16.725,4.0639343057541
"eca_056","S2","DARY",15.03,10.019,3.32466661469429
"eca_057","S2","FUNC",25.73,16.032,4.00288250853312
"eca_058","S2","CTX_X",15.61,17.539,4.13249458861252
"eca_059","S2","CTX_X",20.43,43.667,5.4484715137135
"eca_060","S2","DARY",13.45,10.254,3.35811489773521
"eca_061","S2","CTX_X",39.91,44.577,5.47822762241464
"eca_062","S2","CTX_X",24.11,16.762,4.06712239296616
"eca_063","S2","CTX_X",17.86,16.531,4.04710209425467
"eca_064","S2","DARY",15.03,10.02,3.32481060342048
"eca_065","S2","CTX_X",22.07,41.722,5.38273641192345
"eca_066","S2","DARY",15.03,10.02,3.32481060342048
"eca_068","S2","DARY",13.45,10.256,3.35839626195665
"eca_069","S2","DARY",13.45,10.251,3.35769274848834
"eca_070","S2","DARY",13.45,10.254,3.35811489773521
"eca_071","S2","DARY",13.45,10.255,3.35825558670513
"eca_072","S2","DARY",15.03,10.021,3.32495457777726
"eca_073","S2","CTX_X",15.61,17.298,4.11253333755398
"eca_074","S2","DARY",15.03,10.023,3.32524248339404
"eca_076","S2","DARY",13.45,10.278,3.36148765214307
"eca_077","S2","DARY",13.45,10.271,3.36050474633969
"eca_078","S2","DARY",13.45,10.266,3.35980226054848
"eca_079","S2","DARY",13.45,10.257,3.35853692349246
"eca_080","S2","DARY",15.03,10.021,3.32495457777726
"eca_081","S2","CTX_X",19.2,43.61,5.44658708530688
"eca_082","S2","DARY",15.03,10.021,3.32495457777726
"eca_083","S2","CTX_X",19.2,41.331,5.36915236490487
"eca_084","S2","DARY",15.7,21.865,4.45055144330648
"eca_085","S2","CTX_X",17.86,17.076,4.09389816258555
"eca_086","S2","WIDE_BIT",74.53,63.869,5.99704395723002
"eca_087","S2","CTX_X",17.86,16.809,4.07116199328926
"eca_088","S2","DARY",15.03,10.022,3.32509853776749
"eca_090","S2","DARY",15.03,10.022,3.32509853776749
"eca_091","S2","CTX_X",33.9,42.114,5.3962280044979
"eca_092","S2","DARY",13.45,10.267,3.35994278507408
"eca_093","S2","DARY",13.45,10.272,3.36064520246022
"eca_094","S2","DARY",15.7,21.919,4.45411007530487
"eca_095","S2","CTX_X",17.86,17.679,4.14396476691068
"eca_096","S2","DARY",15.03,10.025,3.32553033156756
"eca_097","S2","CTX_X",21.35,43.186,5.43249179144138
"eca_098","S2","DARY",15.03,10.019,3.32466661469429
"eca_099","S2","FUNC",25.73,16.056,4.00504061670053
"eca_100","S2","DARY",13.45,10.253,3.35797419504422
"eca_102","S2","DARY",13.45,10.258,3.35867757131523
"eca_103","S2","CTX_X",39.91,42.972,5.42532501937959
"eca_104","S2","DARY",15.03,10.019,3.32466661469429
"eca_105","S2","CTX_X",15.61,15.283,3.9338558621027
"eca_106","S2","DARY",15.03,10.02,3.32481060342048
"eca_107","S2","WIDE_BIT",75.13,586.874,9.19690698427273
"eca_108","S2","DARY",13.45,10.255,3.35825558670513
"eca_109","S2","CTX_X",26.03,41.729,5.38297844294309
"eca_110","S2","DARY",13.45,10.266,3.35980226054848
"eca_111","S2","CTX_X",23.18,42.221,5.3998888440593
"eca_112","S2","DARY",15.03,10.02,3.32481060342048
"eca_113","S2","CTX_X",19.2,42.627,5.41369561987207
"eca_114","S2","CTX_X",15.61,19.448,4.28154989336664
"eca_115","S2","CTX_X",20.43,41.717,5.38256350776081
"eca_116","S2","DARY",15.7,24.31,4.603477988254
"eca_117","S2","CTX_X",17.86,16.649,4.05736362123094
"eca_118","S2","CTX_X",24.11,17.159,4.10089357213746
"eca_119","S2","CTX_X",17.86,16.859,4.07544705952874
"eca_120","S2","DARY",15.03,10.02,3.32481060342048
"eca_121","S2","WIDE_BIT",75.13,586.279,9.19544357136251
"eca_122","S2","CTX_X",15.61,17.654,4.14192319772374
"eca_123","S2","CTX_X",15.61,17.657,4.14216833862222
"eca_124","S2","DARY",13.45,10.272,3.36064520246022
"eca_125","S2","CTX_X",23.18,43.04,5.4276061727819
"eca_126","S2","FUNC_L",46.78,13.051,3.70608844879118
"eca_127","S2","CTX_X",17.86,17.061,4.0926303050113
"eca_128","S2","DARY",15.03,10.02,3.32481060342048
"eca_129","S2","FUNC_L",54.73,15.482,3.95251994903785
"eca_130","S2","DARY",15.03,10.019,3.32466661469429
"eca_131","S2","FUNC",25.73,16.539,4.04780010215018
"eca_132","S2","DARY",13.45,10.257,3.35853692349246
"eca_133","S2","DARY",13.45,10.254,3.35811489773521
"eca_134","S2","DARY",15.7,23.157,4.53337645851403
"eca_136","S2","DARY",15.03,10.019,3.32466661469429
"eca_138","S2","DARY",15.03,10.021,3.32495457777726
"eca_139","S2","CTX_X",31.98,16.161,4.01444456589816
"eca_140","S2","DARY",13.45,10.255,3.35825558670513
"eca_141","S2","DARY",13.45,10.259,3.35881820542763
"eca_142","S2","DARY",15.7,23.695,4.56651075585788
"eca_143","S2","CTX_X",33.9,44.099,5.46267403612598
"eca_144","S2","DARY",15.03,10.02,3.32481060342048
"eca_145","S2","FUNC",25.73,16.545,4.04832338653781
"eca_146","S2","DARY",15.03,10.021,3.32495457777726
"eca_147","S2","CTX_X",17.86,17.133,4.09870588531542
"eca_148","S2","DARY",15.7,22.526,4.49351924811896
"eca_150","S2","DARY",13.45,10.26,3.35895882583233
"eca_151","S2","DARY",13.45,10.273,3.36078564490772
"eca_152","S2","DARY",15.03,10.02,3.32481060342048
"eca_153","S2","DARY",15.03,10.02,3.32481060342048
"eca_154","S2","DARY",15.03,10.02,3.32481060342048
"eca_155","S2","CTX_X",31.98,16.164,4.01471235152137
"eca_156","S2","DARY",13.45,10.258,3.35867757131523
"eca_157","S2","DARY",13.45,10.255,3.35825558670513
"eca_158","S2","FUNC",35.09,43.479,5.4422468542123
"eca_159","S2","DARY",13.45,10.265,3.35966172233388
"eca_160","S2","DARY",15.03,10.02,3.32481060342048
"eca_161","S2","FUNC_L",54.73,14.456,3.85359650620251
"eca_162","S2","DARY",15.03,10.019,3.32466661469429
"eca_163","S2","CTX_X",19.2,42.649,5.41444000965591
"eca_164","S2","DARY",13.45,10.255,3.35825558670513
"eca_165","S2","DARY",13.45,10.258,3.35867757131523
"eca_166","S2","DARY",15.7,23.729,4.56857939788699
"eca_168","S2","DARY",15.03,10.019,3.32466661469429
"eca_169","S2","ITER",41.09,43.295,5.43612851725925
"eca_170","S2","DARY",15.03,10.02,3.32481060342048
"eca_171","S2","CTX_X",31.98,16.924,4.08099868569426
"eca_172","S2","DARY",13.45,10.263,3.35938060482697
"eca_173","S2","DARY",13.45,10.281,3.36190869257824
"eca_174","S2","DARY",15.7,22.228,4.4743062402884
"eca_175","S2","CTX_X",19.2,43.517,5.44350719756235
"eca_176","S2","DARY",15.03,10.019,3.32466661469429
"eca_177","S2","CTX_X",19.2,42.695,5.41599522099608
"eca_178","S2","CTX_X",15.61,17.451,4.12523780488702
"eca_179","S2","CTX_X",15.61,17.518,4.13076616921084
"eca_180","S2","DARY",15.7,22.595,4.49793165189628
"eca_182","S2","DARY",13.45,10.263,3.35938060482697
"eca_183","S2","DARY",13.45,10.255,3.35825558670513
"eca_184","S2","DARY",15.03,10.019,3.32466661469429
"eca_185","S2","CTX_X",31.98,15.969,3.99720206698455
"eca_186","S2","CTX_X",15.61,17.162,4.10114578420201
"eca_187","S2","CTX_X",17.86,17.112,4.09693648250296
"eca_188","S2","DARY",13.45,10.258,3.35867757131523
"eca_189","S2","DARY",13.45,10.258,3.35867757131523
"eca_190","S2","FUNC",35.09,44.861,5.48738987489606
"eca_191","S2","DARY",13.45,10.256,3.35839626195665
"eca_192","S2","DARY",15.03,10.019,3.32466661469429
"eca_194","S2","DARY",15.03,10.02,3.32481060342048
"eca_195","S2","DARY",15.03,10.019,3.32466661469429
"eca_196","S2","DARY",13.45,10.246,3.35698889179248
"eca_197","S2","DARY",13.45,10.255,3.35825558670513
"eca_198","S2","DARY",13.45,10.259,3.35881820542763
"eca_199","S2","DARY",13.45,10.257,3.35853692349246
"eca_200","S2","DARY",15.03,10.02,3.32481060342048
"eca_201","S2","CTX_X",15.61,17.484,4.12796337812358
"eca_202","S2","DARY",15.03,10.019,3.32466661469429
"eca_203","S2","DARY",15.03,10.02,3.32481060342048
"eca_204","S2","DARY",13.45,10.256,3.35839626195665
"eca_205","S2","DARY",13.45,10.264,3.3595211704276
"eca_206","S2","DARY",13.45,10.248,3.35727047567956
"eca_207","S2","DARY",13.45,10.257,3.35853692349246
"eca_208","S2","DARY",15.03,10.019,3.32466661469429
"eca_209","S2","CTX_X",31.98,16.391,4.03483196952188
"eca_210","S2","DARY",15.03,10.019,3.32466661469429
"eca_211","S2","CTX_X",31.98,16.809,4.07116199328926
"eca_212","S2","DARY",15.7,21.8,4.44625622988956
"eca_213","S2","CTX_X",33.9,42.221,5.3998888440593
"eca_214","S2","FUNC",35.09,46.821,5.54908384265711
"eca_215","S2","DARY",13.45,10.257,3.35853692349246
"eca_216","S2","DARY",15.03,10.019,3.32466661469429
"eca_217","S2","DARY",15.03,10.02,3.32481060342048
"eca_218","S2","DARY",15.03,10.021,3.32495457777726
"eca_219","S2","DARY",15.03,10.02,3.32481060342048
"eca_220","S2","DARY",13.45,10.259,3.35881820542763
"eca_221","S2","DARY",13.45,10.256,3.35839626195665
"eca_222","S2","DARY",13.45,10.257,3.35853692349246
"eca_223","S2","DARY",13.45,10.256,3.35839626195665
"eca_224","S2","DARY",15.03,10.02,3.32481060342048
"eca_225","S2","ITER",41.09,43.434,5.44075291699598
"eca_226","S2","DARY",15.03,10.021,3.32495457777726
"eca_227","S2","CTX_X",31.98,16.446,4.03966482888484
"eca_228","S2","DARY",13.45,10.255,3.35825558670513
"eca_229","S2","DARY",13.45,10.258,3.35867757131523
"eca_230","S2","DARY",13.45,10.258,3.35867757131523
"eca_231","S2","DARY",13.45,10.256,3.35839626195665
"eca_232","S2","DARY",15.03,10.021,3.32495457777726
"eca_233","S2","CTX_X",20.43,43.186,5.43249179144138
"eca_234","S2","DARY",15.03,10.02,3.32481060342048
"eca_235","S2","CTX_X",31.98,16.66,4.05831649559082
"eca_236","S2","DARY",13.45,10.306,3.36541259249094
"eca_237","S2","DARY",13.45,10.27,3.36036427654347
"eca_238","S2","DARY",13.45,10.273,3.36078564490772
"eca_239","S2","DARY",13.45,10.247,3.35712969060593
"eca_240","S2","DARY",15.03,10.019,3.32466661469429
"eca_241","S2","CTX_X",31.98,16.128,4.01149563883783
"eca_242","S2","CTX_X",15.61,17.353,4.11711319348224
"eca_243","S2","CTX_X",17.86,17.511,4.13018956894131
"eca_244","S2","DARY",15.7,23.407,4.54886813559661
"eca_245","S2","CTX_X",19.2,42.04,5.39369076418745
"eca_246","S2","FUNC",35.09,44.573,5.47809816015626
"eca_247","S2","DARY",13.45,10.254,3.35811489773521
"eca_248","S2","DARY",15.03,10.02,3.32481060342048
"eca_249","S2","CTX_X",31.98,16.309,4.02759641959381
"eca_250","S2","CTX_X",15.61,17.315,4.1139504824225
"eca_251","S2","CTX_X",17.86,17.236,4.1073530984483
"eca_252","S2","DARY",13.45,10.254,3.35811489773521
"eca_253","S2","DARY",13.45,10.256,3.35839626195665
"eca_254","S2","DARY",13.45,10.261,3.35909943253201
"eca_255","S2","DARY",13.45,10.261,3.35909943253201
"collatz_k3_c1_b3","S1","STEP",43.59,128.701,7.00787945304147
"collatz_k3_c3_b2","S1","FUNC_L",47.78,27.678,4.79066779312473
"collatz_k5_c5_b2","S1","FUNC_L",47.78,26.312,4.71764900817332
"collatz_k7_c3_b2","S1","FUNC_L",47.78,16.406,4.03615162846155
"collatz_k7_c3_b4","S1","NESTED_LOOP",116.78,306.393,8.25923952691799
"collatz_k7_c5_b2","S1","FUNC_L",47.78,16.092,4.00827173796354
"collatz_k7_c5_b4","S1","NESTED_LOOP",116.78,276.256,8.10986198849144
"collatz_k7_c7_b2","S1","FUNC_L",47.78,16.475,4.04220656012069
"collatz_k7_c7_b4","S1","NESTED_LOOP",116.78,377.788,8.56143306668512
"collatz_k9_c3_b2","S1","FUNC_L",47.78,32.971,5.04312573904345
"A316824_a2","S1","FUNC_L",54.38,47.429,5.56769754563139
"A051023_a2","S1","WIDE_BIT",71.17,107.161,6.74363613900447
"A071047_a3","S1","FUNC_L",52.98,50.884,5.66914018047301
"A072272_a2","S1","DARY",13.45,10.086,3.33428222529524
"A079314_a2","S1","DARY",15.03,10.01,3.32337006906127
"A079315_a2","S1","CTX_X",17.86,16.221,4.01979085714107
"A079316_a2","S1","DARY",13.45,10.088,3.33456827566613
"A079317_a2","S1","DARY",13.45,10.086,3.33428222529524
"A093513_a2","S1","CTX_X",17.86,15.075,3.91408609701272
"A093514_a2","S1","CTX_X",19.2,41.254,5.36646210516427
"A122108_a2","S1","DARY",15.03,10.015,3.32409051603798
"A147562_a2","S1","DARY",15.03,10.016,3.32423456227053
"A151723_a2","S1","DARY",15.03,10.015,3.32409051603798
"A151723_a3","S1","DARY",15.03,10.084,3.33399611819645
"A151725_a2","S1","DARY",15.03,10.017,3.32437859412218
"A151731_a2","S1","DARY",13.45,10.169,3.34610590918853
"A151895_a2","S1","DARY",15.03,10.015,3.32409051603798
"A151896_a2","S1","CTX_X",17.86,16.05,4.00450139223494
"A151922_a2","S1","DARY",13.45,10.707,3.42048240210809
"A160117_a2","S1","DARY",15.03,10.017,3.32437859412218
"A160117_a3","S1","CTX_X",44.26,47.687,5.57552412020172
"A160118_a2","S1","DARY",15.03,10.017,3.32437859412218
"A160119_a2","S1","DARY",15.03,10.017,3.32437859412218
"A160119_a3","S1","CTX_X",24.73,15.372,3.94223297640072
"A160239_a2","S1","DARY",15.03,10.009,3.32322593648301
"A160410_a2","S1","DARY",13.45,10.26,3.35895882583233
"A160410_a3","S1","DARY",15.03,10.131,3.34070468006655
"A160412_a2","S1","CTX_X",15.61,10.013,3.32380238041871
"A160412_a3","S1","DARY",13.45,10.354,3.37211631819884
"A160414_a2","S1","DARY",15.03,10.014,3.32394645542167
"A160414_a3","S1","ITER",30.73,23.362,4.54609188222903
"A160420_a2","S1","DARY",15.03,10.018,3.32452261159581
"A160422_a2","S1","DARY",15.03,10.016,3.32423456227053
"A160428_a2","S1","DARY",13.45,13.186,3.72093508135976
"A160428_a3","S1","DARY",18.19,12.869,3.68582804657398
"A160720_a2","S1","DARY",15.03,10.016,3.32423456227053
"A160722_a2","S1","DARY",15.03,10.016,3.32423456227053
"A160722_a3","S1","CTX_X",15.61,11.661,3.54361960839827
"A160796_a2","S1","CTX_X",15.61,10.018,3.32452261159581
"A160796_a3","S1","CTX_X",22.48,11.844,3.56608449051547
"A161340_a2","S1","DARY",15.03,13.283,3.73150911478991
"A161340_a3","S1","CTX_X",24.73,20.746,4.37476129465031
"A161342_a2","S1","CTX_X",15.61,10.019,3.32466661469429
"A161342_a3","S1","CTX_X",15.61,10.151,3.34354995273888
"A161644_a2","S1","CTX_X",17.86,16.209,4.0187231826865
"A161644_a3","S1","DARY",15.03,10.11,3.33771109212829
"A161645_a2","S1","FUNC",28.73,16.042,4.00378211262842
"A161645_a3","S1","CTX_X",17.86,16.257,4.0229891478451
"A161903_a2","S1","CTX_X",15.61,10.013,3.32380238041871
"A161903_a3","S1","NESTED_LOOP",85.32,105.962,6.72740316927488
"A169648_a2","S1","CTX_X",17.86,17.648,4.1414327909293
"A169707_a2","S1","DARY",13.45,10.106,3.33714017995587
"A169709_a2","S1","DARY",13.45,10.136,3.34141652447872
"A170896_a2","S1","DARY",15.03,10.019,3.32466661469429
"A170905_a2","S1","CTX_X",17.86,21.902,4.45299071166983
"A173456_a2","S1","DARY",15.03,10.27,3.36036427654347
"A173457_a2","S1","CTX_X",17.86,46.403,5.53614617492151
"A173460_a2","S1","DARY",15.03,10.014,3.32394645542167
"A231348_a2","S1","DARY",15.03,18.084,4.17664191765689
"A246325_a2","S1","DARY",13.45,10.144,3.34255474547732
"A246333_a2","S1","DARY",13.45,10.089,3.33471127958565
"A247640_a2","S1","DARY",15.03,10.013,3.32380238041871
"A247640_a3","S1","DARY",15.03,10.094,3.33542608663634
"A247666_a2","S1","DARY",13.45,10.092,3.33514020631421
"A247666_a3","S1","DARY",13.45,10.109,3.33756838526424
"A255366_a2","S1","DARY",13.45,10.092,3.33514020631421
"A256250_a2","S1","DARY",13.45,10.084,3.33399611819645
"A256260_a2","S1","DARY",13.45,10.087,3.33442525757026
"A256530_a2","S1","DARY",15.03,10.011,3.32351418724139
"A256530_a3","S1","ITER",30.73,28.671,4.84152031930818
"A256534_a2","S1","DARY",13.45,10.178,3.34738219131511
"A256534_a3","S1","DARY",15.03,10.081,3.33356685113426
"A265225_a2","S1","FUNC",26.73,55.405,5.79194427242006
"A265225_a3","S1","FUNC",34.09,42.194,5.39896595671861
"A265283_a2","S1","DARY",15.7,15.803,3.98212655672522
"A265283_a3","S1","FUNC",44.53,55.379,5.79126709752564
"A266070_a2","S1","CTX_X",19.2,49.258,5.62228614682781
"A266070_a3","S1","CTX_X",19.2,50.77,5.6659043549549
"A266223_a2","S1","CTX_X",19.2,40.805,5.35067403711449
"A266223_a3","S1","FUNC",45.53,49.521,5.6299685427286
"A266532_a2","S1","CTX_X",15.61,10.01,3.32337006906127
"A266532_a3","S1","DARY",15.03,10.078,3.33313745630767
"A266678_a2","S1","CTX_X",19.2,48.287,5.59356292866986
"A266678_a3","S1","CTX_X",19.2,51.344,5.68212378961972
"A267190_a2","S1","DARY",15.03,10.076,3.33285112207215
"A267610_a2","S1","DARY",13.45,25.395,4.66647256884207
"A267700_a2","S1","CTX_X",15.61,12.394,3.63156996830952
"A267869_a2","S1","CTX_X",27.68,44.057,5.461299354963
"A267869_a3","S1","CTX_X",27.68,42.033,5.39345052379376
"A267870_a2","S1","CTX_X",20.43,42.258,5.40115258344841
"A267870_a3","S1","CTX_X",20.43,40.177,5.32829793753729
"A269160_a2","S1","CTX_X",15.61,10.014,3.32394645542167
"A269160_a3","S1","FUNC",47.53,27.17,4.76394266044725
"A269161_a2","S1","CTX_X",15.61,17.919,4.16341822250073
"A269161_a3","S1","FUNC_L",57.98,48.043,5.58625433648021
"A269174_a2","S1","CTX_X",15.61,19.957,4.31882296133347
"A269174_a3","S1","NESTED_LOOP",66.81,166.779,7.38179383285479
"A277799_a2","S1","CTX_X",15.61,12.253,3.61506311393068
"A277799_a3","S1","CTX_X",15.61,20.484,4.35642555908681
"A294020_a2","S1","DARY",15.03,11.84,3.56559717585422
"A294021_a2","S1","CTX_X",17.86,22.595,4.49793165189628
"A299477_a2","S1","DARY",15.03,21.244,4.40898352943074
"A299479_a2","S1","DARY",15.03,11.592,3.53505759489484
"A000043_a2","S1","DARY",15.03,10.015,3.32409051603798
"A000945_a2","S1","DARY",15.03,10.018,3.32452261159581
"A000978_a2","S1","DARY",13.45,11.585,3.5341861390901
"A001605_a2","S1","CTX_X",17.86,14.9,3.8972404255748
"A005265_a2","S1","CTX_X",17.86,14.794,3.88694027578559
"A103300_a2","S1","FUNC",35.09,61.58,5.94438996227009
"A226529_a2","S1","DARY",15.03,10.016,3.32423456227053
