"id","population","class","train_bits","mdl","train_ratio","total_ratio"
"collatz_k3_c1_b2","S1","neither",150,43.34,0.288933333333333,0.2167
"collatz_k3_c1_b3","S1","discovered",237.744375108173,43.59,0.183348186387866,0.1375
"collatz_k3_c1_b4","S1","neither",300,47.53,0.158433333333333,0.1188
"collatz_k3_c3_b2","S1","discovered",150,47.78,0.318533333333333,0.2389
"collatz_k3_c3_b3","S1","neither",237.744375108173,101.72,0.427854496888591,0.3209
"collatz_k3_c3_b4","S1","neither",300,83.73,0.2791,0.2093
"collatz_k3_c5_b2","S1","neither",150,97.72,0.651466666666667,0.4886
"collatz_k3_c5_b3","S1","neither",237.744375108173,49.99,0.210267855873581,0.1577
"collatz_k3_c5_b4","S1","neither",300,44.53,0.148433333333333,0.1113
"collatz_k3_c7_b2","S1","neither",150,65.34,0.4356,0.3267
"collatz_k3_c7_b3","S1","neither",237.744375108173,46.53,0.195714409557866,0.1468
"collatz_k3_c7_b4","S1","neither",300,51.44,0.171466666666667,0.1286
"collatz_k5_c1_b2","S1","neither",150,80.56,0.537066666666667,0.4028
"collatz_k5_c1_b3","S1","neither",237.744375108173,52.99,0.22288645094501,0.1672
"collatz_k5_c1_b4","S1","neither",300,55.98,0.1866,0.14
"collatz_k5_c3_b2","S1","neither",150,83.73,0.5582,0.4187
"collatz_k5_c3_b3","S1","neither",237.744375108173,59.91,0.25199334357644,0.189
"collatz_k5_c3_b4","S1","neither",300,83.73,0.2791,0.2093
"collatz_k5_c5_b2","S1","discovered",150,47.78,0.318533333333333,0.2389
"collatz_k5_c5_b3","S1","neither",237.744375108173,58.7,0.246903843564297,0.1852
"collatz_k5_c5_b4","S1","neither",300,83.73,0.2791,0.2093
"collatz_k5_c7_b2","S1","neither",150,85.32,0.5688,0.4266
"collatz_k5_c7_b3","S1","neither",237.744375108173,51.28,0.215693851754296,0.1618
"collatz_k5_c7_b4","S1","neither",300,53.61,0.1787,0.134
"collatz_k7_c1_b2","S1","neither",150,54.38,0.362533333333333,0.2719
"collatz_k7_c1_b3","S1","neither",237.744375108173,49.53,0.208333004629295,0.1562
"collatz_k7_c1_b4","S1","neither",300,46.84,0.156133333333333,0.1171
"collatz_k7_c3_b2","S1","discovered",150,47.78,0.318533333333333,0.2389
"collatz_k7_c3_b3","S1","neither",237.744375108173,45.53,0.191508211200723,0.1436
"collatz_k7_c3_b4","S1","discovered",300,116.78,0.389266666666667,0.2919
"collatz_k7_c5_b2","S1","discovered",150,47.78,0.318533333333333,0.2389
"collatz_k7_c5_b3","S1","neither",237.744375108173,51.28,0.215693851754296,0.1618
"collatz_k7_c5_b4","S1","discovered",300,116.78,0.389266666666667,0.2919
"collatz_k7_c7_b2","S1","discovered",150,47.78,0.318533333333333,0.2389
"collatz_k7_c7_b3","S1","neither",237.744375108173,55.73,0.234411434443582,0.1758
"collatz_k7_c7_b4","S1","discovered",300,116.78,0.389266666666667,0.2919
"collatz_k9_c1_b2","S1","neither",150,53.98,0.359866666666667,0.2699
"collatz_k9_c1_b3","S1","neither",237.744375108173,48.53,0.204126806272152,0.1531
"collatz_k9_c1_b4","S1","neither",300,61.14,0.2038,0.1529
"collatz_k9_c3_b2","S1","discovered",150,47.78,0.318533333333333,0.2389
"collatz_k9_c3_b3","S1","neither",237.744375108173,83.73,0.352184988443588,0.2641
"collatz_k9_c3_b4","S1","neither",300,83.73,0.2791,0.2093
"collatz_k9_c5_b2","S1","neither",150,83.73,0.5582,0.4187
"collatz_k9_c5_b3","S1","neither",237.744375108173,57.02,0.239837430324297,0.1799
"collatz_k9_c5_b4","S1","neither",300,62.81,0.209366666666667,0.157
"collatz_k9_c7_b2","S1","neither",150,47.78,0.318533333333333,0.2389
"collatz_k9_c7_b3","S1","neither",237.744375108173,83.73,0.352184988443588,0.2641
"collatz_k9_c7_b4","S1","neither",300,83.73,0.2791,0.2093
"collatz_k11_c1_b2","S1","neither",150,47.78,0.318533333333333,0.2389
"collatz_k11_c1_b3","S1","neither",237.744375108173,83.73,0.352184988443588,0.2641
"collatz_k11_c1_b4","S1","neither",300,114.45,0.3815,0.2861
"collatz_k11_c3_b2","S1","neither",150,48.78,0.3252,0.2439
"collatz_k11_c3_b3","S1","neither",237.744375108173,114.45,0.481399401975022,0.3611
"collatz_k11_c3_b4","S1","neither",300,64.09,0.213633333333333,0.1602
"collatz_k11_c5_b2","S1","neither",150,47.78,0.318533333333333,0.2389
"collatz_k11_c5_b3","S1","neither",237.744375108173,114.45,0.481399401975022,0.3611
"collatz_k11_c5_b4","S1","neither",300,114.45,0.3815,0.2861
"collatz_k11_c7_b2","S1","neither",150,47.78,0.318533333333333,0.2389
"collatz_k11_c7_b3","S1","neither",237.744375108173,55.1,0.231761529478582,0.1738
"collatz_k11_c7_b4","S1","neither",300,83.73,0.2791,0.2093
"A033819_a2","S1","neither",27,80.56,2.9837037037037,1.7141
"A033819_a3","S1","neither",42.7939875194712,57.73,1.34902128421038,0.775
"A056033_a2","S1","neither",33,53.98,1.63575757575758,1.0185
"A056033_a3","S1","neither",52.3037625237981,52.78,1.0091052240455,0.6283
"A056036_a2","S1","neither",27,86.9,3.21851851851852,1.8489
"A056036_a3","S1","neither",42.7939875194712,50.78,1.18661529208736,0.6816
"A068407_a2","S1","neither",37,86.9,2.34864864864865,1.5246
"A068407_a3","S1","neither",58.6436125266828,48.53,0.827541106508725,0.5371
"A068408_a2","S1","neither",27,82.15,3.04259259259259,1.7478
"A068408_a3","S1","neither",42.7939875194712,56.73,1.32565351555958,0.7616
"A072495_a2","S1","neither",50,85.32,1.7064,1.2188
"A072495_a3","S1","neither",79.2481250360578,55.82,0.704369976887175,0.5031
"A072496_a2","S1","neither",40,85.32,2.133,1.4219
"A072496_a3","S1","neither",63.3985000288462,43.53,0.686609304324139,0.4577
"A076650_a2","S1","neither",37,40.09,1.08351351351351,0.7034
"A076650_a3","S1","neither",58.6436125266828,51.78,0.882960611890002,0.5731
"A316344_a2","S1","neither",66,83.73,1.26863636363636,0.9624
"A316344_a3","S1","neither",104.607525047596,50.59,0.483617215654243,0.3669
"A316345_a2","S1","neither",66,56.71,0.859242424242424,0.6519
"A316345_a3","S1","neither",104.607525047596,38.09,0.364122944144497,0.2763
"A316824_a2","S1","discovered",66,54.38,0.823939393939394,0.625
"A316824_a3","S1","neither",104.607525047596,82.15,0.785316352362049,0.5957
"A316827_a2","S1","neither",69,48.53,0.703333333333333,0.5333
"A316827_a3","S1","neither",109.36241254976,44.53,0.407178288790391,0.3087
"A317189_a2","S1","neither",80,59.75,0.746875,0.5637
"A317189_a3","S1","neither",126.797000057692,52.41,0.413337854808501,0.312
"A317948_a2","S1","neither",66,88.49,1.34075757575758,1.0171
"A317948_a3","S1","neither",104.607525047596,53.34,0.509905955386387,0.3869
"A006447_a2","S1","neither",32,54.73,1.7103125,1.0525
"A006447_a3","S1","neither",50.718800023077,53.73,1.05937048935608,0.6519
"A051023_a2","S1","discovered",77,71.17,0.924285714285714,0.6978
"A051023_a3","S1","neither",122.042112555529,54.07,0.44304378929362,0.3345
"A070886_a2","S1","neither",75,71.08,0.947733333333333,0.718
"A070886_a3","S1","neither",118.872187554087,42.09,0.354077777704302,0.2683
"A070887_a2","S1","neither",75,52.98,0.7064,0.5352
"A070887_a3","S1","neither",118.872187554087,80.56,0.677702679302888,0.5134
"A070909_a2","S1","neither",75,73.55,0.980666666666667,0.7429
"A070909_a3","S1","neither",118.872187554087,45.53,0.383016422401446,0.2901
"A070950_a2","S1","neither",75,73.55,0.980666666666667,0.7355
"A070950_a3","S1","neither",118.872187554087,80.56,0.677702679302888,0.5083
"A071028_a2","S1","neither",75,64.77,0.8636,0.6543
"A071028_a3","S1","neither",118.872187554087,75.3,0.633453472585743,0.4799
"A071029_a2","S1","neither",75,54.73,0.729733333333333,0.5529
"A071029_a3","S1","neither",118.872187554087,51.13,0.430125844001448,0.3258
"A071030_a2","S1","neither",75,54.73,0.729733333333333,0.5529
"A071030_a3","S1","neither",118.872187554087,51.13,0.430125844001448,0.3258
"A071031_a2","S1","neither",75,73.55,0.980666666666667,0.7429
"A071031_a3","S1","neither",118.872187554087,82.15,0.691078390078603,0.5235
"A071032_a2","S1","neither",75,72.66,0.9688,0.734
"A071032_a3","S1","neither",118.872187554087,44.53,0.37460402568716,0.2838
"A071035_a2","S1","neither",75,54.73,0.729733333333333,0.5473
"A071035_a3","S1","neither",118.872187554087,82.15,0.691078390078603,0.5183
"A071036_a2","S1","neither",75,53.98,0.719733333333333,0.5453
"A071036_a3","S1","neither",118.872187554087,49.28,0.414562910080019,0.314
"A071037_a2","S1","neither",75,52.79,0.703866666666667,0.5332
"A071037_a3","S1","neither",118.872187554087,82.15,0.691078390078603,0.5235
"A071038_a2","S1","neither",75,60.73,0.809733333333333,0.6135
"A071038_a3","S1","neither",118.872187554087,60.31,0.507351645838595,0.3844
"A071047_a2","S1","neither",48,76.72,1.59833333333333,1.1282
"A071047_a3","S1","discovered",76.0782000346155,52.98,0.696388715504496,0.4916
"A072272_a2","S1","discovered",44,13.45,0.305681818181818,0.2101
"A072272_a3","S1","neither",69.7383500317309,47,0.673947691314966,0.4634
"A075437_a2","S1","neither",77,49.11,0.637792207792208,0.4815
"A075437_a3","S1","neither",122.042112555529,55.5,0.454761056145661,0.3433
"A079314_a2","S1","discovered",61,15.03,0.246393442622951,0.1856
"A079314_a3","S1","not_compressed_predicted",96.6827125439905,99.72,1.03141500042862,0.7767
"A079315_a2","S1","discovered",41,17.86,0.435609756097561,0.2929
"A079315_a3","S1","neither",64.9834625295674,47.53,0.731416858225643,0.4916
"A079316_a2","S1","discovered",40,13.45,0.33625,0.2242
"A079316_a3","S1","neither",63.3985000288462,43.53,0.686609304324139,0.4577
"A079317_a2","S1","discovered",33,13.45,0.407575757575758,0.2538
"A079317_a3","S1","neither",52.3037625237981,55.72,1.06531532936369,0.6633
"A085587_a2","S1","not_compressed_predicted",40,55.73,1.39325,0.9289
"A085587_a3","S1","neither",63.3985000288462,45.53,0.718155792002712,0.4787
"A093510_a2","S1","neither",47,83.73,1.78148936170213,1.2497
"A093510_a3","S1","neither",74.4932375338943,41.34,0.554949702396682,0.3893
"A093511_a2","S1","neither",50,73.55,1.471,1.0507
"A093511_a3","S1","neither",79.2481250360578,54.77,0.691120452062175,0.4936
"A093512_a2","S1","neither",41,68.05,1.65975609756098,1.1155
"A093512_a3","S1","neither",64.9834625295674,64.09,0.986250924546212,0.6629
"A093513_a2","S1","discovered",46,17.86,0.388260869565217,0.2707
"A093513_a3","S1","neither",72.9082750331732,54.82,0.75190367588668,0.5241
"A093514_a2","S1","discovered",42,19.2,0.457142857142857,0.3097
"A093514_a3","S1","neither",66.5684250302886,71.75,1.07783832901791,0.7302
"A093516_a2","S1","neither",41,71.96,1.75512195121951,1.1797
"A093516_a3","S1","neither",64.9834625295674,54.73,0.842214278365021,0.5661
"A093517_a2","S1","neither",44,71.96,1.63545454545455,1.1244
"A093517_a3","S1","neither",69.7383500317309,54.73,0.784790577567406,0.5396
"A100053_a2","S1","neither",75,45.53,0.607066666666667,0.4599
"A100053_a3","S1","neither",118.872187554087,44.53,0.37460402568716,0.2838
"A110267_a2","S1","neither",33,73.55,2.22878787878788,1.3877
"A110267_a3","S1","neither",52.3037625237981,50.56,0.966660858805239,0.6018
"A118102_a2","S1","neither",79,51.98,0.657974683544304,0.4951
"A118102_a3","S1","neither",125.212037556971,54.31,0.433744239448935,0.3264
"A118111_a2","S1","neither",79,68.06,0.861518987341772,0.6482
"A118111_a3","S1","neither",125.212037556971,80.56,0.64338861959135,0.4841
"A118174_a2","S1","neither",79,66.48,0.841518987341772,0.6331
"A118174_a3","S1","neither",125.212037556971,50.76,0.405392332801104,0.305
"A122108_a2","S1","discovered",35,15.03,0.429428571428571,0.2733
"A122108_a3","S1","neither",55.4736875252405,46.53,0.838776040962283,0.5337
"A147562_a2","S1","discovered",32,15.03,0.4696875,0.2891
"A147562_a3","S1","not_compressed_predicted",50.718800023077,62.15,1.22538388076456,0.7541
"A151723_a2","S1","discovered",27,15.03,0.556666666666667,0.3199
"A151723_a3","S1","discovered",42.7939875194712,15.03,0.351217562821445,0.2018
"A151725_a2","S1","discovered",28,15.03,0.536785714285714,0.3132
"A151725_a3","S1","neither",44.3789500201924,44.53,1.00340364023346,0.5853
"A151731_a2","S1","discovered",28,13.45,0.480357142857143,0.2802
"A151731_a3","S1","neither",44.3789500201924,56.73,1.27830874714674,0.7457
"A151895_a2","S1","discovered",29,15.03,0.518275862068965,0.3068
"A151895_a3","S1","neither",45.9639125209135,44.53,0.968803514708172,0.5733
"A151896_a2","S1","discovered",46,17.86,0.388260869565217,0.2707
"A151896_a3","S1","neither",72.9082750331732,55.96,0.767539761083886,0.535
"A151922_a2","S1","discovered",28,13.45,0.480357142857143,0.2802
"A151922_a3","S1","not_compressed_predicted",44.3789500201924,60.58,1.36506158826282,0.7963
"A160117_a2","S1","discovered",28,15.03,0.536785714285714,0.3132
"A160117_a3","S1","discovered",44.3789500201924,44.26,0.997319674752597,0.5818
"A160118_a2","S1","discovered",30,15.03,0.501,0.3007
"A160118_a3","S1","neither",47.5488750216347,53.8,1.13146735807148,0.6788
"A160119_a2","S1","discovered",21,15.03,0.715714285714286,0.3667
"A160119_a3","S1","discovered",33.2842125151443,24.73,0.74299489551534,0.3805
"A160239_a2","S1","discovered",44,15.03,0.341590909090909,0.2349
"A160239_a3","S1","neither",69.7383500317309,47.41,0.679826809473245,0.4674
"A160410_a2","S1","discovered",28,13.45,0.480357142857143,0.2802
"A160410_a3","S1","discovered",44.3789500201924,15.03,0.338674078434964,0.1976
"A160412_a2","S1","discovered",28,15.61,0.5575,0.3253
"A160412_a3","S1","discovered",44.3789500201924,13.45,0.303071613769147,0.1768
"A160414_a2","S1","discovered",27,15.03,0.556666666666667,0.3199
"A160414_a3","S1","discovered",42.7939875194712,30.73,0.718091530638922,0.4125
"A160420_a2","S1","discovered",29,15.03,0.518275862068965,0.3068
"A160420_a3","S1","neither",45.9639125209135,54.38,1.18310206893848,0.7002
"A160422_a2","S1","discovered",29,15.03,0.518275862068965,0.3068
"A160422_a3","S1","neither",45.9639125209135,65.34,1.42155000339169,0.8413
"A160428_a2","S1","discovered",20,13.45,0.6725,0.3362
"A160428_a3","S1","discovered",31.6992500144231,18.19,0.573830610873241,0.2869
"A160720_a2","S1","discovered",32,15.03,0.4696875,0.2891
"A160720_a3","S1","neither",50.718800023077,88.49,1.74471793417307,1.0736
"A160722_a2","S1","discovered",34,15.03,0.442058823529412,0.2784
"A160722_a3","S1","discovered",53.8887250245193,15.61,0.289670983919131,0.1824
"A160796_a2","S1","discovered",31,15.61,0.503548387096774,0.3062
"A160796_a3","S1","discovered",49.1338375223558,22.48,0.457525834202786,0.2781
"A161340_a2","S1","discovered",20,15.03,0.7515,0.3759
"A161340_a3","S1","discovered",31.6992500144231,24.73,0.780144640291107,0.39
"A161342_a2","S1","discovered",25,15.61,0.6244,0.347
"A161342_a3","S1","discovered",39.6240625180289,15.61,0.393952538130018,0.2189
"A161644_a2","S1","discovered",31,17.86,0.576129032258064,0.3503
"A161644_a3","S1","discovered",49.1338375223558,15.03,0.305899167618678,0.186
"A161645_a2","S1","discovered",48,28.73,0.598541666666667,0.4225
"A161645_a3","S1","discovered",76.0782000346155,17.86,0.234758445808046,0.1658
"A161903_a2","S1","discovered",76,15.61,0.205394736842105,0.1546
"A161903_a3","S1","discovered",120.457150054808,85.32,0.708301665456799,0.533
"A162340_a2","S1","neither",40,66.46,1.6615,1.1077
"A162340_a3","S1","neither",63.3985000288462,52.47,0.827622104247359,0.5517
"A169648_a2","S1","discovered",41,17.86,0.435609756097561,0.2929
"A169648_a3","S1","neither",64.9834625295674,55.96,0.861142170972165,0.5788
"A169699_a2","S1","not_compressed_predicted",32,46.78,1.461875,0.8995
"A169699_a3","S1","neither",50.718800023077,69.75,1.37522969723779,0.8463
"A169707_a2","S1","discovered",31,13.45,0.433870967741935,0.2637
"A169707_a3","S1","neither",49.1338375223558,43.59,0.887168643812253,0.5393
"A169709_a2","S1","discovered",31,13.45,0.433870967741935,0.2637
"A169709_a3","S1","neither",49.1338375223558,50.53,1.02841549832148,0.6251
"A170896_a2","S1","discovered",49,15.03,0.306734693877551,0.2179
"A170896_a3","S1","neither",77.6631625353367,44.53,0.573373508704837,0.4071
"A170905_a2","S1","discovered",60,17.86,0.297666666666667,0.2233
"A170905_a3","S1","neither",95.0977500432694,36.09,0.379504246773232,0.2847
"A173456_a2","S1","discovered",29,15.03,0.518275862068965,0.3068
"A173456_a3","S1","neither",45.9639125209135,54.73,1.19071673837813,0.7047
"A173457_a2","S1","discovered",41,17.86,0.435609756097561,0.2929
"A173457_a3","S1","neither",64.9834625295674,85.32,1.31294942865163,0.8824
"A173460_a2","S1","discovered",28,15.03,0.536785714285714,0.3132
"A173460_a3","S1","neither",44.3789500201924,82.15,1.85110283056769,1.0797
"A177990_a2","S1","neither",35,64.46,1.84171428571429,1.172
"A177990_a3","S1","neither",55.4736875252405,59.75,1.07708722216842,0.6854
"A180001_a2","S1","neither",41,73.55,1.79390243902439,1.2057
"A180001_a3","S1","neither",64.9834625295674,53.73,0.826825747790107,0.5558
"A226463_a2","S1","neither",65,48.53,0.746615384615385,0.5643
"A226463_a3","S1","neither",103.022562546875,83.73,0.812734588715971,0.6143
"A226464_a2","S1","neither",65,82.15,1.26384615384615,0.9552
"A226464_a3","S1","neither",103.022562546875,38.09,0.369724835592874,0.2795
"A231348_a2","S1","discovered",45,15.03,0.334,0.2313
"A231348_a3","S1","neither",71.323312532452,46.41,0.65069888585003,0.4505
"A243566_a2","S1","neither",65,71.96,1.10707692307692,0.8368
"A243566_a3","S1","neither",103.022562546875,56.25,0.545996902129146,0.4127
"A246316_a2","S1","neither",42,54.73,1.30309523809524,0.8828
"A246316_a3","S1","neither",66.5684250302886,55.7,0.836733030331671,0.5668
"A246318_a2","S1","compressed_only",34,13.45,0.395588235294118,0.2491
"A246318_a3","S1","neither",53.8887250245193,51.58,0.957157549682817,0.6027
"A246325_a2","S1","discovered",45,13.45,0.298888888888889,0.2069
"A246325_a3","S1","neither",71.323312532452,52.15,0.731177481083367,0.5062
"A246326_a2","S1","neither",43,68.17,1.5853488372093,1.0821
"A246326_a3","S1","neither",68.1533875310097,61.98,0.909419212240905,0.6207
"A246333_a2","S1","discovered",53,13.45,0.25377358490566,0.1842
"A246333_a3","S1","neither",84.0030125382213,75.3,0.896396423470392,0.6508
"A247640_a2","S1","discovered",34,15.03,0.442058823529412,0.2784
"A247640_a3","S1","discovered",53.8887250245193,15.03,0.2789080645935,0.1757
"A247666_a2","S1","discovered",32,13.45,0.4203125,0.2586
"A247666_a3","S1","discovered",50.718800023077,13.45,0.265187662048003,0.1632
"A255366_a2","S1","discovered",31,13.45,0.433870967741935,0.2637
"A255366_a3","S1","neither",49.1338375223558,41.59,0.846463498420546,0.5145
"A256250_a2","S1","discovered",44,13.45,0.305681818181818,0.2101
"A256250_a3","S1","neither",69.7383500317309,54.05,0.775039845012211,0.5329
"A256260_a2","S1","discovered",44,13.45,0.305681818181818,0.2101
"A256260_a3","S1","neither",69.7383500317309,54.05,0.775039845012211,0.5329
"A256530_a2","S1","discovered",38,15.03,0.395526315789474,0.2592
"A256530_a3","S1","discovered",60.2285750274039,30.73,0.510222929664497,0.3343
"A256534_a2","S1","discovered",37,13.45,0.363513513513514,0.2359
"A256534_a3","S1","discovered",58.6436125266828,15.03,0.256293897194027,0.1664
"A262448_a2","S1","neither",65,71.96,1.10707692307692,0.8368
"A262448_a3","S1","neither",103.022562546875,49.34,0.478924216018703,0.362
"A262808_a2","S1","neither",65,73.55,1.13153846153846,0.8552
"A262808_a3","S1","neither",103.022562546875,80.56,0.781964629964871,0.591
"A263428_a2","S1","neither",65,73.55,1.13153846153846,0.8552
"A263428_a3","S1","neither",103.022562546875,55,0.533863637637387,0.4035
"A264442_a2","S1","neither",65,55.73,0.857384615384615,0.6481
"A264442_a3","S1","neither",103.022562546875,35.09,0.340605000812653,0.2575
"A265186_a2","S1","neither",65,72.36,1.11323076923077,0.8414
"A265186_a3","S1","neither",103.022562546875,42.53,0.412822191067601,0.312
"A265225_a2","S1","discovered",33,26.73,0.81,0.5043
"A265225_a3","S1","discovered",52.3037625237981,34.09,0.651769554522757,0.4059
"A265283_a2","S1","discovered",46,15.7,0.341304347826087,0.2379
"A265283_a3","S1","discovered",72.9082750331732,44.53,0.610767433185587,0.4257
"A265695_a2","S1","neither",65,49.11,0.755538461538461,0.571
"A265695_a3","S1","neither",103.022562546875,47.78,0.463781901932988,0.3505
"A265718_a2","S1","neither",65,76.72,1.18030769230769,0.8921
"A265718_a3","S1","neither",103.022562546875,45.53,0.441942025847822,0.334
"A266070_a2","S1","discovered",65,19.2,0.295384615384615,0.2233
"A266070_a3","S1","discovered",103.022562546875,19.2,0.186366942593415,0.1409
"A266178_a2","S1","neither",65,73.55,1.13153846153846,0.8552
"A266178_a3","S1","neither",103.022562546875,51.13,0.496299050770902,0.3751
"A266216_a2","S1","neither",65,51.21,0.787846153846154,0.5954
"A266216_a3","S1","neither",103.022562546875,53.73,0.52153624091376,0.3942
"A266223_a2","S1","discovered",33,19.2,0.581818181818182,0.3623
"A266223_a3","S1","discovered",52.3037625237981,45.53,0.870491869094196,0.542
"A266243_a2","S1","neither",65,64.78,0.996615384615385,0.7532
"A266243_a3","S1","neither",103.022562546875,131.06,1.27214851543193,0.9615
"A266253_a2","S1","neither",65,53.73,0.826615384615385,0.6248
"A266253_a3","S1","neither",103.022562546875,53.73,0.52153624091376,0.3942
"A266282_a2","S1","neither",65,59.33,0.912769230769231,0.6899
"A266282_a3","S1","neither",103.022562546875,56.31,0.54657929882475,0.4131
"A266300_a2","S1","neither",65,73.55,1.13153846153846,0.8552
"A266300_a3","S1","neither",103.022562546875,116.78,1.13353810187807,0.8567
"A266377_a2","S1","neither",65,61.33,0.943538461538462,0.7132
"A266377_a3","S1","neither",103.022562546875,51.9,0.503773141697825,0.3807
"A266434_a2","S1","neither",65,71.96,1.10707692307692,0.8368
"A266434_a3","S1","neither",103.022562546875,53.54,0.519691984711013,0.3928
"A266441_a2","S1","neither",65,75.13,1.15584615384615,0.8736
"A266441_a3","S1","neither",103.022562546875,55.67,0.54036706740497,0.4084
"A266532_a2","S1","discovered",48,15.61,0.325208333333333,0.2296
"A266532_a3","S1","discovered",76.0782000346155,15.03,0.197559879087063,0.1395
"A266588_a2","S1","neither",65,73.55,1.13153846153846,0.8552
"A266588_a3","S1","neither",103.022562546875,50.21,0.487368968104967,0.3684
"A266608_a2","S1","neither",65,71.96,1.10707692307692,0.8368
"A266608_a3","S1","neither",103.022562546875,59.3,0.575602067489037,0.435
"A266619_a2","S1","neither",65,49.53,0.762,0.5759
"A266619_a3","S1","neither",103.022562546875,55.05,0.534348968217057,0.4039
"A266659_a2","S1","neither",65,59.42,0.914153846153846,0.6909
"A266659_a3","S1","neither",103.022562546875,99.72,0.96794330809455,0.7315
"A266678_a2","S1","discovered",65,19.2,0.295384615384615,0.2233
"A266678_a3","S1","discovered",103.022562546875,19.2,0.186366942593415,0.1409
"A266716_a2","S1","neither",65,75.13,1.15584615384615,0.8736
"A266716_a3","S1","neither",103.022562546875,55.73,0.540949464100574,0.4089
"A266786_a2","S1","neither",65,76.72,1.18030769230769,0.8921
"A266786_a3","S1","neither",103.022562546875,53.73,0.52153624091376,0.3942
"A266843_a2","S1","neither",65,73.55,1.13153846153846,0.8552
"A266843_a3","S1","neither",103.022562546875,54.75,0.531436984739035,0.4016
"A266892_a2","S1","neither",65,67.61,1.04015384615385,0.7861
"A266892_a3","S1","neither",103.022562546875,53.17,0.516100538421452,0.3901
"A267015_a2","S1","neither",65,70.77,1.08876923076923,0.8229
"A267015_a3","S1","neither",103.022562546875,60.68,0.588997191487939,0.4452
"A267145_a2","S1","neither",65,66.02,1.01569230769231,0.7677
"A267145_a3","S1","neither",103.022562546875,53.73,0.52153624091376,0.3942
"A267152_a2","S1","neither",65,69.19,1.06446153846154,0.8045
"A267152_a3","S1","neither",103.022562546875,53.17,0.516100538421452,0.3901
"A267190_a2","S1","discovered",44,15.03,0.341590909090909,0.2349
"A267190_a3","S1","neither",69.7383500317309,44.53,0.638529589239477,0.439
"A267253_a2","S1","neither",65,75.13,1.15584615384615,0.8736
"A267253_a3","S1","neither",103.022562546875,54.73,0.531242852507167,0.4015
"A267349_a2","S1","neither",65,56.42,0.868,0.656
"A267349_a3","S1","neither",103.022562546875,55.3,0.536775621115409,0.4057
"A267417_a2","S1","neither",65,54.73,0.842,0.6364
"A267417_a3","S1","neither",103.022562546875,82.15,0.797398142398388,0.6027
"A267418_a2","S1","neither",65,58.42,0.898769230769231,0.6793
"A267418_a3","S1","neither",103.022562546875,56.19,0.545414505433541,0.4122
"A267423_a2","S1","neither",65,53.73,0.826615384615385,0.6248
"A267423_a3","S1","neither",103.022562546875,53.73,0.52153624091376,0.3942
"A267463_a2","S1","neither",65,54.73,0.842,0.6364
"A267463_a3","S1","neither",103.022562546875,35.09,0.340605000812653,0.2575
"A267525_a2","S1","neither",65,44.53,0.685076923076923,0.5178
"A267525_a3","S1","neither",103.022562546875,60.11,0.583464422879697,0.441
"A267533_a2","S1","neither",65,63.94,0.983692307692308,0.7435
"A267533_a3","S1","neither",103.022562546875,36.09,0.35031161240606,0.2648
"A267576_a2","S1","neither",65,64.78,0.996615384615385,0.7532
"A267576_a3","S1","neither",103.022562546875,50.1,0.486301240829693,0.3675
"A267610_a2","S1","discovered",38,13.45,0.353947368421053,0.2319
"A267610_a3","S1","neither",60.2285750274039,66.09,1.09731966877731,0.7189
"A267700_a2","S1","discovered",50,15.61,0.3122,0.2231
"A267700_a3","S1","not_compressed_predicted",79.2481250360578,119.1,1.50287467300721,1.0735
"A267800_a2","S1","neither",65,71.96,1.10707692307692,0.8368
"A267800_a3","S1","neither",103.022562546875,44.78,0.434662067152767,0.3285
"A267810_a2","S1","neither",65,54.73,0.842,0.6364
"A267810_a3","S1","neither",103.022562546875,48.53,0.471061860628044,0.356
"A267868_a2","S1","neither",65,53.73,0.826615384615385,0.6248
"A267868_a3","S1","neither",103.022562546875,53.54,0.519691984711013,0.3928
"A267869_a2","S1","discovered",65,27.68,0.425846153846154,0.3219
"A267869_a3","S1","discovered",103.022562546875,27.68,0.268679008905507,0.2031
"A267870_a2","S1","discovered",65,20.43,0.314307692307692,0.2376
"A267870_a3","S1","discovered",103.022562546875,20.43,0.198306074853306,0.1499
"A269160_a2","S1","discovered",47,15.61,0.332127659574468,0.2331
"A269160_a3","S1","discovered",74.4932375338943,47.53,0.638044493345774,0.4476
"A269161_a2","S1","discovered",48,15.61,0.325208333333333,0.2296
"A269161_a3","S1","discovered",76.0782000346155,57.98,0.762110564834856,0.538
"A269163_a2","S1","neither",48,83.73,1.744375,1.2313
"A269163_a3","S1","neither",76.0782000346155,55.3,0.726883653593783,0.5131
"A269174_a2","S1","discovered",53,15.61,0.294528301886792,0.2139
"A269174_a3","S1","discovered",84.0030125382213,66.81,0.795328619549228,0.5774
"A269175_a2","S1","neither",91,52.79,0.58010989010989,0.4363
"A269175_a3","S1","neither",144.231587565625,101.72,0.705254665200974,0.5304
"A273299_a2","S1","neither",27,75.13,2.78259259259259,1.5985
"A273299_a3","S1","neither",42.7939875194712,58.73,1.37238905286117,0.7884
"A277799_a2","S1","discovered",23,15.61,0.678695652173913,0.3631
"A277799_a3","S1","discovered",36.4541375165866,15.61,0.428209280576107,0.2291
"A294020_a2","S1","discovered",46,15.03,0.326739130434783,0.2278
"A294020_a3","S1","neither",72.9082750331732,54.73,0.750669248107954,0.5232
"A294021_a2","S1","discovered",67,17.86,0.266567164179104,0.2007
"A294021_a3","S1","neither",106.192487548317,56.46,0.531676028158873,0.4003
"A299477_a2","S1","discovered",29,15.03,0.518275862068965,0.3068
"A299477_a3","S1","neither",45.9639125209135,51.59,1.12240227540522,0.6643
"A299479_a2","S1","discovered",30,15.03,0.501,0.3007
"A299479_a3","S1","neither",47.5488750216347,42.53,0.89444808064647,0.5366
"A327980_a2","S1","neither",78,55.73,0.714487179487179,0.5411
"A327980_a3","S1","neither",123.62707505625,49.53,0.400640393517876,0.3034
"A327981_a2","S1","neither",84,76.72,0.913333333333333,0.6911
"A327981_a3","S1","neither",133.136850060577,52.21,0.39215288611864,0.2968
"A327983_a2","S1","neither",79,54.38,0.688354430379747,0.5179
"A327983_a3","S1","neither",125.212037556971,53.59,0.4279939935936,0.322
"A327984_a2","S1","neither",56,62.17,1.11017857142857,0.818
"A327984_a3","S1","neither",88.7579000403847,53.11,0.598369271646073,0.4409
"A334496_a2","S1","neither",22,71.96,3.27090909090909,1.7134
"A334496_a3","S1","neither",34.8691750158654,45.84,1.31462817744162,0.6886
"A334499_a2","S1","neither",20,37.09,1.8545,0.9273
"A334499_a3","S1","neither",31.6992500144231,43.34,1.36722477598935,0.6837
"A334515_a2","S1","neither",20,46.53,2.3265,1.1632
"A334515_a3","S1","neither",31.6992500144231,52.78,1.66502361967508,0.8325
"A363343_a2","S1","neither",69,71.96,1.04289855072464,0.7908
"A363343_a3","S1","neither",109.36241254976,56.61,0.517636715212757,0.3925
"A363344_a2","S1","neither",69,69.33,1.00478260869565,0.7619
"A363344_a3","S1","neither",109.36241254976,43.53,0.398034379318341,0.3018
"A363345_a2","S1","neither",65,52.79,0.812153846153846,0.6139
"A363345_a3","S1","neither",103.022562546875,47,0.456210744890131,0.3448
"A363346_a2","S1","neither",50,52.79,1.0558,0.7542
"A363346_a3","S1","neither",79.2481250360578,53.98,0.681151761955745,0.4866
"A000001_a2","S1","neither",71,60.58,0.853239436619718,0.6445
"A000001_a3","S1","neither",112.532337551202,51.09,0.454002832534729,0.3429
"A000001_a4","S1","neither",142,62.15,0.437676056338028,0.3306
"A000043_a2","S1","discovered",30,15.03,0.501,0.3007
"A000043_a3","S1","neither",47.5488750216347,47.19,0.992452502367903,0.5954
"A000043_a4","S1","neither",60,47.9,0.798333333333333,0.479
"A000945_a2","S1","discovered",23,15.03,0.653478260869565,0.3496
"A000945_a3","S1","neither",36.4541375165866,69.42,1.90431058664916,1.0185
"A000945_a4","S1","neither",46,50.78,1.10391304347826,0.5904
"A000978_a2","S1","discovered",21,13.45,0.64047619047619,0.328
"A000978_a3","S1","neither",33.2842125151443,45.53,1.36791579429088,0.7006
"A000978_a4","S1","neither",42,52.07,1.2397619047619,0.635
"A001605_a2","S1","discovered",31,17.86,0.576129032258064,0.3503
"A001605_a3","S1","neither",49.1338375223558,55.55,1.13058541325466,0.6872
"A001605_a4","S1","neither",62,52.71,0.850161290322581,0.5168
"A001606_a2","S1","not_compressed_predicted",44,48.53,1.10295454545455,0.7582
"A001606_a3","S1","neither",69.7383500317309,53.73,0.770451264986237,0.5297
"A001606_a4","S1","neither",88,45.53,0.517386363636364,0.3557
"A002106_a2","S1","neither",27,49.53,1.83444444444444,1.0538
"A002106_a3","S1","neither",42.7939875194712,51.58,1.20530950700799,0.6925
"A002106_a4","S1","neither",54,55.73,1.03203703703704,0.5929
"A002253_a2","S1","neither",24,65.78,2.74083333333333,1.4949
"A002253_a3","S1","neither",38.0391000173077,51.53,1.35465875839738,0.7389
"A002253_a4","S1","neither",48,55.01,1.14604166666667,0.6251
"A005265_a2","S1","discovered",33,17.86,0.541212121212121,0.3371
"A005265_a3","S1","neither",52.3037625237981,54.98,1.05116720761693,0.6545
"A005265_a4","S1","neither",66,44.53,0.67469696969697,0.4201
"A023055_a2","S1","neither",53,34.09,0.643207547169811,0.467
"A023055_a3","S1","neither",84.0030125382213,42.53,0.506291366403662,0.3676
"A023055_a4","S1","neither",106,41.09,0.387641509433962,0.2815
"A039951_a2","S1","not_compressed_predicted",26,28.73,1.105,0.6245
"A039951_a3","S1","neither",41.2090250187501,47.41,1.15047613910857,0.6503
"A039951_a4","S1","neither",52,50.68,0.974615384615385,0.5509
"A051783_a2","S1","neither",27,85.32,3.16,1.8152
"A051783_a3","S1","neither",42.7939875194712,56.73,1.32565351555958,0.7616
"A051783_a4","S1","neither",54,56.73,1.05055555555556,0.6035
"A068934_a2","S1","neither",65,80.35,1.23615384615385,0.9342
"A068934_a3","S1","neither",103.022562546875,56.32,0.546676364940684,0.4132
"A068934_a4","S1","neither",130,41.09,0.316076923076923,0.2389
"A103300_a2","S1","discovered",41,35.09,0.855853658536585,0.5753
"A103300_a3","S1","neither",64.9834625295674,54.73,0.842214278365021,0.5661
"A103300_a4","S1","neither",82,54.73,0.667439024390244,0.4486
"A119714_a2","S1","neither",29,57.38,1.97862068965517,1.1709
"A119714_a3","S1","neither",45.9639125209135,49.53,1.07758450670325,0.6377
"A119714_a4","S1","neither",58,50.69,0.873965517241379,0.5172
"A127816_a2","S1","neither",27,34.09,1.26259259259259,0.7254
"A127816_a3","S1","neither",42.7939875194712,51.34,1.1997012425318,0.6892
"A127816_a4","S1","neither",54,44.84,0.83037037037037,0.477
"A127817_a2","S1","neither",31,83.73,2.70096774193548,1.6418
"A127817_a3","S1","neither",49.1338375223558,54.38,1.10677290320051,0.6727
"A127817_a4","S1","neither",62,53.33,0.860161290322581,0.5229
"A127818_a2","S1","neither",27,41.53,1.53814814814815,0.8835
"A127818_a3","S1","neither",42.7939875194712,103.72,2.42370496446043,1.3923
"A127818_a4","S1","neither",54,46.59,0.862777777777778,0.4957
"A128154_a2","S1","neither",30,56.53,1.88433333333333,1.1305
"A128154_a3","S1","neither",47.5488750216347,49.11,1.03283200659648,0.6197
"A128154_a4","S1","neither",60,51.9,0.865,0.519
"A128155_a2","S1","neither",29,49.78,1.71655172413793,1.0158
"A128155_a3","S1","neither",45.9639125209135,50.78,1.10477975470202,0.6538
"A128155_a4","S1","neither",58,48.78,0.841034482758621,0.4977
"A128156_a2","S1","neither",30,51.53,1.71766666666667,1.0305
"A128156_a3","S1","neither",47.5488750216347,52.98,1.11422194480719,0.6686
"A128156_a4","S1","neither",60,52.84,0.880666666666667,0.5284
"A128157_a2","S1","neither",28,97.72,3.49,2.0357
"A128157_a3","S1","neither",44.3789500201924,42.34,0.954055920221983,0.5566
"A128157_a4","S1","neither",56,52.73,0.941607142857143,0.5493
"A128159_a2","S1","neither",33,101.72,3.08242424242424,1.9192
"A128159_a3","S1","neither",52.3037625237981,46.78,0.894390723396145,0.5568
"A128159_a4","S1","neither",66,56.47,0.855606060606061,0.5327
"A128160_a2","S1","neither",28,68.73,2.45464285714286,1.4319
"A128160_a3","S1","neither",44.3789500201924,99.72,2.24701125093378,1.3107
"A128160_a4","S1","neither",56,54.73,0.977321428571429,0.5701
"A128166_a2","S1","neither",30,65.78,2.19266666666667,1.3155
"A128166_a3","S1","neither",47.5488750216347,49.53,1.04166502314648,0.625
"A128166_a4","S1","neither",60,53.73,0.8955,0.5373
"A226529_a2","S1","discovered",26,15.03,0.578076923076923,0.3268
"A226529_a3","S1","neither",41.2090250187501,68.17,1.65424928080639,0.935
"A226529_a4","S1","neither",52,49.11,0.944423076923077,0.5338
"eca_000","S2","discovered",375,15.03,0.04008,0.0301
"eca_001","S2","discovered",375,15.61,0.0416266666666667,0.0312
"eca_002","S2","discovered",375,15.03,0.04008,0.0301
"eca_003","S2","discovered",375,19.2,0.0512,0.0384
"eca_004","S2","discovered",375,13.45,0.0358666666666667,0.0269
"eca_005","S2","discovered",375,13.45,0.0358666666666667,0.0269
"eca_006","S2","discovered",375,15.7,0.0418666666666667,0.0314
"eca_007","S2","discovered",375,17.86,0.0476266666666667,0.0357
"eca_008","S2","discovered",375,15.03,0.04008,0.0301
"eca_009","S2","discovered",375,22.07,0.0588533333333333,0.0441
"eca_010","S2","discovered",375,15.03,0.04008,0.0301
"eca_011","S2","discovered",375,19.2,0.0512,0.0384
"eca_012","S2","discovered",375,13.45,0.0358666666666667,0.0269
"eca_013","S2","discovered",375,13.45,0.0358666666666667,0.0269
"eca_014","S2","discovered",375,15.7,0.0418666666666667,0.0314
"eca_015","S2","discovered",375,17.86,0.0476266666666667,0.0357
"eca_016","S2","discovered",375,15.03,0.04008,0.0301
"eca_017","S2","discovered",375,19.2,0.0512,0.0384
"eca_018","S2","discovered",375,15.03,0.04008,0.0301
"eca_019","S2","discovered",375,19.2,0.0512,0.0384
"eca_020","S2","discovered",375,15.7,0.0418666666666667,0.0314
"eca_021","S2","discovered",375,17.86,0.0476266666666667,0.0357
"eca_022","S2","discovered",375,15.7,0.0418666666666667,0.0314
"eca_023","S2","discovered",375,17.86,0.0476266666666667,0.0357
"eca_024","S2","discovered",375,15.03,0.04008,0.0301
"eca_025","S2","neither",375,43.09,0.114906666666667,0.0862
"eca_026","S2","discovered",375,15.03,0.04008,0.0301
"eca_027","S2","discovered",375,19.2,0.0512,0.0384
"eca_028","S2","discovered",375,13.45,0.0358666666666667,0.0269
"eca_029","S2","discovered",375,13.45,0.0358666666666667,0.0269
"eca_030","S2","discovered",375,74.53,0.198746666666667,0.1491
"eca_031","S2","discovered",375,17.86,0.0476266666666667,0.0357
"eca_032","S2","discovered",375,15.03,0.04008,0.0301
"eca_033","S2","discovered",375,15.61,0.0416266666666667,0.0312
"eca_034","S2","discovered",375,15.03,0.04008,0.0301
"eca_035","S2","discovered",375,19.2,0.0512,0.0384
"eca_036","S2","discovered",375,13.45,0.0358666666666667,0.0269
"eca_037","S2","discovered",375,19.2,0.0512,0.0384
"eca_038","S2","discovered",375,15.7,0.0418666666666667,0.0314
"eca_039","S2","discovered",375,17.86,0.0476266666666667,0.0357
"eca_040","S2","discovered",375,15.03,0.04008,0.0301
"eca_041","S2","discovered",375,21.35,0.0569333333333333,0.0427
"eca_042","S2","discovered",375,15.03,0.04008,0.0301
"eca_043","S2","discovered",375,19.2,0.0512,0.0384
"eca_044","S2","discovered",375,13.45,0.0358666666666667,0.0269
"eca_045","S2","neither",375,75.13,0.200346666666667,0.1503
"eca_046","S2","discovered",375,15.7,0.0418666666666667,0.0314
"eca_047","S2","discovered",375,17.86,0.0476266666666667,0.0357
"eca_048","S2","discovered",375,15.03,0.04008,0.0301
"eca_049","S2","discovered",375,19.2,0.0512,0.0384
"eca_050","S2","discovered",375,15.61,0.0416266666666667,0.0312
"eca_051","S2","discovered",375,15.61,0.0416266666666667,0.0312
"eca_052","S2","discovered",375,15.7,0.0418666666666667,0.0314
"eca_053","S2","discovered",375,17.86,0.0476266666666667,0.0357
"eca_054","S2","discovered",375,17.86,0.0476266666666667,0.0357
"eca_055","S2","discovered",375,17.86,0.0476266666666667,0.0357
"eca_056","S2","discovered",375,15.03,0.04008,0.0301
"eca_057","S2","discovered",375,25.73,0.0686133333333333,0.0515
"eca_058","S2","discovered",375,15.61,0.0416266666666667,0.0312
"eca_059","S2","discovered",375,20.43,0.05448,0.0409
"eca_060","S2","discovered",375,13.45,0.0358666666666667,0.0269
"eca_061","S2","discovered",375,39.91,0.106426666666667,0.0798
"eca_062","S2","discovered",375,24.11,0.0642933333333333,0.0482
"eca_063","S2","discovered",375,17.86,0.0476266666666667,0.0357
"eca_064","S2","discovered",375,15.03,0.04008,0.0301
"eca_065","S2","discovered",375,22.07,0.0588533333333333,0.0441
"eca_066","S2","discovered",375,15.03,0.04008,0.0301
"eca_067","S2","neither",375,43.09,0.114906666666667,0.0862
"eca_068","S2","discovered",375,13.45,0.0358666666666667,0.0269
"eca_069","S2","discovered",375,13.45,0.0358666666666667,0.0269
"eca_070","S2","discovered",375,13.45,0.0358666666666667,0.0269
"eca_071","S2","discovered",375,13.45,0.0358666666666667,0.0269
"eca_072","S2","discovered",375,15.03,0.04008,0.0301
"eca_073","S2","discovered",375,15.61,0.0416266666666667,0.0312
"eca_074","S2","discovered",375,15.03,0.04008,0.0301
"eca_075","S2","neither",375,75.13,0.200346666666667,0.1503
"eca_076","S2","discovered",375,13.45,0.0358666666666667,0.0269
"eca_077","S2","discovered",375,13.45,0.0358666666666667,0.0269
"eca_078","S2","discovered",375,13.45,0.0358666666666667,0.0269
"eca_079","S2","discovered",375,13.45,0.0358666666666667,0.0269
"eca_080","S2","discovered",375,15.03,0.04008,0.0301
"eca_081","S2","discovered",375,19.2,0.0512,0.0384
"eca_082","S2","discovered",375,15.03,0.04008,0.0301
"eca_083","S2","discovered",375,19.2,0.0512,0.0384
"eca_084","S2","discovered",375,15.7,0.0418666666666667,0.0314
"eca_085","S2","discovered",375,17.86,0.0476266666666667,0.0357
"eca_086","S2","discovered",375,74.53,0.198746666666667,0.1491
"eca_087","S2","discovered",375,17.86,0.0476266666666667,0.0357
"eca_088","S2","discovered",375,15.03,0.04008,0.0301
"eca_089","S2","neither",375,75.13,0.200346666666667,0.1503
"eca_090","S2","discovered",375,15.03,0.04008,0.0301
"eca_091","S2","discovered",375,33.9,0.0904,0.0678
"eca_092","S2","discovered",375,13.45,0.0358666666666667,0.0269
"eca_093","S2","discovered",375,13.45,0.0358666666666667,0.0269
"eca_094","S2","discovered",375,15.7,0.0418666666666667,0.0314
"eca_095","S2","discovered",375,17.86,0.0476266666666667,0.0357
"eca_096","S2","discovered",375,15.03,0.04008,0.0301
"eca_097","S2","discovered",375,21.35,0.0569333333333333,0.0427
"eca_098","S2","discovered",375,15.03,0.04008,0.0301
"eca_099","S2","discovered",375,25.73,0.0686133333333333,0.0515
"eca_100","S2","discovered",375,13.45,0.0358666666666667,0.0269
"eca_101","S2","neither",375,75.13,0.200346666666667,0.1503
"eca_102","S2","discovered",375,13.45,0.0358666666666667,0.0269
"eca_103","S2","discovered",375,39.91,0.106426666666667,0.0798
"eca_104","S2","discovered",375,15.03,0.04008,0.0301
"eca_105","S2","discovered",375,15.61,0.0416266666666667,0.0312
"eca_106","S2","discovered",375,15.03,0.04008,0.0301
"eca_107","S2","discovered",375,75.13,0.200346666666667,0.1503
"eca_108","S2","discovered",375,13.45,0.0358666666666667,0.0269
"eca_109","S2","discovered",375,26.03,0.0694133333333333,0.0521
"eca_110","S2","discovered",375,13.45,0.0358666666666667,0.0269
"eca_111","S2","discovered",375,23.18,0.0618133333333333,0.0464
"eca_112","S2","discovered",375,15.03,0.04008,0.0301
"eca_113","S2","discovered",375,19.2,0.0512,0.0384
"eca_114","S2","discovered",375,15.61,0.0416266666666667,0.0312
"eca_115","S2","discovered",375,20.43,0.05448,0.0409
"eca_116","S2","discovered",375,15.7,0.0418666666666667,0.0314
"eca_117","S2","discovered",375,17.86,0.0476266666666667,0.0357
"eca_118","S2","discovered",375,24.11,0.0642933333333333,0.0482
"eca_119","S2","discovered",375,17.86,0.0476266666666667,0.0357
"eca_120","S2","discovered",375,15.03,0.04008,0.0301
"eca_121","S2","discovered",375,75.13,0.200346666666667,0.1503
"eca_122","S2","discovered",375,15.61,0.0416266666666667,0.0312
"eca_123","S2","discovered",375,15.61,0.0416266666666667,0.0312
"eca_124","S2","discovered",375,13.45,0.0358666666666667,0.0269
"eca_125","S2","discovered",375,23.18,0.0618133333333333,0.0464
"eca_126","S2","discovered",375,46.78,0.124746666666667,0.0936
"eca_127","S2","discovered",375,17.86,0.0476266666666667,0.0357
"eca_128","S2","discovered",375,15.03,0.04008,0.0301
"eca_129","S2","discovered",375,54.73,0.145946666666667,0.1095
"eca_130","S2","discovered",375,15.03,0.04008,0.0301
"eca_131","S2","discovered",375,25.73,0.0686133333333333,0.0515
"eca_132","S2","discovered",375,13.45,0.0358666666666667,0.0269
"eca_133","S2","discovered",375,13.45,0.0358666666666667,0.0269
"eca_134","S2","discovered",375,15.7,0.0418666666666667,0.0314
"eca_135","S2","neither",375,73.55,0.196133333333333,0.1471
"eca_136","S2","discovered",375,15.03,0.04008,0.0301
"eca_137","S2","neither",375,25.73,0.0686133333333333,0.0515
"eca_138","S2","discovered",375,15.03,0.04008,0.0301
"eca_139","S2","discovered",375,31.98,0.08528,0.064
"eca_140","S2","discovered",375,13.45,0.0358666666666667,0.0269
"eca_141","S2","discovered",375,13.45,0.0358666666666667,0.0269
"eca_142","S2","discovered",375,15.7,0.0418666666666667,0.0314
"eca_143","S2","discovered",375,33.9,0.0904,0.0678
"eca_144","S2","discovered",375,15.03,0.04008,0.0301
"eca_145","S2","discovered",375,25.73,0.0686133333333333,0.0515
"eca_146","S2","discovered",375,15.03,0.04008,0.0301
"eca_147","S2","discovered",375,17.86,0.0476266666666667,0.0357
"eca_148","S2","discovered",375,15.7,0.0418666666666667,0.0314
"eca_149","S2","neither",375,73.55,0.196133333333333,0.1471
"eca_150","S2","discovered",375,13.45,0.0358666666666667,0.0269
"eca_151","S2","discovered",375,13.45,0.0358666666666667,0.0269
"eca_152","S2","discovered",375,15.03,0.04008,0.0301
"eca_153","S2","discovered",375,15.03,0.04008,0.0301
"eca_154","S2","discovered",375,15.03,0.04008,0.0301
"eca_155","S2","discovered",375,31.98,0.08528,0.064
"eca_156","S2","discovered",375,13.45,0.0358666666666667,0.0269
"eca_157","S2","discovered",375,13.45,0.0358666666666667,0.0269
"eca_158","S2","discovered",375,35.09,0.0935733333333333,0.0702
"eca_159","S2","discovered",375,13.45,0.0358666666666667,0.0269
"eca_160","S2","discovered",375,15.03,0.04008,0.0301
"eca_161","S2","discovered",375,54.73,0.145946666666667,0.1095
"eca_162","S2","discovered",375,15.03,0.04008,0.0301
"eca_163","S2","discovered",375,19.2,0.0512,0.0384
"eca_164","S2","discovered",375,13.45,0.0358666666666667,0.0269
"eca_165","S2","discovered",375,13.45,0.0358666666666667,0.0269
"eca_166","S2","discovered",375,15.7,0.0418666666666667,0.0314
"eca_167","S2","compressed_only",375,74.53,0.198746666666667,0.1491
"eca_168","S2","discovered",375,15.03,0.04008,0.0301
"eca_169","S2","discovered",375,41.09,0.109573333333333,0.0822
"eca_170","S2","discovered",375,15.03,0.04008,0.0301
"eca_171","S2","discovered",375,31.98,0.08528,0.064
"eca_172","S2","discovered",375,13.45,0.0358666666666667,0.0269
"eca_173","S2","discovered",375,13.45,0.0358666666666667,0.0269
"eca_174","S2","discovered",375,15.7,0.0418666666666667,0.0314
"eca_175","S2","discovered",375,19.2,0.0512,0.0384
"eca_176","S2","discovered",375,15.03,0.04008,0.0301
"eca_177","S2","discovered",375,19.2,0.0512,0.0384
"eca_178","S2","discovered",375,15.61,0.0416266666666667,0.0312
"eca_179","S2","discovered",375,15.61,0.0416266666666667,0.0312
"eca_180","S2","discovered",375,15.7,0.0418666666666667,0.0314
"eca_181","S2","compressed_only",375,74.53,0.198746666666667,0.1491
"eca_182","S2","discovered",375,13.45,0.0358666666666667,0.0269
"eca_183","S2","discovered",375,13.45,0.0358666666666667,0.0269
"eca_184","S2","discovered",375,15.03,0.04008,0.0301
"eca_185","S2","discovered",375,31.98,0.08528,0.064
"eca_186","S2","discovered",375,15.61,0.0416266666666667,0.0312
"eca_187","S2","discovered",375,17.86,0.0476266666666667,0.0357
"eca_188","S2","discovered",375,13.45,0.0358666666666667,0.0269
"eca_189","S2","discovered",375,13.45,0.0358666666666667,0.0269
"eca_190","S2","discovered",375,35.09,0.0935733333333333,0.0702
"eca_191","S2","discovered",375,13.45,0.0358666666666667,0.0269
"eca_192","S2","discovered",375,15.03,0.04008,0.0301
"eca_193","S2","neither",375,25.73,0.0686133333333333,0.0515
"eca_194","S2","discovered",375,15.03,0.04008,0.0301
"eca_195","S2","discovered",375,15.03,0.04008,0.0301
"eca_196","S2","discovered",375,13.45,0.0358666666666667,0.0269
"eca_197","S2","discovered",375,13.45,0.0358666666666667,0.0269
"eca_198","S2","discovered",375,13.45,0.0358666666666667,0.0269
"eca_199","S2","discovered",375,13.45,0.0358666666666667,0.0269
"eca_200","S2","discovered",375,15.03,0.04008,0.0301
"eca_201","S2","discovered",375,15.61,0.0416266666666667,0.0312
"eca_202","S2","discovered",375,15.03,0.04008,0.0301
"eca_203","S2","discovered",375,15.03,0.04008,0.0301
"eca_204","S2","discovered",375,13.45,0.0358666666666667,0.0269
"eca_205","S2","discovered",375,13.45,0.0358666666666667,0.0269
"eca_206","S2","discovered",375,13.45,0.0358666666666667,0.0269
"eca_207","S2","discovered",375,13.45,0.0358666666666667,0.0269
"eca_208","S2","discovered",375,15.03,0.04008,0.0301
"eca_209","S2","discovered",375,31.98,0.08528,0.064
"eca_210","S2","discovered",375,15.03,0.04008,0.0301
"eca_211","S2","discovered",375,31.98,0.08528,0.064
"eca_212","S2","discovered",375,15.7,0.0418666666666667,0.0314
"eca_213","S2","discovered",375,33.9,0.0904,0.0678
"eca_214","S2","discovered",375,35.09,0.0935733333333333,0.0702
"eca_215","S2","discovered",375,13.45,0.0358666666666667,0.0269
"eca_216","S2","discovered",375,15.03,0.04008,0.0301
"eca_217","S2","discovered",375,15.03,0.04008,0.0301
"eca_218","S2","discovered",375,15.03,0.04008,0.0301
"eca_219","S2","discovered",375,15.03,0.04008,0.0301
"eca_220","S2","discovered",375,13.45,0.0358666666666667,0.0269
"eca_221","S2","discovered",375,13.45,0.0358666666666667,0.0269
"eca_222","S2","discovered",375,13.45,0.0358666666666667,0.0269
"eca_223","S2","discovered",375,13.45,0.0358666666666667,0.0269
"eca_224","S2","discovered",375,15.03,0.04008,0.0301
"eca_225","S2","discovered",375,41.09,0.109573333333333,0.0822
"eca_226","S2","discovered",375,15.03,0.04008,0.0301
"eca_227","S2","discovered",375,31.98,0.08528,0.064
"eca_228","S2","discovered",375,13.45,0.0358666666666667,0.0269
"eca_229","S2","discovered",375,13.45,0.0358666666666667,0.0269
"eca_230","S2","discovered",375,13.45,0.0358666666666667,0.0269
"eca_231","S2","discovered",375,13.45,0.0358666666666667,0.0269
"eca_232","S2","discovered",375,15.03,0.04008,0.0301
"eca_233","S2","discovered",375,20.43,0.05448,0.0409
"eca_234","S2","discovered",375,15.03,0.04008,0.0301
"eca_235","S2","discovered",375,31.98,0.08528,0.064
"eca_236","S2","discovered",375,13.45,0.0358666666666667,0.0269
"eca_237","S2","discovered",375,13.45,0.0358666666666667,0.0269
"eca_238","S2","discovered",375,13.45,0.0358666666666667,0.0269
"eca_239","S2","discovered",375,13.45,0.0358666666666667,0.0269
"eca_240","S2","discovered",375,15.03,0.04008,0.0301
"eca_241","S2","discovered",375,31.98,0.08528,0.064
"eca_242","S2","discovered",375,15.61,0.0416266666666667,0.0312
"eca_243","S2","discovered",375,17.86,0.0476266666666667,0.0357
"eca_244","S2","discovered",375,15.7,0.0418666666666667,0.0314
"eca_245","S2","discovered",375,19.2,0.0512,0.0384
"eca_246","S2","discovered",375,35.09,0.0935733333333333,0.0702
"eca_247","S2","discovered",375,13.45,0.0358666666666667,0.0269
"eca_248","S2","discovered",375,15.03,0.04008,0.0301
"eca_249","S2","discovered",375,31.98,0.08528,0.064
"eca_250","S2","discovered",375,15.61,0.0416266666666667,0.0312
"eca_251","S2","discovered",375,17.86,0.0476266666666667,0.0357
"eca_252","S2","discovered",375,13.45,0.0358666666666667,0.0269
"eca_253","S2","discovered",375,13.45,0.0358666666666667,0.0269
"eca_254","S2","discovered",375,13.45,0.0358666666666667,0.0269
"eca_255","S2","discovered",375,13.45,0.0358666666666667,0.0269
"A000030_a2","S3","discovered",100,18.87,0.1887,0.1419
"A000030_a3","S3","discovered",158.496250072116,18.87,0.119056444498934,0.0895
"A000030_a4","S3","discovered",200,18.87,0.09435,0.071
"A000788_a2","S3","neither",43,85.32,1.98418604651163,1.3542
"A000788_a3","S3","neither",68.1533875310097,44.53,0.653379114570628,0.4459
"A000788_a4","S3","neither",86,52.73,0.613139534883721,0.4185
"A001317_a2","S3","discovered",22,13.45,0.611363636363636,0.3202
"A001317_a3","S3","discovered",34.8691750158654,33.73,0.967330026725693,0.5067
"A001317_a4","S3","discovered",44,15.61,0.354772727272727,0.1859
"A002371_a2","S3","neither",47,54.71,1.16404255319149,0.8166
"A002371_a3","S3","neither",74.4932375338943,54.73,0.734697561977997,0.5154
"A002371_a4","S3","neither",94,57.98,0.616808510638298,0.4327
"A002385_a2","S3","discovered",26,15.03,0.578076923076923,0.3268
"A002385_a3","S3","neither",41.2090250187501,50.58,1.22740103598632,0.6938
"A002385_a4","S3","neither",52,43.34,0.833461538461538,0.4711
"A002778_a2","S3","neither",22,69.75,3.17045454545455,1.6608
"A002778_a3","S3","neither",34.8691750158654,51.68,1.48211134838968,0.7764
"A002778_a4","S3","neither",44,56.73,1.28931818181818,0.6754
"A003052_a2","S3","neither",36,64.78,1.79944444444444,1.1567
"A003052_a3","S3","discovered",57.0586500259616,19.19,0.336320610306563,0.2162
"A003052_a4","S3","neither",72,52.79,0.733194444444444,0.4714
"A003132_a2","S3","discovered",51,20.46,0.401176470588235,0.2882
"A003132_a3","S3","neither",80.833087536779,53.98,0.667795845054652,0.4797
"A003132_a4","S3","discovered",102,85.32,0.836470588235294,0.6008
"A003159_a2","S3","neither",50,73.55,1.471,1.0507
"A003159_a3","S3","neither",79.2481250360578,44.53,0.56190603853074,0.4013
"A003159_a4","S3","neither",100,59.73,0.5973,0.4267
"A003754_a2","S3","not_compressed_predicted",40,50.78,1.2695,0.8463
"A003754_a3","S3","neither",63.3985000288462,45.53,0.718155792002712,0.4787
"A003754_a4","S3","neither",80,56.98,0.71225,0.4748
"A004086_a2","S3","discovered",55,18.87,0.343090909090909,0.2517
"A004086_a3","S3","discovered",87.1729375396636,15.61,0.179069335513645,0.1314
"A004086_a4","S3","discovered",110,65.81,0.598272727272727,0.4387
"A004159_a2","S3","neither",60,119.1,1.985,1.4887
"A004159_a3","S3","discovered",95.0977500432694,24.11,0.253528605976797,0.1902
"A004159_a4","S3","neither",120,55.98,0.4665,0.3499
"A004207_a2","S3","neither",34,75.13,2.20970588235294,1.3913
"A004207_a3","S3","discovered",53.8887250245193,17.86,0.331423688199595,0.2087
"A004207_a4","S3","neither",68,68.92,1.01352941176471,0.6381
"A004488_a2","S3","not_compressed_predicted",47,53.54,1.13914893617021,0.7991
"A004488_a3","S3","discovered",74.4932375338943,18.19,0.244183238669464,0.1713
"A004488_a4","S3","neither",94,54.66,0.581489361702128,0.4079
"A004601_a2","S3","neither",79,75.13,0.951012658227848,0.7155
"A004601_a3","S3","neither",125.212037556971,52.73,0.421125644377506,0.3169
"A004601_a4","S3","neither",158,34.09,0.215759493670886,0.1624
"A005349_a2","S3","neither",41,44.53,1.08609756097561,0.7299
"A005349_a3","S3","neither",64.9834625295674,54.73,0.842214278365021,0.5661
"A005349_a4","S3","neither",82,68.17,0.831341463414634,0.5587
"A005823_a2","S3","discovered",36,13.45,0.373611111111111,0.2402
"A005823_a3","S3","discovered",57.0586500259616,22.48,0.393980579452399,0.2533
"A005823_a4","S3","discovered",72,55.13,0.765694444444444,0.4922
"A005836_a2","S3","discovered",38,16.62,0.437368421052632,0.2865
"A005836_a3","S3","discovered",60.2285750274039,15.61,0.259179301401328,0.1699
"A005836_a4","S3","neither",76,83.73,1.10171052631579,0.7218
"A006567_a2","S3","discovered",31,13.45,0.433870967741935,0.2637
"A006567_a3","S3","neither",49.1338375223558,46.84,0.953314505073776,0.5795
"A006567_a4","S3","neither",62,46.84,0.755483870967742,0.4592
"A006753_a2","S3","neither",33,63.74,1.93151515151515,1.2026
"A006753_a3","S3","neither",52.3037625237981,53.49,1.02267977328901,0.6367
"A006753_a4","S3","neither",66,56.73,0.859545454545455,0.5352
"A006995_a2","S3","discovered",38,15.03,0.395526315789474,0.2592
"A006995_a3","S3","neither",60.2285750274039,47.53,0.789160294401352,0.517
"A006995_a4","S3","neither",76,44.53,0.585921052631579,0.3839
"A007088_a2","S3","discovered",20,15.61,0.7805,0.3904
"A007088_a3","S3","discovered",31.6992500144231,16.62,0.524302625217881,0.2621
"A007088_a4","S3","discovered",40,15.61,0.39025,0.1952
"A007089_a2","S3","discovered",30,25.73,0.857666666666667,0.5146
"A007089_a3","S3","discovered",47.5488750216347,17.37,0.365308327317874,0.2192
"A007089_a4","S3","discovered",60,46.53,0.7755,0.4653
"A007090_a2","S3","discovered",44,15.61,0.354772727272727,0.244
"A007090_a3","S3","discovered",69.7383500317309,15.61,0.223836669392056,0.1539
"A007090_a4","S3","discovered",88,37.09,0.421477272727273,0.2898
"A007091_a2","S3","discovered",46,25.73,0.559347826086957,0.3898
"A007091_a3","S3","discovered",72.9082750331732,18.78,0.257583929827652,0.1795
"A007091_a4","S3","neither",92,86.9,0.944565217391304,0.6583
"A007092_a2","S3","discovered",46,15.61,0.339347826086957,0.2366
"A007092_a3","S3","discovered",72.9082750331732,19.24,0.263893227363366,0.1839
"A007092_a4","S3","discovered",92,15.61,0.169673913043478,0.1183
"A007093_a2","S3","discovered",44,25.73,0.584772727272727,0.402
"A007093_a3","S3","discovered",69.7383500317309,15.61,0.223836669392056,0.1539
"A007093_a4","S3","compressed_only",88,35.09,0.39875,0.2742
"A007094_a2","S3","discovered",54,15.61,0.289074074074074,0.211
"A007094_a3","S3","discovered",85.5879750389424,19.94,0.232976653448423,0.17
"A007094_a4","S3","discovered",108,37.09,0.343425925925926,0.2506
"A007095_a2","S3","discovered",57,26.73,0.468947368421053,0.3471
"A007095_a3","S3","discovered",90.3428625411059,20.22,0.223814028372191,0.1656
"A007095_a4","S3","discovered",114,43.11,0.378157894736842,0.2799
"A007376_a2","S3","neither",80,86.9,1.08625,0.8198
"A007376_a3","S3","neither",126.797000057692,52.97,0.417754363083501,0.3153
"A007376_a4","S3","neither",160,55.96,0.34975,0.264
"A007500_a2","S3","discovered",38,15.03,0.395526315789474,0.2592
"A007500_a3","S3","neither",60.2285750274039,47.16,0.783017031011314,0.513
"A007500_a4","S3","neither",76,50.78,0.668157894736842,0.4377
"A007602_a2","S3","neither",33,55.73,1.68878787878788,1.0516
"A007602_a3","S3","neither",52.3037625237981,44.53,0.851372785652636,0.5301
"A007602_a4","S3","neither",66,44.53,0.67469696969697,0.4201
"A007605_a2","S3","neither",59,85.32,1.44610169491525,1.0799
"A007605_a3","S3","neither",93.5127875425482,53.62,0.57339751502545,0.4282
"A007605_a4","S3","neither",118,50.21,0.425508474576271,0.3178
"A007623_a2","S3","discovered",31,15.61,0.503548387096774,0.3062
"A007623_a3","S3","discovered",49.1338375223558,46.53,0.947005207538062,0.5756
"A007623_a4","S3","discovered",62,25.73,0.415,0.2522
"A007652_a2","S3","discovered",79,15.03,0.190253164556962,0.1432
"A007652_a3","S3","neither",125.212037556971,50.9,0.406510436161863,0.3058
"A007652_a4","S3","neither",158,73.34,0.464177215189873,0.3492
"A007770_a2","S3","neither",34,69.33,2.03911764705882,1.2839
"A007770_a3","S3","neither",53.8887250245193,49.9,0.925982197153404,0.583
"A007770_a4","S3","neither",68,54.98,0.808529411764706,0.5091
"A007931_a2","S3","discovered",25,15.61,0.6244,0.347
"A007931_a3","S3","not_compressed_predicted",39.6240625180289,41.59,1.04961473804148,0.5832
"A007931_a4","S3","discovered",50,15.61,0.3122,0.1735
"A007953_a2","S3","discovered",66,20.46,0.31,0.2325
"A007953_a3","S3","discovered",104.607525047596,15.61,0.14922444626137,0.112
"A007953_a4","S3","discovered",132,20.46,0.155,0.1162
"A007954_a2","S3","discovered",81,21.46,0.264938271604938,0.1987
"A007954_a3","S3","discovered",128.381962558414,21.46,0.167157438415352,0.1254
"A007954_a4","S3","discovered",162,21.46,0.132469135802469,0.0994
"A009994_a2","S3","neither",45,83.73,1.86066666666667,1.2882
"A009994_a3","S3","neither",71.323312532452,86.9,1.21839545745244,0.8435
"A009994_a4","S3","neither",90,37.09,0.412111111111111,0.2853
"A010785_a2","S3","not_compressed_predicted",32,38.09,1.1903125,0.7326
"A010785_a3","S3","discovered",50.718800023077,44.53,0.877978185204281,0.5403
"A010785_a4","S3","neither",64,55.98,0.8746875,0.5383
"A010879_a2","S3","discovered",61,15.61,0.255901639344262,0.1928
"A010879_a3","S3","discovered",96.6827125439905,26.73,0.27647134939287,0.2082
"A010879_a4","S3","discovered",122,26.73,0.219098360655738,0.165
"A010888_a2","S3","discovered",79,38.09,0.482151898734177,0.3628
"A010888_a3","S3","discovered",125.212037556971,15.61,0.124668524724689,0.0938
"A010888_a4","S3","discovered",158,38.09,0.241075949367089,0.1814
"A011531_a2","S3","neither",33,54.73,1.65848484848485,1.0327
"A011531_a3","S3","neither",52.3037625237981,68.17,1.3033479182111,0.8115
"A011531_a4","S3","neither",66,72.09,1.09227272727273,0.6801
"A011539_a2","S3","neither",36,56.73,1.57583333333333,1.0131
"A011539_a3","S3","discovered",57.0586500259616,15.61,0.273578151479179,0.1759
"A011539_a4","S3","neither",72,54.73,0.760138888888889,0.4887
"A011540_a2","S3","neither",31,83.73,2.70096774193548,1.6418
"A011540_a3","S3","discovered",49.1338375223558,15.61,0.317703659782273,0.1932
"A011540_a4","S3","neither",62,45.53,0.734354838709677,0.4463
"A014190_a2","S3","neither",35,55.96,1.59885714285714,1.0175
"A014190_a3","S3","neither",55.4736875252405,64.09,1.15532251161128,0.7352
"A014190_a4","S3","neither",70,55.98,0.799714285714286,0.5089
"A014261_a2","S3","discovered",40,13.45,0.33625,0.2242
"A014261_a3","S3","neither",63.3985000288462,36.09,0.569256370159848,0.3795
"A014261_a4","S3","neither",80,53.82,0.67275,0.4485
"A014263_a2","S3","discovered",38,13.45,0.353947368421053,0.2319
"A014263_a3","S3","discovered",60.2285750274039,18.78,0.311812125580841,0.2043
"A014263_a4","S3","discovered",76,26.73,0.351710526315789,0.2304
"A014311_a2","S3","neither",51,60.48,1.18588235294118,0.8518
"A014311_a3","S3","neither",80.833087536779,46.84,0.579465679554648,0.4163
"A014311_a4","S3","neither",102,45.53,0.446372549019608,0.3206
"A014486_a2","S3","discovered",34,13.45,0.395588235294118,0.2491
"A014486_a3","S3","neither",53.8887250245193,57.55,1.06794139170698,0.6724
"A014486_a4","S3","neither",68,85.32,1.25470588235294,0.79
"A014499_a2","S3","neither",75,48.53,0.647066666666667,0.4902
"A014499_a3","S3","neither",118.872187554087,58.89,0.495406042504308,0.3753
"A014499_a4","S3","neither",150,53.82,0.3588,0.2718
"A019546_a2","S3","discovered",28,15.03,0.536785714285714,0.3132
"A019546_a3","S3","neither",44.3789500201924,47.16,1.06266597065821,0.6199
"A019546_a4","S3","neither",56,50.78,0.906785714285714,0.5289
"A020338_a2","S3","discovered",26,15.61,0.600384615384615,0.3395
"A020338_a3","S3","discovered",41.2090250187501,20.44,0.4960078524231,0.2803
"A020338_a4","S3","neither",52,42.53,0.817884615384615,0.4622
"A023108_a2","S3","neither",25,53.55,2.142,1.19
"A023108_a3","S3","neither",39.6240625180289,53.85,1.35902268919292,0.755
"A023108_a4","S3","neither",50,55.73,1.1146,0.6192
"A023416_a2","S3","neither",79,73.55,0.931012658227848,0.7004
"A023416_a3","S3","neither",125.212037556971,52.11,0.416174043779856,0.3131
"A023416_a4","S3","neither",158,48.41,0.306392405063291,0.2305
"A027868_a2","S3","discovered",61,43.53,0.713606557377049,0.5374
"A027868_a3","S3","discovered",96.6827125439905,43.53,0.450235609392878,0.339
"A027868_a4","S3","discovered",122,44.77,0.366967213114754,0.2764
"A029447_a2","S3","neither",29,43.53,1.50103448275862,0.8883
"A029447_a3","S3","neither",45.9639125209135,54.89,1.19419773012198,0.7068
"A029447_a4","S3","neither",58,43.53,0.75051724137931,0.4442
"A029470_a2","S3","neither",29,62.78,2.1648275862069,1.2811
"A029470_a3","S3","neither",45.9639125209135,50.44,1.09738264724636,0.6495
"A029470_a4","S3","neither",58,34.09,0.587758620689655,0.3479
"A029494_a2","S3","neither",34,70.38,2.07,1.3033
"A029494_a3","S3","neither",53.8887250245193,53.69,0.996312307919163,0.6273
"A029494_a4","S3","neither",68,42.09,0.618970588235294,0.3898
"A029518_a2","S3","neither",21,65,3.0952380952381,1.5854
"A029518_a3","S3","neither",33.2842125151443,56.98,1.71192273135722,0.8769
"A029518_a4","S3","neither",42,42.09,1.00214285714286,0.5133
"A030101_a2","S3","discovered",59,15.03,0.254745762711864,0.1903
"A030101_a3","S3","discovered",93.5127875425482,16.62,0.177729703463689,0.1327
"A030101_a4","S3","discovered",118,55.13,0.467203389830509,0.3489
"A030190_a2","S3","discovered",79,7.25,0.0917721518987342,0.069
"A030190_a3","S3","discovered",125.212037556971,7.25,0.0579017811821907,0.0436
"A030190_a4","S3","discovered",158,7.25,0.0458860759493671,0.0345
"A030302_a2","S3","discovered",68,8.25,0.121323529411765,0.0917
"A030302_a3","S3","discovered",107.777450049039,8.25,0.0765466245141842,0.0578
"A030302_a4","S3","discovered",136,8.25,0.0606617647058824,0.0458
"A030308_a2","S3","discovered",68,7.25,0.106617647058824,0.0805
"A030308_a3","S3","discovered",107.777450049039,7.25,0.0672682457851922,0.0508
"A030308_a4","S3","discovered",136,7.25,0.0533088235294118,0.0403
"A030432_a2","S3","discovered",32,13.45,0.4203125,0.2586
"A030432_a3","S3","neither",50.718800023077,49.71,0.980109939063661,0.6032
"A030432_a4","S3","neither",64,48.44,0.756875,0.4658
"A031346_a2","S3","neither",75,37.09,0.494533333333333,0.3709
"A031346_a3","S3","neither",118.872187554087,63.81,0.536795034338596,0.4026
"A031346_a4","S3","neither",150,63.81,0.4254,0.319
"A031347_a2","S3","neither",66,82.15,1.24469696969697,0.9442
"A031347_a3","S3","neither",104.607525047596,63.81,0.60999435720295,0.4627
"A031347_a4","S3","neither",132,63.81,0.483409090909091,0.3667
"A031443_a2","S3","neither",35,52.78,1.508,0.9596
"A031443_a3","S3","neither",55.4736875252405,59.96,1.08087280068985,0.6878
"A031443_a4","S3","neither",70,52.41,0.748714285714286,0.4765
"A033307_a2","S3","neither",78,53.98,0.692051282051282,0.5191
"A033307_a3","S3","neither",123.62707505625,51.44,0.416090083637382,0.3121
"A033307_a4","S3","neither",156,43.53,0.279038461538462,0.2093
"A033308_a2","S3","neither",76,83.73,1.10171052631579,0.829
"A033308_a3","S3","neither",120.457150054808,50.58,0.419900354416373,0.316
"A033308_a4","S3","neither",152,49.78,0.3275,0.2464
"A033819_a2","S3","neither",27,80.56,2.9837037037037,1.7141
"A033819_a3","S3","neither",42.7939875194712,54.73,1.27891797825799,0.7347
"A033819_a4","S3","neither",54,54.73,1.01351851851852,0.5823
"A035232_a2","S3","neither",79,85.32,1.08,0.8125
"A035232_a3","S3","neither",125.212037556971,57.13,0.456266035715663,0.3433
"A035232_a4","S3","neither",158,54.54,0.345189873417722,0.2597
"A035327_a2","S3","discovered",62,15.61,0.251774193548387,0.1904
"A035327_a3","S3","discovered",98.2676750447117,57.13,0.581371239057054,0.4396
"A035327_a4","S3","discovered",124,32.43,0.261532258064516,0.1977
"A036554_a2","S3","discovered",39,13.45,0.344871794871795,0.228
"A036554_a3","S3","neither",61.8135375281251,44.53,0.720392357090692,0.4762
"A036554_a4","S3","neither",78,62.98,0.807435897435897,0.5337
"A036952_a2","S3","discovered",33,13.45,0.407575757575758,0.2538
"A036952_a3","S3","neither",52.3037625237981,56.73,1.08462560363966,0.6754
"A036952_a4","S3","neither",66,54.47,0.82530303030303,0.5138
"A037274_a2","S3","discovered",28,17.86,0.637857142857143,0.3722
"A037274_a3","S3","neither",44.3789500201924,54.73,1.23324233617735,0.7194
"A037274_a4","S3","neither",56,53.73,0.959464285714286,0.5597
"A038618_a2","S3","discovered",38,15.03,0.395526315789474,0.2592
"A038618_a3","S3","neither",60.2285750274039,53.62,0.890275089118462,0.5832
"A038618_a4","S3","neither",76,50.78,0.668157894736842,0.4377
"A039996_a2","S3","neither",79,69.65,0.881645569620253,0.6633
"A039996_a3","S3","neither",125.212037556971,54.35,0.434063697552009,0.3266
"A039996_a4","S3","neither",158,59.75,0.378164556962025,0.2845
"A043096_a2","S3","compressed_only",82,65.81,0.802560975609756,0.6038
"A043096_a3","S3","compressed_only",129.966925059135,65.81,0.506359598567532,0.3809
"A043096_a4","S3","compressed_only",164,65.81,0.401280487804878,0.3019
"A043529_a2","S3","discovered",69,46.78,0.677971014492754,0.514
"A043529_a3","S3","discovered",109.36241254976,85.32,0.780158356155315,0.5915
"A043529_a4","S3","discovered",138,85.32,0.618260869565217,0.4688
"A043537_a2","S3","neither",68,76.72,1.12823529411765,0.8524
"A043537_a3","S3","neither",107.777450049039,44.59,0.413722907525754,0.3126
"A043537_a4","S3","neither",136,44.59,0.327867647058824,0.2477
"A044813_a2","S3","neither",39,73.55,1.88589743589744,1.2465
"A044813_a3","S3","neither",61.8135375281251,48.53,0.785103101046739,0.5189
"A044813_a4","S3","neither",78,49.11,0.629615384615385,0.4162
"A045918_a2","S3","discovered",28,15.61,0.5575,0.3253
"A045918_a3","S3","neither",44.3789500201924,101.72,2.29207766190317,1.337
"A045918_a4","S3","neither",56,54.38,0.971071428571429,0.5664
"A046034_a2","S3","discovered",37,28.73,0.776486486486487,0.504
"A046034_a3","S3","neither",58.6436125266828,48.16,0.821231808973011,0.5331
"A046034_a4","S3","neither",74,52.93,0.71527027027027,0.4643
"A046704_a2","S3","discovered",38,15.03,0.395526315789474,0.2592
"A046704_a3","S3","neither",60.2285750274039,50.78,0.843121391746279,0.5523
"A046704_a4","S3","neither",76,71.75,0.944078947368421,0.6186
"A048724_a2","S3","discovered",45,15.61,0.346888888888889,0.2402
"A048724_a3","S3","discovered",71.323312532452,28.73,0.402813596002399,0.2789
"A048724_a4","S3","discovered",90,18.78,0.208666666666667,0.1445
"A049345_a2","S3","discovered",32,15.61,0.4878125,0.3003
"A049345_a3","S3","neither",50.718800023077,46.53,0.917411294802497,0.5645
"A049345_a4","S3","discovered",64,25.73,0.40203125,0.2474
"A049445_a2","S3","neither",39,55.73,1.42897435897436,0.9446
"A049445_a3","S3","neither",61.8135375281251,59.73,0.966293184123671,0.6388
"A049445_a4","S3","neither",78,45.53,0.583717948717949,0.3858
"A051885_a2","S3","not_compressed_predicted",30,34.09,1.13633333333333,0.6819
"A051885_a3","S3","discovered",47.5488750216347,15.61,0.328293781775015,0.197
"A051885_a4","S3","neither",60,88.49,1.47483333333333,0.8849
"A052224_a2","S3","neither",34,53.98,1.58764705882353,0.9997
"A052224_a3","S3","discovered",53.8887250245193,13.45,0.249588387809885,0.1571
"A052224_a4","S3","neither",68,45.53,0.669558823529412,0.4215
"A052382_a2","S3","discovered",70,34.09,0.487,0.3666
"A052382_a3","S3","compressed_only",110.947375050481,21.22,0.19126184815409,0.1439
"A052382_a4","S3","compressed_only",140,67.33,0.480928571428571,0.362
"A053645_a2","S3","discovered",63,17.86,0.283492063492063,0.2127
"A053645_a3","S3","discovered",99.8526375454328,54.54,0.546204900949005,0.4097
"A053645_a4","S3","discovered",126,36.09,0.286428571428571,0.2148
"A053735_a2","S3","discovered",79,15.61,0.197594936708861,0.1487
"A053735_a3","S3","discovered",125.212037556971,17.37,0.138724681259952,0.1044
"A053735_a4","S3","discovered",158,17.37,0.109936708860759,0.0827
"A054055_a2","S3","neither",79,86.9,1.1,0.8276
"A054055_a3","S3","neither",125.212037556971,85.32,0.681404133857174,0.5126
"A054055_a4","S3","neither",158,54.38,0.344177215189873,0.2589
"A055012_a2","S3","discovered",40,20.46,0.5115,0.341
"A055012_a3","S3","discovered",63.3985000288462,15.61,0.246220336331261,0.1642
"A055012_a4","S3","neither",80,86.9,1.08625,0.7242
"A055641_a2","S3","compressed_only",80,35.09,0.438625,0.3311
"A055641_a3","S3","compressed_only",126.797000057692,35.09,0.276741563160281,0.2089
"A055641_a4","S3","compressed_only",160,35.09,0.2193125,0.1655
"A055642_a2","S3","discovered",91,17.29,0.19,0.1429
"A055642_a3","S3","discovered",144.231587565625,17.29,0.119876653178577,0.0902
"A055642_a4","S3","discovered",182,17.29,0.095,0.0714
"A056964_a2","S3","not_compressed_predicted",45,80.56,1.79022222222222,1.2394
"A056964_a3","S3","discovered",71.323312532452,18.19,0.255035827054774,0.1765
"A056964_a4","S3","neither",90,52.76,0.586222222222222,0.4058
"A057889_a2","S3","discovered",52,15.61,0.300192307692308,0.2169
"A057889_a3","S3","neither",82.4180500375001,88.49,1.07367257487574,0.7754
"A057889_a4","S3","discovered",104,88.49,0.850865384615385,0.6145
"A059893_a2","S3","not_compressed_predicted",51,60.58,1.1878431372549,0.8533
"A059893_a3","S3","neither",80.833087536779,43.53,0.538517101430697,0.3868
"A059893_a4","S3","neither",102,49.53,0.485588235294118,0.3488
"A059897_a2","S3","neither",61,64.78,1.06196721311475,0.7997
"A059897_a3","S3","neither",96.6827125439905,60.98,0.630722891357172,0.475
"A059897_a4","S3","neither",122,51.53,0.422377049180328,0.3181
"A062028_a2","S3","discovered",51,27.73,0.543725490196078,0.3905
"A062028_a3","S3","discovered",80.833087536779,18.19,0.225031612107153,0.1616
"A062028_a4","S3","discovered",102,46.53,0.456176470588235,0.3277
"A062756_a2","S3","discovered",79,15.61,0.197594936708861,0.1487
"A062756_a3","S3","discovered",125.212037556971,55.13,0.440293130561955,0.3313
"A062756_a4","S3","discovered",158,56.71,0.358924050632911,0.2701
"A064547_a2","S3","neither",79,71.4,0.90379746835443,0.68
"A064547_a3","S3","neither",125.212037556971,51.49,0.411222443182207,0.3094
"A064547_a4","S3","neither",158,45.53,0.288164556962025,0.2168
"A065720_a2","S3","discovered",30,13.45,0.448333333333333,0.269
"A065720_a3","S3","neither",47.5488750216347,56.73,1.19308816400363,0.7159
"A065720_a4","S3","neither",60,54.47,0.907833333333333,0.5447
"A065727_a2","S3","discovered",29,15.03,0.518275862068965,0.3068
"A065727_a3","S3","discovered",45.9639125209135,24.73,0.53803078640766,0.3184
"A065727_a4","S3","neither",58,50.25,0.866379310344828,0.5128
"A068407_a2","S3","neither",37,86.9,2.34864864864865,1.5246
"A068407_a3","S3","neither",58.6436125266828,48.53,0.827541106508725,0.5371
"A068407_a4","S3","neither",74,54.38,0.734864864864865,0.477
"A069010_a2","S3","neither",71,74.57,1.05028169014084,0.7933
"A069010_a3","S3","neither",112.532337551202,101.72,0.90391795117308,0.6827
"A069010_a4","S3","neither",142,101.72,0.716338028169014,0.541
"A072495_a2","S3","neither",50,85.32,1.7064,1.2188
"A072495_a3","S3","neither",79.2481250360578,55.82,0.704369976887175,0.5031
"A072495_a4","S3","neither",100,58.73,0.5873,0.4195
"A075928_a2","S3","not_compressed_predicted",27,55.96,2.07259259259259,1.1907
"A075928_a3","S3","neither",42.7939875194712,88.49,2.06781384790882,1.1878
"A075928_a4","S3","neither",54,62.92,1.16518518518519,0.6693
"A078972_a2","S3","discovered",35,27.68,0.790857142857143,0.5033
"A078972_a3","S3","neither",55.4736875252405,43.53,0.784696347799016,0.4993
"A078972_a4","S3","neither",70,44.53,0.636142857142857,0.4048
"A085104_a2","S3","discovered",24,13.45,0.560416666666667,0.3057
"A085104_a3","S3","neither",38.0391000173077,53.73,1.4124939858081,0.7705
"A085104_a4","S3","neither",48,49.34,1.02791666666667,0.5607
"A090707_a2","S3","discovered",24,15.03,0.62625,0.3417
"A090707_a3","S3","neither",38.0391000173077,53.78,1.41380842279471,0.7711
"A090707_a4","S3","neither",48,58.38,1.21625,0.6634
"A091924_a2","S3","discovered",29,15.03,0.518275862068965,0.3068
"A091924_a3","S3","neither",45.9639125209135,52.01,1.13153987873281,0.6697
"A091924_a4","S3","neither",58,39.34,0.678275862068966,0.4015
"A101211_a2","S3","neither",79,66.48,0.841518987341772,0.6331
"A101211_a3","S3","neither",125.212037556971,53.92,0.430629522943962,0.324
"A101211_a4","S3","neither",158,61.86,0.391518987341772,0.2946
"A102370_a2","S3","discovered",48,15.61,0.325208333333333,0.2296
"A102370_a3","S3","neither",76.0782000346155,53.07,0.697571708792443,0.4924
"A102370_a4","S3","discovered",96,18.78,0.195625,0.1381
"A109812_a2","S3","neither",51,75.13,1.47313725490196,1.0582
"A109812_a3","S3","neither",80.833087536779,43.59,0.539259371729016,0.3874
"A109812_a4","S3","neither",102,44.53,0.43656862745098,0.3136
"A117828_a2","S3","neither",51,55.83,1.09470588235294,0.7864
"A117828_a3","S3","discovered",80.833087536779,15.61,0.193113989279421,0.1388
"A117828_a4","S3","neither",102,54.09,0.530294117647059,0.3809
"A122840_a2","S3","compressed_only",79,42.53,0.538354430379747,0.405
"A122840_a3","S3","compressed_only",125.212037556971,36.09,0.288231073498657,0.2169
"A122840_a4","S3","compressed_only",158,42.53,0.269177215189873,0.2025
"A125134_a2","S3","neither",45,73.55,1.63444444444444,1.1315
"A125134_a3","S3","neither",71.323312532452,44.59,0.625181282483362,0.4328
"A125134_a4","S3","neither",90,50.93,0.565888888888889,0.3917
"A136522_a2","S3","neither",75,63.78,0.8504,0.6442
"A136522_a3","S3","discovered",118.872187554087,82.15,0.691078390078603,0.5235
"A136522_a4","S3","neither",150,80.56,0.537066666666667,0.4069
"A156552_a2","S3","discovered",47,15.61,0.332127659574468,0.2331
"A156552_a3","S3","neither",74.4932375338943,45.53,0.611196418725712,0.4287
"A156552_a4","S3","discovered",94,38.09,0.405212765957447,0.2843
"A161903_a2","S3","discovered",76,15.61,0.205394736842105,0.1546
"A161903_a3","S3","discovered",120.457150054808,85.32,0.708301665456799,0.533
"A161903_a4","S3","discovered",152,43.91,0.288881578947368,0.2174
"A163511_a2","S3","discovered",45,19.2,0.426666666666667,0.2954
"A163511_a3","S3","neither",71.323312532452,51.53,0.722484671145271,0.5002
"A163511_a4","S3","neither",90,73.3,0.814444444444444,0.5639
"A175298_a2","S3","discovered",53,15.03,0.283584905660377,0.2059
"A175298_a3","S3","neither",84.0030125382213,47.53,0.565813041268894,0.4108
"A175298_a4","S3","neither",106,85.32,0.804905660377358,0.5844
"A179016_a2","S3","neither",41,43.53,1.06170731707317,0.7136
"A179016_a3","S3","neither",64.9834625295674,47.53,0.731416858225643,0.4916
"A179016_a4","S3","neither",82,57.55,0.701829268292683,0.4717
"A206913_a2","S3","discovered",49,15.03,0.306734693877551,0.2179
"A206913_a3","S3","neither",77.6631625353367,54.98,0.707928935742015,0.5027
"A206913_a4","S3","neither",98,97.72,0.997142857142857,0.7081
"A206914_a2","S3","discovered",48,15.03,0.313125,0.2211
"A206914_a3","S3","neither",76.0782000346155,47.53,0.624751899734404,0.441
"A206914_a4","S3","neither",96,47.53,0.495104166666667,0.3495
"A225901_a2","S3","discovered",63,15.61,0.247777777777778,0.1881
"A225901_a3","S3","discovered",99.8526375454328,17.86,0.178863577758512,0.1358
"A225901_a4","S3","discovered",126,56.73,0.450238095238095,0.3418
"A233564_a2","S3","neither",42,85.32,2.03142857142857,1.3761
"A233564_a3","S3","neither",66.5684250302886,36.09,0.54214892396176,0.3673
"A233564_a4","S3","neither",84,43.52,0.518095238095238,0.351
"A235265_a2","S3","discovered",31,13.45,0.433870967741935,0.2637
"A235265_a3","S3","discovered",49.1338375223558,15.03,0.305899167618678,0.186
"A235265_a4","S3","neither",62,50.25,0.810483870967742,0.4927
"A235266_a2","S3","discovered",44,15.03,0.341590909090909,0.2349
"A235266_a3","S3","neither",69.7383500317309,54.05,0.775039845012211,0.5328
"A235266_a4","S3","neither",88,58.38,0.663409090909091,0.4561
"A235394_a2","S3","discovered",32,15.03,0.4696875,0.2891
"A235394_a3","S3","neither",50.718800023077,51.41,1.01362808222214,0.6238
"A235394_a4","S3","neither",64,50.25,0.78515625,0.4832
"A235395_a2","S3","discovered",29,15.03,0.518275862068965,0.3068
"A235395_a3","S3","neither",45.9639125209135,48.68,1.05909173806409,0.6268
"A235395_a4","S3","neither",58,48.78,0.841034482758621,0.4977
"A235461_a2","S3","discovered",20,13.45,0.6725,0.3362
"A235461_a3","S3","neither",31.6992500144231,54.73,1.72653927064829,0.8633
"A235461_a4","S3","discovered",40,13.45,0.33625,0.1681
"A235482_a2","S3","discovered",41,15.03,0.366585365853659,0.2465
"A235482_a3","S3","neither",64.9834625295674,51.9,0.798664736838016,0.5368
"A235482_a4","S3","neither",82,49.16,0.599512195121951,0.403
"A255577_a2","S3","neither",29,80.56,2.77793103448276,1.6441
"A255577_a3","S3","neither",45.9639125209135,50.8,1.10521487867,0.6541
"A255577_a4","S3","neither",58,55.73,0.960862068965517,0.5687
"A261423_a2","S3","neither",59,53.54,0.907457627118644,0.6777
"A261423_a3","S3","neither",93.5127875425482,63.81,0.682366569074486,0.5096
"A261423_a4","S3","neither",118,85.32,0.723050847457627,0.54
"A262038_a2","S3","neither",57,85.32,1.49684210526316,1.108
"A262038_a3","S3","neither",90.3428625411059,83.73,0.926802601167336,0.6861
"A262038_a4","S3","neither",114,37.09,0.325350877192983,0.2409
"A263273_a2","S3","discovered",62,15.61,0.251774193548387,0.1904
"A263273_a3","S3","discovered",98.2676750447117,54.38,0.553386451600256,0.4184
"A263273_a4","S3","neither",124,55.96,0.451290322580645,0.3412
"A265509_a2","S3","discovered",57,13.45,0.235964912280702,0.1747
"A265509_a3","S3","neither",90.3428625411059,54.7,0.605471184567697,0.4482
"A265509_a4","S3","discovered",114,101.72,0.892280701754386,0.6605
"A276086_a2","S3","discovered",54,15.61,0.289074074074074,0.211
"A276086_a3","S3","neither",85.5879750389424,99.72,1.16511694492862,0.8502
"A276086_a4","S3","neither",108,43.53,0.403055555555556,0.2941
"A276150_a2","S3","discovered",91,17.86,0.196263736263736,0.1476
"A276150_a3","S3","neither",144.231587565625,52.73,0.365592592371681,0.275
"A276150_a4","S3","discovered",182,52.73,0.289725274725275,0.2179
"A276156_a2","S3","discovered",46,15.61,0.339347826086957,0.2366
"A276156_a3","S3","discovered",72.9082750331732,25.73,0.352909186073774,0.246
"A276156_a4","S3","discovered",92,56.73,0.616630434782609,0.4298
"A278038_a2","S3","neither",25,58.55,2.342,1.3011
"A278038_a3","S3","neither",39.6240625180289,54.38,1.37239839996863,0.7624
"A278038_a4","S3","neither",50,57.71,1.1542,0.6412
"A278222_a2","S3","discovered",75,15.03,0.2004,0.1519
"A278222_a3","S3","neither",118.872187554087,36.09,0.303603397418585,0.23
"A278222_a4","S3","discovered",150,82.15,0.547666666666667,0.4149
"A296712_a2","S3","neither",37,34.09,0.921351351351351,0.5981
"A296712_a3","S3","neither",58.6436125266828,85.32,1.45488990742478,0.9444
"A296712_a4","S3","neither",74,70.5,0.952702702702703,0.6184
"A296882_a2","S3","discovered",47,15.61,0.332127659574468,0.2331
"A296882_a3","S3","discovered",74.4932375338943,15.61,0.209549222409584,0.147
"A296882_a4","S3","discovered",94,15.61,0.166063829787234,0.1165
"A297330_a2","S3","neither",65,86.9,1.33692307692308,1.0105
"A297330_a3","S3","neither",103.022562546875,85.32,0.828168101149488,0.6259
"A297330_a4","S3","neither",130,54.73,0.421,0.3182
"A297770_a2","S3","neither",65,75.13,1.15584615384615,0.8736
"A297770_a3","S3","neither",103.022562546875,52.59,0.510470703697276,0.3858
"A297770_a4","S3","neither",130,48.59,0.373769230769231,0.2825
"A317905_a2","S3","neither",66,82.15,1.24469696969697,0.9442
"A317905_a3","S3","neither",104.607525047596,51.93,0.496427001560088,0.3766
"A317905_a4","S3","neither",132,56.73,0.429772727272727,0.326
"A318928_a2","S3","neither",72,67.88,0.942777777777778,0.7145
"A318928_a3","S3","neither",114.117300051923,54.15,0.4745117521652,0.3596
"A318928_a4","S3","neither",144,54.15,0.376041666666667,0.285
"A326031_a2","S3","discovered",66,55.96,0.847878787878788,0.6359
"A326031_a3","S3","neither",104.607525047596,35.09,0.335444318982158,0.2516
"A326031_a4","S3","neither",132,52.73,0.399469696969697,0.2996
"A327860_a2","S3","discovered",45,28.73,0.638444444444444,0.442
"A327860_a3","S3","neither",71.323312532452,34.09,0.477964339983355,0.3309
"A327860_a4","S3","neither",90,53.73,0.597,0.4133
"A328596_a2","S3","discovered",39,15.03,0.385384615384615,0.2548
"A328596_a3","S3","neither",61.8135375281251,55.73,0.901582440167624,0.596
"A328596_a4","S3","neither",78,48,0.615384615384615,0.4068
"A333219_a2","S3","discovered",62,54.73,0.882741935483871,0.6675
"A333219_a3","S3","neither",98.2676750447117,44.53,0.453150031073177,0.3426
"A333219_a4","S3","neither",124,36.09,0.291048387096774,0.2201
"A337287_a2","S3","neither",41,55.98,1.36536585365854,0.9177
"A337287_a3","S3","neither",64.9834625295674,83.73,1.28848166503752,0.866
"A337287_a4","S3","neither",82,44.59,0.543780487804878,0.3655
"A367905_a2","S3","neither",66,75.13,1.13833333333333,0.8538
"A367905_a3","S3","neither",104.607525047596,52.98,0.506464520366906,0.3799
"A367905_a4","S3","neither",132,52.98,0.401363636363636,0.301
"A367907_a2","S3","neither",41,63.78,1.55560975609756,1.0455
"A367907_a3","S3","neither",64.9834625295674,47.52,0.731262972919894,0.4915
"A367907_a4","S3","neither",82,51.33,0.625975609756098,0.4208
"A385776_a2","S3","discovered",21,15.03,0.715714285714286,0.3667
"A385776_a3","S3","neither",33.2842125151443,49.21,1.47847872253578,0.7573
"A385776_a4","S3","neither",42,50.78,1.20904761904762,0.6192
"A000001_a2","S3","neither",71,86.9,1.22394366197183,0.9245
"A000001_a3","S3","neither",112.532337551202,51.09,0.454002832534729,0.3429
"A000001_a4","S3","neither",142,62.15,0.437676056338028,0.3306
"A000001_a5","S3","neither",164.856894737003,49.25,0.298743950494572,0.2257
"A000001_a7","S3","neither",199.32219946609,57.55,0.288728501662911,0.2181
"A000002_a2","S3","neither",81,69.66,0.86,0.645
"A000002_a3","S3","neither",128.381962558414,58.03,0.452010538268539,0.339
"A000002_a4","S3","neither",162,57.48,0.354814814814815,0.2661
"A000002_a5","S3","neither",188.076175685876,54.43,0.289404013036232,0.2171
"A000002_a7","S3","neither",227.395748686666,55.73,0.245079339969507,0.1838
"A000004_a2","S3","discovered",77,13.45,0.174675324675325,0.1319
"A000004_a3","S3","discovered",122.042112555529,13.45,0.110207859552417,0.0832
"A000004_a4","S3","discovered",154,13.45,0.0873376623376623,0.0659
"A000004_a5","S3","discovered",178.788463306327,13.45,0.0752285676115213,0.0568
"A000004_a7","S3","discovered",216.166328998436,13.45,0.0622206060597779,0.047
"A000005_a2","S3","not_compressed_predicted",78,78.45,1.00576923076923,0.7543
"A000005_a3","S3","discovered",123.62707505625,97.72,0.790441737423113,0.5928
"A000005_a4","S3","discovered",156,97.72,0.626410256410256,0.4698
"A000005_a5","S3","discovered",181.110391401214,97.72,0.539560426345282,0.4047
"A000005_a7","S3","discovered",218.973683920493,97.72,0.446263670823025,0.3347
"A000007_a2","S3","discovered",79,15.03,0.190253164556962,0.1432
"A000007_a3","S3","discovered",125.212037556971,15.03,0.120036382230114,0.0903
"A000007_a4","S3","discovered",158,15.03,0.095126582278481,0.0716
"A000007_a5","S3","discovered",183.432319496102,15.03,0.0819375780739633,0.0617
"A000007_a7","S3","discovered",221.781038842551,15.03,0.0677695445852351,0.051
"A000009_a2","S3","neither",36,75.13,2.08694444444444,1.3416
"A000009_a3","S3","neither",57.0586500259616,41.09,0.720136210395866,0.463
"A000009_a4","S3","neither",72,46.84,0.650555555555556,0.4182
"A000009_a5","S3","neither",83.589411415945,53.29,0.637520938325864,0.4098
"A000009_a7","S3","neither",101.064777194074,42.53,0.420819212991783,0.2705
"A000010_a2","S3","discovered",49,15.7,0.320408163265306,0.2275
"A000010_a3","S3","neither",77.6631625353367,52.73,0.678957671547407,0.4822
"A000010_a4","S3","neither",98,68.17,0.695612244897959,0.494
"A000010_a5","S3","neither",113.774476649481,42.09,0.369942374067533,0.2627
"A000010_a7","S3","neither",137.560391180823,46.59,0.338687609129852,0.2405
"A000012_a2","S3","discovered",68,13.45,0.197794117647059,0.1494
"A000012_a3","S3","discovered",107.777450049039,13.45,0.124794193904943,0.0943
"A000012_a4","S3","discovered",136,13.45,0.0988970588235294,0.0747
"A000012_a5","S3","discovered",157.891110452341,13.45,0.0851852897953991,0.0644
"A000012_a7","S3","discovered",190.900134699917,13.45,0.070455686273572,0.0532
"A000014_a2","S3","neither",20,88.49,4.4245,2.2121
"A000014_a3","S3","neither",31.6992500144231,47.53,1.49940455936257,0.7497
"A000014_a4","S3","neither",40,55.96,1.399,0.6995
"A000014_a5","S3","neither",46.4385618977472,46.53,1.00196901235775,0.501
"A000014_a7","S3","neither",56.1470984411521,53.98,0.961403198004552,0.4807
"A000019_a2","S3","neither",69,75.13,1.08884057971014,0.8166
"A000019_a3","S3","neither",109.36241254976,51.71,0.472831558799711,0.3546
"A000019_a4","S3","neither",138,52.71,0.38195652173913,0.2865
"A000019_a5","S3","neither",160.213038547228,52.71,0.328999440232588,0.2468
"A000019_a7","S3","neither",193.707489621975,52.71,0.27211131641252,0.2041
"A000027_a2","S3","discovered",57,15.61,0.273859649122807,0.2028
"A000027_a3","S3","discovered",90.3428625411059,15.61,0.172786200934218,0.1279
"A000027_a4","S3","discovered",114,15.61,0.136929824561404,0.1014
"A000027_a5","S3","discovered",132.34990140858,15.61,0.117944931079398,0.0873
"A000027_a7","S3","discovered",160.019230557283,15.61,0.097550775276425,0.0722
"A000035_a2","S3","discovered",79,15.61,0.197594936708861,0.1487
"A000035_a3","S3","discovered",125.212037556971,15.61,0.124668524724689,0.0938
"A000035_a4","S3","discovered",158,15.61,0.0987974683544304,0.0744
"A000035_a5","S3","discovered",183.432319496102,15.61,0.0850995072345021,0.064
"A000035_a7","S3","discovered",221.781038842551,15.61,0.070384736591851,0.053
"A000040_a2","S3","discovered",38,15.03,0.395526315789474,0.2592
"A000040_a3","S3","neither",60.2285750274039,53.62,0.890275089118462,0.5832
"A000040_a4","S3","neither",76,50.78,0.668157894736842,0.4377
"A000040_a5","S3","neither",88.2332676057198,49.78,0.564186291076145,0.3696
"A000040_a7","S3","neither",106.679487038189,58.38,0.547246725878061,0.3585
"A000041_a2","S3","neither",30,75.13,2.50433333333333,1.5026
"A000041_a3","S3","neither",47.5488750216347,49.53,1.04166502314648,0.625
"A000041_a4","S3","neither",60,42.53,0.708833333333333,0.4253
"A000041_a5","S3","neither",69.6578428466209,42.53,0.61055580049538,0.3663
"A000041_a7","S3","neither",84.2206476617281,36.09,0.428517246090951,0.2571
"A000043_a2","S3","discovered",30,15.03,0.501,0.3007
"A000043_a3","S3","neither",47.5488750216347,47.19,0.992452502367903,0.5954
"A000043_a4","S3","neither",60,47.9,0.798333333333333,0.479
"A000043_a5","S3","neither",69.6578428466209,42.34,0.607828182294249,0.3647
"A000043_a7","S3","neither",84.2206476617281,51.78,0.614813604948446,0.3689
"A000045_a2","S3","not_compressed_predicted",21,24.11,1.14809523809524,0.5881
"A000045_a3","S3","discovered",33.2842125151443,24.11,0.724367445647992,0.3711
"A000045_a4","S3","discovered",42,24.11,0.574047619047619,0.2941
"A000045_a5","S3","discovered",48.7604899926346,24.11,0.49445770548331,0.2533
"A000045_a7","S3","discovered",58.9544533632097,24.11,0.40895977529402,0.2095
"A000069_a2","S3","discovered",45,17.62,0.391555555555556,0.2711
"A000069_a3","S3","not_compressed_predicted",71.323312532452,116.78,1.63733281382388,1.1335
"A000069_a4","S3","neither",90,58.73,0.652555555555556,0.4518
"A000069_a5","S3","neither",104.486764269931,51.13,0.489344275873169,0.3388
"A000069_a7","S3","neither",126.330971492592,42.09,0.333172455675037,0.2307
"A000120_a2","S3","discovered",79,16.62,0.210379746835443,0.1583
"A000120_a3","S3","discovered",125.212037556971,16.62,0.132734841827312,0.0999
"A000120_a4","S3","discovered",158,16.62,0.105189873417722,0.0791
"A000120_a5","S3","discovered",183.432319496102,16.62,0.0906056252554404,0.0682
"A000120_a7","S3","discovered",221.781038842551,16.62,0.074938777844751,0.0564
"A000123_a2","S3","discovered",31,15.03,0.484838709677419,0.2948
"A000123_a3","S3","neither",49.1338375223558,50.53,1.02841549832148,0.6251
"A000123_a4","S3","neither",62,51.53,0.831129032258065,0.5052
"A000123_a5","S3","neither",71.9797709415082,50.53,0.702002789659631,0.4267
"A000123_a7","S3","neither",87.0280025837857,60.98,0.700694008704748,0.4259
"A000124_a2","S3","discovered",33,17.86,0.541212121212121,0.3371
"A000124_a3","S3","discovered",52.3037625237981,31.98,0.611428288461067,0.3807
"A000124_a4","S3","discovered",66,36.09,0.546818181818182,0.3405
"A000124_a5","S3","discovered",76.623627131283,40.34,0.526469465232748,0.3278
"A000124_a7","S3","discovered",92.6427124279009,36.09,0.389561132809955,0.2426
"A000161_a2","S3","neither",81,71.96,0.888395061728395,0.6663
"A000161_a3","S3","neither",128.381962558414,80.56,0.627502480836008,0.4706
"A000161_a4","S3","neither",162,80.56,0.497283950617284,0.373
"A000161_a5","S3","neither",188.076175685876,80.56,0.428337080473982,0.3213
"A000161_a7","S3","neither",227.395748686666,80.56,0.354272234486695,0.2657
"A000203_a2","S3","neither",50,73.55,1.471,1.0507
"A000203_a3","S3","not_compressed_predicted",79.2481250360578,116.78,1.4735995324415,1.0525
"A000203_a4","S3","not_compressed_predicted",100,116.78,1.1678,0.8341
"A000203_a5","S3","not_compressed_predicted",116.096404744368,116.78,1.00588816903622,0.7185
"A000203_a7","S3","discovered",140.36774610288,116.78,0.831957506209497,0.5942
"A000217_a2","S3","discovered",34,17.86,0.525294117647059,0.3308
"A000217_a3","S3","discovered",53.8887250245193,26.73,0.496022126851914,0.3123
"A000217_a4","S3","discovered",68,37.09,0.545441176470588,0.3435
"A000217_a5","S3","discovered",78.9455552261703,35.09,0.444483541846923,0.2799
"A000217_a7","S3","discovered",95.4500673499585,35.09,0.367626770459426,0.2315
"A000219_a2","S3","neither",21,62.73,2.98714285714286,1.5301
"A000219_a3","S3","neither",33.2842125151443,49.53,1.48809289020925,0.7621
"A000219_a4","S3","neither",42,60.73,1.44595238095238,0.7406
"A000219_a5","S3","neither",48.7604899926346,49.53,1.01578142482739,0.5202
"A000219_a7","S3","neither",58.9544533632097,51.53,0.874064588175066,0.4477
"A000290_a2","S3","discovered",31,15.61,0.503548387096774,0.3062
"A000290_a3","S3","discovered",49.1338375223558,24.11,0.490700527697027,0.2983
"A000290_a4","S3","discovered",62,15.61,0.251774193548387,0.1531
"A000290_a5","S3","discovered",71.9797709415082,26.73,0.371354335396832,0.2257
"A000290_a7","S3","discovered",87.0280025837857,26.73,0.307142519722498,0.1867
"A000292_a2","S3","not_compressed_predicted",25,26.73,1.0692,0.594
"A000292_a3","S3","discovered",39.6240625180289,19.2,0.484554050742879,0.2692
"A000292_a4","S3","discovered",50,36.09,0.7218,0.401
"A000292_a5","S3","discovered",58.0482023721841,43.26,0.745242716090199,0.4141
"A000292_a7","S3","not_compressed_predicted",70.1838730514401,82.15,1.17049681683696,0.6502
"A000326_a2","S3","discovered",27,17.86,0.661481481481481,0.3801
"A000326_a3","S3","discovered",42.7939875194712,15.61,0.364770868638906,0.2096
"A000326_a4","S3","discovered",54,28.73,0.532037037037037,0.3056
"A000326_a5","S3","discovered",62.6920585619588,36.09,0.575670999291436,0.3307
"A000326_a7","S3","discovered",75.7985828955553,37.09,0.489323132216168,0.2811
"A000330_a2","S3","discovered",25,17.86,0.7144,0.397
"A000330_a3","S3","discovered",39.6240625180289,26.06,0.657681175122887,0.3654
"A000330_a4","S3","discovered",50,17.86,0.3572,0.1985
"A000330_a5","S3","discovered",58.0482023721841,41.34,0.712166756430163,0.3957
"A000330_a7","S3","discovered",70.1838730514401,53.54,0.76285331191054,0.4238
"A000578_a2","S3","discovered",24,15.61,0.650416666666667,0.3549
"A000578_a3","S3","discovered",38.0391000173077,15.61,0.410367227218769,0.2239
"A000578_a4","S3","discovered",48,17.86,0.372083333333333,0.203
"A000578_a5","S3","discovered",55.7262742772967,28.73,0.515555729727024,0.2812
"A000578_a7","S3","discovered",67.3765181293825,28.73,0.426409686900562,0.2326
"A000593_a2","S3","neither",55,73.55,1.33727272727273,0.9806
"A000593_a3","S3","neither",87.1729375396636,47.84,0.548794171106519,0.4025
"A000593_a4","S3","neither",110,114.45,1.04045454545455,0.763
"A000593_a5","S3","neither",127.706045218805,47.53,0.372182851004152,0.2729
"A000593_a7","S3","neither",154.404520713168,47.53,0.307827774604442,0.2257
"A000688_a2","S3","neither",81,53.73,0.663333333333333,0.5022
"A000688_a3","S3","neither",128.381962558414,52.66,0.410182232383617,0.3105
"A000688_a4","S3","neither",162,47.84,0.295308641975309,0.2236
"A000688_a5","S3","neither",188.076175685876,47.84,0.254365018990508,0.1926
"A000688_a7","S3","neither",227.395748686666,47.84,0.210382121373429,0.1593
"A000720_a2","S3","neither",58,56.55,0.975,0.725
"A000720_a3","S3","neither",91.927825041827,85.32,0.928119423702013,0.6901
"A000720_a4","S3","neither",116,54.55,0.470258620689655,0.3497
"A000720_a5","S3","neither",134.671829503467,55.73,0.413820768645348,0.3077
"A000720_a7","S3","neither",162.826585479341,55.73,0.342265974785001,0.2545
"A000793_a2","S3","neither",28,65.56,2.34142857142857,1.3658
"A000793_a3","S3","neither",44.3789500201924,61.73,1.39097477457022,0.8114
"A000793_a4","S3","neither",56,44.53,0.795178571428571,0.4638
"A000793_a5","S3","neither",65.0139866568461,53.73,0.82643755233155,0.4821
"A000793_a7","S3","neither",78.6059378176129,36.09,0.459125620811733,0.2678
"A000796_a2","S3","neither",79,76.72,0.971139240506329,0.7306
"A000796_a3","S3","neither",125.212037556971,48.53,0.387582543554719,0.2916
"A000796_a4","S3","neither",158,47.59,0.30120253164557,0.2266
"A000796_a5","S3","neither",183.432319496102,53.41,0.291170062869619,0.2191
"A000796_a7","S3","neither",221.781038842551,48.59,0.219089964830111,0.1648
"A000959_a2","S3","discovered",37,13.45,0.363513513513514,0.2359
"A000959_a3","S3","neither",58.6436125266828,57.13,0.974189643825334,0.6323
"A000959_a4","S3","neither",74,48.53,0.655810810810811,0.4257
"A000959_a5","S3","neither",85.9113395108324,43.53,0.506685150619859,0.3289
"A000959_a7","S3","neither",103.872132116131,35.09,0.33781919447623,0.2193
"A000961_a2","S3","neither",44,68.29,1.55204545454545,1.067
"A000961_a3","S3","neither",69.7383500317309,44.53,0.638529589239477,0.439
"A000961_a4","S3","neither",88,66.58,0.756590909090909,0.5202
"A000961_a5","S3","neither",102.164836175044,66.58,0.651691937193784,0.4481
"A000961_a7","S3","neither",123.523616570535,66.58,0.539006239037548,0.3706
"A001037_a2","S3","neither",21,51.53,2.45380952380952,1.2568
"A001037_a3","S3","neither",33.2842125151443,49.77,1.49530351596435,0.7658
"A001037_a4","S3","neither",42,48.53,1.15547619047619,0.5918
"A001037_a5","S3","neither",48.7604899926346,61.98,1.27111109854233,0.6511
"A001037_a7","S3","neither",58.9544533632097,42.53,0.721404365128771,0.3695
"A001055_a2","S3","neither",78,71.96,0.922564102564102,0.6987
"A001055_a3","S3","neither",123.62707505625,49.53,0.400640393517876,0.3034
"A001055_a4","S3","neither",156,45.59,0.29224358974359,0.2213
"A001055_a5","S3","neither",181.110391401214,45.59,0.251724926699564,0.1906
"A001055_a7","S3","neither",218.973683920493,45.59,0.20819853410583,0.1577
"A001065_a2","S3","neither",60,114.45,1.9075,1.4307
"A001065_a3","S3","neither",95.0977500432694,56.3,0.592022418767884,0.444
"A001065_a4","S3","neither",120,46.78,0.389833333333333,0.2924
"A001065_a5","S3","discovered",139.315685693242,116.78,0.838240140863514,0.6287
"A001065_a7","S3","neither",168.441295323456,55.55,0.329788487397511,0.2473
"A001097_a2","S3","discovered",37,13.45,0.363513513513514,0.2359
"A001097_a3","S3","discovered",58.6436125266828,28.84,0.491784164675698,0.3193
"A001097_a4","S3","neither",74,50.07,0.676621621621622,0.4392
"A001097_a5","S3","neither",85.9113395108324,42.53,0.495045243644903,0.3213
"A001097_a7","S3","neither",103.872132116131,52.99,0.510146455266327,0.3312
"A001113_a2","S3","neither",79,52.98,0.670632911392405,0.5046
"A001113_a3","S3","neither",125.212037556971,58.93,0.470641650354,0.3541
"A001113_a4","S3","neither",158,57.16,0.361772151898734,0.2722
"A001113_a5","S3","neither",183.432319496102,48.59,0.264893341225141,0.1993
"A001113_a7","S3","neither",221.781038842551,53.73,0.24226597675081,0.1823
"A001157_a2","S3","neither",30,73.55,2.45166666666667,1.4709
"A001157_a3","S3","neither",47.5488750216347,43.53,0.915479072432185,0.5492
"A001157_a4","S3","not_compressed_predicted",60,116.78,1.94633333333333,1.1678
"A001157_a5","S3","neither",69.6578428466209,54.73,0.78569760077856,0.4714
"A001157_a7","S3","neither",84.2206476617281,43.53,0.51685662849374,0.3101
"A001221_a2","S3","neither",84,95.72,1.13952380952381,0.8623
"A001221_a3","S3","neither",133.136850060577,83.73,0.628901765077835,0.4759
"A001221_a4","S3","neither",168,105.72,0.629285714285714,0.4762
"A001221_a5","S3","neither",195.041959970538,105.72,0.542037210946656,0.4102
"A001221_a7","S3","neither",235.817813452839,105.72,0.448312188345954,0.3392
"A001222_a2","S3","neither",84,53.98,0.642619047619048,0.4863
"A001222_a3","S3","neither",133.136850060577,51.88,0.389674233515324,0.2949
"A001222_a4","S3","neither",168,56.93,0.338869047619048,0.2564
"A001222_a5","S3","neither",195.041959970538,61.88,0.3172650644474,0.2401
"A001222_a7","S3","neither",235.817813452839,53.54,0.227039676163851,0.1718
"A001227_a2","S3","neither",79,73.55,0.931012658227848,0.7004
"A001227_a3","S3","discovered",125.212037556971,116.78,0.932657931924998,0.7017
"A001227_a4","S3","discovered",158,116.78,0.739113924050633,0.5561
"A001227_a5","S3","discovered",183.432319496102,116.78,0.636638081668492,0.479
"A001227_a7","S3","discovered",221.781038842551,116.78,0.526555383676897,0.3962
"A001285_a2","S3","discovered",77,17.62,0.228831168831169,0.1727
"A001285_a3","S3","discovered",122.042112555529,97.72,0.800707214532504,0.6044
"A001285_a4","S3","discovered",154,101.72,0.660519480519481,0.4986
"A001285_a5","S3","neither",178.788463306327,62.5,0.349575128306326,0.2639
"A001285_a7","S3","neither",216.166328998436,116.78,0.540232146889284,0.4078
"A001358_a2","S3","neither",41,85.32,2.0809756097561,1.3986
"A001358_a3","S3","neither",64.9834625295674,50.33,0.774504743835401,0.5206
"A001358_a4","S3","neither",82,55.13,0.672317073170732,0.4519
"A001358_a5","S3","neither",95.1990518903819,42.59,0.447378405081605,0.3007
"A001358_a7","S3","neither",115.101551804362,43.78,0.380359771989981,0.2556
"A001462_a2","S3","neither",63,71.96,1.14222222222222,0.8567
"A001462_a3","S3","neither",99.8526375454328,68.17,0.68270605239629,0.512
"A001462_a4","S3","neither",126,36.09,0.286428571428571,0.2148
"A001462_a5","S3","neither",146.281469977904,97.72,0.66802719452273,0.501
"A001462_a7","S3","neither",176.863360089629,51.13,0.289093229791003,0.2168
"A001477_a2","S3","discovered",58,15.61,0.269137931034483,0.2002
"A001477_a3","S3","discovered",91.927825041827,15.61,0.169807128504318,0.1263
"A001477_a4","S3","discovered",116,15.61,0.134568965517241,0.1001
"A001477_a5","S3","discovered",134.671829503467,15.61,0.115911397784925,0.0862
"A001477_a7","S3","discovered",162.826585479341,15.61,0.095868865357866,0.0713
"A001481_a2","S3","neither",46,85.32,1.85478260869565,1.2927
"A001481_a3","S3","neither",72.9082750331732,46.53,0.638199161601737,0.4448
"A001481_a4","S3","neither",92,43.59,0.473804347826087,0.3302
"A001481_a5","S3","neither",106.808692364819,66.33,0.62101687167409,0.4328
"A001481_a7","S3","neither",129.13832641465,36.09,0.27946776918975,0.1948
"A001511_a2","S3","discovered",79,49.62,0.628101265822785,0.4726
"A001511_a3","S3","discovered",125.212037556971,49.62,0.39628777686349,0.2982
"A001511_a4","S3","discovered",158,49.62,0.314050632911392,0.2363
"A001511_a5","S3","discovered",183.432319496102,49.62,0.270508491286098,0.2035
"A001511_a7","S3","discovered",221.781038842551,49.62,0.223734185117722,0.1683
"A001615_a2","S3","discovered",49,15.7,0.320408163265306,0.2275
"A001615_a3","S3","neither",77.6631625353367,99.72,1.28400642910502,0.9118
"A001615_a4","S3","neither",98,50.53,0.515612244897959,0.3661
"A001615_a5","S3","neither",113.774476649481,52.98,0.465658041769967,0.3307
"A001615_a7","S3","neither",137.560391180823,47.84,0.347774527168322,0.247
"A001622_a2","S3","neither",79,73.55,0.931012658227848,0.7004
"A001622_a3","S3","neither",125.212037556971,54.81,0.437737465737362,0.3293
"A001622_a4","S3","neither",158,56.35,0.356645569620253,0.2683
"A001622_a5","S3","neither",183.432319496102,56.58,0.308451641212564,0.2321
"A001622_a7","S3","neither",221.781038842551,42.09,0.189781778549072,0.1428
"A001969_a2","S3","discovered",45,16.62,0.369333333333333,0.2557
"A001969_a3","S3","not_compressed_predicted",71.323312532452,99.72,1.39814033391435,0.9679
"A001969_a4","S3","neither",90,64.81,0.720111111111111,0.4985
"A001969_a5","S3","neither",104.486764269931,56.98,0.54533222842271,0.3775
"A001969_a7","S3","neither",126.330971492592,57.73,0.456974242483247,0.3164
"A002033_a2","S3","neither",72,75.13,1.04347222222222,0.7826
"A002033_a3","S3","neither",114.117300051923,43.59,0.381975388308053,0.2865
"A002033_a4","S3","neither",144,43.59,0.302708333333333,0.227
"A002033_a5","S3","neither",167.17882283189,43.59,0.260738766200267,0.1956
"A002033_a7","S3","neither",202.129554388148,43.59,0.215653767861648,0.1617
"A002106_a2","S3","neither",27,49.53,1.83444444444444,1.0538
"A002106_a3","S3","neither",42.7939875194712,51.58,1.20530950700799,0.6925
"A002106_a4","S3","neither",54,62.5,1.15740740740741,0.6649
"A002106_a5","S3","neither",62.6920585619588,42.53,0.678395333883756,0.3897
"A002106_a7","S3","neither",75.7985828955553,44.53,0.587478001552601,0.3375
"A002113_a2","S3","neither",41,83.73,2.04219512195122,1.3726
"A002113_a3","S3","neither",64.9834625295674,85.32,1.31294942865163,0.8824
"A002113_a4","S3","neither",82,83.73,1.02109756097561,0.6863
"A002113_a5","S3","neither",95.1990518903819,82.15,0.862928762090957,0.58
"A002113_a7","S3","neither",115.101551804362,48.53,0.421627677813471,0.2834
"A002322_a2","S3","discovered",61,15.7,0.257377049180328,0.1938
"A002322_a3","S3","neither",96.6827125439905,44.59,0.461199306750021,0.3473
"A002322_a4","S3","neither",122,49.84,0.408524590163934,0.3077
"A002322_a5","S3","neither",141.637613788129,42.09,0.297166825070641,0.2238
"A002322_a7","S3","neither",171.248650245514,46.59,0.272060538481357,0.2049
"A002378_a2","S3","discovered",31,13.45,0.433870967741935,0.2637
"A002378_a3","S3","discovered",49.1338375223558,28.73,0.58472941355187,0.3554
"A002378_a4","S3","discovered",62,24.73,0.398870967741935,0.2424
"A002378_a5","S3","discovered",71.9797709415082,28.73,0.399139919788664,0.2426
"A002378_a7","S3","discovered",87.0280025837857,28.73,0.330123628568177,0.2007
"A002487_a2","S3","discovered",69,24.11,0.349420289855072,0.2621
"A002487_a3","S3","not_compressed_predicted",109.36241254976,116.78,1.06782574814601,0.8008
"A002487_a4","S3","discovered",138,116.78,0.846231884057971,0.6347
"A002487_a5","S3","discovered",160.213038547228,116.78,0.728904470316099,0.5467
"A002487_a7","S3","discovered",193.707489621975,116.78,0.602867758122824,0.4521
"A002572_a2","S3","neither",21,73.55,3.50238095238095,1.7938
"A002572_a3","S3","neither",33.2842125151443,45.53,1.36791579429088,0.7006
"A002572_a4","S3","neither",42,34.09,0.811666666666667,0.4158
"A002572_a5","S3","neither",48.7604899926346,50.53,1.03628983235469,0.5307
"A002572_a7","S3","neither",58.9544533632097,49.53,0.840140094164778,0.4303
"A002620_a2","S3","discovered",38,25.73,0.677105263157895,0.4436
"A002620_a3","S3","discovered",60.2285750274039,28.73,0.477016100529157,0.3125
"A002620_a4","S3","discovered",76,28.73,0.378026315789474,0.2477
"A002620_a5","S3","discovered",88.2332676057198,28.73,0.325614145090752,0.2133
"A002620_a7","S3","discovered",106.679487038189,28.73,0.269311381200355,0.1764
"A002654_a2","S3","neither",79,73.55,0.931012658227848,0.7004
"A002654_a3","S3","neither",125.212037556971,75.3,0.601379879037098,0.4525
"A002654_a4","S3","compressed_only",158,116.78,0.739113924050633,0.5561
"A002654_a5","S3","neither",183.432319496102,53.73,0.292914575509917,0.2204
"A002654_a7","S3","neither",221.781038842551,41.09,0.185272826813527,0.1394
"A002808_a2","S3","neither",44,60.58,1.37681818181818,0.9466
"A002808_a3","S3","neither",69.7383500317309,51.99,0.745500861095002,0.5126
"A002808_a4","S3","neither",88,53.73,0.610568181818182,0.4198
"A002808_a5","S3","neither",102.164836175044,53.73,0.525914806029168,0.3616
"A002808_a7","S3","neither",123.523616570535,49.21,0.398385356308768,0.2739
"A003136_a2","S3","neither",44,54.55,1.23977272727273,0.8524
"A003136_a3","S3","neither",69.7383500317309,55.73,0.799129890148575,0.5494
"A003136_a4","S3","neither",88,52.33,0.594659090909091,0.4089
"A003136_a5","S3","neither",102.164836175044,47.53,0.46522856375519,0.3198
"A003136_a7","S3","neither",123.523616570535,63.75,0.516095640412191,0.3548
"A003415_a2","S3","neither",59,55.98,0.948813559322034,0.7086
"A003415_a3","S3","neither",93.5127875425482,45.53,0.486885282713703,0.3636
"A003415_a4","S3","neither",118,56.99,0.482966101694915,0.3607
"A003415_a5","S3","neither",136.993757598354,53.73,0.392207651953956,0.2929
"A003415_a7","S3","neither",165.633940401399,45.78,0.276392627556021,0.2064
"A003484_a2","S3","neither",77,70.38,0.914025974025974,0.69
"A003484_a3","S3","neither",122.042112555529,63.81,0.522852306173957,0.3947
"A003484_a4","S3","neither",154,80.56,0.523116883116883,0.3949
"A003484_a5","S3","neither",178.788463306327,57.25,0.320210817528594,0.2417
"A003484_a7","S3","neither",216.166328998436,54.3,0.251195457921631,0.1896
"A004011_a2","S3","discovered",33,15.03,0.455454545454545,0.2837
"A004011_a3","S3","discovered",52.3037625237981,15.03,0.287359824126637,0.179
"A004011_a4","S3","discovered",66,15.03,0.227727272727273,0.1418
"A004011_a5","S3","neither",76.623627131283,59.73,0.779524570112841,0.4854
"A004011_a7","S3","neither",92.6427124279009,53.73,0.579970065554971,0.3611
"A004018_a2","S3","discovered",77,15.03,0.195194805194805,0.1474
"A004018_a3","S3","neither",122.042112555529,75.3,0.617000135635464,0.4658
"A004018_a4","S3","discovered",154,15.03,0.0975974025974026,0.0737
"A004018_a5","S3","neither",178.788463306327,54.73,0.306115948355283,0.2311
"A004018_a7","S3","neither",216.166328998436,53.73,0.248558599523559,0.1876
"A004526_a2","S3","discovered",54,17.86,0.330740740740741,0.2414
"A004526_a3","S3","discovered",85.5879750389424,17.86,0.208674174051597,0.1523
"A004526_a4","S3","discovered",108,17.86,0.16537037037037,0.1207
"A004526_a5","S3","discovered",125.384117123918,17.86,0.142442283836867,0.104
"A004526_a7","S3","discovered",151.597165791111,17.86,0.117812228921283,0.086
"A005100_a2","S3","neither",46,76.72,1.66782608695652,1.1624
"A005100_a3","S3","neither",72.9082750331732,25.73,0.352909186073774,0.246
"A005100_a4","S3","neither",92,35.09,0.381413043478261,0.2659
"A005100_a5","S3","neither",106.808692364819,83.73,0.783924961032287,0.5464
"A005100_a7","S3","neither",129.13832641465,35.09,0.271724134687402,0.1894
"A005101_a2","S3","discovered",42,13.45,0.320238095238095,0.2169
"A005101_a3","S3","neither",66.5684250302886,46.53,0.698980034135236,0.4735
"A005101_a4","S3","neither",84,35.09,0.417738095238095,0.283
"A005101_a5","S3","neither",97.5209799852692,51.78,0.530962670881912,0.3597
"A005101_a7","S3","neither",117.908906726419,53.08,0.450178035516519,0.305
"A005117_a2","S3","neither",51,73.55,1.4421568627451,1.0359
"A005117_a3","S3","neither",80.833087536779,53.5,0.661857682668098,0.4754
"A005117_a4","S3","neither",102,52.73,0.516960784313725,0.3714
"A005117_a5","S3","neither",118.418332839255,34.09,0.287877722837686,0.2068
"A005117_a7","S3","neither",143.175101024938,40.09,0.280006786885502,0.2011
"A005408_a2","S3","discovered",46,13.45,0.292391304347826,0.2038
"A005408_a3","S3","discovered",72.9082750331732,19.19,0.263207434152962,0.1834
"A005408_a4","S3","discovered",92,15.61,0.169673913043478,0.1183
"A005408_a5","S3","discovered",106.808692364819,22.48,0.210469761423693,0.1467
"A005408_a7","S3","discovered",129.13832641465,22.48,0.17407690361279,0.1213
"A005811_a2","S3","discovered",71,15.61,0.219859154929577,0.1661
"A005811_a3","S3","neither",112.532337551202,48.53,0.431253816067927,0.3257
"A005811_a4","S3","neither",142,49.53,0.348802816901408,0.2634
"A005811_a5","S3","neither",164.856894737003,48.53,0.294376526243687,0.2223
"A005811_a7","S3","neither",199.32219946609,54.71,0.27448021417859,0.2073
"A005843_a2","S3","discovered",41,13.45,0.328048780487805,0.2205
"A005843_a3","S3","discovered",64.9834625295674,18.19,0.279917371157678,0.1881
"A005843_a4","S3","discovered",82,22.48,0.274146341463415,0.1843
"A005843_a5","S3","discovered",95.1990518903819,22.48,0.236136805499753,0.1587
"A005843_a7","S3","discovered",115.101551804362,22.48,0.195305794297277,0.1313
"A006530_a2","S3","discovered",65,54.73,0.842,0.6364
"A006530_a3","S3","neither",103.022562546875,43.53,0.422528802661008,0.3193
"A006530_a4","S3","neither",130,51.28,0.394461538461538,0.2981
"A006530_a5","S3","neither",150.925326167679,52.73,0.349378075495539,0.2641
"A006530_a7","S3","neither",182.478069933744,55.5,0.304146136684542,0.2299
"A007318_a2","S3","neither",58,71.96,1.24068965517241,0.9226
"A007318_a3","S3","neither",91.927825041827,66.92,0.727962398431068,0.5413
"A007318_a4","S3","neither",116,49.69,0.428362068965517,0.3185
"A007318_a5","S3","neither",134.671829503467,49.69,0.368971002942533,0.2744
"A007318_a7","S3","neither",162.826585479341,49.69,0.305171295299959,0.2269
"A008277_a2","S3","neither",46,75.13,1.63326086956522,1.1384
"A008277_a3","S3","neither",72.9082750331732,55.16,0.756567069717426,0.5273
"A008277_a4","S3","neither",92,52.94,0.575434782608696,0.4011
"A008277_a5","S3","neither",106.808692364819,46,0.430676558073393,0.3002
"A008277_a7","S3","neither",129.13832641465,52.56,0.407005429443427,0.2837
"A008279_a2","S3","neither",35,71.96,2.056,1.3084
"A008279_a3","S3","neither",55.4736875252405,52.5,0.946394630357186,0.6023
"A008279_a4","S3","neither",70,46.53,0.664714285714286,0.423
"A008279_a5","S3","neither",81.2674833210577,59.33,0.730058291156983,0.4646
"A008279_a7","S3","neither",98.2574222720161,46.53,0.473552011889608,0.3013
"A008292_a2","S3","neither",35,71.96,2.056,1.3084
"A008292_a3","S3","neither",55.4736875252405,53.98,0.973073945651065,0.6192
"A008292_a4","S3","neither",70,51.73,0.739,0.4703
"A008292_a5","S3","neither",81.2674833210577,45.53,0.560248676830903,0.3565
"A008292_a7","S3","neither",98.2574222720161,53.98,0.549373256002601,0.3496
"A010060_a2","S3","discovered",79,16.62,0.210379746835443,0.1583
"A010060_a3","S3","discovered",125.212037556971,16.62,0.132734841827312,0.0999
"A010060_a4","S3","discovered",158,16.62,0.105189873417722,0.0791
"A010060_a5","S3","discovered",183.432319496102,16.62,0.0906056252554404,0.0682
"A010060_a7","S3","discovered",221.781038842551,16.62,0.074938777844751,0.0564
"A018252_a2","S3","neither",45,68.17,1.51488888888889,1.0487
"A018252_a3","S3","neither",71.323312532452,40.09,0.562088307126216,0.3892
"A018252_a4","S3","neither",90,60.73,0.674777777777778,0.4672
"A018252_a5","S3","neither",104.486764269931,60.73,0.581221941595492,0.4024
"A018252_a7","S3","neither",126.330971492592,60.73,0.480721388290449,0.3328
"A020639_a2","S3","discovered",73,15.61,0.213835616438356,0.161
"A020639_a3","S3","neither",115.702262552644,52.98,0.457899429372819,0.3446
"A020639_a4","S3","neither",146,82.15,0.562671232876712,0.4234
"A020639_a5","S3","neither",169.500750926777,50.93,0.300470645242163,0.2261
"A020639_a7","S3","neither",204.936909310205,53.13,0.259250518507524,0.1951
"A020652_a2","S3","neither",73,73.55,1.00753424657534,0.7582
"A020652_a3","S3","neither",115.702262552644,43.59,0.376742848742189,0.2835
"A020652_a4","S3","neither",146,43.59,0.298561643835616,0.2247
"A020652_a5","S3","neither",169.500750926777,43.59,0.257167002279715,0.1935
"A020652_a7","S3","neither",204.936909310205,43.59,0.212699606658064,0.1601
"A020653_a2","S3","neither",72,54.73,0.760138888888889,0.5701
"A020653_a3","S3","neither",114.117300051923,52.94,0.463908627139902,0.3479
"A020653_a4","S3","neither",144,56,0.388888888888889,0.2917
"A020653_a5","S3","neither",167.17882283189,39.59,0.236812290751745,0.1776
"A020653_a7","S3","neither",202.129554388148,53.73,0.265819613379361,0.1994
"A025487_a2","S3","discovered",34,15.03,0.442058823529412,0.2784
"A025487_a3","S3","neither",53.8887250245193,66.58,1.23550891155258,0.7779
"A025487_a4","S3","neither",68,101.72,1.49588235294118,0.9418
"A025487_a5","S3","neither",78.9455552261703,41.09,0.520485287389286,0.3277
"A025487_a7","S3","neither",95.4500673499585,42.09,0.440963544275784,0.2777
"A027642_a2","S3","discovered",42,19.2,0.457142857142857,0.3097
"A027642_a3","S3","discovered",66.5684250302886,17.86,0.268295366637767,0.1818
"A027642_a4","S3","discovered",84,26.06,0.310238095238095,0.2102
"A027642_a5","S3","neither",97.5209799852692,55.73,0.571466775748338,0.3871
"A027642_a7","S3","neither",117.908906726419,38.09,0.323045994212966,0.2189
"A038566_a2","S3","neither",72,69.46,0.964722222222222,0.7236
"A038566_a3","S3","neither",114.117300051923,51.13,0.448047754168175,0.336
"A038566_a4","S3","neither",144,57.25,0.397569444444444,0.2982
"A038566_a5","S3","neither",167.17882283189,48.66,0.291065573831268,0.2183
"A038566_a7","S3","neither",202.129554388148,48.66,0.240736690620505,0.1806
"A038567_a2","S3","neither",58,68.96,1.18896551724138,0.8841
"A038567_a3","S3","neither",91.927825041827,71.4,0.776696282844863,0.5775
"A038567_a4","S3","neither",116,71.4,0.61551724137931,0.4577
"A038567_a5","S3","neither",134.671829503467,71.4,0.530177693904143,0.3942
"A038567_a7","S3","neither",162.826585479341,71.4,0.438503330336427,0.3261
"A038568_a2","S3","neither",71,72.09,1.01535211267606,0.7669
"A038568_a3","S3","neither",112.532337551202,52.17,0.463600073856661,0.3502
"A038568_a4","S3","neither",142,51.49,0.362605633802817,0.2739
"A038568_a5","S3","neither",164.856894737003,56.04,0.339931187527225,0.2567
"A038568_a7","S3","neither",199.32219946609,43.59,0.218691144873784,0.1652
"A038569_a2","S3","neither",71,76.72,1.08056338028169,0.8161
"A038569_a3","S3","neither",112.532337551202,68.92,0.612446177692181,0.4626
"A038569_a4","S3","neither",142,50.44,0.355211267605634,0.2683
"A038569_a5","S3","neither",164.856894737003,50.44,0.305962332242563,0.2311
"A038569_a7","S3","neither",199.32219946609,50.44,0.253057612925755,0.1911
"A056239_a2","S3","neither",69,56.71,0.821884057971014,0.6232
"A056239_a3","S3","neither",109.36241254976,47.46,0.433969943543498,0.3291
"A056239_a4","S3","neither",138,46.53,0.337173913043478,0.2556
"A056239_a5","S3","neither",160.213038547228,47.68,0.297603743317962,0.2257
"A056239_a7","S3","neither",193.707489621975,62.17,0.32094783800733,0.2433
"A070939_a2","S3","discovered",79,13.45,0.170253164556962,0.1281
"A070939_a3","S3","discovered",125.212037556971,13.45,0.107417787158685,0.0808
"A070939_a4","S3","discovered",158,13.45,0.085126582278481,0.064
"A070939_a5","S3","discovered",183.432319496102,13.45,0.0733240469124954,0.0552
"A070939_a7","S3","discovered",221.781038842551,13.45,0.0606454008430747,0.0456
"A074206_a2","S3","neither",73,86.9,1.19041095890411,0.8959
"A074206_a3","S3","neither",115.702262552644,53.98,0.466542302709415,0.3511
"A074206_a4","S3","neither",146,47.78,0.327260273972603,0.2463
"A074206_a5","S3","neither",169.500750926777,47.78,0.281886656777352,0.2121
"A074206_a7","S3","neither",204.936909310205,47.78,0.233144923287963,0.1754
"A104725_a2","S3","neither",65,53.98,0.830461538461538,0.6277
"A104725_a3","S3","neither",103.022562546875,47.84,0.464364298628593,0.351
"A104725_a4","S3","neither",130,47.84,0.368,0.2781
"A104725_a5","S3","neither",150.925326167679,47.78,0.31658039914995,0.2393
"A104725_a7","S3","neither",182.478069933744,39.34,0.215587549858917,0.163
"A112798_a2","S3","neither",77,69.59,0.903766233766234,0.6822
"A112798_a3","S3","neither",122.042112555529,47.84,0.391995836504656,0.2959
"A112798_a4","S3","neither",154,56.2,0.364935064935065,0.2755
"A112798_a5","S3","neither",178.788463306327,54.73,0.306115948355283,0.2311
"A112798_a7","S3","neither",216.166328998436,54.73,0.253184666888598,0.1911
"A217831_a2","S3","neither",72,57.55,0.799305555555555,0.5995
"A217831_a3","S3","neither",114.117300051923,86.9,0.761497160907773,0.5711
"A217831_a4","S3","neither",144,86.9,0.603472222222222,0.4526
"A217831_a5","S3","neither",167.17882283189,86.9,0.519802679119137,0.3899
"A217831_a7","S3","neither",202.129554388148,86.9,0.42992228555121,0.3224
"A226898_a2","S3","neither",69,66.16,0.958840579710145,0.7191
"A226898_a3","S3","neither",109.36241254976,53.03,0.484901519302817,0.3637
"A226898_a4","S3","neither",138,53.03,0.384275362318841,0.2882
"A226898_a5","S3","neither",160.213038547228,53.03,0.330996780791769,0.2483
"A226898_a7","S3","neither",193.707489621975,53.03,0.273763291773021,0.2053
"A246655_a2","S3","neither",41,62.23,1.51780487804878,1.0202
"A246655_a3","S3","neither",64.9834625295674,54.64,0.840829310613279,0.5651
"A246655_a4","S3","neither",82,67.83,0.827195121951219,0.556
"A246655_a5","S3","neither",95.1990518903819,67.83,0.712507095954104,0.4789
"A246655_a7","S3","neither",115.101551804362,67.83,0.589305695159443,0.3961
"tot3_0000","S4","discovered",594.360937770434,15.03,0.025287664523144,0.019
"tot3_0001","S4","discovered",594.360937770434,15.61,0.0262635025420012,0.0197
"tot3_0002","S4","discovered",594.360937770434,22.48,0.0378221356274303,0.0284
"tot3_0003","S4","discovered",594.360937770434,15.7,0.0264149256828583,0.0198
"tot3_0004","S4","discovered",594.360937770434,17.86,0.0300490810634299,0.0225
"tot3_0005","S4","discovered",594.360937770434,24.73,0.041607714148859,0.0312
"tot3_0006","S4","discovered",594.360937770434,22.48,0.0378221356274303,0.0284
"tot3_0007","S4","discovered",594.360937770434,17.86,0.0300490810634299,0.0225
"tot3_0008","S4","discovered",594.360937770434,28.84,0.0485227042480022,0.0364
"tot3_0009","S4","discovered",594.360937770434,15.03,0.025287664523144,0.019
"tot3_0010","S4","discovered",594.360937770434,15.61,0.0262635025420012,0.0197
"tot3_0011","S4","discovered",594.360937770434,22.48,0.0378221356274303,0.0284
"tot3_0012","S4","discovered",594.360937770434,46.78,0.0787063836588607,0.059
"tot3_0013","S4","discovered",594.360937770434,17.86,0.0300490810634299,0.0225
"tot3_0014","S4","discovered",594.360937770434,24.73,0.041607714148859,0.0312
"tot3_0015","S4","discovered",594.360937770434,22.48,0.0378221356274303,0.0284
"tot3_0016","S4","discovered",594.360937770434,17.86,0.0300490810634299,0.0225
"tot3_0017","S4","discovered",594.360937770434,28.84,0.0485227042480022,0.0364
"tot3_0018","S4","discovered",594.360937770434,15.03,0.025287664523144,0.019
"tot3_0019","S4","discovered",594.360937770434,15.61,0.0262635025420012,0.0197
"tot3_0020","S4","discovered",594.360937770434,22.48,0.0378221356274303,0.0284
"tot3_0021","S4","discovered",594.360937770434,80.56,0.135540535860578,0.1017
"tot3_0022","S4","discovered",594.360937770434,17.86,0.0300490810634299,0.0225
"tot3_0023","S4","discovered",594.360937770434,24.73,0.041607714148859,0.0312
"tot3_0024","S4","discovered",594.360937770434,22.48,0.0378221356274303,0.0284
"tot3_0025","S4","discovered",594.360937770434,17.86,0.0300490810634299,0.0225
"tot3_0026","S4","discovered",594.360937770434,28.84,0.0485227042480022,0.0364
"tot3_0027","S4","discovered",594.360937770434,15.03,0.025287664523144,0.019
"tot3_0028","S4","discovered",594.360937770434,64.81,0.109041486210576,0.0818
"tot3_0029","S4","discovered",594.360937770434,22.48,0.0378221356274303,0.0284
"tot3_0030","S4","discovered",594.360937770434,13.45,0.0226293471614296,0.017
"tot3_0031","S4","discovered",594.360937770434,13.45,0.0226293471614296,0.017
"tot3_0032","S4","discovered",594.360937770434,13.45,0.0226293471614296,0.017
"tot3_0033","S4","discovered",594.360937770434,22.48,0.0378221356274303,0.0284
"tot3_0034","S4","neither",594.360937770434,62.09,0.104465142398005,0.0784
"tot3_0035","S4","discovered",594.360937770434,28.84,0.0485227042480022,0.0364
"tot3_0036","S4","discovered",594.360937770434,15.03,0.025287664523144,0.019
"tot3_0037","S4","discovered",594.360937770434,20.43,0.034373052974573,0.0258
"tot3_0038","S4","neither",594.360937770434,59.09,0.0994177043694331,0.0746
"tot3_0039","S4","discovered",594.360937770434,13.45,0.0226293471614296,0.017
"tot3_0040","S4","discovered",594.360937770434,13.45,0.0226293471614296,0.017
"tot3_0041","S4","discovered",594.360937770434,13.45,0.0226293471614296,0.017
"tot3_0042","S4","discovered",594.360937770434,22.48,0.0378221356274303,0.0284
"tot3_0043","S4","neither",594.360937770434,83.73,0.140873995377435,0.1057
"tot3_0044","S4","discovered",594.360937770434,28.84,0.0485227042480022,0.0364
"tot3_0045","S4","discovered",594.360937770434,15.03,0.025287664523144,0.019
"tot3_0046","S4","neither",594.360937770434,60.97,0.102580765534005,0.0769
"tot3_0047","S4","discovered",594.360937770434,22.48,0.0378221356274303,0.0284
"tot3_0048","S4","neither",594.360937770434,59.4,0.0999392729657189,0.075
"tot3_0049","S4","discovered",594.360937770434,13.45,0.0226293471614296,0.017
"tot3_0050","S4","discovered",594.360937770434,13.45,0.0226293471614296,0.017
"tot3_0051","S4","discovered",594.360937770434,22.48,0.0378221356274303,0.0284
"tot3_0052","S4","neither",594.360937770434,83.73,0.140873995377435,0.1057
"tot3_0053","S4","discovered",594.360937770434,28.84,0.0485227042480022,0.0364
"tot3_0054","S4","discovered",594.360937770434,15.03,0.025287664523144,0.019
"tot3_0055","S4","discovered",594.360937770434,20.43,0.034373052974573,0.0258
"tot3_0056","S4","discovered",594.360937770434,22.48,0.0378221356274303,0.0284
"tot3_0057","S4","discovered",594.360937770434,24.73,0.041607714148859,0.0312
"tot3_0058","S4","discovered",594.360937770434,17.86,0.0300490810634299,0.0225
"tot3_0059","S4","discovered",594.360937770434,31.09,0.052308282769431,0.0392
"tot3_0060","S4","discovered",594.360937770434,22.48,0.0378221356274303,0.0284
"tot3_0061","S4","discovered",594.360937770434,15.61,0.0262635025420012,0.0197
"tot3_0062","S4","discovered",594.360937770434,28.84,0.0485227042480022,0.0364
"tot3_0063","S4","discovered",594.360937770434,15.03,0.025287664523144,0.019
"tot3_0064","S4","discovered",594.360937770434,22.07,0.0371323190968588,0.0279
"tot3_0065","S4","neither",594.360937770434,55.8,0.0938823473314329,0.0704
"tot3_0066","S4","neither",594.360937770434,41.53,0.0698733671088603,0.0524
"tot3_0067","S4","discovered",594.360937770434,17.86,0.0300490810634299,0.0225
"tot3_0068","S4","discovered",594.360937770434,17.86,0.0300490810634299,0.0225
"tot3_0069","S4","discovered",594.360937770434,22.48,0.0378221356274303,0.0284
"tot3_0070","S4","discovered",594.360937770434,15.61,0.0262635025420012,0.0197
"tot3_0071","S4","discovered",594.360937770434,28.84,0.0485227042480022,0.0364
"tot3_0072","S4","discovered",594.360937770434,15.03,0.025287664523144,0.019
"tot3_0073","S4","discovered",594.360937770434,54.73,0.0920820944345756,0.0691
"tot3_0074","S4","discovered",594.360937770434,22.48,0.0378221356274303,0.0284
"tot3_0075","S4","discovered",594.360937770434,24.73,0.041607714148859,0.0312
"tot3_0076","S4","discovered",594.360937770434,17.86,0.0300490810634299,0.0225
"tot3_0077","S4","discovered",594.360937770434,40.34,0.0678712166908603,0.0509
"tot3_0078","S4","discovered",594.360937770434,22.48,0.0378221356274303,0.0284
"tot3_0079","S4","discovered",594.360937770434,39.77,0.0669122034654316,0.0502
"tot3_0080","S4","discovered",594.360937770434,28.84,0.0485227042480022,0.0364
"tot3_0081","S4","discovered",594.360937770434,15.03,0.025287664523144,0.019
"tot3_0082","S4","discovered",594.360937770434,15.61,0.0262635025420012,0.0197
"tot3_0083","S4","discovered",594.360937770434,22.48,0.0378221356274303,0.0284
"tot3_0084","S4","discovered",594.360937770434,15.7,0.0264149256828583,0.0198
"tot3_0085","S4","discovered",594.360937770434,17.86,0.0300490810634299,0.0225
"tot3_0086","S4","neither",594.360937770434,59.17,0.0995523027168617,0.0747
"tot3_0087","S4","discovered",594.360937770434,19.2,0.0323036033828586,0.0242
"tot3_0088","S4","discovered",594.360937770434,17.86,0.0300490810634299,0.0225
"tot3_0089","S4","discovered",594.360937770434,28.84,0.0485227042480022,0.0364
"tot3_0090","S4","discovered",594.360937770434,15.03,0.025287664523144,0.019
"tot3_0091","S4","discovered",594.360937770434,15.61,0.0262635025420012,0.0197
"tot3_0092","S4","neither",594.360937770434,34.09,0.0573557207980026,0.043
"tot3_0093","S4","discovered",594.360937770434,46.78,0.0787063836588607,0.059
"tot3_0094","S4","discovered",594.360937770434,17.86,0.0300490810634299,0.0225
"tot3_0095","S4","neither",594.360937770434,63.71,0.107190758933433,0.0804
"tot3_0096","S4","neither",594.360937770434,58.99,0.0992494564351474,0.0744
"tot3_0097","S4","discovered",594.360937770434,17.86,0.0300490810634299,0.0225
"tot3_0098","S4","discovered",594.360937770434,28.84,0.0485227042480022,0.0364
"tot3_0099","S4","discovered",594.360937770434,15.03,0.025287664523144,0.019
"tot3_0100","S4","neither",594.360937770434,48.53,0.0816507225088609,0.0612
"tot3_0101","S4","discovered",594.360937770434,22.48,0.0378221356274303,0.0284
"tot3_0102","S4","neither",594.360937770434,39.09,0.0657681175122887,0.0493
"tot3_0103","S4","discovered",594.360937770434,17.86,0.0300490810634299,0.0225
"tot3_0104","S4","neither",594.360937770434,53.08,0.0893060035188612,0.067
"tot3_0105","S4","neither",594.360937770434,55.73,0.0937645737774329,0.0703
"tot3_0106","S4","discovered",594.360937770434,17.86,0.0300490810634299,0.0225
"tot3_0107","S4","discovered",594.360937770434,28.84,0.0485227042480022,0.0364
"tot3_0108","S4","discovered",594.360937770434,15.03,0.025287664523144,0.019
"tot3_0109","S4","discovered",594.360937770434,82.15,0.138215678015721,0.1037
"tot3_0110","S4","discovered",594.360937770434,43.91,0.0738776679448605,0.0554
"tot3_0111","S4","discovered",594.360937770434,13.45,0.0226293471614296,0.017
"tot3_0112","S4","discovered",594.360937770434,13.45,0.0226293471614296,0.017
"tot3_0113","S4","discovered",594.360937770434,13.45,0.0226293471614296,0.017
"tot3_0114","S4","neither",594.360937770434,56.74,0.0954638779137187,0.0716
"tot3_0115","S4","neither",594.360937770434,62.92,0.105861600252576,0.0794
"tot3_0116","S4","discovered",594.360937770434,28.84,0.0485227042480022,0.0364
"tot3_0117","S4","discovered",594.360937770434,15.03,0.025287664523144,0.019
"tot3_0118","S4","discovered",594.360937770434,20.43,0.034373052974573,0.0258
"tot3_0119","S4","discovered",594.360937770434,24.73,0.041607714148859,0.0312
"tot3_0120","S4","discovered",594.360937770434,13.45,0.0226293471614296,0.017
"tot3_0121","S4","discovered",594.360937770434,13.45,0.0226293471614296,0.017
"tot3_0122","S4","discovered",594.360937770434,13.45,0.0226293471614296,0.017
"tot3_0123","S4","discovered",594.360937770434,24.73,0.041607714148859,0.0312
"tot3_0124","S4","discovered",594.360937770434,26.06,0.0438454116748591,0.0329
"tot3_0125","S4","discovered",594.360937770434,28.84,0.0485227042480022,0.0364
"tot3_0126","S4","discovered",594.360937770434,15.03,0.025287664523144,0.019
"tot3_0127","S4","discovered",594.360937770434,19.2,0.0323036033828586,0.0242
"tot3_0128","S4","neither",594.360937770434,56.14,0.0944543903080043,0.0708
"tot3_0129","S4","neither",594.360937770434,61.69,0.103792150660862,0.0778
"tot3_0130","S4","discovered",594.360937770434,13.45,0.0226293471614296,0.017
"tot3_0131","S4","discovered",594.360937770434,28.21,0.0474627422620022,0.0356
"tot3_0132","S4","discovered",594.360937770434,40.34,0.0678712166908603,0.0509
"tot3_0133","S4","neither",594.360937770434,58.48,0.0983913919702902,0.0738
"tot3_0134","S4","discovered",594.360937770434,28.84,0.0485227042480022,0.0364
"tot3_0135","S4","discovered",594.360937770434,15.03,0.025287664523144,0.019
"tot3_0136","S4","discovered",594.360937770434,20.43,0.034373052974573,0.0258
"tot3_0137","S4","discovered",594.360937770434,82.15,0.138215678015721,0.1037
"tot3_0138","S4","neither",594.360937770434,61.79,0.103960398595148,0.078
"tot3_0139","S4","discovered",594.360937770434,17.86,0.0300490810634299,0.0225
"tot3_0140","S4","neither",594.360937770434,54.43,0.0915773506317185,0.0687
"tot3_0141","S4","discovered",594.360937770434,28.21,0.0474627422620022,0.0356
"tot3_0142","S4","neither",594.360937770434,52.31,0.0880104944248612,0.066
"tot3_0143","S4","discovered",594.360937770434,28.84,0.0485227042480022,0.0364
"tot3_0144","S4","discovered",594.360937770434,15.03,0.025287664523144,0.019
"tot3_0145","S4","neither",594.360937770434,65.81,0.110723965553434,0.083
"tot3_0146","S4","neither",594.360937770434,58.33,0.0981390200688616,0.0736
"tot3_0147","S4","neither",594.360937770434,40.09,0.067450596855146,0.0506
"tot3_0148","S4","discovered",594.360937770434,17.86,0.0300490810634299,0.0225
"tot3_0149","S4","neither",594.360937770434,54.37,0.091476401871147,0.0686
"tot3_0150","S4","neither",594.360937770434,34.09,0.0573557207980026,0.043
"tot3_0151","S4","neither",594.360937770434,55.64,0.0936131506365757,0.0702
"tot3_0152","S4","discovered",594.360937770434,28.84,0.0485227042480022,0.0364
"tot3_0153","S4","discovered",594.360937770434,15.03,0.025287664523144,0.019
"tot3_0154","S4","neither",594.360937770434,50.34,0.0846960101194325,0.0635
"tot3_0155","S4","discovered",594.360937770434,22.48,0.0378221356274303,0.0284
"tot3_0156","S4","neither",594.360937770434,52.79,0.0888180845094326,0.0666
"tot3_0157","S4","discovered",594.360937770434,17.86,0.0300490810634299,0.0225
"tot3_0158","S4","discovered",594.360937770434,41.26,0.0694190976862889,0.0521
"tot3_0159","S4","neither",594.360937770434,61.88,0.104111821736005,0.0781
"tot3_0160","S4","discovered",594.360937770434,46.15,0.0776464216728607,0.0582
"tot3_0161","S4","discovered",594.360937770434,28.84,0.0485227042480022,0.0364
"tot3_0162","S4","discovered",594.360937770434,15.03,0.025287664523144,0.019
"tot3_0163","S4","discovered",594.360937770434,15.61,0.0262635025420012,0.0197
"tot3_0164","S4","discovered",594.360937770434,22.48,0.0378221356274303,0.0284
"tot3_0165","S4","discovered",594.360937770434,15.7,0.0264149256828583,0.0198
"tot3_0166","S4","discovered",594.360937770434,17.86,0.0300490810634299,0.0225
"tot3_0167","S4","discovered",594.360937770434,24.73,0.041607714148859,0.0312
"tot3_0168","S4","discovered",594.360937770434,26.03,0.0437949372945734,0.0329
"tot3_0169","S4","neither",594.360937770434,82.15,0.138215678015721,0.1037
"tot3_0170","S4","discovered",594.360937770434,28.84,0.0485227042480022,0.0364
"tot3_0171","S4","discovered",594.360937770434,15.03,0.025287664523144,0.019
"tot3_0172","S4","discovered",594.360937770434,15.61,0.0262635025420012,0.0197
"tot3_0173","S4","neither",594.360937770434,53.03,0.0892218795517184,0.0669
"tot3_0174","S4","discovered",594.360937770434,46.78,0.0787063836588607,0.059
"tot3_0175","S4","discovered",594.360937770434,17.86,0.0300490810634299,0.0225
"tot3_0176","S4","neither",594.360937770434,57.99,0.0975669770922902,0.0732
"tot3_0177","S4","neither",594.360937770434,64.53,0.108570391994576,0.0814
"tot3_0178","S4","discovered",594.360937770434,17.86,0.0300490810634299,0.0225
"tot3_0179","S4","discovered",594.360937770434,28.84,0.0485227042480022,0.0364
"tot3_0180","S4","discovered",594.360937770434,15.03,0.025287664523144,0.019
"tot3_0181","S4","discovered",594.360937770434,15.61,0.0262635025420012,0.0197
"tot3_0182","S4","discovered",594.360937770434,22.48,0.0378221356274303,0.0284
"tot3_0183","S4","neither",594.360937770434,58.57,0.0985428151111474,0.0739
"tot3_0184","S4","discovered",594.360937770434,17.86,0.0300490810634299,0.0225
"tot3_0185","S4","discovered",594.360937770434,24.73,0.041607714148859,0.0312
"tot3_0186","S4","discovered",594.360937770434,83.73,0.140873995377435,0.1057
"tot3_0187","S4","discovered",594.360937770434,17.86,0.0300490810634299,0.0225
"tot3_0188","S4","discovered",594.360937770434,28.84,0.0485227042480022,0.0364
"tot3_0189","S4","discovered",594.360937770434,15.03,0.025287664523144,0.019
"tot3_0190","S4","discovered",594.360937770434,64.81,0.109041486210576,0.0818
"tot3_0191","S4","discovered",594.360937770434,22.48,0.0378221356274303,0.0284
"tot3_0192","S4","discovered",594.360937770434,13.45,0.0226293471614296,0.017
"tot3_0193","S4","discovered",594.360937770434,13.45,0.0226293471614296,0.017
"tot3_0194","S4","neither",594.360937770434,57.22,0.0962714679982901,0.0722
"tot3_0195","S4","discovered",594.360937770434,26.03,0.0437949372945734,0.0329
"tot3_0196","S4","neither",594.360937770434,52.94,0.0890704564108612,0.0668
"tot3_0197","S4","discovered",594.360937770434,28.84,0.0485227042480022,0.0364
"tot3_0198","S4","discovered",594.360937770434,15.03,0.025287664523144,0.019
"tot3_0199","S4","discovered",594.360937770434,20.43,0.034373052974573,0.0258
"tot3_0200","S4","neither",594.360937770434,46.59,0.0783867125837179,0.0588
"tot3_0201","S4","discovered",594.360937770434,13.45,0.0226293471614296,0.017
"tot3_0202","S4","discovered",594.360937770434,13.45,0.0226293471614296,0.017
"tot3_0203","S4","neither",594.360937770434,55.31,0.0930579324534328,0.0698
"tot3_0204","S4","neither",594.360937770434,64.22,0.108048823398291,0.081
"tot3_0205","S4","neither",594.360937770434,101.72,0.171141798755436,0.1284
"tot3_0206","S4","discovered",594.360937770434,28.84,0.0485227042480022,0.0364
"tot3_0207","S4","discovered",594.360937770434,15.03,0.025287664523144,0.019
"tot3_0208","S4","neither",594.360937770434,53.1,0.0893396531057184,0.067
"tot3_0209","S4","discovered",594.360937770434,22.48,0.0378221356274303,0.0284
"tot3_0210","S4","neither",594.360937770434,56.55,0.0951442068385758,0.0714
"tot3_0211","S4","discovered",594.360937770434,13.45,0.0226293471614296,0.017
"tot3_0212","S4","discovered",594.360937770434,42.26,0.0711015770291461,0.0533
"tot3_0213","S4","discovered",594.360937770434,83.73,0.140873995377435,0.1057
"tot3_0214","S4","neither",594.360937770434,70.5,0.118614793671434,0.089
"tot3_0215","S4","discovered",594.360937770434,28.84,0.0485227042480022,0.0364
"tot3_0216","S4","discovered",594.360937770434,15.03,0.025287664523144,0.019
"tot3_0217","S4","discovered",594.360937770434,20.43,0.034373052974573,0.0258
"tot3_0218","S4","discovered",594.360937770434,22.48,0.0378221356274303,0.0284
"tot3_0219","S4","discovered",594.360937770434,33.9,0.0570360497228597,0.0428
"tot3_0220","S4","discovered",594.360937770434,17.86,0.0300490810634299,0.0225
"tot3_0221","S4","discovered",594.360937770434,31.09,0.052308282769431,0.0392
"tot3_0222","S4","discovered",594.360937770434,26.03,0.0437949372945734,0.0329
"tot3_0223","S4","neither",594.360937770434,116.78,0.196479937658866,0.1474
"tot3_0224","S4","discovered",594.360937770434,28.84,0.0485227042480022,0.0364
"tot3_0225","S4","discovered",594.360937770434,15.03,0.025287664523144,0.019
"tot3_0226","S4","discovered",594.360937770434,22.07,0.0371323190968588,0.0279
"tot3_0227","S4","discovered",594.360937770434,33.98,0.0571706480702883,0.0429
"tot3_0228","S4","neither",594.360937770434,53.41,0.0898612217020041,0.0674
"tot3_0229","S4","discovered",594.360937770434,17.86,0.0300490810634299,0.0225
"tot3_0230","S4","discovered",594.360937770434,31.09,0.052308282769431,0.0392
"tot3_0231","S4","discovered",594.360937770434,64.81,0.109041486210576,0.0818
"tot3_0232","S4","discovered",594.360937770434,15.61,0.0262635025420012,0.0197
"tot3_0233","S4","discovered",594.360937770434,28.84,0.0485227042480022,0.0364
"tot3_0234","S4","discovered",594.360937770434,15.03,0.025287664523144,0.019
"tot3_0235","S4","neither",594.360937770434,53.73,0.0903996150917184,0.0678
"tot3_0236","S4","discovered",594.360937770434,22.48,0.0378221356274303,0.0284
"tot3_0237","S4","neither",594.360937770434,49.11,0.0826265605277181,0.062
"tot3_0238","S4","discovered",594.360937770434,17.86,0.0300490810634299,0.0225
"tot3_0239","S4","discovered",594.360937770434,31.09,0.052308282769431,0.0392
"tot3_0240","S4","discovered",594.360937770434,83.73,0.140873995377435,0.1057
"tot3_0241","S4","discovered",594.360937770434,17.86,0.0300490810634299,0.0225
"tot3_0242","S4","discovered",594.360937770434,28.84,0.0485227042480022,0.0364
"tot3_0243","S4","discovered",594.360937770434,15.03,0.025287664523144,0.019
"tot3_0244","S4","discovered",594.360937770434,15.61,0.0262635025420012,0.0197
"tot3_0245","S4","discovered",594.360937770434,22.48,0.0378221356274303,0.0284
"tot3_0246","S4","discovered",594.360937770434,15.7,0.0264149256828583,0.0198
"tot3_0247","S4","discovered",594.360937770434,17.86,0.0300490810634299,0.0225
"tot3_0248","S4","discovered",594.360937770434,24.73,0.041607714148859,0.0312
"tot3_0249","S4","discovered",594.360937770434,22.48,0.0378221356274303,0.0284
"tot3_0250","S4","neither",594.360937770434,64.18,0.107981524224576,0.081
"tot3_0251","S4","discovered",594.360937770434,28.84,0.0485227042480022,0.0364
"tot3_0252","S4","discovered",594.360937770434,15.03,0.025287664523144,0.019
"tot3_0253","S4","discovered",594.360937770434,15.61,0.0262635025420012,0.0197
"tot3_0254","S4","neither",594.360937770434,54.54,0.0917624233594328,0.0688
"tot3_0255","S4","discovered",594.360937770434,46.78,0.0787063836588607,0.059
"tot3_0256","S4","discovered",594.360937770434,17.86,0.0300490810634299,0.0225
"tot3_0257","S4","discovered",594.360937770434,24.73,0.041607714148859,0.0312
"tot3_0258","S4","discovered",594.360937770434,22.48,0.0378221356274303,0.0284
"tot3_0259","S4","discovered",594.360937770434,37.77,0.0635472447797172,0.0477
"tot3_0260","S4","discovered",594.360937770434,28.84,0.0485227042480022,0.0364
"tot3_0261","S4","discovered",594.360937770434,15.03,0.025287664523144,0.019
"tot3_0262","S4","neither",594.360937770434,61.1,0.102799487848576,0.0771
"tot3_0263","S4","discovered",594.360937770434,22.48,0.0378221356274303,0.0284
"tot3_0264","S4","discovered",594.360937770434,80.56,0.135540535860578,0.1017
"tot3_0265","S4","discovered",594.360937770434,17.86,0.0300490810634299,0.0225
"tot3_0266","S4","discovered",594.360937770434,24.73,0.041607714148859,0.0312
"tot3_0267","S4","discovered",594.360937770434,22.48,0.0378221356274303,0.0284
"tot3_0268","S4","neither",594.360937770434,64.11,0.107863750670576,0.0809
"tot3_0269","S4","discovered",594.360937770434,28.84,0.0485227042480022,0.0364
"tot3_0270","S4","discovered",594.360937770434,15.03,0.025287664523144,0.019
"tot3_0271","S4","discovered",594.360937770434,64.81,0.109041486210576,0.0818
"tot3_0272","S4","discovered",594.360937770434,22.48,0.0378221356274303,0.0284
"tot3_0273","S4","discovered",594.360937770434,13.45,0.0226293471614296,0.017
"tot3_0274","S4","discovered",594.360937770434,13.45,0.0226293471614296,0.017
"tot3_0275","S4","discovered",594.360937770434,13.45,0.0226293471614296,0.017
"tot3_0276","S4","discovered",594.360937770434,22.48,0.0378221356274303,0.0284
"tot3_0277","S4","neither",594.360937770434,49.11,0.0826265605277181,0.062
"tot3_0278","S4","discovered",594.360937770434,28.84,0.0485227042480022,0.0364
"tot3_0279","S4","discovered",594.360937770434,15.03,0.025287664523144,0.019
"tot3_0280","S4","discovered",594.360937770434,20.43,0.034373052974573,0.0258
"tot3_0281","S4","neither",594.360937770434,57.17,0.0961873440311473,0.0721
"tot3_0282","S4","discovered",594.360937770434,13.45,0.0226293471614296,0.017
"tot3_0283","S4","discovered",594.360937770434,13.45,0.0226293471614296,0.017
"tot3_0284","S4","discovered",594.360937770434,13.45,0.0226293471614296,0.017
"tot3_0285","S4","discovered",594.360937770434,22.48,0.0378221356274303,0.0284
"tot3_0286","S4","discovered",594.360937770434,28.93,0.0486741273888594,0.0365
"tot3_0287","S4","discovered",594.360937770434,28.84,0.0485227042480022,0.0364
"tot3_0288","S4","discovered",594.360937770434,15.03,0.025287664523144,0.019
"tot3_0289","S4","neither",594.360937770434,54.94,0.0924354150965757,0.0693
"tot3_0290","S4","discovered",594.360937770434,22.48,0.0378221356274303,0.0284
"tot3_0291","S4","discovered",594.360937770434,13.45,0.0226293471614296,0.017
"tot3_0292","S4","discovered",594.360937770434,13.45,0.0226293471614296,0.017
"tot3_0293","S4","discovered",594.360937770434,13.45,0.0226293471614296,0.017
"tot3_0294","S4","discovered",594.360937770434,22.48,0.0378221356274303,0.0284
"tot3_0295","S4","neither",594.360937770434,54.64,0.0919306712937185,0.0689
"tot3_0296","S4","discovered",594.360937770434,28.84,0.0485227042480022,0.0364
"tot3_0297","S4","discovered",594.360937770434,15.03,0.025287664523144,0.019
"tot3_0298","S4","discovered",594.360937770434,20.43,0.034373052974573,0.0258
"tot3_0299","S4","discovered",594.360937770434,22.48,0.0378221356274303,0.0284
"tot3_0300","S4","discovered",594.360937770434,24.73,0.041607714148859,0.0312
"tot3_0301","S4","discovered",594.360937770434,17.86,0.0300490810634299,0.0225
"tot3_0302","S4","neither",594.360937770434,64.41,0.108368494473434,0.0813
"tot3_0303","S4","discovered",594.360937770434,22.48,0.0378221356274303,0.0284
"tot3_0304","S4","discovered",594.360937770434,35.55,0.0598121406385742,0.0449
"tot3_0305","S4","discovered",594.360937770434,28.84,0.0485227042480022,0.0364
"tot3_0306","S4","discovered",594.360937770434,15.03,0.025287664523144,0.019
"tot3_0307","S4","neither",594.360937770434,53.8,0.0905173886457184,0.0679
"tot3_0308","S4","neither",594.360937770434,55.8,0.0938823473314329,0.0704
"tot3_0309","S4","neither",594.360937770434,52.36,0.088094618392004,0.0661
"tot3_0310","S4","discovered",594.360937770434,17.86,0.0300490810634299,0.0225
"tot3_0311","S4","discovered",594.360937770434,63.81,0.107359006867719,0.0805
"tot3_0312","S4","discovered",594.360937770434,22.48,0.0378221356274303,0.0284
"tot3_0313","S4","discovered",594.360937770434,21.35,0.0359209339700016,0.0269
"tot3_0314","S4","discovered",594.360937770434,28.84,0.0485227042480022,0.0364
"tot3_0315","S4","discovered",594.360937770434,15.03,0.025287664523144,0.019
"tot3_0316","S4","neither",594.360937770434,53.9,0.0906856365800041,0.068
"tot3_0317","S4","discovered",594.360937770434,22.48,0.0378221356274303,0.0284
"tot3_0318","S4","discovered",594.360937770434,33.9,0.0570360497228597,0.0428
"tot3_0319","S4","discovered",594.360937770434,17.86,0.0300490810634299,0.0225
"tot3_0320","S4","discovered",594.360937770434,40.34,0.0678712166908603,0.0509
"tot3_0321","S4","discovered",594.360937770434,22.48,0.0378221356274303,0.0284
"tot3_0322","S4","neither",594.360937770434,101.72,0.171141798755436,0.1284
"tot3_0323","S4","discovered",594.360937770434,28.84,0.0485227042480022,0.0364
"tot3_0324","S4","discovered",594.360937770434,15.03,0.025287664523144,0.019
"tot3_0325","S4","discovered",594.360937770434,15.61,0.0262635025420012,0.0197
"tot3_0326","S4","discovered",594.360937770434,22.48,0.0378221356274303,0.0284
"tot3_0327","S4","discovered",594.360937770434,15.7,0.0264149256828583,0.0198
"tot3_0328","S4","discovered",594.360937770434,17.86,0.0300490810634299,0.0225
"tot3_0329","S4","neither",594.360937770434,55,0.0925363638571471,0.0694
"tot3_0330","S4","discovered",594.360937770434,19.2,0.0323036033828586,0.0242
"tot3_0331","S4","compressed_only",594.360937770434,58.48,0.0983913919702902,0.0738
"tot3_0332","S4","discovered",594.360937770434,28.84,0.0485227042480022,0.0364
"tot3_0333","S4","discovered",594.360937770434,15.03,0.025287664523144,0.019
"tot3_0334","S4","discovered",594.360937770434,15.61,0.0262635025420012,0.0197
"tot3_0335","S4","neither",594.360937770434,34.09,0.0573557207980026,0.043
"tot3_0336","S4","discovered",594.360937770434,46.78,0.0787063836588607,0.059
"tot3_0337","S4","discovered",594.360937770434,17.86,0.0300490810634299,0.0225
"tot3_0338","S4","neither",594.360937770434,114.45,0.192559760790009,0.1444
"tot3_0339","S4","neither",594.360937770434,55.77,0.0938318729511472,0.0704
"tot3_0340","S4","neither",594.360937770434,64.09,0.107830101083719,0.0809
"tot3_0341","S4","discovered",594.360937770434,28.84,0.0485227042480022,0.0364
"tot3_0342","S4","discovered",594.360937770434,15.03,0.025287664523144,0.019
"tot3_0343","S4","neither",594.360937770434,57.05,0.0959854465100044,0.072
"tot3_0344","S4","neither",594.360937770434,50.53,0.0850156811945753,0.0638
"tot3_0345","S4","neither",594.360937770434,61.98,0.10428006967029,0.0782
"tot3_0346","S4","discovered",594.360937770434,17.86,0.0300490810634299,0.0225
"tot3_0347","S4","neither",594.360937770434,40.09,0.067450596855146,0.0506
"tot3_0348","S4","neither",594.360937770434,55.73,0.0937645737774329,0.0703
"tot3_0349","S4","discovered",594.360937770434,101.72,0.171141798755436,0.1284
"tot3_0350","S4","discovered",594.360937770434,28.84,0.0485227042480022,0.0364
"tot3_0351","S4","discovered",594.360937770434,15.03,0.025287664523144,0.019
"tot3_0352","S4","discovered",594.360937770434,64.81,0.109041486210576,0.0818
"tot3_0353","S4","discovered",594.360937770434,43.91,0.0738776679448605,0.0554
"tot3_0354","S4","discovered",594.360937770434,13.45,0.0226293471614296,0.017
"tot3_0355","S4","discovered",594.360937770434,13.45,0.0226293471614296,0.017
"tot3_0356","S4","discovered",594.360937770434,13.45,0.0226293471614296,0.017
"tot3_0357","S4","neither",594.360937770434,56.74,0.0954638779137187,0.0716
"tot3_0358","S4","neither",594.360937770434,57.6,0.0969108101485759,0.0727
"tot3_0359","S4","discovered",594.360937770434,28.84,0.0485227042480022,0.0364
"tot3_0360","S4","discovered",594.360937770434,15.03,0.025287664523144,0.019
"tot3_0361","S4","discovered",594.360937770434,20.43,0.034373052974573,0.0258
"tot3_0362","S4","discovered",594.360937770434,24.73,0.041607714148859,0.0312
"tot3_0363","S4","discovered",594.360937770434,13.45,0.0226293471614296,0.017
"tot3_0364","S4","discovered",594.360937770434,13.45,0.0226293471614296,0.017
"tot3_0365","S4","discovered",594.360937770434,13.45,0.0226293471614296,0.017
"tot3_0366","S4","discovered",594.360937770434,24.73,0.041607714148859,0.0312
"tot3_0367","S4","discovered",594.360937770434,24.73,0.041607714148859,0.0312
"tot3_0368","S4","discovered",594.360937770434,28.84,0.0485227042480022,0.0364
"tot3_0369","S4","discovered",594.360937770434,15.03,0.025287664523144,0.019
"tot3_0370","S4","discovered",594.360937770434,26.06,0.0438454116748591,0.0329
"tot3_0371","S4","neither",594.360937770434,51.47,0.0865972117768611,0.0649
"tot3_0372","S4","discovered",594.360937770434,13.45,0.0226293471614296,0.017
"tot3_0373","S4","discovered",594.360937770434,13.45,0.0226293471614296,0.017
"tot3_0374","S4","discovered",594.360937770434,13.45,0.0226293471614296,0.017
"tot3_0375","S4","discovered",594.360937770434,40.34,0.0678712166908603,0.0509
"tot3_0376","S4","discovered",594.360937770434,28.84,0.0485227042480022,0.0364
"tot3_0377","S4","discovered",594.360937770434,28.84,0.0485227042480022,0.0364
"tot3_0378","S4","discovered",594.360937770434,15.03,0.025287664523144,0.019
"tot3_0379","S4","discovered",594.360937770434,20.43,0.034373052974573,0.0258
"tot3_0380","S4","discovered",594.360937770434,101.72,0.171141798755436,0.1284
"tot3_0381","S4","neither",594.360937770434,38.59,0.0649268778408601,0.0487
"tot3_0382","S4","discovered",594.360937770434,17.86,0.0300490810634299,0.0225
"tot3_0383","S4","neither",594.360937770434,51.41,0.0864962630162897,0.0649
"tot3_0384","S4","discovered",594.360937770434,28.21,0.0474627422620022,0.0356
"tot3_0385","S4","neither",594.360937770434,53.88,0.090651986993147,0.068
"tot3_0386","S4","discovered",594.360937770434,28.84,0.0485227042480022,0.0364
"tot3_0387","S4","discovered",594.360937770434,15.03,0.025287664523144,0.019
"tot3_0388","S4","neither",594.360937770434,55.6,0.0935458514628614,0.0702
"tot3_0389","S4","neither",594.360937770434,58.34,0.0981558448622902,0.0736
"tot3_0390","S4","neither",594.360937770434,48.53,0.0816507225088609,0.0612
"tot3_0391","S4","discovered",594.360937770434,17.86,0.0300490810634299,0.0225
"tot3_0392","S4","neither",594.360937770434,116.78,0.196479937658866,0.1474
"tot3_0393","S4","neither",594.360937770434,57.66,0.0970117589091473,0.0728
"tot3_0394","S4","neither",594.360937770434,78.98,0.132882218498863,0.0997
"tot3_0395","S4","discovered",594.360937770434,28.84,0.0485227042480022,0.0364
"tot3_0396","S4","discovered",594.360937770434,15.03,0.025287664523144,0.019
"tot3_0397","S4","neither",594.360937770434,66.78,0.112355970516005,0.0843
"tot3_0398","S4","neither",594.360937770434,55.58,0.0935122018760043,0.0701
"tot3_0399","S4","neither",594.360937770434,63.77,0.107291707694005,0.0805
"tot3_0400","S4","discovered",594.360937770434,17.86,0.0300490810634299,0.0225
"tot3_0401","S4","discovered",594.360937770434,17.86,0.0300490810634299,0.0225
"tot3_0402","S4","neither",594.360937770434,51.49,0.0866308613637183,0.065
"tot3_0403","S4","discovered",594.360937770434,28.84,0.0485227042480022,0.0364
"tot3_0404","S4","discovered",594.360937770434,28.84,0.0485227042480022,0.0364
"tot3_0405","S4","discovered",594.360937770434,15.03,0.025287664523144,0.019
"tot3_0406","S4","discovered",594.360937770434,15.61,0.0262635025420012,0.0197
"tot3_0407","S4","discovered",594.360937770434,22.48,0.0378221356274303,0.0284
"tot3_0408","S4","discovered",594.360937770434,15.7,0.0264149256828583,0.0198
"tot3_0409","S4","discovered",594.360937770434,17.86,0.0300490810634299,0.0225
"tot3_0410","S4","neither",594.360937770434,50.93,0.0856886729317182,0.0643
"tot3_0411","S4","discovered",594.360937770434,26.03,0.0437949372945734,0.0329
"tot3_0412","S4","neither",594.360937770434,51.56,0.0867486349177183,0.0651
"tot3_0413","S4","discovered",594.360937770434,28.84,0.0485227042480022,0.0364
"tot3_0414","S4","discovered",594.360937770434,15.03,0.025287664523144,0.019
"tot3_0415","S4","discovered",594.360937770434,15.61,0.0262635025420012,0.0197
"tot3_0416","S4","neither",594.360937770434,57.57,0.0968603357682901,0.0727
"tot3_0417","S4","discovered",594.360937770434,46.78,0.0787063836588607,0.059
"tot3_0418","S4","discovered",594.360937770434,17.86,0.0300490810634299,0.0225
"tot3_0419","S4","neither",594.360937770434,55.73,0.0937645737774329,0.0703
"tot3_0420","S4","neither",594.360937770434,53.36,0.0897770977348613,0.0673
"tot3_0421","S4","neither",594.360937770434,49.58,0.083417325818861,0.0626
"tot3_0422","S4","discovered",594.360937770434,28.84,0.0485227042480022,0.0364
"tot3_0423","S4","discovered",594.360937770434,15.03,0.025287664523144,0.019
"tot3_0424","S4","neither",594.360937770434,47.53,0.0799682431660037,0.06
"tot3_0425","S4","discovered",594.360937770434,22.48,0.0378221356274303,0.0284
"tot3_0426","S4","neither",594.360937770434,83.73,0.140873995377435,0.1057
"tot3_0427","S4","discovered",594.360937770434,17.86,0.0300490810634299,0.0225
"tot3_0428","S4","neither",594.360937770434,59.2,0.0996027770971474,0.0747
"tot3_0429","S4","discovered",594.360937770434,83.73,0.140873995377435,0.1057
"tot3_0430","S4","neither",594.360937770434,56.38,0.0948581853502901,0.0711
"tot3_0431","S4","discovered",594.360937770434,28.84,0.0485227042480022,0.0364
"tot3_0432","S4","discovered",594.360937770434,15.03,0.025287664523144,0.019
"tot3_0433","S4","discovered",594.360937770434,82.15,0.138215678015721,0.1037
"tot3_0434","S4","discovered",594.360937770434,22.48,0.0378221356274303,0.0284
"tot3_0435","S4","discovered",594.360937770434,13.45,0.0226293471614296,0.017
"tot3_0436","S4","discovered",594.360937770434,13.45,0.0226293471614296,0.017
"tot3_0437","S4","discovered",594.360937770434,13.45,0.0226293471614296,0.017
"tot3_0438","S4","discovered",594.360937770434,26.03,0.0437949372945734,0.0329
"tot3_0439","S4","neither",594.360937770434,43.53,0.0732383257945748,0.0549
"tot3_0440","S4","discovered",594.360937770434,28.84,0.0485227042480022,0.0364
"tot3_0441","S4","discovered",594.360937770434,15.03,0.025287664523144,0.019
"tot3_0442","S4","discovered",594.360937770434,20.43,0.034373052974573,0.0258
"tot3_0443","S4","discovered",594.360937770434,33.9,0.0570360497228597,0.0428
"tot3_0444","S4","discovered",594.360937770434,13.45,0.0226293471614296,0.017
"tot3_0445","S4","discovered",594.360937770434,13.45,0.0226293471614296,0.017
"tot3_0446","S4","discovered",594.360937770434,13.45,0.0226293471614296,0.017
"tot3_0447","S4","neither",594.360937770434,59.74,0.10051131594229,0.0754
"tot3_0448","S4","discovered",594.360937770434,24.73,0.041607714148859,0.0312
"tot3_0449","S4","discovered",594.360937770434,28.84,0.0485227042480022,0.0364
"tot3_0450","S4","discovered",594.360937770434,15.03,0.025287664523144,0.019
"tot3_0451","S4","neither",594.360937770434,58.52,0.0984586911440045,0.0738
"tot3_0452","S4","discovered",594.360937770434,22.48,0.0378221356274303,0.0284
"tot3_0453","S4","discovered",594.360937770434,13.45,0.0226293471614296,0.017
"tot3_0454","S4","discovered",594.360937770434,13.45,0.0226293471614296,0.017
"tot3_0455","S4","discovered",594.360937770434,13.45,0.0226293471614296,0.017
"tot3_0456","S4","discovered",594.360937770434,83.73,0.140873995377435,0.1057
"tot3_0457","S4","discovered",594.360937770434,75.3,0.126690694517149,0.095
"tot3_0458","S4","discovered",594.360937770434,28.84,0.0485227042480022,0.0364
"tot3_0459","S4","discovered",594.360937770434,15.03,0.025287664523144,0.019
"tot3_0460","S4","discovered",594.360937770434,20.43,0.034373052974573,0.0258
"tot3_0461","S4","discovered",594.360937770434,22.48,0.0378221356274303,0.0284
"tot3_0462","S4","neither",594.360937770434,63.79,0.107325357280862,0.0805
"tot3_0463","S4","discovered",594.360937770434,17.86,0.0300490810634299,0.0225
"tot3_0464","S4","discovered",594.360937770434,48.13,0.080977730771718,0.0607
"tot3_0465","S4","discovered",594.360937770434,26.03,0.0437949372945734,0.0329
"tot3_0466","S4","discovered",594.360937770434,33.9,0.0570360497228597,0.0428
"tot3_0467","S4","discovered",594.360937770434,28.84,0.0485227042480022,0.0364
"tot3_0468","S4","discovered",594.360937770434,15.03,0.025287664523144,0.019
"tot3_0469","S4","neither",594.360937770434,44.84,0.0754423737337177,0.0566
"tot3_0470","S4","neither",594.360937770434,55.54,0.09344490270229,0.0701
"tot3_0471","S4","neither",594.360937770434,58.71,0.0987783622191474,0.0741
"tot3_0472","S4","discovered",594.360937770434,17.86,0.0300490810634299,0.0225
"tot3_0473","S4","neither",594.360937770434,53.82,0.0905510382325756,0.0679
"tot3_0474","S4","neither",594.360937770434,52.73,0.0887171357488612,0.0665
"tot3_0475","S4","neither",594.360937770434,65.17,0.109647178774005,0.0822
"tot3_0476","S4","discovered",594.360937770434,28.84,0.0485227042480022,0.0364
"tot3_0477","S4","discovered",594.360937770434,15.03,0.025287664523144,0.019
"tot3_0478","S4","neither",594.360937770434,53.73,0.0903996150917184,0.0678
"tot3_0479","S4","discovered",594.360937770434,22.48,0.0378221356274303,0.0284
"tot3_0480","S4","discovered",594.360937770434,101.72,0.171141798755436,0.1284
"tot3_0481","S4","discovered",594.360937770434,17.86,0.0300490810634299,0.0225
"tot3_0482","S4","neither",594.360937770434,63.85,0.107426306041433,0.0806
"tot3_0483","S4","discovered",594.360937770434,83.73,0.140873995377435,0.1057
"tot3_0484","S4","discovered",594.360937770434,28.84,0.0485227042480022,0.0364
"tot3_0485","S4","discovered",594.360937770434,28.84,0.0485227042480022,0.0364
"tot3_0486","S4","discovered",594.360937770434,15.03,0.025287664523144,0.019
"tot3_0487","S4","discovered",594.360937770434,15.61,0.0262635025420012,0.0197
"tot3_0488","S4","discovered",594.360937770434,22.48,0.0378221356274303,0.0284
"tot3_0489","S4","discovered",594.360937770434,15.7,0.0264149256828583,0.0198
"tot3_0490","S4","discovered",594.360937770434,17.86,0.0300490810634299,0.0225
"tot3_0491","S4","discovered",594.360937770434,24.73,0.041607714148859,0.0312
"tot3_0492","S4","discovered",594.360937770434,22.48,0.0378221356274303,0.0284
"tot3_0493","S4","discovered",594.360937770434,40.34,0.0678712166908603,0.0509
"tot3_0494","S4","discovered",594.360937770434,28.84,0.0485227042480022,0.0364
"tot3_0495","S4","discovered",594.360937770434,15.03,0.025287664523144,0.019
"tot3_0496","S4","discovered",594.360937770434,15.61,0.0262635025420012,0.0197
"tot3_0497","S4","neither",594.360937770434,55.72,0.0937477489840043,0.0703
"tot3_0498","S4","discovered",594.360937770434,46.78,0.0787063836588607,0.059
"tot3_0499","S4","discovered",594.360937770434,17.86,0.0300490810634299,0.0225
"tot3_0500","S4","discovered",594.360937770434,24.73,0.041607714148859,0.0312
"tot3_0501","S4","discovered",594.360937770434,22.48,0.0378221356274303,0.0284
"tot3_0502","S4","discovered",594.360937770434,34.09,0.0573557207980026,0.043
"tot3_0503","S4","discovered",594.360937770434,28.84,0.0485227042480022,0.0364
"tot3_0504","S4","discovered",594.360937770434,15.03,0.025287664523144,0.019
"tot3_0505","S4","discovered",594.360937770434,39.77,0.0669122034654316,0.0502
"tot3_0506","S4","discovered",594.360937770434,22.48,0.0378221356274303,0.0284
"tot3_0507","S4","discovered",594.360937770434,80.56,0.135540535860578,0.1017
"tot3_0508","S4","discovered",594.360937770434,17.86,0.0300490810634299,0.0225
"tot3_0509","S4","discovered",594.360937770434,24.73,0.041607714148859,0.0312
"tot3_0510","S4","discovered",594.360937770434,22.48,0.0378221356274303,0.0284
"tot3_0511","S4","discovered",594.360937770434,44.91,0.0755601472877177,0.0567
"tot3_0512","S4","discovered",594.360937770434,28.84,0.0485227042480022,0.0364
"tot3_0513","S4","discovered",594.360937770434,15.03,0.025287664523144,0.019
"tot3_0514","S4","discovered",594.360937770434,82.15,0.138215678015721,0.1037
"tot3_0515","S4","discovered",594.360937770434,22.48,0.0378221356274303,0.0284
"tot3_0516","S4","discovered",594.360937770434,13.45,0.0226293471614296,0.017
"tot3_0517","S4","discovered",594.360937770434,13.45,0.0226293471614296,0.017
"tot3_0518","S4","discovered",594.360937770434,13.45,0.0226293471614296,0.017
"tot3_0519","S4","discovered",594.360937770434,22.48,0.0378221356274303,0.0284
"tot3_0520","S4","neither",594.360937770434,44.78,0.0753414249731463,0.0565
"tot3_0521","S4","discovered",594.360937770434,28.84,0.0485227042480022,0.0364
"tot3_0522","S4","discovered",594.360937770434,15.03,0.025287664523144,0.019
"tot3_0523","S4","discovered",594.360937770434,20.43,0.034373052974573,0.0258
"tot3_0524","S4","neither",594.360937770434,55,0.0925363638571471,0.0694
"tot3_0525","S4","discovered",594.360937770434,13.45,0.0226293471614296,0.017
"tot3_0526","S4","discovered",594.360937770434,13.45,0.0226293471614296,0.017
"tot3_0527","S4","discovered",594.360937770434,13.45,0.0226293471614296,0.017
"tot3_0528","S4","discovered",594.360937770434,22.48,0.0378221356274303,0.0284
"tot3_0529","S4","discovered",594.360937770434,39.34,0.066188737348003,0.0496
"tot3_0530","S4","discovered",594.360937770434,28.84,0.0485227042480022,0.0364
"tot3_0531","S4","discovered",594.360937770434,15.03,0.025287664523144,0.019
"tot3_0532","S4","neither",594.360937770434,53.95,0.090769760547147,0.0681
"tot3_0533","S4","discovered",594.360937770434,22.48,0.0378221356274303,0.0284
"tot3_0534","S4","neither",594.360937770434,37.09,0.0624031588265743,0.0468
"tot3_0535","S4","discovered",594.360937770434,13.45,0.0226293471614296,0.017
"tot3_0536","S4","discovered",594.360937770434,13.45,0.0226293471614296,0.017
"tot3_0537","S4","discovered",594.360937770434,22.48,0.0378221356274303,0.0284
"tot3_0538","S4","neither",594.360937770434,61.23,0.103018210163148,0.0773
"tot3_0539","S4","discovered",594.360937770434,28.84,0.0485227042480022,0.0364
"tot3_0540","S4","discovered",594.360937770434,15.03,0.025287664523144,0.019
"tot3_0541","S4","discovered",594.360937770434,20.43,0.034373052974573,0.0258
"tot3_0542","S4","discovered",594.360937770434,22.48,0.0378221356274303,0.0284
"tot3_0543","S4","discovered",594.360937770434,24.73,0.041607714148859,0.0312
"tot3_0544","S4","discovered",594.360937770434,17.86,0.0300490810634299,0.0225
"tot3_0545","S4","discovered",594.360937770434,31.09,0.052308282769431,0.0392
"tot3_0546","S4","discovered",594.360937770434,22.48,0.0378221356274303,0.0284
"tot3_0547","S4","discovered",594.360937770434,20.43,0.034373052974573,0.0258
"tot3_0548","S4","discovered",594.360937770434,28.84,0.0485227042480022,0.0364
"tot3_0549","S4","discovered",594.360937770434,15.03,0.025287664523144,0.019
"tot3_0550","S4","neither",594.360937770434,56.81,0.0955816514677187,0.0717
"tot3_0551","S4","neither",594.360937770434,55.8,0.0938823473314329,0.0704
"tot3_0552","S4","neither",594.360937770434,53.41,0.0898612217020041,0.0674
"tot3_0553","S4","discovered",594.360937770434,17.86,0.0300490810634299,0.0225
"tot3_0554","S4","neither",594.360937770434,55.78,0.0938486977445757,0.0704
"tot3_0555","S4","discovered",594.360937770434,22.48,0.0378221356274303,0.0284
"tot3_0556","S4","discovered",594.360937770434,20.43,0.034373052974573,0.0258
"tot3_0557","S4","discovered",594.360937770434,28.84,0.0485227042480022,0.0364
"tot3_0558","S4","discovered",594.360937770434,15.03,0.025287664523144,0.019
"tot3_0559","S4","neither",594.360937770434,54.73,0.0920820944345756,0.0691
"tot3_0560","S4","discovered",594.360937770434,22.48,0.0378221356274303,0.0284
"tot3_0561","S4","discovered",594.360937770434,24.73,0.041607714148859,0.0312
"tot3_0562","S4","discovered",594.360937770434,17.86,0.0300490810634299,0.0225
"tot3_0563","S4","discovered",594.360937770434,43.91,0.0738776679448605,0.0554
"tot3_0564","S4","discovered",594.360937770434,22.48,0.0378221356274303,0.0284
"tot3_0565","S4","neither",594.360937770434,52.73,0.0887171357488612,0.0665
"tot3_0566","S4","discovered",594.360937770434,28.84,0.0485227042480022,0.0364
"tot3_0567","S4","discovered",594.360937770434,15.03,0.025287664523144,0.019
"tot3_0568","S4","discovered",594.360937770434,15.61,0.0262635025420012,0.0197
"tot3_0569","S4","discovered",594.360937770434,22.48,0.0378221356274303,0.0284
"tot3_0570","S4","discovered",594.360937770434,15.7,0.0264149256828583,0.0198
"tot3_0571","S4","discovered",594.360937770434,17.86,0.0300490810634299,0.0225
"tot3_0572","S4","neither",594.360937770434,49.11,0.0826265605277181,0.062
"tot3_0573","S4","discovered",594.360937770434,19.2,0.0323036033828586,0.0242
"tot3_0574","S4","neither",594.360937770434,56.54,0.0951273820451472,0.0713
"tot3_0575","S4","discovered",594.360937770434,28.84,0.0485227042480022,0.0364
"tot3_0576","S4","discovered",594.360937770434,15.03,0.025287664523144,0.019
"tot3_0577","S4","discovered",594.360937770434,15.61,0.0262635025420012,0.0197
"tot3_0578","S4","neither",594.360937770434,34.09,0.0573557207980026,0.043
"tot3_0579","S4","discovered",594.360937770434,46.78,0.0787063836588607,0.059
"tot3_0580","S4","discovered",594.360937770434,17.86,0.0300490810634299,0.0225
"tot3_0581","S4","neither",594.360937770434,57.97,0.097533327505433,0.0732
"tot3_0582","S4","neither",594.360937770434,58.86,0.099030734120576,0.0743
"tot3_0583","S4","neither",594.360937770434,58.45,0.0983409175900045,0.0738
"tot3_0584","S4","discovered",594.360937770434,28.84,0.0485227042480022,0.0364
"tot3_0585","S4","discovered",594.360937770434,15.03,0.025287664523144,0.019
"tot3_0586","S4","neither",594.360937770434,60.11,0.101133833299147,0.0758
"tot3_0587","S4","neither",594.360937770434,55.26,0.09297380848629,0.0697
"tot3_0588","S4","discovered",594.360937770434,18.37,0.0309071455282871,0.0232
"tot3_0589","S4","discovered",594.360937770434,17.86,0.0300490810634299,0.0225
"tot3_0590","S4","neither",594.360937770434,49.53,0.0833332018517181,0.0625
"tot3_0591","S4","neither",594.360937770434,55.73,0.0937645737774329,0.0703
"tot3_0592","S4","neither",594.360937770434,80.56,0.135540535860578,0.1017
"tot3_0593","S4","discovered",594.360937770434,28.84,0.0485227042480022,0.0364
"tot3_0594","S4","discovered",594.360937770434,15.03,0.025287664523144,0.019
"tot3_0595","S4","discovered",594.360937770434,82.15,0.138215678015721,0.1037
"tot3_0596","S4","discovered",594.360937770434,43.91,0.0738776679448605,0.0554
"tot3_0597","S4","discovered",594.360937770434,13.45,0.0226293471614296,0.017
"tot3_0598","S4","discovered",594.360937770434,13.45,0.0226293471614296,0.017
"tot3_0599","S4","discovered",594.360937770434,13.45,0.0226293471614296,0.017
"tot3_0600","S4","neither",594.360937770434,56.74,0.0954638779137187,0.0716
"tot3_0601","S4","discovered",594.360937770434,24.73,0.041607714148859,0.0312
"tot3_0602","S4","discovered",594.360937770434,28.84,0.0485227042480022,0.0364
"tot3_0603","S4","discovered",594.360937770434,15.03,0.025287664523144,0.019
"tot3_0604","S4","discovered",594.360937770434,20.43,0.034373052974573,0.0258
"tot3_0605","S4","discovered",594.360937770434,24.73,0.041607714148859,0.0312
"tot3_0606","S4","discovered",594.360937770434,13.45,0.0226293471614296,0.017
"tot3_0607","S4","discovered",594.360937770434,13.45,0.0226293471614296,0.017
"tot3_0608","S4","discovered",594.360937770434,13.45,0.0226293471614296,0.017
"tot3_0609","S4","discovered",594.360937770434,24.73,0.041607714148859,0.0312
"tot3_0610","S4","discovered",594.360937770434,24.73,0.041607714148859,0.0312
"tot3_0611","S4","discovered",594.360937770434,28.84,0.0485227042480022,0.0364
"tot3_0612","S4","discovered",594.360937770434,15.03,0.025287664523144,0.019
"tot3_0613","S4","neither",594.360937770434,58.52,0.0984586911440045,0.0738
"tot3_0614","S4","discovered",594.360937770434,41.34,0.0695536960337175,0.0522
"tot3_0615","S4","discovered",594.360937770434,20.43,0.034373052974573,0.0258
"tot3_0616","S4","discovered",594.360937770434,13.45,0.0226293471614296,0.017
"tot3_0617","S4","discovered",594.360937770434,13.45,0.0226293471614296,0.017
"tot3_0618","S4","discovered",594.360937770434,40.34,0.0678712166908603,0.0509
"tot3_0619","S4","discovered",594.360937770434,24.73,0.041607714148859,0.0312
"tot3_0620","S4","discovered",594.360937770434,28.84,0.0485227042480022,0.0364
"tot3_0621","S4","discovered",594.360937770434,15.03,0.025287664523144,0.019
"tot3_0622","S4","discovered",594.360937770434,20.43,0.034373052974573,0.0258
"tot3_0623","S4","discovered",594.360937770434,82.15,0.138215678015721,0.1037
"tot3_0624","S4","neither",594.360937770434,55.06,0.0926373126177185,0.0695
"tot3_0625","S4","discovered",594.360937770434,17.86,0.0300490810634299,0.0225
"tot3_0626","S4","neither",594.360937770434,46.09,0.0775454729122893,0.0582
"tot3_0627","S4","discovered",594.360937770434,28.21,0.0474627422620022,0.0356
"tot3_0628","S4","neither",594.360937770434,60.73,0.102176970491719,0.0766
"tot3_0629","S4","discovered",594.360937770434,28.84,0.0485227042480022,0.0364
"tot3_0630","S4","discovered",594.360937770434,15.03,0.025287664523144,0.019
"tot3_0631","S4","discovered",594.360937770434,20.43,0.034373052974573,0.0258
"tot3_0632","S4","neither",594.360937770434,59.89,0.100763687843719,0.0756
"tot3_0633","S4","neither",594.360937770434,59.4,0.0999392729657189,0.075
"tot3_0634","S4","discovered",594.360937770434,17.86,0.0300490810634299,0.0225
"tot3_0635","S4","neither",594.360937770434,52.98,0.0891377555845755,0.0669
"tot3_0636","S4","neither",594.360937770434,51.54,0.0867149853308611,0.065
"tot3_0637","S4","neither",594.360937770434,59.13,0.0994850035431474,0.0746
"tot3_0638","S4","discovered",594.360937770434,28.84,0.0485227042480022,0.0364
"tot3_0639","S4","discovered",594.360937770434,15.03,0.025287664523144,0.019
"tot3_0640","S4","neither",594.360937770434,40.09,0.067450596855146,0.0506
"tot3_0641","S4","neither",594.360937770434,60.96,0.102563940740576,0.0769
"tot3_0642","S4","neither",594.360937770434,53.73,0.0903996150917184,0.0678
"tot3_0643","S4","discovered",594.360937770434,17.86,0.0300490810634299,0.0225
"tot3_0644","S4","neither",594.360937770434,59.18,0.0995691275102903,0.0747
"tot3_0645","S4","neither",594.360937770434,80.56,0.135540535860578,0.1017
"tot3_0646","S4","neither",594.360937770434,40.59,0.0682918365265746,0.0512
"tot3_0647","S4","discovered",594.360937770434,28.84,0.0485227042480022,0.0364
"tot3_0648","S4","discovered",594.360937770434,15.03,0.025287664523144,0.019
"tot3_0649","S4","discovered",594.360937770434,15.61,0.0262635025420012,0.0197
"tot3_0650","S4","discovered",594.360937770434,22.48,0.0378221356274303,0.0284
"tot3_0651","S4","discovered",594.360937770434,15.7,0.0264149256828583,0.0198
"tot3_0652","S4","discovered",594.360937770434,17.86,0.0300490810634299,0.0225
"tot3_0653","S4","discovered",594.360937770434,24.73,0.041607714148859,0.0312
"tot3_0654","S4","discovered",594.360937770434,26.03,0.0437949372945734,0.0329
"tot3_0655","S4","neither",594.360937770434,41.09,0.0691330761980032,0.0519
"tot3_0656","S4","discovered",594.360937770434,28.84,0.0485227042480022,0.0364
"tot3_0657","S4","discovered",594.360937770434,15.03,0.025287664523144,0.019
"tot3_0658","S4","discovered",594.360937770434,15.61,0.0262635025420012,0.0197
"tot3_0659","S4","neither",594.360937770434,63.88,0.107476780421719,0.0806
"tot3_0660","S4","discovered",594.360937770434,46.78,0.0787063836588607,0.059
"tot3_0661","S4","discovered",594.360937770434,17.86,0.0300490810634299,0.0225
"tot3_0662","S4","neither",594.360937770434,63.11,0.106181271327719,0.0796
"tot3_0663","S4","neither",594.360937770434,54.26,0.0912913291434327,0.0685
"tot3_0664","S4","neither",594.360937770434,61.85,0.104061347355719,0.078
"tot3_0665","S4","discovered",594.360937770434,28.84,0.0485227042480022,0.0364
"tot3_0666","S4","discovered",594.360937770434,15.03,0.025287664523144,0.019
"tot3_0667","S4","neither",594.360937770434,43.53,0.0732383257945748,0.0549
"tot3_0668","S4","discovered",594.360937770434,22.48,0.0378221356274303,0.0284
"tot3_0669","S4","neither",594.360937770434,43.53,0.0732383257945748,0.0549
"tot3_0670","S4","discovered",594.360937770434,17.86,0.0300490810634299,0.0225
"tot3_0671","S4","discovered",594.360937770434,24.73,0.041607714148859,0.0312
"tot3_0672","S4","discovered",594.360937770434,83.73,0.140873995377435,0.1057
"tot3_0673","S4","neither",594.360937770434,57.52,0.0967762118011473,0.0726
"tot3_0674","S4","discovered",594.360937770434,28.84,0.0485227042480022,0.0364
"tot3_0675","S4","discovered",594.360937770434,15.03,0.025287664523144,0.019
"tot3_0676","S4","discovered",594.360937770434,82.15,0.138215678015721,0.1037
"tot3_0677","S4","discovered",594.360937770434,22.48,0.0378221356274303,0.0284
"tot3_0678","S4","discovered",594.360937770434,13.45,0.0226293471614296,0.017
"tot3_0679","S4","discovered",594.360937770434,13.45,0.0226293471614296,0.017
"tot3_0680","S4","discovered",594.360937770434,32.43,0.0545628050888596,0.0409
"tot3_0681","S4","discovered",594.360937770434,26.03,0.0437949372945734,0.0329
"tot3_0682","S4","neither",594.360937770434,50.77,0.0854194762368611,0.0641
"tot3_0683","S4","discovered",594.360937770434,28.84,0.0485227042480022,0.0364
"tot3_0684","S4","discovered",594.360937770434,15.03,0.025287664523144,0.019
"tot3_0685","S4","discovered",594.360937770434,20.43,0.034373052974573,0.0258
"tot3_0686","S4","neither",594.360937770434,66.43,0.111767102746005,0.0838
"tot3_0687","S4","discovered",594.360937770434,13.45,0.0226293471614296,0.017
"tot3_0688","S4","discovered",594.360937770434,13.45,0.0226293471614296,0.017
"tot3_0689","S4","neither",594.360937770434,41.59,0.0699743158694318,0.0525
"tot3_0690","S4","neither",594.360937770434,55.02,0.0925700134440042,0.0694
"tot3_0691","S4","neither",594.360937770434,56.45,0.0949759589042901,0.0712
"tot3_0692","S4","discovered",594.360937770434,28.84,0.0485227042480022,0.0364
"tot3_0693","S4","discovered",594.360937770434,15.03,0.025287664523144,0.019
"tot3_0694","S4","neither",594.360937770434,59.52,0.100141170486862,0.0751
"tot3_0695","S4","discovered",594.360937770434,22.48,0.0378221356274303,0.0284
"tot3_0696","S4","neither",594.360937770434,63.2,0.106332694468576,0.0798
"tot3_0697","S4","discovered",594.360937770434,13.45,0.0226293471614296,0.017
"tot3_0698","S4","discovered",594.360937770434,32.43,0.0545628050888596,0.0409
"tot3_0699","S4","discovered",594.360937770434,83.73,0.140873995377435,0.1057
"tot3_0700","S4","discovered",594.360937770434,99.72,0.167776840069722,0.1258
"tot3_0701","S4","discovered",594.360937770434,28.84,0.0485227042480022,0.0364
"tot3_0702","S4","discovered",594.360937770434,15.03,0.025287664523144,0.019
"tot3_0703","S4","discovered",594.360937770434,20.43,0.034373052974573,0.0258
"tot3_0704","S4","discovered",594.360937770434,22.48,0.0378221356274303,0.0284
"tot3_0705","S4","discovered",594.360937770434,33.9,0.0570360497228597,0.0428
"tot3_0706","S4","discovered",594.360937770434,17.86,0.0300490810634299,0.0225
"tot3_0707","S4","discovered",594.360937770434,31.09,0.052308282769431,0.0392
"tot3_0708","S4","discovered",594.360937770434,26.03,0.0437949372945734,0.0329
"tot3_0709","S4","neither",594.360937770434,72.09,0.121289935826577,0.091
"tot3_0710","S4","discovered",594.360937770434,28.84,0.0485227042480022,0.0364
"tot3_0711","S4","discovered",594.360937770434,15.03,0.025287664523144,0.019
"tot3_0712","S4","neither",594.360937770434,58.55,0.0985091655242902,0.0739
"tot3_0713","S4","neither",594.360937770434,59.93,0.100830987017433,0.0756
"tot3_0714","S4","neither",594.360937770434,64.86,0.109125610177719,0.0818
"tot3_0715","S4","discovered",594.360937770434,17.86,0.0300490810634299,0.0225
"tot3_0716","S4","discovered",594.360937770434,32.98,0.0554881687274311,0.0416
"tot3_0717","S4","neither",594.360937770434,55.84,0.0939496465051472,0.0705
"tot3_0718","S4","discovered",594.360937770434,82.15,0.138215678015721,0.1037
"tot3_0719","S4","discovered",594.360937770434,28.84,0.0485227042480022,0.0364
"tot3_0720","S4","discovered",594.360937770434,15.03,0.025287664523144,0.019
"tot3_0721","S4","discovered",594.360937770434,82.15,0.138215678015721,0.1037
"tot3_0722","S4","discovered",594.360937770434,22.48,0.0378221356274303,0.0284
"tot3_0723","S4","discovered",594.360937770434,101.72,0.171141798755436,0.1284
"tot3_0724","S4","discovered",594.360937770434,17.86,0.0300490810634299,0.0225
"tot3_0725","S4","discovered",594.360937770434,31.09,0.052308282769431,0.0392
"tot3_0726","S4","discovered",594.360937770434,83.73,0.140873995377435,0.1057
"tot3_0727","S4","discovered",594.360937770434,82.15,0.138215678015721,0.1037
"tot3_0728","S4","discovered",594.360937770434,28.84,0.0485227042480022,0.0364
"tot3_0729","S4","discovered",594.360937770434,15.03,0.025287664523144,0.019
"tot3_0730","S4","discovered",594.360937770434,15.61,0.0262635025420012,0.0197
"tot3_0731","S4","discovered",594.360937770434,27.3,0.0459316860600021,0.0344
"tot3_0732","S4","discovered",594.360937770434,15.7,0.0264149256828583,0.0198
"tot3_0733","S4","discovered",594.360937770434,17.86,0.0300490810634299,0.0225
"tot3_0734","S4","discovered",594.360937770434,34.09,0.0573557207980026,0.043
"tot3_0735","S4","discovered",594.360937770434,15.61,0.0262635025420012,0.0197
"tot3_0736","S4","discovered",594.360937770434,15.61,0.0262635025420012,0.0197
"tot3_0737","S4","discovered",594.360937770434,24.73,0.041607714148859,0.0312
"tot3_0738","S4","discovered",594.360937770434,15.03,0.025287664523144,0.019
"tot3_0739","S4","discovered",594.360937770434,15.61,0.0262635025420012,0.0197
"tot3_0740","S4","neither",594.360937770434,55.76,0.0938150481577186,0.0704
"tot3_0741","S4","discovered",594.360937770434,46.78,0.0787063836588607,0.059
"tot3_0742","S4","discovered",594.360937770434,17.86,0.0300490810634299,0.0225
"tot3_0743","S4","discovered",594.360937770434,34.09,0.0573557207980026,0.043
"tot3_0744","S4","discovered",594.360937770434,26.06,0.0438454116748591,0.0329
"tot3_0745","S4","discovered",594.360937770434,15.61,0.0262635025420012,0.0197
"tot3_0746","S4","discovered",594.360937770434,24.73,0.041607714148859,0.0312
"tot3_0747","S4","discovered",594.360937770434,15.03,0.025287664523144,0.019
"tot3_0748","S4","discovered",594.360937770434,15.61,0.0262635025420012,0.0197
"tot3_0749","S4","discovered",594.360937770434,19.19,0.03228677858943,0.0242
"tot3_0750","S4","neither",594.360937770434,53.94,0.0907529357537184,0.0681
"tot3_0751","S4","discovered",594.360937770434,17.86,0.0300490810634299,0.0225
"tot3_0752","S4","discovered",594.360937770434,28.93,0.0486741273888594,0.0365
"tot3_0753","S4","discovered",594.360937770434,101.72,0.171141798755436,0.1284
"tot3_0754","S4","discovered",594.360937770434,15.61,0.0262635025420012,0.0197
"tot3_0755","S4","discovered",594.360937770434,24.73,0.041607714148859,0.0312
"tot3_0756","S4","discovered",594.360937770434,15.03,0.025287664523144,0.019
"tot3_0757","S4","discovered",594.360937770434,64.81,0.109041486210576,0.0818
"tot3_0758","S4","neither",594.360937770434,56.17,0.09450486468829,0.0709
"tot3_0759","S4","discovered",594.360937770434,13.45,0.0226293471614296,0.017
"tot3_0760","S4","discovered",594.360937770434,13.45,0.0226293471614296,0.017
"tot3_0761","S4","discovered",594.360937770434,13.45,0.0226293471614296,0.017
"tot3_0762","S4","discovered",594.360937770434,15.61,0.0262635025420012,0.0197
"tot3_0763","S4","neither",594.360937770434,55.33,0.09309158204029,0.0698
"tot3_0764","S4","discovered",594.360937770434,17.86,0.0300490810634299,0.0225
"tot3_0765","S4","discovered",594.360937770434,15.03,0.025287664523144,0.019
"tot3_0766","S4","discovered",594.360937770434,20.43,0.034373052974573,0.0258
"tot3_0767","S4","discovered",594.360937770434,41.34,0.0695536960337175,0.0522
"tot3_0768","S4","discovered",594.360937770434,13.45,0.0226293471614296,0.017
"tot3_0769","S4","discovered",594.360937770434,13.45,0.0226293471614296,0.017
"tot3_0770","S4","discovered",594.360937770434,13.45,0.0226293471614296,0.017
"tot3_0771","S4","discovered",594.360937770434,26.06,0.0438454116748591,0.0329
"tot3_0772","S4","neither",594.360937770434,55.94,0.0941178944394329,0.0706
"tot3_0773","S4","discovered",594.360937770434,17.86,0.0300490810634299,0.0225
"tot3_0774","S4","discovered",594.360937770434,15.03,0.025287664523144,0.019
"tot3_0775","S4","neither",594.360937770434,55.21,0.0928896845191471,0.0697
"tot3_0776","S4","neither",594.360937770434,43.53,0.0732383257945748,0.0549
"tot3_0777","S4","neither",594.360937770434,59.6,0.10027576883429,0.0752
"tot3_0778","S4","discovered",594.360937770434,13.45,0.0226293471614296,0.017
"tot3_0779","S4","neither",594.360937770434,82.15,0.138215678015721,0.1037
"tot3_0780","S4","discovered",594.360937770434,26.06,0.0438454116748591,0.0329
"tot3_0781","S4","discovered",594.360937770434,83.73,0.140873995377435,0.1057
"tot3_0782","S4","discovered",594.360937770434,17.86,0.0300490810634299,0.0225
"tot3_0783","S4","discovered",594.360937770434,15.03,0.025287664523144,0.019
"tot3_0784","S4","neither",594.360937770434,101.72,0.171141798755436,0.1284
"tot3_0785","S4","discovered",594.360937770434,101.72,0.171141798755436,0.1284
"tot3_0786","S4","discovered",594.360937770434,24.73,0.041607714148859,0.0312
"tot3_0787","S4","discovered",594.360937770434,17.86,0.0300490810634299,0.0225
"tot3_0788","S4","neither",594.360937770434,65.14,0.109596704393719,0.0822
"tot3_0789","S4","discovered",594.360937770434,15.61,0.0262635025420012,0.0197
"tot3_0790","S4","neither",594.360937770434,58.73,0.0988120118060045,0.0741
"tot3_0791","S4","discovered",594.360937770434,15.61,0.0262635025420012,0.0197
"tot3_0792","S4","discovered",594.360937770434,15.03,0.025287664523144,0.019
"tot3_0793","S4","neither",594.360937770434,58.13,0.0978025242002902,0.0734
"tot3_0794","S4","neither",594.360937770434,59.56,0.100208469660576,0.0752
"tot3_0795","S4","neither",594.360937770434,41.53,0.0698733671088603,0.0524
"tot3_0796","S4","discovered",594.360937770434,17.86,0.0300490810634299,0.0225
"tot3_0797","S4","neither",594.360937770434,63.16,0.106265395294862,0.0797
"tot3_0798","S4","discovered",594.360937770434,26.06,0.0438454116748591,0.0329
"tot3_0799","S4","neither",594.360937770434,82.15,0.138215678015721,0.1037
"tot3_0800","S4","discovered",594.360937770434,15.61,0.0262635025420012,0.0197
"tot3_0801","S4","discovered",594.360937770434,15.03,0.025287664523144,0.019
"tot3_0802","S4","discovered",594.360937770434,41.09,0.0691330761980032,0.0519
"tot3_0803","S4","neither",594.360937770434,53.73,0.0903996150917184,0.0678
"tot3_0804","S4","neither",594.360937770434,59.39,0.0999224481722903,0.0749
"tot3_0805","S4","discovered",594.360937770434,17.86,0.0300490810634299,0.0225
"tot3_0806","S4","neither",594.360937770434,116.78,0.196479937658866,0.1474
"tot3_0807","S4","discovered",594.360937770434,15.61,0.0262635025420012,0.0197
"tot3_0808","S4","discovered",594.360937770434,15.61,0.0262635025420012,0.0197
"tot3_0809","S4","discovered",594.360937770434,15.61,0.0262635025420012,0.0197
"tot3_0810","S4","discovered",594.360937770434,15.03,0.025287664523144,0.019
"tot3_0811","S4","discovered",594.360937770434,15.61,0.0262635025420012,0.0197
"tot3_0812","S4","discovered",594.360937770434,27.3,0.0459316860600021,0.0344
"tot3_0813","S4","discovered",594.360937770434,15.7,0.0264149256828583,0.0198
"tot3_0814","S4","discovered",594.360937770434,17.86,0.0300490810634299,0.0225
"tot3_0815","S4","neither",594.360937770434,50.77,0.0854194762368611,0.0641
"tot3_0816","S4","discovered",594.360937770434,17.86,0.0300490810634299,0.0225
"tot3_0817","S4","discovered",594.360937770434,42.26,0.0711015770291461,0.0533
"tot3_0818","S4","discovered",594.360937770434,24.73,0.041607714148859,0.0312
"tot3_0819","S4","discovered",594.360937770434,15.03,0.025287664523144,0.019
"tot3_0820","S4","discovered",594.360937770434,15.61,0.0262635025420012,0.0197
"tot3_0821","S4","discovered",594.360937770434,28.93,0.0486741273888594,0.0365
"tot3_0822","S4","discovered",594.360937770434,46.78,0.0787063836588607,0.059
"tot3_0823","S4","discovered",594.360937770434,17.86,0.0300490810634299,0.0225
"tot3_0824","S4","neither",594.360937770434,65.53,0.110252871337434,0.0827
"tot3_0825","S4","neither",594.360937770434,60.28,0.101419854787433,0.0761
"tot3_0826","S4","discovered",594.360937770434,15.61,0.0262635025420012,0.0197
"tot3_0827","S4","discovered",594.360937770434,24.73,0.041607714148859,0.0312
"tot3_0828","S4","discovered",594.360937770434,15.03,0.025287664523144,0.019
"tot3_0829","S4","neither",594.360937770434,60.35,0.101537628341433,0.0762
"tot3_0830","S4","neither",594.360937770434,47.53,0.0799682431660037,0.06
"tot3_0831","S4","neither",594.360937770434,63.38,0.106635540750291,0.08
"tot3_0832","S4","discovered",594.360937770434,17.86,0.0300490810634299,0.0225
"tot3_0833","S4","neither",594.360937770434,61.09,0.102782663055148,0.0771
"tot3_0834","S4","neither",594.360937770434,64.88,0.109159259764576,0.0819
"tot3_0835","S4","neither",594.360937770434,51.82,0.0871860795468611,0.0654
"tot3_0836","S4","discovered",594.360937770434,24.73,0.041607714148859,0.0312
"tot3_0837","S4","discovered",594.360937770434,15.03,0.025287664523144,0.019
"tot3_0838","S4","discovered",594.360937770434,64.81,0.109041486210576,0.0818
"tot3_0839","S4","discovered",594.360937770434,63.81,0.107359006867719,0.0805
"tot3_0840","S4","discovered",594.360937770434,13.45,0.0226293471614296,0.017
"tot3_0841","S4","discovered",594.360937770434,13.45,0.0226293471614296,0.017
"tot3_0842","S4","discovered",594.360937770434,13.45,0.0226293471614296,0.017
"tot3_0843","S4","neither",594.360937770434,53.73,0.0903996150917184,0.0678
"tot3_0844","S4","neither",594.360937770434,52.73,0.0887171357488612,0.0665
"tot3_0845","S4","discovered",594.360937770434,17.86,0.0300490810634299,0.0225
"tot3_0846","S4","discovered",594.360937770434,15.03,0.025287664523144,0.019
"tot3_0847","S4","discovered",594.360937770434,20.43,0.034373052974573,0.0258
"tot3_0848","S4","discovered",594.360937770434,24.73,0.041607714148859,0.0312
"tot3_0849","S4","discovered",594.360937770434,13.45,0.0226293471614296,0.017
"tot3_0850","S4","discovered",594.360937770434,13.45,0.0226293471614296,0.017
"tot3_0851","S4","discovered",594.360937770434,13.45,0.0226293471614296,0.017
"tot3_0852","S4","discovered",594.360937770434,17.86,0.0300490810634299,0.0225
"tot3_0853","S4","discovered",594.360937770434,20.43,0.034373052974573,0.0258
"tot3_0854","S4","discovered",594.360937770434,17.86,0.0300490810634299,0.0225
"tot3_0855","S4","discovered",594.360937770434,15.03,0.025287664523144,0.019
"tot3_0856","S4","neither",594.360937770434,56.29,0.0947067622094329,0.071
"tot3_0857","S4","neither",594.360937770434,45.53,0.0766032844802892,0.0574
"tot3_0858","S4","neither",594.360937770434,53.73,0.0903996150917184,0.0678
"tot3_0859","S4","discovered",594.360937770434,13.45,0.0226293471614296,0.017
"tot3_0860","S4","discovered",594.360937770434,28.21,0.0474627422620022,0.0356
"tot3_0861","S4","discovered",594.360937770434,17.86,0.0300490810634299,0.0225
"tot3_0862","S4","neither",594.360937770434,57.93,0.0974660283317187,0.0731
"tot3_0863","S4","discovered",594.360937770434,17.86,0.0300490810634299,0.0225
"tot3_0864","S4","discovered",594.360937770434,15.03,0.025287664523144,0.019
"tot3_0865","S4","neither",594.360937770434,53.73,0.0903996150917184,0.0678
"tot3_0866","S4","neither",594.360937770434,53.1,0.0893396531057184,0.067
"tot3_0867","S4","neither",594.360937770434,57.49,0.0967257374208616,0.0725
"tot3_0868","S4","discovered",594.360937770434,17.86,0.0300490810634299,0.0225
"tot3_0869","S4","neither",594.360937770434,60.44,0.10168905148229,0.0763
"tot3_0870","S4","discovered",594.360937770434,45.15,0.0759639423300035,0.057
"tot3_0871","S4","neither",594.360937770434,64.32,0.108217071332576,0.0812
"tot3_0872","S4","discovered",594.360937770434,15.61,0.0262635025420012,0.0197
"tot3_0873","S4","discovered",594.360937770434,15.03,0.025287664523144,0.019
"tot3_0874","S4","discovered",594.360937770434,15.61,0.0262635025420012,0.0197
"tot3_0875","S4","neither",594.360937770434,53.44,0.0899116960822898,0.0674
"tot3_0876","S4","neither",594.360937770434,64.74,0.108923712656576,0.0817
"tot3_0877","S4","discovered",594.360937770434,17.86,0.0300490810634299,0.0225
"tot3_0878","S4","discovered",594.360937770434,82.15,0.138215678015721,0.1037
"tot3_0879","S4","discovered",594.360937770434,15.61,0.0262635025420012,0.0197
"tot3_0880","S4","discovered",594.360937770434,15.61,0.0262635025420012,0.0197
"tot3_0881","S4","discovered",594.360937770434,15.61,0.0262635025420012,0.0197
"tot3_0882","S4","discovered",594.360937770434,15.03,0.025287664523144,0.019
"tot3_0883","S4","neither",594.360937770434,53.51,0.0900294696362898,0.0675
"tot3_0884","S4","neither",594.360937770434,57.2,0.096237818411433,0.0722
"tot3_0885","S4","neither",594.360937770434,52.66,0.0885993621948612,0.0664
"tot3_0886","S4","discovered",594.360937770434,17.86,0.0300490810634299,0.0225
"tot3_0887","S4","neither",594.360937770434,54.26,0.0912913291434327,0.0685
"tot3_0888","S4","discovered",594.360937770434,15.61,0.0262635025420012,0.0197
"tot3_0889","S4","discovered",594.360937770434,15.61,0.0262635025420012,0.0197
"tot3_0890","S4","discovered",594.360937770434,15.61,0.0262635025420012,0.0197
"tot3_0891","S4","discovered",594.360937770434,15.03,0.025287664523144,0.019
"tot3_0892","S4","discovered",594.360937770434,15.61,0.0262635025420012,0.0197
"tot3_0893","S4","neither",594.360937770434,44.84,0.0754423737337177,0.0566
"tot3_0894","S4","discovered",594.360937770434,15.7,0.0264149256828583,0.0198
"tot3_0895","S4","discovered",594.360937770434,17.86,0.0300490810634299,0.0225
"tot3_0896","S4","neither",594.360937770434,39.09,0.0657681175122887,0.0493
"tot3_0897","S4","discovered",594.360937770434,17.86,0.0300490810634299,0.0225
"tot3_0898","S4","neither",594.360937770434,55.13,0.0927550861717185,0.0696
"tot3_0899","S4","discovered",594.360937770434,24.73,0.041607714148859,0.0312
"tot3_0900","S4","discovered",594.360937770434,15.03,0.025287664523144,0.019
"tot3_0901","S4","discovered",594.360937770434,15.61,0.0262635025420012,0.0197
"tot3_0902","S4","neither",594.360937770434,52.79,0.0888180845094326,0.0666
"tot3_0903","S4","discovered",594.360937770434,46.78,0.0787063836588607,0.059
"tot3_0904","S4","discovered",594.360937770434,17.86,0.0300490810634299,0.0225
"tot3_0905","S4","neither",594.360937770434,47.52,0.0799514183725751,0.06
"tot3_0906","S4","neither",594.360937770434,42.59,0.071656795212289,0.0537
"tot3_0907","S4","neither",594.360937770434,56.36,0.0948245357634329,0.0711
"tot3_0908","S4","discovered",594.360937770434,24.73,0.041607714148859,0.0312
"tot3_0909","S4","discovered",594.360937770434,15.03,0.025287664523144,0.019
"tot3_0910","S4","neither",594.360937770434,57.76,0.097180006843433,0.0729
"tot3_0911","S4","discovered",594.360937770434,19.19,0.03228677858943,0.0242
"tot3_0912","S4","neither",594.360937770434,58.98,0.0992326316417188,0.0744
"tot3_0913","S4","discovered",594.360937770434,17.86,0.0300490810634299,0.0225
"tot3_0914","S4","neither",594.360937770434,45.53,0.0766032844802892,0.0574
"tot3_0915","S4","neither",594.360937770434,67.26,0.113163560600577,0.0849
"tot3_0916","S4","neither",594.360937770434,58.46,0.0983577423834331,0.0738
"tot3_0917","S4","discovered",594.360937770434,24.73,0.041607714148859,0.0312
"tot3_0918","S4","discovered",594.360937770434,15.03,0.025287664523144,0.019
"tot3_0919","S4","discovered",594.360937770434,82.15,0.138215678015721,0.1037
"tot3_0920","S4","neither",594.360937770434,60.04,0.101016059745147,0.0758
"tot3_0921","S4","discovered",594.360937770434,13.45,0.0226293471614296,0.017
"tot3_0922","S4","discovered",594.360937770434,13.45,0.0226293471614296,0.017
"tot3_0923","S4","neither",594.360937770434,60.08,0.101083358918862,0.0758
"tot3_0924","S4","neither",594.360937770434,66.13,0.111262358943148,0.0834
"tot3_0925","S4","neither",594.360937770434,55.13,0.0927550861717185,0.0696
"tot3_0926","S4","discovered",594.360937770434,17.86,0.0300490810634299,0.0225
"tot3_0927","S4","discovered",594.360937770434,15.03,0.025287664523144,0.019
"tot3_0928","S4","discovered",594.360937770434,20.43,0.034373052974573,0.0258
"tot3_0929","S4","neither",594.360937770434,59.68,0.100410367181719,0.0753
"tot3_0930","S4","discovered",594.360937770434,13.45,0.0226293471614296,0.017
"tot3_0931","S4","discovered",594.360937770434,13.45,0.0226293471614296,0.017
"tot3_0932","S4","discovered",594.360937770434,20.43,0.034373052974573,0.0258
"tot3_0933","S4","neither",594.360937770434,48.46,0.0815329489548609,0.0612
"tot3_0934","S4","neither",594.360937770434,55.22,0.0929065093125757,0.0697
"tot3_0935","S4","discovered",594.360937770434,17.86,0.0300490810634299,0.0225
"tot3_0936","S4","discovered",594.360937770434,15.03,0.025287664523144,0.019
"tot3_0937","S4","neither",594.360937770434,51.9,0.0873206778942897,0.0655
"tot3_0938","S4","neither",594.360937770434,43.53,0.0732383257945748,0.0549
"tot3_0939","S4","neither",594.360937770434,89.48,0.150548251598864,0.1129
"tot3_0940","S4","discovered",594.360937770434,13.45,0.0226293471614296,0.017
"tot3_0941","S4","neither",594.360937770434,49.53,0.0833332018517181,0.0625
"tot3_0942","S4","neither",594.360937770434,62,0.104313719257148,0.0782
"tot3_0943","S4","neither",594.360937770434,55.24,0.0929401588994328,0.0697
"tot3_0944","S4","discovered",594.360937770434,17.86,0.0300490810634299,0.0225
"tot3_0945","S4","discovered",594.360937770434,15.03,0.025287664523144,0.019
"tot3_0946","S4","neither",594.360937770434,61.87,0.104094996942576,0.0781
"tot3_0947","S4","neither",594.360937770434,40.09,0.067450596855146,0.0506
"tot3_0948","S4","neither",594.360937770434,53.17,0.0894574266597184,0.0671
"tot3_0949","S4","discovered",594.360937770434,17.86,0.0300490810634299,0.0225
"tot3_0950","S4","neither",594.360937770434,58.79,0.0989129605665759,0.0742
"tot3_0951","S4","discovered",594.360937770434,42.34,0.0712361753765747,0.0534
"tot3_0952","S4","neither",594.360937770434,67.19,0.113045787046577,0.0848
"tot3_0953","S4","discovered",594.360937770434,15.61,0.0262635025420012,0.0197
"tot3_0954","S4","discovered",594.360937770434,15.03,0.025287664523144,0.019
"tot3_0955","S4","neither",594.360937770434,59.67,0.10039354238829,0.0753
"tot3_0956","S4","discovered",594.360937770434,27.3,0.0459316860600021,0.0344
"tot3_0957","S4","neither",594.360937770434,45.53,0.0766032844802892,0.0574
"tot3_0958","S4","discovered",594.360937770434,17.86,0.0300490810634299,0.0225
"tot3_0959","S4","discovered",594.360937770434,37.78,0.0635640695731458,0.0477
"tot3_0960","S4","neither",594.360937770434,60.38,0.101588102721719,0.0762
"tot3_0961","S4","discovered",594.360937770434,61.33,0.103186458097433,0.0774
"tot3_0962","S4","discovered",594.360937770434,15.61,0.0262635025420012,0.0197
"tot3_0963","S4","discovered",594.360937770434,15.03,0.025287664523144,0.019
"tot3_0964","S4","neither",594.360937770434,63.72,0.107207583726862,0.0804
"tot3_0965","S4","discovered",594.360937770434,31.09,0.052308282769431,0.0392
"tot3_0966","S4","neither",594.360937770434,58.45,0.0983409175900045,0.0738
"tot3_0967","S4","discovered",594.360937770434,17.86,0.0300490810634299,0.0225
"tot3_0968","S4","neither",594.360937770434,63.46,0.106770139097719,0.0801
"tot3_0969","S4","neither",594.360937770434,57.56,0.0968435109748616,0.0726
"tot3_0970","S4","discovered",594.360937770434,15.61,0.0262635025420012,0.0197
"tot3_0971","S4","discovered",594.360937770434,15.61,0.0262635025420012,0.0197
"tot3_0972","S4","discovered",594.360937770434,15.03,0.025287664523144,0.019
"tot3_0973","S4","discovered",594.360937770434,15.61,0.0262635025420012,0.0197
"tot3_0974","S4","discovered",594.360937770434,27.3,0.0459316860600021,0.0344
"tot3_0975","S4","discovered",594.360937770434,15.7,0.0264149256828583,0.0198
"tot3_0976","S4","discovered",594.360937770434,17.86,0.0300490810634299,0.0225
"tot3_0977","S4","discovered",594.360937770434,46.15,0.0776464216728607,0.0582
"tot3_0978","S4","discovered",594.360937770434,15.61,0.0262635025420012,0.0197
"tot3_0979","S4","discovered",594.360937770434,24.73,0.041607714148859,0.0312
"tot3_0980","S4","discovered",594.360937770434,24.73,0.041607714148859,0.0312
"tot3_0981","S4","discovered",594.360937770434,15.03,0.025287664523144,0.019
"tot3_0982","S4","discovered",594.360937770434,15.61,0.0262635025420012,0.0197
"tot3_0983","S4","neither",594.360937770434,55.76,0.0938150481577186,0.0704
"tot3_0984","S4","discovered",594.360937770434,46.78,0.0787063836588607,0.059
"tot3_0985","S4","discovered",594.360937770434,17.86,0.0300490810634299,0.0225
"tot3_0986","S4","discovered",594.360937770434,24.73,0.041607714148859,0.0312
"tot3_0987","S4","neither",594.360937770434,46.53,0.0782857638231464,0.0587
"tot3_0988","S4","discovered",594.360937770434,24.73,0.041607714148859,0.0312
"tot3_0989","S4","discovered",594.360937770434,24.73,0.041607714148859,0.0312
"tot3_0990","S4","discovered",594.360937770434,15.03,0.025287664523144,0.019
"tot3_0991","S4","neither",594.360937770434,60.1,0.101117008505719,0.0758
"tot3_0992","S4","discovered",594.360937770434,19.19,0.03228677858943,0.0242
"tot3_0993","S4","neither",594.360937770434,53.94,0.0907529357537184,0.0681
"tot3_0994","S4","discovered",594.360937770434,17.86,0.0300490810634299,0.0225
"tot3_0995","S4","neither",594.360937770434,59.5,0.100107520900005,0.0751
"tot3_0996","S4","discovered",594.360937770434,101.72,0.171141798755436,0.1284
"tot3_0997","S4","neither",594.360937770434,58.86,0.099030734120576,0.0743
"tot3_0998","S4","discovered",594.360937770434,24.73,0.041607714148859,0.0312
"tot3_0999","S4","discovered",594.360937770434,15.03,0.025287664523144,0.019
"tot3_1000","S4","discovered",594.360937770434,64.81,0.109041486210576,0.0818
"tot3_1001","S4","neither",594.360937770434,56.17,0.09450486468829,0.0709
"tot3_1002","S4","discovered",594.360937770434,13.45,0.0226293471614296,0.017
"tot3_1003","S4","discovered",594.360937770434,13.45,0.0226293471614296,0.017
"tot3_1004","S4","discovered",594.360937770434,13.45,0.0226293471614296,0.017
"tot3_1005","S4","discovered",594.360937770434,15.61,0.0262635025420012,0.0197
"tot3_1006","S4","discovered",594.360937770434,97.72,0.164411881384008,0.1233
"tot3_1007","S4","discovered",594.360937770434,17.86,0.0300490810634299,0.0225
"tot3_1008","S4","discovered",594.360937770434,15.03,0.025287664523144,0.019
"tot3_1009","S4","discovered",594.360937770434,20.43,0.034373052974573,0.0258
"tot3_1010","S4","discovered",594.360937770434,41.34,0.0695536960337175,0.0522
"tot3_1011","S4","discovered",594.360937770434,13.45,0.0226293471614296,0.017
"tot3_1012","S4","discovered",594.360937770434,13.45,0.0226293471614296,0.017
"tot3_1013","S4","discovered",594.360937770434,13.45,0.0226293471614296,0.017
"tot3_1014","S4","discovered",594.360937770434,35.9,0.0604010084085742,0.0453
"tot3_1015","S4","discovered",594.360937770434,17.86,0.0300490810634299,0.0225
"tot3_1016","S4","discovered",594.360937770434,17.86,0.0300490810634299,0.0225
"tot3_1017","S4","discovered",594.360937770434,15.03,0.025287664523144,0.019
"tot3_1018","S4","neither",594.360937770434,57.04,0.0959686217165758,0.072
"tot3_1019","S4","neither",594.360937770434,62.96,0.105928899426291,0.0795
"tot3_1020","S4","discovered",594.360937770434,13.45,0.0226293471614296,0.017
"tot3_1021","S4","discovered",594.360937770434,13.45,0.0226293471614296,0.017
"tot3_1022","S4","discovered",594.360937770434,13.45,0.0226293471614296,0.017
"tot3_1023","S4","neither",594.360937770434,59.39,0.0999224481722903,0.0749
"tot3_1024","S4","discovered",594.360937770434,17.86,0.0300490810634299,0.0225
"tot3_1025","S4","discovered",594.360937770434,17.86,0.0300490810634299,0.0225
"tot3_1026","S4","discovered",594.360937770434,15.03,0.025287664523144,0.019
"tot3_1027","S4","neither",594.360937770434,82.15,0.138215678015721,0.1037
"tot3_1028","S4","neither",594.360937770434,66.89,0.112541043243719,0.0844
"tot3_1029","S4","discovered",594.360937770434,24.73,0.041607714148859,0.0312
"tot3_1030","S4","discovered",594.360937770434,17.86,0.0300490810634299,0.0225
"tot3_1031","S4","neither",594.360937770434,55.62,0.0935795010497186,0.0702
"tot3_1032","S4","discovered",594.360937770434,15.61,0.0262635025420012,0.0197
"tot3_1033","S4","neither",594.360937770434,44.84,0.0754423737337177,0.0566
"tot3_1034","S4","discovered",594.360937770434,15.61,0.0262635025420012,0.0197
"tot3_1035","S4","discovered",594.360937770434,15.03,0.025287664523144,0.019
"tot3_1036","S4","neither",594.360937770434,57.52,0.0967762118011473,0.0726
"tot3_1037","S4","neither",594.360937770434,51.69,0.0869673572322897,0.0652
"tot3_1038","S4","neither",594.360937770434,52.36,0.088094618392004,0.0661
"tot3_1039","S4","discovered",594.360937770434,17.86,0.0300490810634299,0.0225
"tot3_1040","S4","neither",594.360937770434,57.95,0.0974996779185759,0.0731
"tot3_1041","S4","neither",594.360937770434,42.09,0.0708155555408604,0.0531
"tot3_1042","S4","neither",594.360937770434,50.59,0.0851166299551468,0.0638
"tot3_1043","S4","discovered",594.360937770434,15.61,0.0262635025420012,0.0197
"tot3_1044","S4","discovered",594.360937770434,15.03,0.025287664523144,0.019
"tot3_1045","S4","discovered",594.360937770434,41.09,0.0691330761980032,0.0519
"tot3_1046","S4","neither",594.360937770434,53.73,0.0903996150917184,0.0678
"tot3_1047","S4","neither",594.360937770434,55.71,0.0937309241905757,0.0703
"tot3_1048","S4","discovered",594.360937770434,17.86,0.0300490810634299,0.0225
"tot3_1049","S4","discovered",594.360937770434,82.15,0.138215678015721,0.1037
"tot3_1050","S4","discovered",594.360937770434,15.61,0.0262635025420012,0.0197
"tot3_1051","S4","discovered",594.360937770434,15.61,0.0262635025420012,0.0197
"tot3_1052","S4","discovered",594.360937770434,15.61,0.0262635025420012,0.0197
"tot3_1053","S4","discovered",594.360937770434,15.03,0.025287664523144,0.019
"tot3_1054","S4","discovered",594.360937770434,15.61,0.0262635025420012,0.0197
"tot3_1055","S4","discovered",594.360937770434,27.3,0.0459316860600021,0.0344
"tot3_1056","S4","discovered",594.360937770434,15.7,0.0264149256828583,0.0198
"tot3_1057","S4","discovered",594.360937770434,17.86,0.0300490810634299,0.0225
"tot3_1058","S4","discovered",594.360937770434,64.81,0.109041486210576,0.0818
"tot3_1059","S4","discovered",594.360937770434,17.86,0.0300490810634299,0.0225
"tot3_1060","S4","neither",594.360937770434,59.56,0.100208469660576,0.0752
"tot3_1061","S4","discovered",594.360937770434,24.73,0.041607714148859,0.0312
"tot3_1062","S4","discovered",594.360937770434,15.03,0.025287664523144,0.019
"tot3_1063","S4","discovered",594.360937770434,15.61,0.0262635025420012,0.0197
"tot3_1064","S4","discovered",594.360937770434,28.93,0.0486741273888594,0.0365
"tot3_1065","S4","discovered",594.360937770434,46.78,0.0787063836588607,0.059
"tot3_1066","S4","discovered",594.360937770434,17.86,0.0300490810634299,0.0225
"tot3_1067","S4","discovered",594.360937770434,116.78,0.196479937658866,0.1474
"tot3_1068","S4","discovered",594.360937770434,114.45,0.192559760790009,0.1444
"tot3_1069","S4","neither",594.360937770434,48.68,0.0819030944102895,0.0614
"tot3_1070","S4","discovered",594.360937770434,24.73,0.041607714148859,0.0312
"tot3_1071","S4","discovered",594.360937770434,15.03,0.025287664523144,0.019
"tot3_1072","S4","neither",594.360937770434,57.05,0.0959854465100044,0.072
"tot3_1073","S4","discovered",594.360937770434,19.19,0.03228677858943,0.0242
"tot3_1074","S4","neither",594.360937770434,82.15,0.138215678015721,0.1037
"tot3_1075","S4","discovered",594.360937770434,17.86,0.0300490810634299,0.0225
"tot3_1076","S4","discovered",594.360937770434,24.73,0.041607714148859,0.0312
"tot3_1077","S4","neither",594.360937770434,57.41,0.096591139073433,0.0724
"tot3_1078","S4","neither",594.360937770434,40.09,0.067450596855146,0.0506
"tot3_1079","S4","discovered",594.360937770434,24.73,0.041607714148859,0.0312
"tot3_1080","S4","discovered",594.360937770434,15.03,0.025287664523144,0.019
"tot3_1081","S4","discovered",594.360937770434,64.81,0.109041486210576,0.0818
"tot3_1082","S4","discovered",594.360937770434,63.81,0.107359006867719,0.0805
"tot3_1083","S4","discovered",594.360937770434,13.45,0.0226293471614296,0.017
"tot3_1084","S4","discovered",594.360937770434,13.45,0.0226293471614296,0.017
"tot3_1085","S4","discovered",594.360937770434,13.45,0.0226293471614296,0.017
"tot3_1086","S4","neither",594.360937770434,53.73,0.0903996150917184,0.0678
"tot3_1087","S4","discovered",594.360937770434,17.86,0.0300490810634299,0.0225
"tot3_1088","S4","discovered",594.360937770434,17.86,0.0300490810634299,0.0225
"tot3_1089","S4","discovered",594.360937770434,15.03,0.025287664523144,0.019
"tot3_1090","S4","discovered",594.360937770434,20.43,0.034373052974573,0.0258
"tot3_1091","S4","discovered",594.360937770434,24.73,0.041607714148859,0.0312
"tot3_1092","S4","discovered",594.360937770434,13.45,0.0226293471614296,0.017
"tot3_1093","S4","discovered",594.360937770434,13.45,0.0226293471614296,0.017
"tot3_1094","S4","discovered",594.360937770434,13.45,0.0226293471614296,0.017
"tot3_1095","S4","discovered",594.360937770434,17.86,0.0300490810634299,0.0225
"tot3_1096","S4","discovered",594.360937770434,17.86,0.0300490810634299,0.0225
"tot3_1097","S4","discovered",594.360937770434,17.86,0.0300490810634299,0.0225
"tot3_1098","S4","discovered",594.360937770434,15.03,0.025287664523144,0.019
"tot3_1099","S4","discovered",594.360937770434,44.26,0.0744665357148605,0.0559
"tot3_1100","S4","discovered",594.360937770434,24.73,0.041607714148859,0.0312
"tot3_1101","S4","discovered",594.360937770434,13.45,0.0226293471614296,0.017
"tot3_1102","S4","discovered",594.360937770434,13.45,0.0226293471614296,0.017
"tot3_1103","S4","discovered",594.360937770434,13.45,0.0226293471614296,0.017
"tot3_1104","S4","discovered",594.360937770434,17.86,0.0300490810634299,0.0225
"tot3_1105","S4","discovered",594.360937770434,17.86,0.0300490810634299,0.0225
"tot3_1106","S4","discovered",594.360937770434,17.86,0.0300490810634299,0.0225
"tot3_1107","S4","discovered",594.360937770434,15.03,0.025287664523144,0.019
"tot3_1108","S4","neither",594.360937770434,53.73,0.0903996150917184,0.0678
"tot3_1109","S4","discovered",594.360937770434,42.91,0.0721951886020033,0.0541
"tot3_1110","S4","discovered",594.360937770434,36.55,0.0614946199814314,0.0461
"tot3_1111","S4","discovered",594.360937770434,17.86,0.0300490810634299,0.0225
"tot3_1112","S4","discovered",594.360937770434,17.86,0.0300490810634299,0.0225
"tot3_1113","S4","discovered",594.360937770434,45.15,0.0759639423300035,0.057
"tot3_1114","S4","discovered",594.360937770434,15.61,0.0262635025420012,0.0197
"tot3_1115","S4","discovered",594.360937770434,15.61,0.0262635025420012,0.0197
"tot3_1116","S4","discovered",594.360937770434,15.03,0.025287664523144,0.019
"tot3_1117","S4","discovered",594.360937770434,42.91,0.0721951886020033,0.0541
"tot3_1118","S4","discovered",594.360937770434,31.09,0.052308282769431,0.0392
"tot3_1119","S4","discovered",594.360937770434,17.86,0.0300490810634299,0.0225
"tot3_1120","S4","discovered",594.360937770434,17.86,0.0300490810634299,0.0225
"tot3_1121","S4","discovered",594.360937770434,17.86,0.0300490810634299,0.0225
"tot3_1122","S4","discovered",594.360937770434,15.61,0.0262635025420012,0.0197
"tot3_1123","S4","discovered",594.360937770434,15.61,0.0262635025420012,0.0197
"tot3_1124","S4","discovered",594.360937770434,15.61,0.0262635025420012,0.0197
"tot3_1125","S4","discovered",594.360937770434,15.03,0.025287664523144,0.019
"tot3_1126","S4","discovered",594.360937770434,42.91,0.0721951886020033,0.0541
"tot3_1127","S4","discovered",594.360937770434,31.09,0.052308282769431,0.0392
"tot3_1128","S4","discovered",594.360937770434,17.86,0.0300490810634299,0.0225
"tot3_1129","S4","discovered",594.360937770434,17.86,0.0300490810634299,0.0225
"tot3_1130","S4","discovered",594.360937770434,17.86,0.0300490810634299,0.0225
"tot3_1131","S4","discovered",594.360937770434,15.61,0.0262635025420012,0.0197
"tot3_1132","S4","discovered",594.360937770434,15.61,0.0262635025420012,0.0197
"tot3_1133","S4","discovered",594.360937770434,15.61,0.0262635025420012,0.0197
"tot3_1134","S4","discovered",594.360937770434,15.03,0.025287664523144,0.019
"tot3_1135","S4","discovered",594.360937770434,15.61,0.0262635025420012,0.0197
"tot3_1136","S4","neither",594.360937770434,44.84,0.0754423737337177,0.0566
"tot3_1137","S4","discovered",594.360937770434,15.7,0.0264149256828583,0.0198
"tot3_1138","S4","discovered",594.360937770434,17.86,0.0300490810634299,0.0225
"tot3_1139","S4","neither",594.360937770434,63.6,0.107005686205719,0.0803
"tot3_1140","S4","discovered",594.360937770434,31.98,0.0538056893845739,0.0404
"tot3_1141","S4","neither",594.360937770434,58.46,0.0983577423834331,0.0738
"tot3_1142","S4","discovered",594.360937770434,24.73,0.041607714148859,0.0312
"tot3_1143","S4","discovered",594.360937770434,15.03,0.025287664523144,0.019
"tot3_1144","S4","discovered",594.360937770434,15.61,0.0262635025420012,0.0197
"tot3_1145","S4","neither",594.360937770434,80.56,0.135540535860578,0.1017
"tot3_1146","S4","discovered",594.360937770434,46.78,0.0787063836588607,0.059
"tot3_1147","S4","discovered",594.360937770434,17.86,0.0300490810634299,0.0225
"tot3_1148","S4","neither",594.360937770434,60.56,0.101890949003433,0.0764
"tot3_1149","S4","neither",594.360937770434,49,0.0824414878000038,0.0618
"tot3_1150","S4","neither",594.360937770434,52.56,0.0884311142605755,0.0663
"tot3_1151","S4","discovered",594.360937770434,24.73,0.041607714148859,0.0312
"tot3_1152","S4","discovered",594.360937770434,15.03,0.025287664523144,0.019
"tot3_1153","S4","neither",594.360937770434,47.53,0.0799682431660037,0.06
"tot3_1154","S4","discovered",594.360937770434,19.19,0.03228677858943,0.0242
"tot3_1155","S4","neither",594.360937770434,63.82,0.107375831661148,0.0805
"tot3_1156","S4","discovered",594.360937770434,17.86,0.0300490810634299,0.0225
"tot3_1157","S4","discovered",594.360937770434,83.73,0.140873995377435,0.1057
"tot3_1158","S4","neither",594.360937770434,58.58,0.0985596399045759,0.0739
"tot3_1159","S4","neither",594.360937770434,59.98,0.100915110984576,0.0757
"tot3_1160","S4","discovered",594.360937770434,24.73,0.041607714148859,0.0312
"tot3_1161","S4","discovered",594.360937770434,15.03,0.025287664523144,0.019
"tot3_1162","S4","discovered",594.360937770434,64.81,0.109041486210576,0.0818
"tot3_1163","S4","discovered",594.360937770434,41.26,0.0694190976862889,0.0521
"tot3_1164","S4","discovered",594.360937770434,13.45,0.0226293471614296,0.017
"tot3_1165","S4","discovered",594.360937770434,13.45,0.0226293471614296,0.017
"tot3_1166","S4","discovered",594.360937770434,13.45,0.0226293471614296,0.017
"tot3_1167","S4","neither",594.360937770434,60.25,0.101369380407147,0.076
"tot3_1168","S4","discovered",594.360937770434,17.86,0.0300490810634299,0.0225
"tot3_1169","S4","discovered",594.360937770434,17.86,0.0300490810634299,0.0225
"tot3_1170","S4","discovered",594.360937770434,15.03,0.025287664523144,0.019
"tot3_1171","S4","discovered",594.360937770434,20.43,0.034373052974573,0.0258
"tot3_1172","S4","discovered",594.360937770434,43.91,0.0738776679448605,0.0554
"tot3_1173","S4","discovered",594.360937770434,13.45,0.0226293471614296,0.017
"tot3_1174","S4","discovered",594.360937770434,13.45,0.0226293471614296,0.017
"tot3_1175","S4","discovered",594.360937770434,13.45,0.0226293471614296,0.017
"tot3_1176","S4","discovered",594.360937770434,17.86,0.0300490810634299,0.0225
"tot3_1177","S4","discovered",594.360937770434,17.86,0.0300490810634299,0.0225
"tot3_1178","S4","discovered",594.360937770434,17.86,0.0300490810634299,0.0225
"tot3_1179","S4","discovered",594.360937770434,15.03,0.025287664523144,0.019
"tot3_1180","S4","discovered",594.360937770434,44.26,0.0744665357148605,0.0559
"tot3_1181","S4","discovered",594.360937770434,24.73,0.041607714148859,0.0312
"tot3_1182","S4","discovered",594.360937770434,13.45,0.0226293471614296,0.017
"tot3_1183","S4","discovered",594.360937770434,13.45,0.0226293471614296,0.017
"tot3_1184","S4","discovered",594.360937770434,13.45,0.0226293471614296,0.017
"tot3_1185","S4","discovered",594.360937770434,17.86,0.0300490810634299,0.0225
"tot3_1186","S4","discovered",594.360937770434,17.86,0.0300490810634299,0.0225
"tot3_1187","S4","discovered",594.360937770434,17.86,0.0300490810634299,0.0225
"tot3_1188","S4","discovered",594.360937770434,15.03,0.025287664523144,0.019
"tot3_1189","S4","discovered",594.360937770434,44.91,0.0755601472877177,0.0567
"tot3_1190","S4","discovered",594.360937770434,33.9,0.0570360497228597,0.0428
"tot3_1191","S4","discovered",594.360937770434,34.9,0.058718529065717,0.044
"tot3_1192","S4","discovered",594.360937770434,17.86,0.0300490810634299,0.0225
"tot3_1193","S4","discovered",594.360937770434,17.86,0.0300490810634299,0.0225
"tot3_1194","S4","discovered",594.360937770434,17.86,0.0300490810634299,0.0225
"tot3_1195","S4","discovered",594.360937770434,15.61,0.0262635025420012,0.0197
"tot3_1196","S4","discovered",594.360937770434,15.61,0.0262635025420012,0.0197
"tot3_1197","S4","discovered",594.360937770434,15.03,0.025287664523144,0.019
"tot3_1198","S4","discovered",594.360937770434,42.91,0.0721951886020033,0.0541
"tot3_1199","S4","discovered",594.360937770434,116.78,0.196479937658866,0.1474
"tot3_1200","S4","discovered",594.360937770434,82.15,0.138215678015721,0.1037
"tot3_1201","S4","discovered",594.360937770434,17.86,0.0300490810634299,0.0225
"tot3_1202","S4","discovered",594.360937770434,17.86,0.0300490810634299,0.0225
"tot3_1203","S4","discovered",594.360937770434,36.55,0.0614946199814314,0.0461
"tot3_1204","S4","discovered",594.360937770434,15.61,0.0262635025420012,0.0197
"tot3_1205","S4","discovered",594.360937770434,15.61,0.0262635025420012,0.0197
"tot3_1206","S4","discovered",594.360937770434,15.03,0.025287664523144,0.019
"tot3_1207","S4","discovered",594.360937770434,41.26,0.0694190976862889,0.0521
"tot3_1208","S4","discovered",594.360937770434,31.09,0.052308282769431,0.0392
"tot3_1209","S4","discovered",594.360937770434,17.86,0.0300490810634299,0.0225
"tot3_1210","S4","discovered",594.360937770434,17.86,0.0300490810634299,0.0225
"tot3_1211","S4","discovered",594.360937770434,17.86,0.0300490810634299,0.0225
"tot3_1212","S4","discovered",594.360937770434,20.43,0.034373052974573,0.0258
"tot3_1213","S4","discovered",594.360937770434,15.61,0.0262635025420012,0.0197
"tot3_1214","S4","discovered",594.360937770434,15.61,0.0262635025420012,0.0197
"tot3_1215","S4","discovered",594.360937770434,15.03,0.025287664523144,0.019
"tot3_1216","S4","discovered",594.360937770434,15.61,0.0262635025420012,0.0197
"tot3_1217","S4","discovered",594.360937770434,27.3,0.0459316860600021,0.0344
"tot3_1218","S4","discovered",594.360937770434,15.7,0.0264149256828583,0.0198
"tot3_1219","S4","discovered",594.360937770434,17.86,0.0300490810634299,0.0225
"tot3_1220","S4","neither",594.360937770434,58.05,0.0976679258528616,0.0732
"tot3_1221","S4","discovered",594.360937770434,15.61,0.0262635025420012,0.0197
"tot3_1222","S4","neither",594.360937770434,58.73,0.0988120118060045,0.0741
"tot3_1223","S4","discovered",594.360937770434,24.73,0.041607714148859,0.0312
"tot3_1224","S4","discovered",594.360937770434,15.03,0.025287664523144,0.019
"tot3_1225","S4","discovered",594.360937770434,15.61,0.0262635025420012,0.0197
"tot3_1226","S4","neither",594.360937770434,55.76,0.0938150481577186,0.0704
"tot3_1227","S4","discovered",594.360937770434,46.78,0.0787063836588607,0.059
"tot3_1228","S4","discovered",594.360937770434,17.86,0.0300490810634299,0.0225
"tot3_1229","S4","discovered",594.360937770434,46.15,0.0776464216728607,0.0582
"tot3_1230","S4","neither",594.360937770434,55.8,0.0938823473314329,0.0704
"tot3_1231","S4","neither",594.360937770434,56.88,0.0956994250217187,0.0718
"tot3_1232","S4","discovered",594.360937770434,24.73,0.041607714148859,0.0312
"tot3_1233","S4","discovered",594.360937770434,15.03,0.025287664523144,0.019
"tot3_1234","S4","neither",594.360937770434,61.8,0.103977223388576,0.078
"tot3_1235","S4","discovered",594.360937770434,19.19,0.03228677858943,0.0242
"tot3_1236","S4","neither",594.360937770434,53.94,0.0907529357537184,0.0681
"tot3_1237","S4","discovered",594.360937770434,17.86,0.0300490810634299,0.0225
"tot3_1238","S4","neither",594.360937770434,61.86,0.104078172149148,0.0781
"tot3_1239","S4","discovered",594.360937770434,101.72,0.171141798755436,0.1284
"tot3_1240","S4","discovered",594.360937770434,60.38,0.101588102721719,0.0762
"tot3_1241","S4","discovered",594.360937770434,24.73,0.041607714148859,0.0312
"tot3_1242","S4","discovered",594.360937770434,15.03,0.025287664523144,0.019
"tot3_1243","S4","discovered",594.360937770434,64.81,0.109041486210576,0.0818
"tot3_1244","S4","neither",594.360937770434,56.17,0.09450486468829,0.0709
"tot3_1245","S4","discovered",594.360937770434,13.45,0.0226293471614296,0.017
"tot3_1246","S4","discovered",594.360937770434,13.45,0.0226293471614296,0.017
"tot3_1247","S4","discovered",594.360937770434,13.45,0.0226293471614296,0.017
"tot3_1248","S4","discovered",594.360937770434,15.61,0.0262635025420012,0.0197
"tot3_1249","S4","neither",594.360937770434,57.45,0.0966584382471473,0.0725
"tot3_1250","S4","discovered",594.360937770434,17.86,0.0300490810634299,0.0225
"tot3_1251","S4","discovered",594.360937770434,15.03,0.025287664523144,0.019
"tot3_1252","S4","discovered",594.360937770434,20.43,0.034373052974573,0.0258
"tot3_1253","S4","discovered",594.360937770434,41.34,0.0695536960337175,0.0522
"tot3_1254","S4","discovered",594.360937770434,13.45,0.0226293471614296,0.017
"tot3_1255","S4","discovered",594.360937770434,13.45,0.0226293471614296,0.017
"tot3_1256","S4","discovered",594.360937770434,13.45,0.0226293471614296,0.017
"tot3_1257","S4","neither",594.360937770434,55.58,0.0935122018760043,0.0701
"tot3_1258","S4","neither",594.360937770434,54.87,0.0923176415425756,0.0692
"tot3_1259","S4","discovered",594.360937770434,17.86,0.0300490810634299,0.0225
"tot3_1260","S4","discovered",594.360937770434,15.03,0.025287664523144,0.019
"tot3_1261","S4","neither",594.360937770434,55.67,0.0936636250168614,0.0702
"tot3_1262","S4","neither",594.360937770434,54.75,0.0921157440214328,0.0691
"tot3_1263","S4","neither",594.360937770434,46.84,0.0788073324194322,0.0591
"tot3_1264","S4","discovered",594.360937770434,13.45,0.0226293471614296,0.017
"tot3_1265","S4","neither",594.360937770434,63.81,0.107359006867719,0.0805
"tot3_1266","S4","neither",594.360937770434,56.57,0.0951778564254329,0.0714
"tot3_1267","S4","neither",594.360937770434,54.04,0.0909211836880042,0.0682
"tot3_1268","S4","discovered",594.360937770434,17.86,0.0300490810634299,0.0225
"tot3_1269","S4","discovered",594.360937770434,15.03,0.025287664523144,0.019
"tot3_1270","S4","neither",594.360937770434,101.72,0.171141798755436,0.1284
"tot3_1271","S4","discovered",594.360937770434,101.72,0.171141798755436,0.1284
"tot3_1272","S4","discovered",594.360937770434,24.73,0.041607714148859,0.0312
"tot3_1273","S4","discovered",594.360937770434,17.86,0.0300490810634299,0.0225
"tot3_1274","S4","neither",594.360937770434,54.66,0.0919643208805756,0.069
"tot3_1275","S4","discovered",594.360937770434,15.61,0.0262635025420012,0.0197
"tot3_1276","S4","neither",594.360937770434,58.73,0.0988120118060045,0.0741
"tot3_1277","S4","discovered",594.360937770434,15.61,0.0262635025420012,0.0197
"tot3_1278","S4","discovered",594.360937770434,15.03,0.025287664523144,0.019
"tot3_1279","S4","neither",594.360937770434,51.41,0.0864962630162897,0.0649
"tot3_1280","S4","neither",594.360937770434,59.8,0.100612264702862,0.0755
"tot3_1281","S4","neither",594.360937770434,53.41,0.0898612217020041,0.0674
"tot3_1282","S4","discovered",594.360937770434,17.86,0.0300490810634299,0.0225
"tot3_1283","S4","neither",594.360937770434,75.3,0.126690694517149,0.095
"tot3_1284","S4","discovered",594.360937770434,48.13,0.080977730771718,0.0607
"tot3_1285","S4","neither",594.360937770434,82.15,0.138215678015721,0.1037
"tot3_1286","S4","discovered",594.360937770434,15.61,0.0262635025420012,0.0197
"tot3_1287","S4","discovered",594.360937770434,15.03,0.025287664523144,0.019
"tot3_1288","S4","discovered",594.360937770434,41.09,0.0691330761980032,0.0519
"tot3_1289","S4","neither",594.360937770434,53.73,0.0903996150917184,0.0678
"tot3_1290","S4","neither",594.360937770434,60.07,0.101066534125433,0.0758
"tot3_1291","S4","discovered",594.360937770434,17.86,0.0300490810634299,0.0225
"tot3_1292","S4","neither",594.360937770434,63.16,0.106265395294862,0.0797
"tot3_1293","S4","discovered",594.360937770434,15.61,0.0262635025420012,0.0197
"tot3_1294","S4","discovered",594.360937770434,15.61,0.0262635025420012,0.0197
"tot3_1295","S4","discovered",594.360937770434,15.61,0.0262635025420012,0.0197
"tot3_1296","S4","discovered",594.360937770434,15.03,0.025287664523144,0.019
"tot3_1297","S4","discovered",594.360937770434,15.61,0.0262635025420012,0.0197
"tot3_1298","S4","discovered",594.360937770434,27.3,0.0459316860600021,0.0344
"tot3_1299","S4","discovered",594.360937770434,15.7,0.0264149256828583,0.0198
"tot3_1300","S4","discovered",594.360937770434,17.86,0.0300490810634299,0.0225
"tot3_1301","S4","neither",594.360937770434,53.73,0.0903996150917184,0.0678
"tot3_1302","S4","discovered",594.360937770434,17.86,0.0300490810634299,0.0225
"tot3_1303","S4","neither",594.360937770434,51.28,0.0862775407017182,0.0647
"tot3_1304","S4","discovered",594.360937770434,24.73,0.041607714148859,0.0312
"tot3_1305","S4","discovered",594.360937770434,15.03,0.025287664523144,0.019
"tot3_1306","S4","discovered",594.360937770434,15.61,0.0262635025420012,0.0197
"tot3_1307","S4","discovered",594.360937770434,28.93,0.0486741273888594,0.0365
"tot3_1308","S4","discovered",594.360937770434,46.78,0.0787063836588607,0.059
"tot3_1309","S4","discovered",594.360937770434,17.86,0.0300490810634299,0.0225
"tot3_1310","S4","neither",594.360937770434,57.97,0.097533327505433,0.0732
"tot3_1311","S4","neither",594.360937770434,60.28,0.101419854787433,0.0761
"tot3_1312","S4","discovered",594.360937770434,15.61,0.0262635025420012,0.0197
"tot3_1313","S4","discovered",594.360937770434,24.73,0.041607714148859,0.0312
"tot3_1314","S4","discovered",594.360937770434,15.03,0.025287664523144,0.019
"tot3_1315","S4","neither",594.360937770434,50.87,0.0855877241711468,0.0642
"tot3_1316","S4","neither",594.360937770434,43.11,0.0725316844705747,0.0544
"tot3_1317","S4","neither",594.360937770434,39.09,0.0657681175122887,0.0493
"tot3_1318","S4","discovered",594.360937770434,17.86,0.0300490810634299,0.0225
"tot3_1319","S4","neither",594.360937770434,57.29,0.0963892415522901,0.0723
"tot3_1320","S4","neither",594.360937770434,57.41,0.096591139073433,0.0724
"tot3_1321","S4","neither",594.360937770434,53.55,0.0900967688100041,0.0676
"tot3_1322","S4","discovered",594.360937770434,24.73,0.041607714148859,0.0312
"tot3_1323","S4","discovered",594.360937770434,15.03,0.025287664523144,0.019
"tot3_1324","S4","discovered",594.360937770434,64.81,0.109041486210576,0.0818
"tot3_1325","S4","discovered",594.360937770434,63.81,0.107359006867719,0.0805
"tot3_1326","S4","discovered",594.360937770434,13.45,0.0226293471614296,0.017
"tot3_1327","S4","discovered",594.360937770434,13.45,0.0226293471614296,0.017
"tot3_1328","S4","discovered",594.360937770434,13.45,0.0226293471614296,0.017
"tot3_1329","S4","neither",594.360937770434,53.73,0.0903996150917184,0.0678
"tot3_1330","S4","discovered",594.360937770434,20.43,0.034373052974573,0.0258
"tot3_1331","S4","discovered",594.360937770434,17.86,0.0300490810634299,0.0225
"tot3_1332","S4","discovered",594.360937770434,15.03,0.025287664523144,0.019
"tot3_1333","S4","discovered",594.360937770434,20.43,0.034373052974573,0.0258
"tot3_1334","S4","discovered",594.360937770434,24.73,0.041607714148859,0.0312
"tot3_1335","S4","discovered",594.360937770434,13.45,0.0226293471614296,0.017
"tot3_1336","S4","discovered",594.360937770434,13.45,0.0226293471614296,0.017
"tot3_1337","S4","discovered",594.360937770434,13.45,0.0226293471614296,0.017
"tot3_1338","S4","discovered",594.360937770434,17.86,0.0300490810634299,0.0225
"tot3_1339","S4","discovered",594.360937770434,20.43,0.034373052974573,0.0258
"tot3_1340","S4","discovered",594.360937770434,17.86,0.0300490810634299,0.0225
"tot3_1341","S4","discovered",594.360937770434,15.03,0.025287664523144,0.019
"tot3_1342","S4","neither",594.360937770434,54.17,0.0911399060025756,0.0683
"tot3_1343","S4","discovered",594.360937770434,26.06,0.0438454116748591,0.0329
"tot3_1344","S4","discovered",594.360937770434,20.43,0.034373052974573,0.0258
"tot3_1345","S4","discovered",594.360937770434,13.45,0.0226293471614296,0.017
"tot3_1346","S4","discovered",594.360937770434,13.45,0.0226293471614296,0.017
"tot3_1347","S4","discovered",594.360937770434,17.86,0.0300490810634299,0.0225
"tot3_1348","S4","discovered",594.360937770434,20.43,0.034373052974573,0.0258
"tot3_1349","S4","discovered",594.360937770434,17.86,0.0300490810634299,0.0225
"tot3_1350","S4","discovered",594.360937770434,15.03,0.025287664523144,0.019
"tot3_1351","S4","neither",594.360937770434,53.73,0.0903996150917184,0.0678
"tot3_1352","S4","discovered",594.360937770434,42.91,0.0721951886020033,0.0541
"tot3_1353","S4","discovered",594.360937770434,43.26,0.0727840563720033,0.0546
"tot3_1354","S4","discovered",594.360937770434,17.86,0.0300490810634299,0.0225
"tot3_1355","S4","discovered",594.360937770434,17.86,0.0300490810634299,0.0225
"tot3_1356","S4","discovered",594.360937770434,45.15,0.0759639423300035,0.057
"tot3_1357","S4","discovered",594.360937770434,15.61,0.0262635025420012,0.0197
"tot3_1358","S4","discovered",594.360937770434,15.61,0.0262635025420012,0.0197
"tot3_1359","S4","discovered",594.360937770434,15.03,0.025287664523144,0.019
"tot3_1360","S4","discovered",594.360937770434,27.3,0.0459316860600021,0.0344
"tot3_1361","S4","discovered",594.360937770434,31.09,0.052308282769431,0.0392
"tot3_1362","S4","discovered",594.360937770434,17.86,0.0300490810634299,0.0225
"tot3_1363","S4","discovered",594.360937770434,17.86,0.0300490810634299,0.0225
"tot3_1364","S4","discovered",594.360937770434,17.86,0.0300490810634299,0.0225
"tot3_1365","S4","discovered",594.360937770434,15.61,0.0262635025420012,0.0197
"tot3_1366","S4","discovered",594.360937770434,15.61,0.0262635025420012,0.0197
"tot3_1367","S4","discovered",594.360937770434,15.61,0.0262635025420012,0.0197
"tot3_1368","S4","discovered",594.360937770434,15.03,0.025287664523144,0.019
"tot3_1369","S4","discovered",594.360937770434,27.3,0.0459316860600021,0.0344
"tot3_1370","S4","discovered",594.360937770434,31.09,0.052308282769431,0.0392
"tot3_1371","S4","discovered",594.360937770434,17.86,0.0300490810634299,0.0225
"tot3_1372","S4","discovered",594.360937770434,17.86,0.0300490810634299,0.0225
"tot3_1373","S4","discovered",594.360937770434,17.86,0.0300490810634299,0.0225
"tot3_1374","S4","discovered",594.360937770434,15.61,0.0262635025420012,0.0197
"tot3_1375","S4","discovered",594.360937770434,15.61,0.0262635025420012,0.0197
"tot3_1376","S4","discovered",594.360937770434,15.61,0.0262635025420012,0.0197
"tot3_1377","S4","discovered",594.360937770434,15.03,0.025287664523144,0.019
"tot3_1378","S4","discovered",594.360937770434,15.61,0.0262635025420012,0.0197
"tot3_1379","S4","neither",594.360937770434,44.84,0.0754423737337177,0.0566
"tot3_1380","S4","discovered",594.360937770434,15.7,0.0264149256828583,0.0198
"tot3_1381","S4","discovered",594.360937770434,17.86,0.0300490810634299,0.0225
"tot3_1382","S4","neither",594.360937770434,48.53,0.0816507225088609,0.0612
"tot3_1383","S4","discovered",594.360937770434,26.06,0.0438454116748591,0.0329
"tot3_1384","S4","neither",594.360937770434,58.1,0.0977520498200045,0.0733
"tot3_1385","S4","discovered",594.360937770434,24.73,0.041607714148859,0.0312
"tot3_1386","S4","discovered",594.360937770434,15.03,0.025287664523144,0.019
"tot3_1387","S4","discovered",594.360937770434,15.61,0.0262635025420012,0.0197
"tot3_1388","S4","neither",594.360937770434,39.09,0.0657681175122887,0.0493
"tot3_1389","S4","discovered",594.360937770434,46.78,0.0787063836588607,0.059
"tot3_1390","S4","discovered",594.360937770434,17.86,0.0300490810634299,0.0225
"tot3_1391","S4","neither",594.360937770434,39.09,0.0657681175122887,0.0493
"tot3_1392","S4","neither",594.360937770434,56.26,0.0946562878291472,0.071
"tot3_1393","S4","neither",594.360937770434,59.27,0.0997205506511474,0.0748
"tot3_1394","S4","discovered",594.360937770434,24.73,0.041607714148859,0.0312
"tot3_1395","S4","discovered",594.360937770434,15.03,0.025287664523144,0.019
"tot3_1396","S4","neither",594.360937770434,67.21,0.113079436633434,0.0848
"tot3_1397","S4","discovered",594.360937770434,43.11,0.0725316844705747,0.0544
"tot3_1398","S4","neither",594.360937770434,58.41,0.0982736184162902,0.0737
"tot3_1399","S4","discovered",594.360937770434,17.86,0.0300490810634299,0.0225
"tot3_1400","S4","discovered",594.360937770434,24.73,0.041607714148859,0.0312
"tot3_1401","S4","discovered",594.360937770434,99.72,0.167776840069722,0.1258
"tot3_1402","S4","discovered",594.360937770434,101.72,0.171141798755436,0.1284
"tot3_1403","S4","discovered",594.360937770434,24.73,0.041607714148859,0.0312
"tot3_1404","S4","discovered",594.360937770434,15.03,0.025287664523144,0.019
"tot3_1405","S4","discovered",594.360937770434,64.81,0.109041486210576,0.0818
"tot3_1406","S4","neither",594.360937770434,57.51,0.0967593870077187,0.0726
"tot3_1407","S4","discovered",594.360937770434,13.45,0.0226293471614296,0.017
"tot3_1408","S4","discovered",594.360937770434,13.45,0.0226293471614296,0.017
"tot3_1409","S4","discovered",594.360937770434,101.72,0.171141798755436,0.1284
"tot3_1410","S4","neither",594.360937770434,56.72,0.0954302283268615,0.0716
"tot3_1411","S4","discovered",594.360937770434,83.73,0.140873995377435,0.1057
"tot3_1412","S4","discovered",594.360937770434,17.86,0.0300490810634299,0.0225
"tot3_1413","S4","discovered",594.360937770434,15.03,0.025287664523144,0.019
"tot3_1414","S4","discovered",594.360937770434,20.43,0.034373052974573,0.0258
"tot3_1415","S4","neither",594.360937770434,56.17,0.09450486468829,0.0709
"tot3_1416","S4","discovered",594.360937770434,13.45,0.0226293471614296,0.017
"tot3_1417","S4","discovered",594.360937770434,13.45,0.0226293471614296,0.017
"tot3_1418","S4","discovered",594.360937770434,101.72,0.171141798755436,0.1284
"tot3_1419","S4","neither",594.360937770434,57.08,0.0960359208902901,0.072
"tot3_1420","S4","discovered",594.360937770434,83.73,0.140873995377435,0.1057
"tot3_1421","S4","discovered",594.360937770434,17.86,0.0300490810634299,0.0225
"tot3_1422","S4","discovered",594.360937770434,15.03,0.025287664523144,0.019
"tot3_1423","S4","neither",594.360937770434,55.78,0.0938486977445757,0.0704
"tot3_1424","S4","neither",594.360937770434,59.07,0.099384054782576,0.0745
"tot3_1425","S4","neither",594.360937770434,57.45,0.0966584382471473,0.0725
"tot3_1426","S4","discovered",594.360937770434,13.45,0.0226293471614296,0.017
"tot3_1427","S4","discovered",594.360937770434,101.72,0.171141798755436,0.1284
"tot3_1428","S4","discovered",594.360937770434,83.73,0.140873995377435,0.1057
"tot3_1429","S4","discovered",594.360937770434,83.73,0.140873995377435,0.1057
"tot3_1430","S4","discovered",594.360937770434,17.86,0.0300490810634299,0.0225
"tot3_1431","S4","discovered",594.360937770434,15.03,0.025287664523144,0.019
"tot3_1432","S4","discovered",594.360937770434,44.91,0.0755601472877177,0.0567
"tot3_1433","S4","discovered",594.360937770434,33.9,0.0570360497228597,0.0428
"tot3_1434","S4","discovered",594.360937770434,34.9,0.058718529065717,0.044
"tot3_1435","S4","discovered",594.360937770434,17.86,0.0300490810634299,0.0225
"tot3_1436","S4","discovered",594.360937770434,17.86,0.0300490810634299,0.0225
"tot3_1437","S4","discovered",594.360937770434,15.61,0.0262635025420012,0.0197
"tot3_1438","S4","discovered",594.360937770434,15.61,0.0262635025420012,0.0197
"tot3_1439","S4","discovered",594.360937770434,15.61,0.0262635025420012,0.0197
"tot3_1440","S4","discovered",594.360937770434,15.03,0.025287664523144,0.019
"tot3_1441","S4","discovered",594.360937770434,27.3,0.0459316860600021,0.0344
"tot3_1442","S4","discovered",594.360937770434,32.98,0.0554881687274311,0.0416
"tot3_1443","S4","discovered",594.360937770434,82.15,0.138215678015721,0.1037
"tot3_1444","S4","discovered",594.360937770434,17.86,0.0300490810634299,0.0225
"tot3_1445","S4","discovered",594.360937770434,17.86,0.0300490810634299,0.0225
"tot3_1446","S4","discovered",594.360937770434,15.61,0.0262635025420012,0.0197
"tot3_1447","S4","discovered",594.360937770434,15.61,0.0262635025420012,0.0197
"tot3_1448","S4","discovered",594.360937770434,15.61,0.0262635025420012,0.0197
"tot3_1449","S4","discovered",594.360937770434,15.03,0.025287664523144,0.019
"tot3_1450","S4","discovered",594.360937770434,41.26,0.0694190976862889,0.0521
"tot3_1451","S4","discovered",594.360937770434,31.09,0.052308282769431,0.0392
"tot3_1452","S4","discovered",594.360937770434,17.86,0.0300490810634299,0.0225
"tot3_1453","S4","discovered",594.360937770434,17.86,0.0300490810634299,0.0225
"tot3_1454","S4","discovered",594.360937770434,17.86,0.0300490810634299,0.0225
"tot3_1455","S4","discovered",594.360937770434,15.61,0.0262635025420012,0.0197
"tot3_1456","S4","discovered",594.360937770434,15.61,0.0262635025420012,0.0197
"tot3_1457","S4","discovered",594.360937770434,15.61,0.0262635025420012,0.0197
"tot3_1458","S4","discovered",594.360937770434,15.03,0.025287664523144,0.019
"tot3_1459","S4","discovered",594.360937770434,15.61,0.0262635025420012,0.0197
"tot3_1460","S4","discovered",594.360937770434,101.72,0.171141798755436,0.1284
"tot3_1461","S4","discovered",594.360937770434,15.7,0.0264149256828583,0.0198
"tot3_1462","S4","discovered",594.360937770434,17.86,0.0300490810634299,0.0225
"tot3_1463","S4","neither",594.360937770434,56.26,0.0946562878291472,0.071
"tot3_1464","S4","discovered",594.360937770434,24.73,0.041607714148859,0.0312
"tot3_1465","S4","discovered",594.360937770434,33.98,0.0571706480702883,0.0429
"tot3_1466","S4","discovered",594.360937770434,15.61,0.0262635025420012,0.0197
"tot3_1467","S4","discovered",594.360937770434,15.03,0.025287664523144,0.019
"tot3_1468","S4","discovered",594.360937770434,15.61,0.0262635025420012,0.0197
"tot3_1469","S4","neither",594.360937770434,52.98,0.0891377555845755,0.0669
"tot3_1470","S4","discovered",594.360937770434,46.78,0.0787063836588607,0.059
"tot3_1471","S4","discovered",594.360937770434,17.86,0.0300490810634299,0.0225
"tot3_1472","S4","neither",594.360937770434,64.08,0.107813276290291,0.0809
"tot3_1473","S4","neither",594.360937770434,49.99,0.0841071423494324,0.0631
"tot3_1474","S4","discovered",594.360937770434,33.98,0.0571706480702883,0.0429
"tot3_1475","S4","discovered",594.360937770434,15.61,0.0262635025420012,0.0197
"tot3_1476","S4","discovered",594.360937770434,15.03,0.025287664523144,0.019
"tot3_1477","S4","discovered",594.360937770434,15.61,0.0262635025420012,0.0197
"tot3_1478","S4","discovered",594.360937770434,28.84,0.0485227042480022,0.0364
"tot3_1479","S4","discovered",594.360937770434,33.66,0.056632254680574,0.0425
"tot3_1480","S4","discovered",594.360937770434,17.86,0.0300490810634299,0.0225
"tot3_1481","S4","discovered",594.360937770434,31.09,0.052308282769431,0.0392
"tot3_1482","S4","discovered",594.360937770434,15.61,0.0262635025420012,0.0197
"tot3_1483","S4","discovered",594.360937770434,15.61,0.0262635025420012,0.0197
"tot3_1484","S4","discovered",594.360937770434,15.61,0.0262635025420012,0.0197
"tot3_1485","S4","discovered",594.360937770434,15.03,0.025287664523144,0.019
"tot3_1486","S4","discovered",594.360937770434,64.81,0.109041486210576,0.0818
"tot3_1487","S4","discovered",594.360937770434,101.72,0.171141798755436,0.1284
"tot3_1488","S4","discovered",594.360937770434,13.45,0.0226293471614296,0.017
"tot3_1489","S4","discovered",594.360937770434,13.45,0.0226293471614296,0.017
"tot3_1490","S4","discovered",594.360937770434,13.45,0.0226293471614296,0.017
"tot3_1491","S4","discovered",594.360937770434,24.73,0.041607714148859,0.0312
"tot3_1492","S4","neither",594.360937770434,56.23,0.0946058134488615,0.071
"tot3_1493","S4","discovered",594.360937770434,15.61,0.0262635025420012,0.0197
"tot3_1494","S4","discovered",594.360937770434,15.03,0.025287664523144,0.019
"tot3_1495","S4","discovered",594.360937770434,20.43,0.034373052974573,0.0258
"tot3_1496","S4","discovered",594.360937770434,41.34,0.0695536960337175,0.0522
"tot3_1497","S4","discovered",594.360937770434,13.45,0.0226293471614296,0.017
"tot3_1498","S4","discovered",594.360937770434,13.45,0.0226293471614296,0.017
"tot3_1499","S4","discovered",594.360937770434,13.45,0.0226293471614296,0.017
"tot3_1500","S4","discovered",594.360937770434,37.77,0.0635472447797172,0.0477
"tot3_1501","S4","neither",594.360937770434,116.78,0.196479937658866,0.1474
"tot3_1502","S4","discovered",594.360937770434,15.61,0.0262635025420012,0.0197
"tot3_1503","S4","discovered",594.360937770434,15.03,0.025287664523144,0.019
"tot3_1504","S4","neither",594.360937770434,55.6,0.0935458514628614,0.0702
"tot3_1505","S4","discovered",594.360937770434,28.84,0.0485227042480022,0.0364
"tot3_1506","S4","neither",594.360937770434,61.16,0.102900436609148,0.0772
"tot3_1507","S4","discovered",594.360937770434,13.45,0.0226293471614296,0.017
"tot3_1508","S4","neither",594.360937770434,55.26,0.09297380848629,0.0697
"tot3_1509","S4","discovered",594.360937770434,15.61,0.0262635025420012,0.0197
"tot3_1510","S4","discovered",594.360937770434,15.61,0.0262635025420012,0.0197
"tot3_1511","S4","discovered",594.360937770434,15.61,0.0262635025420012,0.0197
"tot3_1512","S4","discovered",594.360937770434,15.03,0.025287664523144,0.019
"tot3_1513","S4","neither",594.360937770434,59.76,0.100544965529147,0.0754
"tot3_1514","S4","discovered",594.360937770434,101.72,0.171141798755436,0.1284
"tot3_1515","S4","discovered",594.360937770434,24.73,0.041607714148859,0.0312
"tot3_1516","S4","discovered",594.360937770434,17.86,0.0300490810634299,0.0225
"tot3_1517","S4","discovered",594.360937770434,101.72,0.171141798755436,0.1284
"tot3_1518","S4","discovered",594.360937770434,24.73,0.041607714148859,0.0312
"tot3_1519","S4","neither",594.360937770434,49,0.0824414878000038,0.0618
"tot3_1520","S4","discovered",594.360937770434,15.61,0.0262635025420012,0.0197
"tot3_1521","S4","discovered",594.360937770434,15.03,0.025287664523144,0.019
"tot3_1522","S4","neither",594.360937770434,47.09,0.0792279522551465,0.0594
"tot3_1523","S4","neither",594.360937770434,65.79,0.110690315966576,0.083
"tot3_1524","S4","neither",594.360937770434,41.53,0.0698733671088603,0.0524
"tot3_1525","S4","discovered",594.360937770434,17.86,0.0300490810634299,0.0225
"tot3_1526","S4","neither",594.360937770434,64.69,0.108839588689434,0.0816
"tot3_1527","S4","neither",594.360937770434,63.88,0.107476780421719,0.0806
"tot3_1528","S4","neither",594.360937770434,58.04,0.097651101059433,0.0732
"tot3_1529","S4","discovered",594.360937770434,15.61,0.0262635025420012,0.0197
"tot3_1530","S4","discovered",594.360937770434,15.03,0.025287664523144,0.019
"tot3_1531","S4","neither",594.360937770434,62.69,0.105474630003719,0.0791
"tot3_1532","S4","discovered",594.360937770434,28.84,0.0485227042480022,0.0364
"tot3_1533","S4","discovered",594.360937770434,17.86,0.0300490810634299,0.0225
"tot3_1534","S4","discovered",594.360937770434,17.86,0.0300490810634299,0.0225
"tot3_1535","S4","discovered",594.360937770434,17.86,0.0300490810634299,0.0225
"tot3_1536","S4","discovered",594.360937770434,15.61,0.0262635025420012,0.0197
"tot3_1537","S4","discovered",594.360937770434,15.61,0.0262635025420012,0.0197
"tot3_1538","S4","discovered",594.360937770434,15.61,0.0262635025420012,0.0197
"tot3_1539","S4","discovered",594.360937770434,15.03,0.025287664523144,0.019
"tot3_1540","S4","discovered",594.360937770434,15.61,0.0262635025420012,0.0197
"tot3_1541","S4","neither",594.360937770434,51.41,0.0864962630162897,0.0649
"tot3_1542","S4","discovered",594.360937770434,15.7,0.0264149256828583,0.0198
"tot3_1543","S4","discovered",594.360937770434,17.86,0.0300490810634299,0.0225
"tot3_1544","S4","neither",594.360937770434,57.13,0.096120044857433,0.0721
"tot3_1545","S4","discovered",594.360937770434,27.03,0.0454774166374307,0.0341
"tot3_1546","S4","neither",594.360937770434,55.54,0.09344490270229,0.0701
"tot3_1547","S4","discovered",594.360937770434,15.61,0.0262635025420012,0.0197
"tot3_1548","S4","discovered",594.360937770434,15.03,0.025287664523144,0.019
"tot3_1549","S4","discovered",594.360937770434,15.61,0.0262635025420012,0.0197
"tot3_1550","S4","neither",594.360937770434,34.09,0.0573557207980026,0.043
"tot3_1551","S4","discovered",594.360937770434,46.78,0.0787063836588607,0.059
"tot3_1552","S4","discovered",594.360937770434,17.86,0.0300490810634299,0.0225
"tot3_1553","S4","neither",594.360937770434,56.56,0.0951610316320044,0.0714
"tot3_1554","S4","neither",594.360937770434,57.59,0.0968939853551473,0.0727
"tot3_1555","S4","discovered",594.360937770434,37.78,0.0635640695731458,0.0477
"tot3_1556","S4","discovered",594.360937770434,15.61,0.0262635025420012,0.0197
"tot3_1557","S4","discovered",594.360937770434,15.03,0.025287664523144,0.019
"tot3_1558","S4","neither",594.360937770434,58.31,0.0981053704820045,0.0736
"tot3_1559","S4","discovered",594.360937770434,28.84,0.0485227042480022,0.0364
"tot3_1560","S4","neither",594.360937770434,52.79,0.0888180845094326,0.0666
"tot3_1561","S4","discovered",594.360937770434,17.86,0.0300490810634299,0.0225
"tot3_1562","S4","neither",594.360937770434,47.78,0.080388863001718,0.0603
"tot3_1563","S4","neither",594.360937770434,58.38,0.0982231440360045,0.0737
"tot3_1564","S4","neither",594.360937770434,49.46,0.0832154282977181,0.0624
"tot3_1565","S4","discovered",594.360937770434,15.61,0.0262635025420012,0.0197
"tot3_1566","S4","discovered",594.360937770434,15.03,0.025287664523144,0.019
"tot3_1567","S4","discovered",594.360937770434,64.81,0.109041486210576,0.0818
"tot3_1568","S4","neither",594.360937770434,51.08,0.0859410448331468,0.0645
"tot3_1569","S4","discovered",594.360937770434,13.45,0.0226293471614296,0.017
"tot3_1570","S4","discovered",594.360937770434,13.45,0.0226293471614296,0.017
"tot3_1571","S4","discovered",594.360937770434,13.45,0.0226293471614296,0.017
"tot3_1572","S4","neither",594.360937770434,53.23,0.0895583754202898,0.0672
"tot3_1573","S4","neither",594.360937770434,53.77,0.0904669142654327,0.0678
"tot3_1574","S4","discovered",594.360937770434,15.61,0.0262635025420012,0.0197
"tot3_1575","S4","discovered",594.360937770434,15.03,0.025287664523144,0.019
"tot3_1576","S4","discovered",594.360937770434,20.43,0.034373052974573,0.0258
"tot3_1577","S4","discovered",594.360937770434,24.73,0.041607714148859,0.0312
"tot3_1578","S4","discovered",594.360937770434,13.45,0.0226293471614296,0.017
"tot3_1579","S4","discovered",594.360937770434,13.45,0.0226293471614296,0.017
"tot3_1580","S4","discovered",594.360937770434,13.45,0.0226293471614296,0.017
"tot3_1581","S4","discovered",594.360937770434,31.98,0.0538056893845739,0.0404
"tot3_1582","S4","discovered",594.360937770434,31.98,0.0538056893845739,0.0404
"tot3_1583","S4","discovered",594.360937770434,15.61,0.0262635025420012,0.0197
"tot3_1584","S4","discovered",594.360937770434,15.03,0.025287664523144,0.019
"tot3_1585","S4","neither",594.360937770434,56.35,0.0948077109700043,0.0711
"tot3_1586","S4","discovered",594.360937770434,28.84,0.0485227042480022,0.0364
"tot3_1587","S4","neither",594.360937770434,55.75,0.09379822336429,0.0704
"tot3_1588","S4","discovered",594.360937770434,13.45,0.0226293471614296,0.017
"tot3_1589","S4","neither",594.360937770434,64.18,0.107981524224576,0.081
"tot3_1590","S4","neither",594.360937770434,55.09,0.0926877869980042,0.0695
"tot3_1591","S4","discovered",594.360937770434,38.77,0.0652297241225744,0.0489
"tot3_1592","S4","discovered",594.360937770434,15.61,0.0262635025420012,0.0197
"tot3_1593","S4","discovered",594.360937770434,15.03,0.025287664523144,0.019
"tot3_1594","S4","neither",594.360937770434,49.93,0.084006193588861,0.063
"tot3_1595","S4","neither",594.360937770434,53.19,0.0894910762465755,0.0671
"tot3_1596","S4","neither",594.360937770434,57.49,0.0967257374208616,0.0725
"tot3_1597","S4","discovered",594.360937770434,17.86,0.0300490810634299,0.0225
"tot3_1598","S4","neither",594.360937770434,49.46,0.0832154282977181,0.0624
"tot3_1599","S4","neither",594.360937770434,73.3,0.123325735831434,0.0925
"tot3_1600","S4","neither",594.360937770434,62.76,0.105592403557719,0.0792
"tot3_1601","S4","discovered",594.360937770434,15.61,0.0262635025420012,0.0197
"tot3_1602","S4","discovered",594.360937770434,15.03,0.025287664523144,0.019
"tot3_1603","S4","neither",594.360937770434,58.15,0.0978361737871473,0.0734
"tot3_1604","S4","neither",594.360937770434,59.35,0.099855148998576,0.0749
"tot3_1605","S4","neither",594.360937770434,58.62,0.0986269390782902,0.074
"tot3_1606","S4","discovered",594.360937770434,17.86,0.0300490810634299,0.0225
"tot3_1607","S4","neither",594.360937770434,58.48,0.0983913919702902,0.0738
"tot3_1608","S4","neither",594.360937770434,59.12,0.0994681787497188,0.0746
"tot3_1609","S4","neither",594.360937770434,64.23,0.108065648191719,0.0811
"tot3_1610","S4","discovered",594.360937770434,15.61,0.0262635025420012,0.0197
"tot3_1611","S4","discovered",594.360937770434,15.03,0.025287664523144,0.019
"tot3_1612","S4","neither",594.360937770434,47.09,0.0792279522551465,0.0594
"tot3_1613","S4","discovered",594.360937770434,28.84,0.0485227042480022,0.0364
"tot3_1614","S4","neither",594.360937770434,53.98,0.0908202349274327,0.0681
"tot3_1615","S4","discovered",594.360937770434,17.86,0.0300490810634299,0.0225
"tot3_1616","S4","neither",594.360937770434,64.05,0.107762801910005,0.0808
"tot3_1617","S4","neither",594.360937770434,55.86,0.0939832960920043,0.0705
"tot3_1618","S4","neither",594.360937770434,58.72,0.0987951870125759,0.0741
"tot3_1619","S4","discovered",594.360937770434,15.61,0.0262635025420012,0.0197
"tot3_1620","S4","discovered",594.360937770434,15.03,0.025287664523144,0.019
"tot3_1621","S4","discovered",594.360937770434,15.61,0.0262635025420012,0.0197
"tot3_1622","S4","discovered",594.360937770434,32.43,0.0545628050888596,0.0409
"tot3_1623","S4","discovered",594.360937770434,15.7,0.0264149256828583,0.0198
"tot3_1624","S4","discovered",594.360937770434,17.86,0.0300490810634299,0.0225
"tot3_1625","S4","discovered",594.360937770434,41.26,0.0694190976862889,0.0521
"tot3_1626","S4","discovered",594.360937770434,15.61,0.0262635025420012,0.0197
"tot3_1627","S4","neither",594.360937770434,58.12,0.0977856994068616,0.0733
"tot3_1628","S4","discovered",594.360937770434,15.61,0.0262635025420012,0.0197
"tot3_1629","S4","discovered",594.360937770434,15.03,0.025287664523144,0.019
"tot3_1630","S4","discovered",594.360937770434,15.61,0.0262635025420012,0.0197
"tot3_1631","S4","discovered",594.360937770434,34.58,0.0581801356760027,0.0436
"tot3_1632","S4","discovered",594.360937770434,46.78,0.0787063836588607,0.059
"tot3_1633","S4","discovered",594.360937770434,17.86,0.0300490810634299,0.0225
"tot3_1634","S4","neither",594.360937770434,64.08,0.107813276290291,0.0809
"tot3_1635","S4","neither",594.360937770434,56.98,0.0958676729560044,0.0719
"tot3_1636","S4","discovered",594.360937770434,80.56,0.135540535860578,0.1017
"tot3_1637","S4","discovered",594.360937770434,15.61,0.0262635025420012,0.0197
"tot3_1638","S4","discovered",594.360937770434,15.03,0.025287664523144,0.019
"tot3_1639","S4","discovered",594.360937770434,15.61,0.0262635025420012,0.0197
"tot3_1640","S4","discovered",594.360937770434,28.84,0.0485227042480022,0.0364
"tot3_1641","S4","discovered",594.360937770434,31.09,0.052308282769431,0.0392
"tot3_1642","S4","discovered",594.360937770434,17.86,0.0300490810634299,0.0225
"tot3_1643","S4","discovered",594.360937770434,31.09,0.052308282769431,0.0392
"tot3_1644","S4","discovered",594.360937770434,15.61,0.0262635025420012,0.0197
"tot3_1645","S4","discovered",594.360937770434,15.61,0.0262635025420012,0.0197
"tot3_1646","S4","discovered",594.360937770434,15.61,0.0262635025420012,0.0197
"tot3_1647","S4","discovered",594.360937770434,15.03,0.025287664523144,0.019
"tot3_1648","S4","discovered",594.360937770434,64.81,0.109041486210576,0.0818
"tot3_1649","S4","discovered",594.360937770434,32.43,0.0545628050888596,0.0409
"tot3_1650","S4","discovered",594.360937770434,13.45,0.0226293471614296,0.017
"tot3_1651","S4","discovered",594.360937770434,13.45,0.0226293471614296,0.017
"tot3_1652","S4","neither",594.360937770434,61.95,0.104229595290005,0.0782
"tot3_1653","S4","discovered",594.360937770434,15.61,0.0262635025420012,0.0197
"tot3_1654","S4","neither",594.360937770434,55.38,0.0931757060074328,0.0699
"tot3_1655","S4","discovered",594.360937770434,15.61,0.0262635025420012,0.0197
"tot3_1656","S4","discovered",594.360937770434,15.03,0.025287664523144,0.019
"tot3_1657","S4","discovered",594.360937770434,20.43,0.034373052974573,0.0258
"tot3_1658","S4","neither",594.360937770434,57.73,0.0971295324631473,0.0729
"tot3_1659","S4","discovered",594.360937770434,13.45,0.0226293471614296,0.017
"tot3_1660","S4","discovered",594.360937770434,13.45,0.0226293471614296,0.017
"tot3_1661","S4","neither",594.360937770434,57.45,0.0966584382471473,0.0725
"tot3_1662","S4","neither",594.360937770434,56.28,0.0946899374160043,0.071
"tot3_1663","S4","neither",594.360937770434,49.11,0.0826265605277181,0.062
"tot3_1664","S4","discovered",594.360937770434,15.61,0.0262635025420012,0.0197
"tot3_1665","S4","discovered",594.360937770434,15.03,0.025287664523144,0.019
"tot3_1666","S4","discovered",594.360937770434,32.43,0.0545628050888596,0.0409
"tot3_1667","S4","discovered",594.360937770434,28.84,0.0485227042480022,0.0364
"tot3_1668","S4","discovered",594.360937770434,32.43,0.0545628050888596,0.0409
"tot3_1669","S4","discovered",594.360937770434,13.45,0.0226293471614296,0.017
"tot3_1670","S4","discovered",594.360937770434,32.43,0.0545628050888596,0.0409
"tot3_1671","S4","discovered",594.360937770434,15.61,0.0262635025420012,0.0197
"tot3_1672","S4","discovered",594.360937770434,15.61,0.0262635025420012,0.0197
"tot3_1673","S4","discovered",594.360937770434,15.61,0.0262635025420012,0.0197
"tot3_1674","S4","discovered",594.360937770434,15.03,0.025287664523144,0.019
"tot3_1675","S4","discovered",594.360937770434,44.91,0.0755601472877177,0.0567
"tot3_1676","S4","discovered",594.360937770434,32.43,0.0545628050888596,0.0409
"tot3_1677","S4","discovered",594.360937770434,39.34,0.066188737348003,0.0496
"tot3_1678","S4","discovered",594.360937770434,17.86,0.0300490810634299,0.0225
"tot3_1679","S4","discovered",594.360937770434,17.86,0.0300490810634299,0.0225
"tot3_1680","S4","discovered",594.360937770434,15.61,0.0262635025420012,0.0197
"tot3_1681","S4","discovered",594.360937770434,26.03,0.0437949372945734,0.0329
"tot3_1682","S4","discovered",594.360937770434,15.61,0.0262635025420012,0.0197
"tot3_1683","S4","discovered",594.360937770434,15.03,0.025287664523144,0.019
"tot3_1684","S4","discovered",594.360937770434,28.93,0.0486741273888594,0.0365
"tot3_1685","S4","discovered",594.360937770434,26.06,0.0438454116748591,0.0329
"tot3_1686","S4","neither",594.360937770434,63.99,0.107661853149433,0.0807
"tot3_1687","S4","discovered",594.360937770434,17.86,0.0300490810634299,0.0225
"tot3_1688","S4","discovered",594.360937770434,17.86,0.0300490810634299,0.0225
"tot3_1689","S4","discovered",594.360937770434,45.15,0.0759639423300035,0.057
"tot3_1690","S4","discovered",594.360937770434,37.55,0.0631770993242886,0.0474
"tot3_1691","S4","discovered",594.360937770434,15.61,0.0262635025420012,0.0197
"tot3_1692","S4","discovered",594.360937770434,15.03,0.025287664523144,0.019
"tot3_1693","S4","discovered",594.360937770434,32.43,0.0545628050888596,0.0409
"tot3_1694","S4","discovered",594.360937770434,28.84,0.0485227042480022,0.0364
"tot3_1695","S4","discovered",594.360937770434,17.86,0.0300490810634299,0.0225
"tot3_1696","S4","discovered",594.360937770434,17.86,0.0300490810634299,0.0225
"tot3_1697","S4","discovered",594.360937770434,17.86,0.0300490810634299,0.0225
"tot3_1698","S4","discovered",594.360937770434,15.61,0.0262635025420012,0.0197
"tot3_1699","S4","discovered",594.360937770434,15.61,0.0262635025420012,0.0197
"tot3_1700","S4","discovered",594.360937770434,15.61,0.0262635025420012,0.0197
"tot3_1701","S4","discovered",594.360937770434,15.03,0.025287664523144,0.019
"tot3_1702","S4","discovered",594.360937770434,15.61,0.0262635025420012,0.0197
"tot3_1703","S4","discovered",594.360937770434,101.72,0.171141798755436,0.1284
"tot3_1704","S4","discovered",594.360937770434,15.7,0.0264149256828583,0.0198
"tot3_1705","S4","discovered",594.360937770434,17.86,0.0300490810634299,0.0225
"tot3_1706","S4","neither",594.360937770434,67.21,0.113079436633434,0.0848
"tot3_1707","S4","discovered",594.360937770434,24.73,0.041607714148859,0.0312
"tot3_1708","S4","discovered",594.360937770434,31.98,0.0538056893845739,0.0404
"tot3_1709","S4","discovered",594.360937770434,15.61,0.0262635025420012,0.0197
"tot3_1710","S4","discovered",594.360937770434,15.03,0.025287664523144,0.019
"tot3_1711","S4","discovered",594.360937770434,15.61,0.0262635025420012,0.0197
"tot3_1712","S4","neither",594.360937770434,57.07,0.0960190960968615,0.072
"tot3_1713","S4","discovered",594.360937770434,46.78,0.0787063836588607,0.059
"tot3_1714","S4","discovered",594.360937770434,17.86,0.0300490810634299,0.0225
"tot3_1715","S4","neither",594.360937770434,57.33,0.0964565407260044,0.0723
"tot3_1716","S4","neither",594.360937770434,49.53,0.0833332018517181,0.0625
"tot3_1717","S4","discovered",594.360937770434,44.26,0.0744665357148605,0.0559
"tot3_1718","S4","discovered",594.360937770434,15.61,0.0262635025420012,0.0197
"tot3_1719","S4","discovered",594.360937770434,15.03,0.025287664523144,0.019
"tot3_1720","S4","neither",594.360937770434,60.1,0.101117008505719,0.0758
"tot3_1721","S4","discovered",594.360937770434,28.84,0.0485227042480022,0.0364
"tot3_1722","S4","discovered",594.360937770434,33.66,0.056632254680574,0.0425
"tot3_1723","S4","discovered",594.360937770434,17.86,0.0300490810634299,0.0225
"tot3_1724","S4","discovered",594.360937770434,41.26,0.0694190976862889,0.0521
"tot3_1725","S4","discovered",594.360937770434,15.61,0.0262635025420012,0.0197
"tot3_1726","S4","discovered",594.360937770434,42.91,0.0721951886020033,0.0541
"tot3_1727","S4","discovered",594.360937770434,15.61,0.0262635025420012,0.0197
"tot3_1728","S4","discovered",594.360937770434,15.03,0.025287664523144,0.019
"tot3_1729","S4","discovered",594.360937770434,64.81,0.109041486210576,0.0818
"tot3_1730","S4","discovered",594.360937770434,101.72,0.171141798755436,0.1284
"tot3_1731","S4","discovered",594.360937770434,13.45,0.0226293471614296,0.017
"tot3_1732","S4","discovered",594.360937770434,13.45,0.0226293471614296,0.017
"tot3_1733","S4","discovered",594.360937770434,13.45,0.0226293471614296,0.017
"tot3_1734","S4","discovered",594.360937770434,24.73,0.041607714148859,0.0312
"tot3_1735","S4","neither",594.360937770434,57.89,0.0973987291580045,0.073
"tot3_1736","S4","discovered",594.360937770434,15.61,0.0262635025420012,0.0197
"tot3_1737","S4","discovered",594.360937770434,15.03,0.025287664523144,0.019
"tot3_1738","S4","discovered",594.360937770434,20.43,0.034373052974573,0.0258
"tot3_1739","S4","discovered",594.360937770434,41.34,0.0695536960337175,0.0522
"tot3_1740","S4","discovered",594.360937770434,13.45,0.0226293471614296,0.017
"tot3_1741","S4","discovered",594.360937770434,13.45,0.0226293471614296,0.017
"tot3_1742","S4","discovered",594.360937770434,13.45,0.0226293471614296,0.017
"tot3_1743","S4","neither",594.360937770434,51.44,0.0865467373965754,0.0649
"tot3_1744","S4","discovered",594.360937770434,31.98,0.0538056893845739,0.0404
"tot3_1745","S4","discovered",594.360937770434,15.61,0.0262635025420012,0.0197
"tot3_1746","S4","discovered",594.360937770434,15.03,0.025287664523144,0.019
"tot3_1747","S4","neither",594.360937770434,60.75,0.102210620078576,0.0767
"tot3_1748","S4","discovered",594.360937770434,28.84,0.0485227042480022,0.0364
"tot3_1749","S4","discovered",594.360937770434,13.45,0.0226293471614296,0.017
"tot3_1750","S4","discovered",594.360937770434,13.45,0.0226293471614296,0.017
"tot3_1751","S4","discovered",594.360937770434,13.45,0.0226293471614296,0.017
"tot3_1752","S4","discovered",594.360937770434,15.61,0.0262635025420012,0.0197
"tot3_1753","S4","neither",594.360937770434,55.95,0.0941347192328615,0.0706
"tot3_1754","S4","discovered",594.360937770434,15.61,0.0262635025420012,0.0197
"tot3_1755","S4","discovered",594.360937770434,15.03,0.025287664523144,0.019
"tot3_1756","S4","neither",594.360937770434,59.76,0.100544965529147,0.0754
"tot3_1757","S4","discovered",594.360937770434,101.72,0.171141798755436,0.1284
"tot3_1758","S4","discovered",594.360937770434,24.73,0.041607714148859,0.0312
"tot3_1759","S4","discovered",594.360937770434,17.86,0.0300490810634299,0.0225
"tot3_1760","S4","neither",594.360937770434,64.57,0.108637691168291,0.0815
"tot3_1761","S4","discovered",594.360937770434,24.73,0.041607714148859,0.0312
"tot3_1762","S4","neither",594.360937770434,114.45,0.192559760790009,0.1444
"tot3_1763","S4","discovered",594.360937770434,15.61,0.0262635025420012,0.0197
"tot3_1764","S4","discovered",594.360937770434,15.03,0.025287664523144,0.019
"tot3_1765","S4","neither",594.360937770434,54.86,0.0923008167491471,0.0692
"tot3_1766","S4","neither",594.360937770434,58.11,0.097768874613433,0.0733
"tot3_1767","S4","neither",594.360937770434,52.36,0.088094618392004,0.0661
"tot3_1768","S4","discovered",594.360937770434,17.86,0.0300490810634299,0.0225
"tot3_1769","S4","neither",594.360937770434,66.19,0.111363307703719,0.0835
"tot3_1770","S4","neither",594.360937770434,66.15,0.111296008530005,0.0835
"tot3_1771","S4","neither",594.360937770434,57.14,0.0961368696508615,0.0721
"tot3_1772","S4","discovered",594.360937770434,15.61,0.0262635025420012,0.0197
"tot3_1773","S4","discovered",594.360937770434,15.03,0.025287664523144,0.019
"tot3_1774","S4","neither",594.360937770434,56.5,0.0950600828714329,0.0713
"tot3_1775","S4","discovered",594.360937770434,28.84,0.0485227042480022,0.0364
"tot3_1776","S4","neither",594.360937770434,57.57,0.0968603357682901,0.0726
"tot3_1777","S4","discovered",594.360937770434,17.86,0.0300490810634299,0.0225
"tot3_1778","S4","discovered",594.360937770434,83.73,0.140873995377435,0.1057
"tot3_1779","S4","discovered",594.360937770434,15.61,0.0262635025420012,0.0197
"tot3_1780","S4","neither",594.360937770434,52.98,0.0891377555845755,0.0669
"tot3_1781","S4","discovered",594.360937770434,15.61,0.0262635025420012,0.0197
"tot3_1782","S4","discovered",594.360937770434,15.03,0.025287664523144,0.019
"tot3_1783","S4","discovered",594.360937770434,15.61,0.0262635025420012,0.0197
"tot3_1784","S4","neither",594.360937770434,56.87,0.0956826002282901,0.0718
"tot3_1785","S4","discovered",594.360937770434,15.7,0.0264149256828583,0.0198
"tot3_1786","S4","discovered",594.360937770434,17.86,0.0300490810634299,0.0225
"tot3_1787","S4","neither",594.360937770434,54.73,0.0920820944345756,0.0691
"tot3_1788","S4","discovered",594.360937770434,27.03,0.0454774166374307,0.0341
"tot3_1789","S4","discovered",594.360937770434,80.56,0.135540535860578,0.1017
"tot3_1790","S4","discovered",594.360937770434,15.61,0.0262635025420012,0.0197
"tot3_1791","S4","discovered",594.360937770434,15.03,0.025287664523144,0.019
"tot3_1792","S4","discovered",594.360937770434,15.61,0.0262635025420012,0.0197
"tot3_1793","S4","neither",594.360937770434,69.75,0.117352934164291,0.088
"tot3_1794","S4","discovered",594.360937770434,46.78,0.0787063836588607,0.059
"tot3_1795","S4","discovered",594.360937770434,17.86,0.0300490810634299,0.0225
"tot3_1796","S4","neither",594.360937770434,54.4,0.0915268762514328,0.0686
"tot3_1797","S4","neither",594.360937770434,55.73,0.0937645737774329,0.0703
"tot3_1798","S4","neither",594.360937770434,56.09,0.0943702663408615,0.0708
"tot3_1799","S4","discovered",594.360937770434,15.61,0.0262635025420012,0.0197
"tot3_1800","S4","discovered",594.360937770434,15.03,0.025287664523144,0.019
"tot3_1801","S4","neither",594.360937770434,57.05,0.0959854465100044,0.072
"tot3_1802","S4","neither",594.360937770434,58.48,0.0983913919702902,0.0738
"tot3_1803","S4","neither",594.360937770434,55.54,0.09344490270229,0.0701
"tot3_1804","S4","discovered",594.360937770434,17.86,0.0300490810634299,0.0225
"tot3_1805","S4","neither",594.360937770434,59.11,0.0994513539562903,0.0746
"tot3_1806","S4","neither",594.360937770434,59.08,0.0994008795760045,0.0745
"tot3_1807","S4","neither",594.360937770434,68.63,0.115468557300291,0.0866
"tot3_1808","S4","discovered",594.360937770434,15.61,0.0262635025420012,0.0197
"tot3_1809","S4","discovered",594.360937770434,15.03,0.025287664523144,0.019
"tot3_1810","S4","discovered",594.360937770434,64.81,0.109041486210576,0.0818
"tot3_1811","S4","neither",594.360937770434,59.74,0.10051131594229,0.0754
"tot3_1812","S4","discovered",594.360937770434,13.45,0.0226293471614296,0.017
"tot3_1813","S4","discovered",594.360937770434,13.45,0.0226293471614296,0.017
"tot3_1814","S4","discovered",594.360937770434,13.45,0.0226293471614296,0.017
"tot3_1815","S4","neither",594.360937770434,53.23,0.0895583754202898,0.0672
"tot3_1816","S4","discovered",594.360937770434,31.98,0.0538056893845739,0.0404
"tot3_1817","S4","discovered",594.360937770434,15.61,0.0262635025420012,0.0197
"tot3_1818","S4","discovered",594.360937770434,15.03,0.025287664523144,0.019
"tot3_1819","S4","discovered",594.360937770434,20.43,0.034373052974573,0.0258
"tot3_1820","S4","discovered",594.360937770434,24.73,0.041607714148859,0.0312
"tot3_1821","S4","discovered",594.360937770434,13.45,0.0226293471614296,0.017
"tot3_1822","S4","discovered",594.360937770434,13.45,0.0226293471614296,0.017
"tot3_1823","S4","discovered",594.360937770434,13.45,0.0226293471614296,0.017
"tot3_1824","S4","discovered",594.360937770434,31.98,0.0538056893845739,0.0404
"tot3_1825","S4","discovered",594.360937770434,31.98,0.0538056893845739,0.0404
"tot3_1826","S4","discovered",594.360937770434,15.61,0.0262635025420012,0.0197
"tot3_1827","S4","discovered",594.360937770434,15.03,0.025287664523144,0.019
"tot3_1828","S4","discovered",594.360937770434,42.09,0.0708155555408604,0.0531
"tot3_1829","S4","discovered",594.360937770434,40.34,0.0678712166908603,0.0509
"tot3_1830","S4","discovered",594.360937770434,13.45,0.0226293471614296,0.017
"tot3_1831","S4","discovered",594.360937770434,13.45,0.0226293471614296,0.017
"tot3_1832","S4","discovered",594.360937770434,13.45,0.0226293471614296,0.017
"tot3_1833","S4","discovered",594.360937770434,31.98,0.0538056893845739,0.0404
"tot3_1834","S4","discovered",594.360937770434,31.98,0.0538056893845739,0.0404
"tot3_1835","S4","discovered",594.360937770434,15.61,0.0262635025420012,0.0197
"tot3_1836","S4","discovered",594.360937770434,15.03,0.025287664523144,0.019
"tot3_1837","S4","neither",594.360937770434,49.68,0.0835855737531467,0.0627
"tot3_1838","S4","neither",594.360937770434,59.41,0.0999560977591474,0.075
"tot3_1839","S4","neither",594.360937770434,59.17,0.0995523027168617,0.0747
"tot3_1840","S4","discovered",594.360937770434,17.86,0.0300490810634299,0.0225
"tot3_1841","S4","discovered",594.360937770434,83.73,0.140873995377435,0.1057
"tot3_1842","S4","neither",594.360937770434,49.16,0.0827106844948609,0.062
"tot3_1843","S4","discovered",594.360937770434,99.72,0.167776840069722,0.1258
"tot3_1844","S4","discovered",594.360937770434,15.61,0.0262635025420012,0.0197
"tot3_1845","S4","discovered",594.360937770434,15.03,0.025287664523144,0.019
"tot3_1846","S4","neither",594.360937770434,56.86,0.0956657754348615,0.0718
"tot3_1847","S4","discovered",594.360937770434,101.72,0.171141798755436,0.1284
"tot3_1848","S4","discovered",594.360937770434,83.73,0.140873995377435,0.1057
"tot3_1849","S4","discovered",594.360937770434,17.86,0.0300490810634299,0.0225
"tot3_1850","S4","discovered",594.360937770434,83.73,0.140873995377435,0.1057
"tot3_1851","S4","neither",594.360937770434,56.46,0.0949927836977186,0.0712
"tot3_1852","S4","discovered",594.360937770434,99.72,0.167776840069722,0.1258
"tot3_1853","S4","discovered",594.360937770434,15.61,0.0262635025420012,0.0197
"tot3_1854","S4","discovered",594.360937770434,15.03,0.025287664523144,0.019
"tot3_1855","S4","neither",594.360937770434,57.27,0.096355591965433,0.0723
"tot3_1856","S4","neither",594.360937770434,57.22,0.0962714679982901,0.0722
"tot3_1857","S4","neither",594.360937770434,61.25,0.103051859750005,0.0773
"tot3_1858","S4","discovered",594.360937770434,17.86,0.0300490810634299,0.0225
"tot3_1859","S4","discovered",594.360937770434,83.73,0.140873995377435,0.1057
"tot3_1860","S4","neither",594.360937770434,56.17,0.09450486468829,0.0709
"tot3_1861","S4","discovered",594.360937770434,99.72,0.167776840069722,0.1258
"tot3_1862","S4","discovered",594.360937770434,15.61,0.0262635025420012,0.0197
"tot3_1863","S4","discovered",594.360937770434,15.03,0.025287664523144,0.019
"tot3_1864","S4","discovered",594.360937770434,15.61,0.0262635025420012,0.0197
"tot3_1865","S4","discovered",594.360937770434,32.43,0.0545628050888596,0.0409
"tot3_1866","S4","discovered",594.360937770434,15.7,0.0264149256828583,0.0198
"tot3_1867","S4","discovered",594.360937770434,17.86,0.0300490810634299,0.0225
"tot3_1868","S4","neither",594.360937770434,56.76,0.0954975275005758,0.0716
"tot3_1869","S4","discovered",594.360937770434,15.61,0.0262635025420012,0.0197
"tot3_1870","S4","discovered",594.360937770434,28.92,0.0486573025954308,0.0365
"tot3_1871","S4","discovered",594.360937770434,15.61,0.0262635025420012,0.0197
"tot3_1872","S4","discovered",594.360937770434,15.03,0.025287664523144,0.019
"tot3_1873","S4","discovered",594.360937770434,15.61,0.0262635025420012,0.0197
"tot3_1874","S4","neither",594.360937770434,55.86,0.0939832960920043,0.0705
"tot3_1875","S4","discovered",594.360937770434,46.78,0.0787063836588607,0.059
"tot3_1876","S4","discovered",594.360937770434,17.86,0.0300490810634299,0.0225
"tot3_1877","S4","neither",594.360937770434,63.69,0.107157109346576,0.0804
"tot3_1878","S4","neither",594.360937770434,48.41,0.081448824987718,0.0611
"tot3_1879","S4","neither",594.360937770434,62.49,0.105138134135148,0.0789
"tot3_1880","S4","discovered",594.360937770434,15.61,0.0262635025420012,0.0197
"tot3_1881","S4","discovered",594.360937770434,15.03,0.025287664523144,0.019
"tot3_1882","S4","neither",594.360937770434,47.53,0.0799682431660037,0.06
"tot3_1883","S4","discovered",594.360937770434,28.84,0.0485227042480022,0.0364
"tot3_1884","S4","discovered",594.360937770434,31.09,0.052308282769431,0.0392
"tot3_1885","S4","discovered",594.360937770434,17.86,0.0300490810634299,0.0225
"tot3_1886","S4","discovered",594.360937770434,31.09,0.052308282769431,0.0392
"tot3_1887","S4","discovered",594.360937770434,15.61,0.0262635025420012,0.0197
"tot3_1888","S4","discovered",594.360937770434,15.61,0.0262635025420012,0.0197
"tot3_1889","S4","discovered",594.360937770434,15.61,0.0262635025420012,0.0197
"tot3_1890","S4","discovered",594.360937770434,15.03,0.025287664523144,0.019
"tot3_1891","S4","discovered",594.360937770434,64.81,0.109041486210576,0.0818
"tot3_1892","S4","discovered",594.360937770434,32.43,0.0545628050888596,0.0409
"tot3_1893","S4","discovered",594.360937770434,13.45,0.0226293471614296,0.017
"tot3_1894","S4","discovered",594.360937770434,13.45,0.0226293471614296,0.017
"tot3_1895","S4","discovered",594.360937770434,13.45,0.0226293471614296,0.017
"tot3_1896","S4","discovered",594.360937770434,15.61,0.0262635025420012,0.0197
"tot3_1897","S4","discovered",594.360937770434,15.61,0.0262635025420012,0.0197
"tot3_1898","S4","discovered",594.360937770434,15.61,0.0262635025420012,0.0197
"tot3_1899","S4","discovered",594.360937770434,15.03,0.025287664523144,0.019
"tot3_1900","S4","discovered",594.360937770434,20.43,0.034373052974573,0.0258
"tot3_1901","S4","discovered",594.360937770434,28.84,0.0485227042480022,0.0364
"tot3_1902","S4","discovered",594.360937770434,13.45,0.0226293471614296,0.017
"tot3_1903","S4","discovered",594.360937770434,13.45,0.0226293471614296,0.017
"tot3_1904","S4","discovered",594.360937770434,13.45,0.0226293471614296,0.017
"tot3_1905","S4","discovered",594.360937770434,15.61,0.0262635025420012,0.0197
"tot3_1906","S4","discovered",594.360937770434,15.61,0.0262635025420012,0.0197
"tot3_1907","S4","discovered",594.360937770434,15.61,0.0262635025420012,0.0197
"tot3_1908","S4","discovered",594.360937770434,15.03,0.025287664523144,0.019
"tot3_1909","S4","discovered",594.360937770434,32.43,0.0545628050888596,0.0409
"tot3_1910","S4","discovered",594.360937770434,28.84,0.0485227042480022,0.0364
"tot3_1911","S4","discovered",594.360937770434,13.45,0.0226293471614296,0.017
"tot3_1912","S4","discovered",594.360937770434,13.45,0.0226293471614296,0.017
"tot3_1913","S4","discovered",594.360937770434,13.45,0.0226293471614296,0.017
"tot3_1914","S4","discovered",594.360937770434,15.61,0.0262635025420012,0.0197
"tot3_1915","S4","discovered",594.360937770434,15.61,0.0262635025420012,0.0197
"tot3_1916","S4","discovered",594.360937770434,15.61,0.0262635025420012,0.0197
"tot3_1917","S4","discovered",594.360937770434,15.03,0.025287664523144,0.019
"tot3_1918","S4","discovered",594.360937770434,44.91,0.0755601472877177,0.0567
"tot3_1919","S4","discovered",594.360937770434,32.43,0.0545628050888596,0.0409
"tot3_1920","S4","discovered",594.360937770434,39.34,0.066188737348003,0.0496
"tot3_1921","S4","discovered",594.360937770434,17.86,0.0300490810634299,0.0225
"tot3_1922","S4","discovered",594.360937770434,17.86,0.0300490810634299,0.0225
"tot3_1923","S4","discovered",594.360937770434,15.61,0.0262635025420012,0.0197
"tot3_1924","S4","discovered",594.360937770434,15.61,0.0262635025420012,0.0197
"tot3_1925","S4","discovered",594.360937770434,15.61,0.0262635025420012,0.0197
"tot3_1926","S4","discovered",594.360937770434,15.03,0.025287664523144,0.019
"tot3_1927","S4","discovered",594.360937770434,36.55,0.0614946199814314,0.0461
"tot3_1928","S4","discovered",594.360937770434,28.84,0.0485227042480022,0.0364
"tot3_1929","S4","discovered",594.360937770434,17.86,0.0300490810634299,0.0225
"tot3_1930","S4","discovered",594.360937770434,17.86,0.0300490810634299,0.0225
"tot3_1931","S4","discovered",594.360937770434,17.86,0.0300490810634299,0.0225
"tot3_1932","S4","discovered",594.360937770434,15.61,0.0262635025420012,0.0197
"tot3_1933","S4","discovered",594.360937770434,15.61,0.0262635025420012,0.0197
"tot3_1934","S4","discovered",594.360937770434,15.61,0.0262635025420012,0.0197
"tot3_1935","S4","discovered",594.360937770434,15.03,0.025287664523144,0.019
"tot3_1936","S4","discovered",594.360937770434,32.43,0.0545628050888596,0.0409
"tot3_1937","S4","discovered",594.360937770434,28.84,0.0485227042480022,0.0364
"tot3_1938","S4","discovered",594.360937770434,17.86,0.0300490810634299,0.0225
"tot3_1939","S4","discovered",594.360937770434,17.86,0.0300490810634299,0.0225
"tot3_1940","S4","discovered",594.360937770434,17.86,0.0300490810634299,0.0225
"tot3_1941","S4","discovered",594.360937770434,15.61,0.0262635025420012,0.0197
"tot3_1942","S4","discovered",594.360937770434,15.61,0.0262635025420012,0.0197
"tot3_1943","S4","discovered",594.360937770434,15.61,0.0262635025420012,0.0197
"tot3_1944","S4","discovered",594.360937770434,15.03,0.025287664523144,0.019
"tot3_1945","S4","discovered",594.360937770434,15.61,0.0262635025420012,0.0197
"tot3_1946","S4","discovered",594.360937770434,101.72,0.171141798755436,0.1284
"tot3_1947","S4","discovered",594.360937770434,15.7,0.0264149256828583,0.0198
"tot3_1948","S4","discovered",594.360937770434,17.86,0.0300490810634299,0.0225
"tot3_1949","S4","discovered",594.360937770434,101.72,0.171141798755436,0.1284
"tot3_1950","S4","discovered",594.360937770434,24.73,0.041607714148859,0.0312
"tot3_1951","S4","neither",594.360937770434,53.82,0.0905510382325756,0.0679
"tot3_1952","S4","discovered",594.360937770434,15.61,0.0262635025420012,0.0197
"tot3_1953","S4","discovered",594.360937770434,15.03,0.025287664523144,0.019
"tot3_1954","S4","discovered",594.360937770434,15.61,0.0262635025420012,0.0197
"tot3_1955","S4","discovered",594.360937770434,82.15,0.138215678015721,0.1037
"tot3_1956","S4","discovered",594.360937770434,46.78,0.0787063836588607,0.059
"tot3_1957","S4","discovered",594.360937770434,17.86,0.0300490810634299,0.0225
"tot3_1958","S4","neither",594.360937770434,54.97,0.0924858894768614,0.0694
"tot3_1959","S4","neither",594.360937770434,62,0.104313719257148,0.0782
"tot3_1960","S4","neither",594.360937770434,56.88,0.0956994250217187,0.0718
"tot3_1961","S4","discovered",594.360937770434,15.61,0.0262635025420012,0.0197
"tot3_1962","S4","discovered",594.360937770434,15.03,0.025287664523144,0.019
"tot3_1963","S4","discovered",594.360937770434,27.3,0.0459316860600021,0.0344
"tot3_1964","S4","discovered",594.360937770434,28.84,0.0485227042480022,0.0364
"tot3_1965","S4","discovered",594.360937770434,33.66,0.056632254680574,0.0425
"tot3_1966","S4","discovered",594.360937770434,17.86,0.0300490810634299,0.0225
"tot3_1967","S4","discovered",594.360937770434,31.09,0.052308282769431,0.0392
"tot3_1968","S4","discovered",594.360937770434,15.61,0.0262635025420012,0.0197
"tot3_1969","S4","discovered",594.360937770434,15.61,0.0262635025420012,0.0197
"tot3_1970","S4","discovered",594.360937770434,15.61,0.0262635025420012,0.0197
"tot3_1971","S4","discovered",594.360937770434,15.03,0.025287664523144,0.019
"tot3_1972","S4","discovered",594.360937770434,64.81,0.109041486210576,0.0818
"tot3_1973","S4","discovered",594.360937770434,101.72,0.171141798755436,0.1284
"tot3_1974","S4","discovered",594.360937770434,13.45,0.0226293471614296,0.017
"tot3_1975","S4","discovered",594.360937770434,13.45,0.0226293471614296,0.017
"tot3_1976","S4","discovered",594.360937770434,13.45,0.0226293471614296,0.017
"tot3_1977","S4","discovered",594.360937770434,24.73,0.041607714148859,0.0312
"tot3_1978","S4","neither",594.360937770434,52.49,0.0883133407065755,0.0662
"tot3_1979","S4","discovered",594.360937770434,15.61,0.0262635025420012,0.0197
"tot3_1980","S4","discovered",594.360937770434,15.03,0.025287664523144,0.019
"tot3_1981","S4","discovered",594.360937770434,20.43,0.034373052974573,0.0258
"tot3_1982","S4","discovered",594.360937770434,41.34,0.0695536960337175,0.0522
"tot3_1983","S4","discovered",594.360937770434,13.45,0.0226293471614296,0.017
"tot3_1984","S4","discovered",594.360937770434,13.45,0.0226293471614296,0.017
"tot3_1985","S4","discovered",594.360937770434,13.45,0.0226293471614296,0.017
"tot3_1986","S4","neither",594.360937770434,55.05,0.0926204878242899,0.0695
"tot3_1987","S4","discovered",594.360937770434,33.9,0.0570360497228597,0.0428
"tot3_1988","S4","discovered",594.360937770434,15.61,0.0262635025420012,0.0197
"tot3_1989","S4","discovered",594.360937770434,15.03,0.025287664523144,0.019
"tot3_1990","S4","neither",594.360937770434,54.98,0.0925027142702899,0.0694
"tot3_1991","S4","discovered",594.360937770434,28.84,0.0485227042480022,0.0364
"tot3_1992","S4","neither",594.360937770434,37.09,0.0624031588265743,0.0468
"tot3_1993","S4","discovered",594.360937770434,13.45,0.0226293471614296,0.017
"tot3_1994","S4","neither",594.360937770434,61.02,0.102664889501148,0.077
"tot3_1995","S4","discovered",594.360937770434,15.61,0.0262635025420012,0.0197
"tot3_1996","S4","neither",594.360937770434,56.73,0.0954470531202901,0.0716
"tot3_1997","S4","discovered",594.360937770434,15.61,0.0262635025420012,0.0197
"tot3_1998","S4","discovered",594.360937770434,15.03,0.025287664523144,0.019
"tot3_1999","S4","neither",594.360937770434,59.76,0.100544965529147,0.0754
"tot3_2000","S4","discovered",594.360937770434,101.72,0.171141798755436,0.1284
"tot3_2001","S4","discovered",594.360937770434,24.73,0.041607714148859,0.0312
"tot3_2002","S4","discovered",594.360937770434,17.86,0.0300490810634299,0.0225
"tot3_2003","S4","neither",594.360937770434,54.85,0.0922839919557185,0.0692
"tot3_2004","S4","discovered",594.360937770434,24.73,0.041607714148859,0.0312
"tot3_2005","S4","neither",594.360937770434,59.13,0.0994850035431474,0.0746
"tot3_2006","S4","discovered",594.360937770434,15.61,0.0262635025420012,0.0197
"tot3_2007","S4","discovered",594.360937770434,15.03,0.025287664523144,0.019
"tot3_2008","S4","discovered",594.360937770434,27.3,0.0459316860600021,0.0344
"tot3_2009","S4","neither",594.360937770434,57.17,0.0961873440311473,0.0721
"tot3_2010","S4","neither",594.360937770434,53.41,0.0898612217020041,0.0674
"tot3_2011","S4","discovered",594.360937770434,17.86,0.0300490810634299,0.0225
"tot3_2012","S4","neither",594.360937770434,53.04,0.0892387043451469,0.0669
"tot3_2013","S4","neither",594.360937770434,47.16,0.0793457258091465,0.0595
"tot3_2014","S4","neither",594.360937770434,57.04,0.0959686217165758,0.072
"tot3_2015","S4","discovered",594.360937770434,15.61,0.0262635025420012,0.0197
"tot3_2016","S4","discovered",594.360937770434,15.03,0.025287664523144,0.019
"tot3_2017","S4","neither",594.360937770434,59.33,0.0998214994117188,0.0749
"tot3_2018","S4","discovered",594.360937770434,28.84,0.0485227042480022,0.0364
"tot3_2019","S4","discovered",594.360937770434,17.86,0.0300490810634299,0.0225
"tot3_2020","S4","discovered",594.360937770434,17.86,0.0300490810634299,0.0225
"tot3_2021","S4","discovered",594.360937770434,17.86,0.0300490810634299,0.0225
"tot3_2022","S4","discovered",594.360937770434,15.61,0.0262635025420012,0.0197
"tot3_2023","S4","discovered",594.360937770434,15.61,0.0262635025420012,0.0197
"tot3_2024","S4","discovered",594.360937770434,15.61,0.0262635025420012,0.0197
"tot3_2025","S4","discovered",594.360937770434,15.03,0.025287664523144,0.019
"tot3_2026","S4","discovered",594.360937770434,15.61,0.0262635025420012,0.0197
"tot3_2027","S4","neither",594.360937770434,53.41,0.0898612217020041,0.0674
"tot3_2028","S4","discovered",594.360937770434,15.7,0.0264149256828583,0.0198
"tot3_2029","S4","discovered",594.360937770434,17.86,0.0300490810634299,0.0225
"tot3_2030","S4","neither",594.360937770434,63.55,0.106921562238576,0.0802
"tot3_2031","S4","discovered",594.360937770434,27.03,0.0454774166374307,0.0341
"tot3_2032","S4","neither",594.360937770434,50.68,0.0852680530960039,0.064
"tot3_2033","S4","discovered",594.360937770434,15.61,0.0262635025420012,0.0197
"tot3_2034","S4","discovered",594.360937770434,15.03,0.025287664523144,0.019
"tot3_2035","S4","discovered",594.360937770434,15.61,0.0262635025420012,0.0197
"tot3_2036","S4","neither",594.360937770434,57.98,0.0975501522988616,0.0732
"tot3_2037","S4","discovered",594.360937770434,46.78,0.0787063836588607,0.059
"tot3_2038","S4","discovered",594.360937770434,17.86,0.0300490810634299,0.0225
"tot3_2039","S4","neither",594.360937770434,63.36,0.106601891163433,0.08
"tot3_2040","S4","neither",594.360937770434,57.42,0.0966079638668616,0.0725
"tot3_2041","S4","neither",594.360937770434,54.58,0.0918297225331471,0.0689
"tot3_2042","S4","discovered",594.360937770434,15.61,0.0262635025420012,0.0197
"tot3_2043","S4","discovered",594.360937770434,15.03,0.025287664523144,0.019
"tot3_2044","S4","neither",594.360937770434,57.47,0.0966920878340044,0.0725
"tot3_2045","S4","discovered",594.360937770434,28.84,0.0485227042480022,0.0364
"tot3_2046","S4","neither",594.360937770434,39.09,0.0657681175122887,0.0493
"tot3_2047","S4","discovered",594.360937770434,17.86,0.0300490810634299,0.0225
"tot3_2048","S4","neither",594.360937770434,42.09,0.0708155555408604,0.0531
"tot3_2049","S4","neither",594.360937770434,60.98,0.102597590327433,0.0769
"tot3_2050","S4","neither",594.360937770434,49.46,0.0832154282977181,0.0624
"tot3_2051","S4","discovered",594.360937770434,15.61,0.0262635025420012,0.0197
"tot3_2052","S4","discovered",594.360937770434,15.03,0.025287664523144,0.019
"tot3_2053","S4","discovered",594.360937770434,64.81,0.109041486210576,0.0818
"tot3_2054","S4","discovered",594.360937770434,39.09,0.0657681175122887,0.0493
"tot3_2055","S4","discovered",594.360937770434,13.45,0.0226293471614296,0.017
"tot3_2056","S4","discovered",594.360937770434,13.45,0.0226293471614296,0.017
"tot3_2057","S4","discovered",594.360937770434,13.45,0.0226293471614296,0.017
"tot3_2058","S4","neither",594.360937770434,53.23,0.0895583754202898,0.0672
"tot3_2059","S4","discovered",594.360937770434,15.61,0.0262635025420012,0.0197
"tot3_2060","S4","discovered",594.360937770434,15.61,0.0262635025420012,0.0197
"tot3_2061","S4","discovered",594.360937770434,15.03,0.025287664523144,0.019
"tot3_2062","S4","discovered",594.360937770434,20.43,0.034373052974573,0.0258
"tot3_2063","S4","discovered",594.360937770434,24.73,0.041607714148859,0.0312
"tot3_2064","S4","discovered",594.360937770434,13.45,0.0226293471614296,0.017
"tot3_2065","S4","discovered",594.360937770434,13.45,0.0226293471614296,0.017
"tot3_2066","S4","discovered",594.360937770434,13.45,0.0226293471614296,0.017
"tot3_2067","S4","discovered",594.360937770434,31.98,0.0538056893845739,0.0404
"tot3_2068","S4","discovered",594.360937770434,15.61,0.0262635025420012,0.0197
"tot3_2069","S4","discovered",594.360937770434,15.61,0.0262635025420012,0.0197
"tot3_2070","S4","discovered",594.360937770434,15.03,0.025287664523144,0.019
"tot3_2071","S4","discovered",594.360937770434,32.43,0.0545628050888596,0.0409
"tot3_2072","S4","discovered",594.360937770434,28.84,0.0485227042480022,0.0364
"tot3_2073","S4","discovered",594.360937770434,20.43,0.034373052974573,0.0258
"tot3_2074","S4","discovered",594.360937770434,13.45,0.0226293471614296,0.017
"tot3_2075","S4","discovered",594.360937770434,13.45,0.0226293471614296,0.017
"tot3_2076","S4","discovered",594.360937770434,19.2,0.0323036033828586,0.0242
"tot3_2077","S4","discovered",594.360937770434,15.61,0.0262635025420012,0.0197
"tot3_2078","S4","discovered",594.360937770434,15.61,0.0262635025420012,0.0197
"tot3_2079","S4","discovered",594.360937770434,15.03,0.025287664523144,0.019
"tot3_2080","S4","neither",594.360937770434,55.74,0.0937813985708614,0.0703
"tot3_2081","S4","discovered",594.360937770434,44.26,0.0744665357148605,0.0559
"tot3_2082","S4","neither",594.360937770434,53.56,0.0901135936034327,0.0676
"tot3_2083","S4","discovered",594.360937770434,17.86,0.0300490810634299,0.0225
"tot3_2084","S4","discovered",594.360937770434,35.9,0.0604010084085742,0.0453
"tot3_2085","S4","discovered",594.360937770434,20.43,0.034373052974573,0.0258
"tot3_2086","S4","discovered",594.360937770434,15.61,0.0262635025420012,0.0197
"tot3_2087","S4","discovered",594.360937770434,15.61,0.0262635025420012,0.0197
"tot3_2088","S4","discovered",594.360937770434,15.03,0.025287664523144,0.019
"tot3_2089","S4","discovered",594.360937770434,27.3,0.0459316860600021,0.0344
"tot3_2090","S4","discovered",594.360937770434,24.73,0.041607714148859,0.0312
"tot3_2091","S4","discovered",594.360937770434,35.9,0.0604010084085742,0.0453
"tot3_2092","S4","discovered",594.360937770434,17.86,0.0300490810634299,0.0225
"tot3_2093","S4","discovered",594.360937770434,35.9,0.0604010084085742,0.0453
"tot3_2094","S4","discovered",594.360937770434,20.43,0.034373052974573,0.0258
"tot3_2095","S4","discovered",594.360937770434,15.61,0.0262635025420012,0.0197
"tot3_2096","S4","discovered",594.360937770434,15.61,0.0262635025420012,0.0197
"tot3_2097","S4","discovered",594.360937770434,15.03,0.025287664523144,0.019
"tot3_2098","S4","discovered",594.360937770434,27.3,0.0459316860600021,0.0344
"tot3_2099","S4","discovered",594.360937770434,28.84,0.0485227042480022,0.0364
"tot3_2100","S4","discovered",594.360937770434,17.86,0.0300490810634299,0.0225
"tot3_2101","S4","discovered",594.360937770434,17.86,0.0300490810634299,0.0225
"tot3_2102","S4","discovered",594.360937770434,35.9,0.0604010084085742,0.0453
"tot3_2103","S4","discovered",594.360937770434,20.43,0.034373052974573,0.0258
"tot3_2104","S4","discovered",594.360937770434,15.61,0.0262635025420012,0.0197
"tot3_2105","S4","discovered",594.360937770434,15.61,0.0262635025420012,0.0197
"tot3_2106","S4","discovered",594.360937770434,15.03,0.025287664523144,0.019
"tot3_2107","S4","discovered",594.360937770434,15.61,0.0262635025420012,0.0197
"tot3_2108","S4","discovered",594.360937770434,32.43,0.0545628050888596,0.0409
"tot3_2109","S4","discovered",594.360937770434,15.7,0.0264149256828583,0.0198
"tot3_2110","S4","discovered",594.360937770434,17.86,0.0300490810634299,0.0225
"tot3_2111","S4","discovered",594.360937770434,31.09,0.052308282769431,0.0392
"tot3_2112","S4","discovered",594.360937770434,15.61,0.0262635025420012,0.0197
"tot3_2113","S4","discovered",594.360937770434,15.61,0.0262635025420012,0.0197
"tot3_2114","S4","discovered",594.360937770434,15.61,0.0262635025420012,0.0197
"tot3_2115","S4","discovered",594.360937770434,15.03,0.025287664523144,0.019
"tot3_2116","S4","discovered",594.360937770434,15.61,0.0262635025420012,0.0197
"tot3_2117","S4","discovered",594.360937770434,28.84,0.0485227042480022,0.0364
"tot3_2118","S4","discovered",594.360937770434,46.78,0.0787063836588607,0.059
"tot3_2119","S4","discovered",594.360937770434,17.86,0.0300490810634299,0.0225
"tot3_2120","S4","discovered",594.360937770434,31.09,0.052308282769431,0.0392
"tot3_2121","S4","discovered",594.360937770434,15.61,0.0262635025420012,0.0197
"tot3_2122","S4","discovered",594.360937770434,15.61,0.0262635025420012,0.0197
"tot3_2123","S4","discovered",594.360937770434,15.61,0.0262635025420012,0.0197
"tot3_2124","S4","discovered",594.360937770434,15.03,0.025287664523144,0.019
"tot3_2125","S4","discovered",594.360937770434,27.3,0.0459316860600021,0.0344
"tot3_2126","S4","discovered",594.360937770434,28.84,0.0485227042480022,0.0364
"tot3_2127","S4","discovered",594.360937770434,31.09,0.052308282769431,0.0392
"tot3_2128","S4","discovered",594.360937770434,17.86,0.0300490810634299,0.0225
"tot3_2129","S4","discovered",594.360937770434,31.09,0.052308282769431,0.0392
"tot3_2130","S4","discovered",594.360937770434,15.61,0.0262635025420012,0.0197
"tot3_2131","S4","discovered",594.360937770434,15.61,0.0262635025420012,0.0197
"tot3_2132","S4","discovered",594.360937770434,15.61,0.0262635025420012,0.0197
"tot3_2133","S4","discovered",594.360937770434,15.03,0.025287664523144,0.019
"tot3_2134","S4","discovered",594.360937770434,82.15,0.138215678015721,0.1037
"tot3_2135","S4","discovered",594.360937770434,32.43,0.0545628050888596,0.0409
"tot3_2136","S4","discovered",594.360937770434,13.45,0.0226293471614296,0.017
"tot3_2137","S4","discovered",594.360937770434,13.45,0.0226293471614296,0.017
"tot3_2138","S4","discovered",594.360937770434,19.2,0.0323036033828586,0.0242
"tot3_2139","S4","discovered",594.360937770434,15.61,0.0262635025420012,0.0197
"tot3_2140","S4","discovered",594.360937770434,15.61,0.0262635025420012,0.0197
"tot3_2141","S4","discovered",594.360937770434,15.61,0.0262635025420012,0.0197
"tot3_2142","S4","discovered",594.360937770434,15.03,0.025287664523144,0.019
"tot3_2143","S4","discovered",594.360937770434,20.43,0.034373052974573,0.0258
"tot3_2144","S4","discovered",594.360937770434,28.84,0.0485227042480022,0.0364
"tot3_2145","S4","discovered",594.360937770434,13.45,0.0226293471614296,0.017
"tot3_2146","S4","discovered",594.360937770434,13.45,0.0226293471614296,0.017
"tot3_2147","S4","discovered",594.360937770434,19.2,0.0323036033828586,0.0242
"tot3_2148","S4","discovered",594.360937770434,15.61,0.0262635025420012,0.0197
"tot3_2149","S4","discovered",594.360937770434,15.61,0.0262635025420012,0.0197
"tot3_2150","S4","discovered",594.360937770434,15.61,0.0262635025420012,0.0197
"tot3_2151","S4","discovered",594.360937770434,15.03,0.025287664523144,0.019
"tot3_2152","S4","discovered",594.360937770434,32.43,0.0545628050888596,0.0409
"tot3_2153","S4","discovered",594.360937770434,28.84,0.0485227042480022,0.0364
"tot3_2154","S4","discovered",594.360937770434,19.2,0.0323036033828586,0.0242
"tot3_2155","S4","discovered",594.360937770434,13.45,0.0226293471614296,0.017
"tot3_2156","S4","discovered",594.360937770434,19.2,0.0323036033828586,0.0242
"tot3_2157","S4","discovered",594.360937770434,15.61,0.0262635025420012,0.0197
"tot3_2158","S4","discovered",594.360937770434,15.61,0.0262635025420012,0.0197
"tot3_2159","S4","discovered",594.360937770434,15.61,0.0262635025420012,0.0197
"tot3_2160","S4","discovered",594.360937770434,15.03,0.025287664523144,0.019
"tot3_2161","S4","discovered",594.360937770434,44.91,0.0755601472877177,0.0567
"tot3_2162","S4","discovered",594.360937770434,32.43,0.0545628050888596,0.0409
"tot3_2163","S4","discovered",594.360937770434,39.34,0.066188737348003,0.0496
"tot3_2164","S4","discovered",594.360937770434,17.86,0.0300490810634299,0.0225
"tot3_2165","S4","discovered",594.360937770434,17.86,0.0300490810634299,0.0225
"tot3_2166","S4","discovered",594.360937770434,15.61,0.0262635025420012,0.0197
"tot3_2167","S4","discovered",594.360937770434,15.61,0.0262635025420012,0.0197
"tot3_2168","S4","discovered",594.360937770434,15.61,0.0262635025420012,0.0197
"tot3_2169","S4","discovered",594.360937770434,15.03,0.025287664523144,0.019
"tot3_2170","S4","discovered",594.360937770434,27.3,0.0459316860600021,0.0344
"tot3_2171","S4","discovered",594.360937770434,28.84,0.0485227042480022,0.0364
"tot3_2172","S4","discovered",594.360937770434,17.86,0.0300490810634299,0.0225
"tot3_2173","S4","discovered",594.360937770434,17.86,0.0300490810634299,0.0225
"tot3_2174","S4","discovered",594.360937770434,17.86,0.0300490810634299,0.0225
"tot3_2175","S4","discovered",594.360937770434,15.61,0.0262635025420012,0.0197
"tot3_2176","S4","discovered",594.360937770434,15.61,0.0262635025420012,0.0197
"tot3_2177","S4","discovered",594.360937770434,15.61,0.0262635025420012,0.0197
"tot3_2178","S4","discovered",594.360937770434,15.03,0.025287664523144,0.019
"tot3_2179","S4","discovered",594.360937770434,32.43,0.0545628050888596,0.0409
"tot3_2180","S4","discovered",594.360937770434,28.84,0.0485227042480022,0.0364
"tot3_2181","S4","discovered",594.360937770434,17.86,0.0300490810634299,0.0225
"tot3_2182","S4","discovered",594.360937770434,17.86,0.0300490810634299,0.0225
"tot3_2183","S4","discovered",594.360937770434,17.86,0.0300490810634299,0.0225
"tot3_2184","S4","discovered",594.360937770434,15.61,0.0262635025420012,0.0197
"tot3_2185","S4","discovered",594.360937770434,15.61,0.0262635025420012,0.0197
"tot3_2186","S4","discovered",594.360937770434,15.61,0.0262635025420012,0.0197
